Minnesota Snowfall, July 2018
"GHCN ID","Station Name",County,Elevation,Latitude,Longitude,"Jul 1","Jul 2","Jul 3","Jul 4","Jul 5","Jul 6","Jul 7","Jul 8","Jul 9","Jul 10","Jul 11","Jul 12","Jul 13","Jul 14","Jul 15","Jul 16","Jul 17","Jul 18","Jul 19","Jul 20","Jul 21","Jul 22","Jul 23","Jul 24","Jul 25","Jul 26","Jul 27","Jul 28","Jul 29","Jul 30","Jul 31"
US1MNWG0047,"AFTON 1.6 E","WASHINGTON",807,44.90,-92.79,M,M,0.0,0.0,M,0.0,0.0,0.0,M,0.0,0.0,0.0,M,M,0.0,0.0,0.0,M,0.0,M,M,0.0,0.0,0.0,M,M,M,M,M,M,M
US1MNWG0004,"AFTON 4.0 S","WASHINGTON",953,44.85,-92.80,M,M,M,M,M,M,M,M,M,M,M,M,M,M,M,M,M,M,M,M,M,M,M,M,M,M,M,M,M,0.0,M
USC00210075,"ALBERT LEA 3 SE","FREEBORN",1230,43.61,-93.30,0.0,0.0,0.0,0.0,0.0,0.0,0.0,0.0,0.0,0.0,0.0,0.0,0.0,0.0,0.0,0.0,0.0,0.0,0.0,0.0,0.0,0.0,0.0,0.0,M,M,0.0,0.0,0.0,0.0,0.0
US1MNWR0011,"ALBERTVILLE 0.3 NW","WRIGHT",961,45.24,-93.67,M,M,M,M,M,0.0,0.0,0.0,0.0,0.0,0.0,0.0,M,0.0,0.0,0.0,0.0,0.0,0.0,M,M,0.0,0.0,0.0,0.0,M,0.0,0.0,0.0,M,0.0
US1MNDS0008,"ALEXANDRIA 1.7 ENE","DOUGLAS",1425,45.89,-95.34,M,M,M,M,M,0.0,0.0,0.0,M,0.0,M,0.0,M,0.0,0.0,M,0.0,0.0,M,M,M,0.0,M,0.0,M,0.0,0.0,0.0,0.0,0.0,0.0
US1MNDS0012,"ALEXANDRIA 3.3 ESE","DOUGLAS",1395,45.86,-95.31,M,M,M,M,M,0.0,0.0,0.0,M,M,M,0.0,0.0,0.0,0.0,0.0,0.0,0.0,M,M,M,0.0,M,M,M,M,0.0,M,M,M,M
USC00210146,"ALTURA 5W","WINONA",865,44.06,-92.04,0.0,0.0,0.0,0.0,0.0,0.0,0.0,0.0,0.0,0.0,0.0,0.0,0.0,0.0,0.0,0.0,0.0,0.0,0.0,0.0,0.0,0.0,0.0,0.0,0.0,0.0,0.0,M,0.0,0.0,0.0
US1MNAA0054,"ANOKA 1.3 SSE","ANOKA",883,45.19,-93.37,M,M,M,M,M,0.0,0.0,0.0,0.0,0.0,0.0,0.0,M,M,M,M,0.0,0.0,0.0,M,M,0.0,0.0,0.0,0.0,M,M,M,M,M,M
USC00210252,"ARGYLE","MARSHALL",847,48.33,-96.83,M,0.0,M,0.0,M,M,M,M,M,M,M,M,M,M,M,M,M,M,M,M,M,M,M,M,M,M,M,M,M,M,M
USC00210287,"ARTICHOKE LAKE 1 E","BIG STONE",1098,45.39,-96.13,0.0,0.0,0.0,0.0,0.0,0.0,0.0,0.0,0.0,0.0,0.0,0.0,0.0,0.0,0.0,0.0,0.0,0.0,0.0,M,0.0,0.0,0.0,0.0,0.0,0.0,0.0,0.0,0.0,0.0,0.0
US1MNMW0003,"AUSTIN 1.9 ENE","MOWER",1205,43.68,-92.94,M,M,0.0,0.0,M,M,0.0,0.0,0.0,0.0,M,0.0,M,M,0.0,0.0,0.0,0.0,M,M,M,0.0,0.0,0.0,M,M,0.0,0.0,0.0,M,0.0
USC00210355,"AUSTIN WASTE WATER TREATMENT FACI","MOWER",1199,43.65,-92.97,0.0,0.0,0.0,0.0,0.0,0.0,0.0,0.0,0.0,0.0,0.0,0.0,0.0,0.0,0.0,0.0,0.0,0.0,0.0,0.0,0.0,0.0,0.0,0.0,M,0.0,0.0,0.0,0.0,0.0,0.0
USC00210387,"BABBITT","ST. LOUIS",1481,47.71,-91.95,M,M,M,M,M,M,M,M,M,M,M,M,M,M,M,M,M,M,M,M,M,M,M,M,M,M,M,M,0.0,0.0,0.0
US1MNOT0003,"BATTLE LAKE 2S","OTTER TAIL",1378,46.26,-95.71,M,M,M,M,0.0,0.0,0.0,M,M,0.0,M,M,M,M,0.0,M,0.0,M,M,M,0.0,0.0,M,0.0,M,M,M,0.0,0.0,M,M
US1MNOT0014,"BATTLE LAKE 8.3 S","OTTER TAIL",1316,46.16,-95.71,M,M,M,M,M,M,M,M,M,M,M,0.0,0.0,0.0,0.0,0.0,0.0,0.0,0.0,0.0,0.0,0.0,0.0,0.0,0.0,0.0,0.0,0.0,0.0,0.0,0.0
US1MNKD0001,"BELGRADE 8.0 ESE","KANDIYOHI",1220,45.41,-94.85,M,M,M,M,M,0.0,M,0.0,M,0.0,M,M,M,0.0,0.0,0.0,M,0.0,M,M,M,0.0,M,0.0,0.0,M,M,0.0,0.0,0.0,0.0
USC00210643,"BEMIDJI","BELTRAMI",1360,47.54,-94.83,0.0,0.0,0.0,0.0,0.0,0.0,M,0.0,0.0,0.0,0.0,0.0,0.0,0.0,0.0,0.0,0.0,0.0,0.0,0.0,0.0,0.0,0.0,0.0,0.0,0.0,0.0,M,0.0,0.0,0.0
US1MNBM0011,"BEMIDJI 4.8 NNE","BELTRAMI",1395,47.55,-94.86,0.0,M,M,M,M,0.0,0.0,0.0,M,0.0,0.0,M,0.0,0.0,M,0.0,0.0,0.0,M,M,0.0,0.0,M,0.0,0.0,0.0,0.0,0.0,0.0,0.0,0.0
USC00210746,"BIG FALLS","KOOCHICHING",1220,48.20,-93.80,M,M,M,M,M,M,M,M,M,M,M,M,M,M,M,M,M,M,M,M,M,M,0.0,0.0,0.0,M,M,0.0,M,0.0,0.0
US1MNSH0010,"BIG LAKE 5.6 NNE","SHERBURNE",973,45.41,-93.69,M,M,M,M,M,0.0,0.0,0.0,M,0.0,M,M,M,0.0,0.0,0.0,0.0,0.0,0.0,M,M,0.0,0.0,0.0,0.0,M,M,0.0,0.0,M,0.0
US1MNRV0008,"BIRD ISLAND 7.2 SSE","RENVILLE",1074,44.67,-94.85,M,M,M,M,M,0.0,0.0,0.0,M,0.0,M,0.0,M,M,0.0,0.0,0.0,0.0,M,M,M,0.0,0.0,0.0,0.0,M,0.0,0.0,0.0,0.0,0.0
US1MNRV0005,"BIRD ISLAND 9.0 NNE","RENVILLE",1133,44.88,-94.82,M,M,M,M,M,0.0,M,0.0,M,0.0,M,0.0,M,0.0,0.0,0.0,0.0,0.0,M,M,0.0,0.0,0.0,0.0,0.0,M,0.0,0.0,0.0,0.0,0.0
US1MNAA0020,"BLAINE 0.4 S","ANOKA",907,45.16,-93.21,M,0.0,0.0,0.0,0.0,0.0,0.0,0.0,0.0,0.0,0.0,0.0,M,M,0.0,0.0,0.0,0.0,0.0,0.0,M,M,M,0.0,0.0,0.0,0.0,M,M,M,0.0
US1MNAA0056,"BLAINE 2.2 NNW","ANOKA",911,45.20,-93.23,M,M,M,M,M,0.0,0.0,0.0,0.0,0.0,0.0,0.0,M,M,0.0,0.0,0.0,0.0,0.0,M,M,0.0,0.0,0.0,0.0,M,M,0.0,0.0,0.0,0.0
US1MNHN0066,"BLOOMINGTON 1.2 SSE","HENNEPIN",825,44.81,-93.31,M,M,M,M,M,M,M,0.0,M,0.0,0.0,M,M,M,M,0.0,0.0,0.0,0.0,M,M,0.0,0.0,M,0.0,M,M,0.0,M,M,M
US1MNHN0175,"BLOOMINGTON 2.0 SE","HENNEPIN",818,44.81,-93.29,M,M,M,M,M,M,M,M,M,M,M,M,M,M,M,M,M,0.0,M,M,M,M,M,M,M,M,M,M,M,M,M
US1MNFT0005,"BLUE EARTH 0.6 ESE","FARIBAULT",1093,43.64,-94.09,M,M,0.0,0.0,M,M,M,M,M,M,M,0.0,M,M,0.0,0.0,0.0,0.0,M,M,M,0.0,0.0,0.0,0.0,M,M,0.0,0.0,0.0,0.0
USC00210855,"BLUE EARTH 1S","FARIBAULT",1100,43.62,-94.09,0.0,0.0,0.0,0.0,0.0,0.0,0.0,0.0,0.0,0.0,0.0,0.0,0.0,0.0,0.0,0.0,0.0,0.0,0.0,0.0,0.0,0.0,0.0,0.0,0.0,0.0,0.0,0.0,0.0,0.0,0.0
USC00210939,"BRAINERD","CROW WING",1180,46.34,-94.21,0.0,0.0,0.0,0.0,0.0,0.0,M,M,M,M,M,M,M,M,M,M,M,M,M,M,M,M,M,M,M,M,M,M,0.0,0.0,0.0
US1MNCW0008,"BRAINERD 11.5 E","CROW WING",1229,46.39,-93.96,M,M,M,M,M,0.0,0.0,0.0,M,M,M,M,M,0.0,0.0,M,0.0,0.0,0.0,M,M,M,M,M,M,M,M,0.0,M,M,0.0
USW00094938,"BRAINERD CROW WING COUNTY AP","CROW WING",1221,46.40,-94.13,0.0,0.0,0.0,0.0,0.0,0.0,0.0,0.0,0.0,0.0,0.0,0.0,0.0,0.0,0.0,0.0,0.0,0.0,0.0,0.0,0.0,0.0,0.0,0.0,0.0,0.0,0.0,0.0,0.0,0.0,0.0
USC00210974,"BRECKENRIDGE 3E","WILKIN",971,46.30,-96.52,0.0,0.0,0.0,0.0,0.0,0.0,M,M,M,M,0.0,0.0,0.0,0.0,0.0,0.0,0.0,0.0,0.0,0.0,0.0,0.0,0.0,0.0,M,0.0,0.0,0.0,0.0,0.0,0.0
USC00210981,"BRICELYN","FARIBAULT",1170,43.54,-93.84,0.0,0.0,0.0,0.0,M,0.0,0.0,0.0,0.0,0.0,0.0,0.0,0.0,0.0,0.0,0.0,0.0,0.0,0.0,0.0,0.0,0.0,0.0,0.0,0.0,0.0,0.0,0.0,0.0,0.0,0.0
USC00210989,"BRIMSON 2S","ST. LOUIS",1486,47.25,-91.86,0.0,0.0,M,0.0,0.0,0.0,0.0,0.0,0.0,0.0,0.0,0.0,0.0,0.0,0.0,0.0,0.0,0.0,0.0,0.0,0.0,0.0,0.0,0.0,0.0,0.0,0.0,0.0,0.0,0.0,0.0
US1MNHN0134,"BROOKLYN CENTER 1.1 E","HENNEPIN",856,45.07,-93.29,M,M,M,M,M,M,M,M,M,M,M,M,M,M,0.0,0.0,0.0,0.0,0.0,M,M,0.0,0.0,0.0,0.0,M,M,0.0,0.0,M,0.0
US1MNHN0186,"BROOKLYN PARK 2.2 ESE","HENNEPIN",856,45.10,-93.31,M,M,M,M,M,M,0.0,M,M,0.0,0.0,M,M,M,0.0,M,0.0,M,M,M,M,M,M,0.0,M,M,M,0.0,0.0,M,M
USC00211063,"BROWNS VALLEY","TRAVERSE",978,45.60,-96.83,0.0,0.0,0.0,0.0,0.0,0.0,0.0,0.0,0.0,0.0,0.0,0.0,0.0,0.0,0.0,0.0,0.0,0.0,0.0,0.0,0.0,0.0,0.0,0.0,0.0,0.0,0.0,0.0,0.0,0.0,0.0
USC00211065,"BROWNTON WWTP","MCLEOD",1040,44.73,-94.34,M,0.0,0.0,0.0,0.0,0.0,0.0,0.0,0.0,M,M,M,0.0,0.0,0.0,0.0,M,M,M,M,0.0,0.0,0.0,0.0,M,M,M,M,0.0,0.0,0.0
US1MNDK0015,"BURNSVILLE 3.0 NE","DAKOTA",950,44.79,-93.23,M,M,M,M,M,M,M,M,M,M,M,M,M,M,0.0,0.0,M,M,M,M,M,M,M,M,M,M,M,M,M,M,M
US1MNOL0007,"BYRON 5.7 S","OLMSTED",1206,43.96,-92.63,M,M,0.0,M,M,M,M,0.0,0.0,0.0,0.0,0.0,M,M,M,0.0,0.0,0.0,0.0,M,M,0.0,0.0,0.0,0.0,M,M,0.0,0.0,0.0,0.0
USC00211198,"CALEDONIA","HOUSTON",1166,43.63,-91.50,0.0,0.0,0.0,0.0,0.0,0.0,0.0,0.0,0.0,0.0,0.0,0.0,0.0,0.0,0.0,0.0,0.0,0.0,0.0,0.0,0.0,0.0,0.0,0.0,0.0,0.0,0.0,0.0,0.0,0.0,0.0
US1MNIS0006,"CAMBRIDGE 3.0 N","ISANTI",949,45.60,-93.23,M,M,M,M,M,0.0,M,M,M,M,0.0,M,M,M,M,M,M,M,M,M,M,M,0.0,M,0.0,M,M,M,M,0.0,M
USC00211250,"CAMP NORRIS DNR","LAKE OF THE WOODS",1289,48.61,-95.18,0.0,0.0,0.0,M,M,M,0.0,0.0,0.0,0.0,0.0,0.0,0.0,0.0,0.0,0.0,0.0,0.0,M,M,0.0,0.0,0.0,0.0,0.0,0.0,0.0,0.0,0.0,0.0,0.0
USC00211263,"CANBY","YELLOW MEDICINE",1210,44.72,-96.27,0.0,0.0,0.0,0.0,0.0,0.0,0.0,0.0,0.0,0.0,0.0,0.0,0.0,0.0,0.0,0.0,0.0,0.0,0.0,0.0,0.0,0.0,0.0,0.0,0.0,0.0,0.0,0.0,0.0,0.0,0.0
US1MNDK0089,"CANNON FALLS 5.6 NNE","DAKOTA",951,44.59,-92.86,M,0.0,0.0,M,0.0,0.0,0.0,0.0,0.0,0.0,0.0,0.0,M,M,0.0,0.0,0.0,0.0,M,M,M,0.0,0.0,0.0,M,0.0,0.0,0.0,0.0,0.0,0.0
US1MNGH0018,"CANNON FALLS 7.1 S","GOODHUE",1162,44.41,-92.90,M,M,M,M,M,0.0,M,M,M,M,M,M,M,M,M,M,M,M,M,M,M,M,M,0.0,0.0,M,M,M,M,0.0,M
USC00211310,"CARLOS 2 WSW","DOUGLAS",1400,45.97,-95.34,0.0,0.0,0.0,0.0,0.0,M,M,M,0.0,M,M,M,M,M,M,M,M,M,0.0,0.0,0.0,M,0.0,M,0.0,0.0,M,M,M,M,M
US1MNCN0001,"CARLTON 5.6 NE","CARLTON",1190,46.71,-92.33,0.0,M,M,0.0,0.0,0.0,0.0,0.0,M,0.0,0.0,M,0.0,0.0,0.0,M,0.0,0.0,0.0,M,M,0.0,0.0,0.0,0.0,M,M,0.0,M,0.0,0.0
USC00211422,"CELINA 2E","ST. LOUIS",1285,47.87,-93.03,0.0,0.0,0.0,0.0,0.0,0.0,0.0,0.0,0.0,0.0,0.0,0.0,0.0,0.0,M,0.0,0.0,0.0,0.0,0.0,0.0,0.0,0.0,0.0,0.0,0.0,0.0,0.0,0.0,0.0,0.0
US1MNHN0058,"CHAMPLIN 1.5 ESE (118)","HENNEPIN",853,45.16,-93.37,0.0,M,M,M,M,0.0,0.0,0.0,0.0,0.0,0.0,M,0.0,0.0,0.0,0.0,0.0,0.0,0.0,M,M,0.0,0.0,0.0,M,M,0.0,0.0,0.0,M,0.0
US1MNHN0052,"CHAMPLIN 1.8 ESE","HENNEPIN",865,45.16,-93.36,M,M,M,M,M,0.0,0.0,0.0,0.0,0.0,0.0,0.0,M,M,M,M,0.0,0.0,0.0,M,0.0,0.0,0.0,0.0,0.0,0.0,0.0,0.0,0.0,M,M
US1MNCV0012,"CHANHASSEN 1.2 W","CARVER",971,44.85,-93.59,M,M,M,M,M,0.0,M,M,M,0.0,M,0.0,M,M,0.0,0.0,0.0,0.0,0.0,M,M,0.0,0.0,0.0,0.0,M,0.0,0.0,M,M,M
US1MNCV0027,"CHANHASSEN 3.4 NW","CARVER",1012,44.89,-93.61,M,M,M,M,M,M,M,M,M,M,M,0.0,M,M,0.0,0.0,0.0,0.0,M,M,M,0.0,0.0,0.0,M,0.0,M,0.0,0.0,M,0.0
USC00211448,"CHANHASSEN WSFO","CARVER",946,44.85,-93.56,0.0,0.0,0.0,0.0,0.0,0.0,0.0,0.0,0.0,0.0,0.0,0.0,0.0,0.0,0.0,0.0,0.0,0.0,0.0,0.0,0.0,0.0,0.0,0.0,0.0,0.0,0.0,0.0,0.0,0.0,0.0
US1MNCV0028,"CHASKA 0.6 E","CARVER",944,44.81,-93.60,M,M,M,M,M,0.0,0.0,0.0,M,0.0,M,0.0,M,M,0.0,0.0,0.0,0.0,0.0,M,M,0.0,0.0,0.0,0.0,M,M,0.0,M,M,M
US1MNFM0009,"CHATFIELD 0.7 SW","FILLMORE",970,43.84,-92.20,M,M,M,M,M,M,M,M,M,M,M,0.0,M,M,M,M,M,M,M,M,M,M,M,M,M,M,M,M,M,M,M
US1MNCG0003,"CHISAGO CITY 1.8 ENE","CHISAGO",931,45.36,-92.88,0.0,M,0.0,0.0,M,0.0,0.0,0.0,M,0.0,0.0,0.0,M,M,M,M,M,M,M,M,M,M,M,M,M,M,M,M,M,M,M
US1MNSL0015,"CHISHOLM 0.4 WSW","ST. LOUIS",1551,47.49,-92.89,M,M,M,M,M,0.0,0.0,M,M,0.0,M,M,0.0,0.0,M,0.0,M,M,0.0,M,M,M,0.0,0.0,M,M,M,0.0,0.0,M,0.0
US1MNDD0011,"CLAREMONT 2.5 ESE","DODGE",1294,44.04,-92.95,M,M,0.0,0.0,M,0.0,0.0,0.0,M,0.0,0.0,0.0,M,M,0.0,0.0,0.0,0.0,M,M,M,0.0,0.0,0.0,0.0,M,M,0.0,0.0,0.0,0.0
US1MNWR0040,"CLEARWATER 5.4 SSE","WRIGHT",1016,45.35,-94.03,M,M,M,M,M,0.0,0.0,0.0,M,0.0,M,M,M,M,0.0,0.0,0.0,0.0,0.0,M,M,0.0,0.0,0.0,M,M,M,0.0,M,M,M
US1MNOT0011,"CLITHERALL 1.1 WSW","OTTER TAIL",1356,46.27,-95.65,M,M,M,M,M,M,M,M,M,0.0,M,M,M,M,M,M,M,M,M,M,M,M,M,M,M,M,M,M,M,M,M
USC00211630,"CLOQUET","CARLTON",1265,46.71,-92.52,M,M,0.0,M,M,M,M,M,0.0,0.0,0.0,M,M,M,M,M,M,M,M,M,M,M,M,M,0.0,0.0,0.0,M,M,M,0.0
US1MNIT0020,"COLERAINE 1.5 S","ITASCA",1302,47.28,-93.42,M,M,M,M,M,0.0,0.0,M,M,0.0,M,M,0.0,0.0,0.0,M,0.0,0.0,0.0,M,M,0.0,M,0.0,0.0,M,M,0.0,0.0,M,0.0
USC00211691,"COLLEGEVILLE ST. JOHN'S","STEARNS",1210,45.58,-94.39,0.0,0.0,0.0,0.0,0.0,0.0,0.0,0.0,0.0,0.0,0.0,0.0,0.0,0.0,0.0,0.0,0.0,0.0,0.0,0.0,0.0,0.0,0.0,0.0,0.0,M,0.0,0.0,0.0,0.0,0.0
US1MNBW0006,"COMFREY 5.2 E","BROWN",1065,44.11,-94.80,M,M,0.0,0.0,0.0,0.0,0.0,0.0,0.0,0.0,0.0,0.0,M,M,0.0,0.0,0.0,0.0,M,M,M,0.0,0.0,0.0,0.0,0.0,0.0,0.0,0.0,0.0,0.0
US1MNBW0008,"COMFREY 6.5 ENE","BROWN",0,44.15,-94.79,0.0,0.0,0.0,0.0,0.0,0.0,0.0,0.0,0.0,0.0,0.0,0.0,0.0,0.0,0.0,0.0,0.0,0.0,0.0,0.0,0.0,0.0,0.0,0.0,0.0,0.0,0.0,0.0,0.0,0.0,0.0
US1MNAA0013,"COON RAPIDS 1.4 ESE","ANOKA",878,45.16,-93.29,M,0.0,0.0,0.0,M,0.0,0.0,0.0,0.0,0.0,0.0,0.0,M,M,0.0,0.0,0.0,0.0,M,M,M,M,M,0.0,0.0,M,0.0,M,M,M,0.0
US1MNHN0051,"CORCORAN 3.3 ESE","HENNEPIN",994,45.09,-93.52,M,M,M,M,M,M,M,M,M,0.0,0.0,0.0,M,M,M,M,0.0,0.0,0.0,0.0,M,M,M,0.0,0.0,M,M,M,M,M,0.0
US1MNWG0033,"COTTAGE GROVE 1.6 NNW","WASHINGTON",913,44.84,-92.94,M,M,0.0,0.0,M,0.0,0.0,0.0,M,0.0,0.0,0.0,M,0.0,0.0,0.0,0.0,0.0,0.0,M,M,0.0,M,0.0,0.0,M,M,0.0,M,0.0,0.0
US1MNWG0053,"COTTAGE GROVE 1.7 NW","WASHINGTON",823,44.83,-92.95,M,M,M,0.0,0.0,0.0,0.0,0.0,0.0,0.0,0.0,0.0,M,M,0.0,0.0,0.0,0.0,0.0,0.0,0.0,0.0,0.0,0.0,0.0,0.0,0.0,0.0,M,M,0.0
US1MNSL0115,"COTTON 5.7 ESE","ST. LOUIS",1388,47.15,-92.36,0.0,0.0,0.0,0.0,0.0,0.0,0.0,0.0,0.0,0.0,0.0,0.0,0.0,0.0,0.0,0.0,0.0,0.0,0.0,0.0,0.0,0.0,0.0,0.0,0.0,0.0,0.0,0.0,0.0,0.0,0.0
US1MNPK0013,"CROOKSTON 0.6 ENE","POLK",891,47.78,-96.59,0.0,M,0.0,M,M,0.0,0.0,M,0.0,0.0,0.0,0.0,0.0,0.0,0.0,0.0,0.0,0.0,0.0,M,M,0.0,M,0.0,0.0,M,0.0,0.0,M,M,0.0
USC00211891,"CROOKSTON NW EXP STA","POLK",888,47.80,-96.60,M,0.0,0.0,0.0,0.0,M,0.0,0.0,0.0,0.0,0.0,0.0,M,M,0.0,0.0,0.0,0.0,0.0,0.0,0.0,0.0,0.0,0.0,M,M,M,M,M,0.0,0.0
US1MNSL0096,"CULVER 0.2 W","ST. LOUIS",1270,46.93,-92.56,0.0,M,M,M,M,0.0,0.0,0.0,M,M,M,M,M,M,M,M,0.0,0.0,0.0,M,M,0.0,0.0,0.0,M,0.0,0.0,0.0,0.0,0.0,0.0
USC00212023,"DASSEL 3SE","MEEKER",1065,45.04,-94.28,0.0,0.0,0.0,0.0,M,M,M,M,0.0,0.0,0.0,M,M,M,M,0.0,0.0,0.0,M,M,M,0.0,0.0,0.0,0.0,M,M,M,0.0,0.0,0.0
US1MNMK0003,"DASSEL 4.8 N","MEEKER",1015,45.15,-94.30,M,0.0,M,M,0.0,M,0.0,0.0,M,M,0.0,M,M,0.0,0.0,0.0,0.0,0.0,M,0.0,0.0,0.0,0.0,0.0,M,0.0,M,0.0,0.0,0.0,0.0
USC00212038,"DAWSON","LAC QUI PARLE",1055,44.93,-96.04,0.0,0.0,0.0,M,M,0.0,M,M,0.0,0.0,0.0,0.0,0.0,0.0,0.0,0.0,0.0,0.0,0.0,0.0,M,M,0.0,0.0,0.0,0.0,0.0,0.0,0.0,0.0,0.0
US1MNHN0053,"DAYTON 3.4 SSE","HENNEPIN",932,45.20,-93.48,M,M,M,0.0,M,0.0,0.0,0.0,0.0,0.0,0.0,0.0,M,M,M,M,0.0,0.0,0.0,0.0,M,M,M,0.0,0.0,0.0,M,M,M,M,0.0
US1MNHN0040,"DEEPHAVEN 0.8 SW","HENNEPIN",943,44.92,-93.54,M,M,0.0,M,M,0.0,0.0,0.0,M,0.0,0.0,M,M,M,M,M,0.0,0.0,0.0,M,0.0,0.0,0.0,0.0,M,M,0.0,M,M,M,0.0
US1MNOT0019,"DEER CREEK 0.0 SW","OTTER TAIL",1397,46.39,-95.32,M,M,M,M,M,M,M,M,M,M,M,M,M,M,0.0,M,M,0.0,0.0,0.0,M,0.0,0.0,0.0,M,M,0.0,0.0,M,0.0,0.0
US1MNOT0007,"DEER CREEK 2.0 WSW","OTTER TAIL",1425,46.38,-95.36,M,M,M,M,M,M,M,M,M,M,M,M,M,M,M,M,M,M,M,M,M,M,M,0.0,M,M,M,M,M,M,M
US1MNIT0010,"DEER RIVER 3.7 W","ITASCA",1303,47.34,-93.88,M,M,M,M,M,M,M,M,M,0.0,M,M,0.0,0.0,M,0.0,0.0,0.0,0.0,M,M,M,M,M,M,M,M,M,M,M,M
USC00212088,"DELANO","WRIGHT",910,45.04,-93.79,M,M,M,M,M,M,M,M,M,M,M,M,0.0,0.0,0.0,0.0,M,M,M,M,0.0,0.0,0.0,M,M,M,M,M,M,M,M
US1MNGH0015,"DENNISON 0.4 SSE","GOODHUE",982,44.40,-93.04,M,M,M,M,M,M,M,0.0,M,M,M,M,M,M,M,M,M,M,M,M,M,M,M,M,M,M,M,M,M,M,M
USC00212142,"DETROIT LAKES 1 NNE","BECKER",1355,46.84,-95.84,0.0,0.0,0.0,0.0,0.0,0.0,0.0,0.0,0.0,0.0,0.0,0.0,0.0,0.0,0.0,0.0,0.0,0.0,0.0,0.0,0.0,0.0,0.0,0.0,0.0,0.0,M,0.0,0.0,0.0,0.0
US1MNBK0010,"DETROIT LAKES 5.7 N","BECKER",1378,46.89,-95.84,0.0,0.0,0.0,0.0,0.0,0.0,0.0,0.0,0.0,0.0,0.0,0.0,0.0,0.0,0.0,0.0,0.0,0.0,M,M,M,M,0.0,0.0,0.0,0.0,0.0,M,M,0.0,0.0
US1MNCY0011,"DILWORTH 0.8 WNW","CLAY",908,46.88,-96.71,0.0,M,M,M,0.0,0.0,M,0.0,M,M,M,M,M,0.0,M,0.0,0.0,0.0,M,M,M,0.0,M,0.0,M,M,M,M,M,M,M
US1MNSV0004,"DONNELLY 2.9 NW","STEVENS",1109,45.72,-96.06,M,M,M,M,M,0.0,M,0.0,M,M,M,M,M,0.0,0.0,M,0.0,0.0,M,M,M,0.0,M,M,M,M,M,M,0.0,0.0,0.0
US1MNSL0018,"DULUTH 1.4 NNW","ST. LOUIS",1207,46.80,-92.11,0.0,0.0,0.0,0.0,M,0.0,M,M,0.0,0.0,0.0,0.0,M,M,M,M,0.0,0.0,M,M,M,M,M,M,M,M,M,M,M,M,M
US1MNSL0074,"DULUTH 1.5 NNW","ST. LOUIS",1233,46.80,-92.11,0.0,0.0,0.0,0.0,M,0.0,M,M,0.0,0.0,M,0.0,M,M,M,M,M,0.0,M,0.0,M,0.0,0.0,0.0,0.0,M,M,M,0.0,0.0,0.0
US1MNSL0107,"DULUTH 17.6 NNW","ST. LOUIS",1359,46.99,-92.31,M,M,M,0.0,M,0.0,0.0,0.0,M,0.0,M,M,M,0.0,M,M,0.0,0.0,M,M,M,0.0,0.0,0.0,0.0,0.0,M,0.0,0.0,M,0.0
US1MNSL0005,"DULUTH 3.0 NE","ST. LOUIS",824,46.82,-92.06,0.0,M,M,0.0,M,0.0,M,0.0,0.0,M,0.0,M,0.0,0.0,0.0,0.0,0.0,0.0,0.0,M,0.0,0.0,0.0,0.0,0.0,0.0,0.0,0.0,0.0,M,0.0
US1MNSL0020,"DULUTH 3.2 NE","ST. LOUIS",648,46.81,-92.06,0.0,M,M,0.0,M,0.0,0.0,0.0,M,0.0,0.0,M,0.0,0.0,0.0,0.0,0.0,0.0,0.0,M,0.0,0.0,0.0,0.0,0.0,0.0,0.0,0.0,M,M,0.0
US1MNSL0084,"DULUTH 6.9 NNE","ST. LOUIS",1098,46.87,-92.03,0.0,M,M,M,M,0.0,0.0,0.0,M,0.0,0.0,M,0.0,M,0.0,0.0,0.0,M,0.0,M,0.0,M,0.0,0.0,0.0,0.0,M,0.0,M,M,M
US1MNSL0076,"DULUTH 7.4 NNE","ST. LOUIS",1160,46.88,-92.03,0.0,M,M,M,M,0.0,0.0,M,M,0.0,0.0,M,M,M,0.0,M,0.0,0.0,M,M,0.0,0.0,M,M,0.0,0.0,M,0.0,M,M,0.0
US1MNSL0109,"DULUTH 7.9 SW","ST. LOUIS",1136,46.71,-92.23,M,M,M,0.0,M,0.0,0.0,0.0,M,0.0,0.0,M,0.0,M,M,0.0,0.0,0.0,0.0,M,M,0.0,0.0,0.0,0.0,M,M,0.0,0.0,0.0,0.0
USW00014913,"DULUTH INTL AP","ST. LOUIS",1433,46.84,-92.18,0.0,0.0,0.0,0.0,0.0,0.0,0.0,0.0,0.0,0.0,0.0,0.0,0.0,0.0,0.0,0.0,0.0,0.0,0.0,0.0,0.0,0.0,0.0,0.0,0.0,0.0,0.0,0.0,T,0.0,0.0
USC00212250,"DULUTH NWS","ST. LOUIS",1433,46.84,-92.21,0.0,0.0,0.0,0.0,0.0,0.0,0.0,0.0,0.0,0.0,0.0,0.0,0.0,0.0,0.0,0.0,0.0,0.0,0.0,0.0,0.0,0.0,0.0,0.0,0.0,0.0,0.0,0.0,0.0,0.0,0.0
US1MNDK0070,"EAGAN 2.0 NNW","DAKOTA",876,44.84,-93.18,0.0,0.0,0.0,0.0,0.0,0.0,0.0,0.0,0.0,0.0,0.0,0.0,0.0,0.0,0.0,0.0,0.0,0.0,0.0,0.0,0.0,0.0,0.0,0.0,0.0,0.0,0.0,0.0,0.0,0.0,0.0
US1MNDK0025,"EAGAN 2.8 SSE","DAKOTA",925,44.78,-93.15,M,M,0.0,0.0,M,0.0,0.0,0.0,0.0,0.0,0.0,0.0,M,M,0.0,0.0,0.0,0.0,0.0,M,M,M,M,0.0,0.0,0.0,M,M,M,M,M
US1MNAA0016,"EAST BETHEL 1.1 NNW","ANOKA",923,45.37,-93.21,M,0.0,0.0,0.0,M,0.0,0.0,0.0,0.0,0.0,0.0,0.0,M,0.0,0.0,0.0,0.0,0.0,0.0,0.0,0.0,0.0,M,0.0,0.0,0.0,0.0,0.0,0.0,0.0,0.0
US1MNAA0068,"EAST BETHEL 3.0 NE","ANOKA",916,45.39,-93.16,M,M,0.0,0.0,M,0.0,0.0,0.0,M,0.0,M,0.0,M,M,0.0,0.0,0.0,0.0,0.0,M,M,0.0,0.0,0.0,0.0,M,M,0.0,0.0,M,0.0
US1MNAA0005,"EAST BETHEL 3.1 NE","ANOKA",920,45.38,-93.16,0.0,M,0.0,M,M,0.0,0.0,0.0,0.0,M,0.0,0.0,M,M,0.0,0.0,0.0,0.0,0.0,M,M,0.0,0.0,0.0,0.0,M,M,0.0,0.0,0.0,0.0
US1MNHN0042,"EDEN PRAIRIE 2.1 E","HENNEPIN",870,44.85,-93.42,M,M,M,M,M,0.0,M,M,M,M,M,M,M,M,M,M,M,M,M,M,M,M,M,M,M,M,M,M,M,M,M
US1MNHN0017,"EDEN PRAIRIE 3.3 WSW","HENNEPIN",905,44.83,-93.52,M,M,M,M,M,M,0.0,0.0,M,0.0,M,0.0,M,M,M,0.0,0.0,0.0,M,M,M,0.0,0.0,0.0,0.0,0.0,M,0.0,M,0.0,0.0
US1MNMK0013,"EDEN VALLEY 3.6 SW","MEEKER",1186,45.30,-94.61,M,M,M,M,M,0.0,0.0,0.0,M,M,M,0.0,M,M,0.0,M,0.0,0.0,M,M,M,M,M,0.0,M,M,M,M,0.0,M,M
US1MNHN0019,"EDINA 1.3 SW","HENNEPIN",960,44.88,-93.38,M,M,0.0,M,M,M,M,M,M,M,M,M,M,M,M,M,0.0,0.0,0.0,M,M,M,M,M,M,M,M,M,M,M,0.0
US1MNHN0089,"EDINA 1.7 N","HENNEPIN",926,44.92,-93.36,M,M,M,M,M,0.0,M,M,M,M,M,0.0,M,M,M,M,0.0,M,0.0,M,M,M,M,M,0.0,M,M,M,M,M,M
USC00212486,"ELGIN 2SSW","OLMSTED",1110,44.10,-92.27,0.0,0.0,0.0,0.0,0.0,0.0,0.0,0.0,0.0,0.0,0.0,0.0,0.0,0.0,0.0,0.0,0.0,0.0,0.0,0.0,0.0,0.0,0.0,0.0,0.0,0.0,0.0,0.0,0.0,0.0,0.0
USC00212500,"ELK RIVER","SHERBURNE",880,45.30,-93.58,M,M,0.0,M,M,0.0,M,M,M,0.0,0.0,0.0,0.0,M,M,M,0.0,0.0,0.0,0.0,0.0,0.0,M,0.0,0.0,0.0,0.0,M,M,M,0.0
US1MNSH0025,"ELK RIVER 1.8 SSW","SHERBURNE",913,45.31,-93.58,M,M,M,M,M,0.0,0.0,0.0,M,0.0,M,M,M,M,0.0,0.0,0.0,0.0,0.0,M,M,M,M,M,M,M,M,M,M,M,0.0
US1MNSC0025,"ELKO NEW MARKET 4.8 WNW","SCOTT",974,44.58,-93.43,M,M,M,M,M,M,M,M,M,0.0,0.0,0.0,0.0,M,M,M,0.0,0.0,0.0,0.0,M,M,M,0.0,0.0,0.0,M,M,M,M,M
US1MNSE0003,"ELLENDALE 0.3 SW","STEELE",1284,43.87,-93.30,M,M,0.0,0.0,M,0.0,0.0,0.0,0.0,0.0,M,0.0,M,M,0.0,0.0,0.0,0.0,M,M,M,0.0,0.0,0.0,0.0,M,0.0,0.0,0.0,M,0.0
USC00212561,"ELY","ST. LOUIS",1475,47.91,-91.83,0.0,0.0,0.0,0.0,0.0,0.0,0.0,0.0,0.0,0.0,M,M,0.0,0.0,0.0,0.0,M,0.0,0.0,0.0,M,M,0.0,0.0,0.0,M,0.0,0.0,0.0,0.0,0.0
USC00212576,"EMBARRASS","ST. LOUIS",1400,47.66,-92.20,0.0,0.0,0.0,0.0,0.0,0.0,M,0.0,0.0,0.0,0.0,0.0,0.0,0.0,0.0,0.0,0.0,0.0,0.0,0.0,0.0,0.0,0.0,0.0,0.0,0.0,0.0,0.0,0.0,0.0,0.0
US1MNCW0017,"EMILY 1.0 SSE","CROW WING",1292,46.75,-93.96,M,M,M,M,M,M,M,M,M,M,M,M,M,M,M,0.0,0.0,0.0,M,M,M,M,M,M,M,M,M,M,M,M,M
US1MNPK0002,"ERSKINE 7.6 SW","POLK",1236,47.59,-96.13,0.0,0.0,0.0,M,M,0.0,0.0,M,M,M,0.0,M,0.0,0.0,M,0.0,0.0,0.0,0.0,M,M,M,M,0.0,M,M,0.0,0.0,M,M,0.0
USC00212645,"EVELETH WASTE WATER PLANT","ST. LOUIS",1445,47.46,-92.53,M,M,0.0,0.0,0.0,M,0.0,0.0,0.0,M,M,M,M,M,M,M,M,0.0,0.0,0.0,M,M,M,0.0,0.0,0.0,M,M,M,M,0.0
US1MNMT0006,"FAIRMONT 0.7 E","MARTIN",1181,43.65,-94.45,M,M,0.0,0.0,M,0.0,0.0,0.0,M,0.0,M,0.0,M,M,0.0,0.0,0.0,0.0,M,M,M,0.0,0.0,0.0,0.0,M,0.0,0.0,0.0,0.0,0.0
US1MNDK0022,"FARMINGTON 1.5 SSE","DAKOTA",908,44.64,-93.16,M,M,0.0,M,M,0.0,0.0,0.0,M,0.0,0.0,0.0,M,M,0.0,0.0,0.0,0.0,0.0,M,0.0,0.0,0.0,0.0,0.0,M,0.0,M,M,M,M
US1MNOT0005,"FERGUS FALLS 0.5 E","OTTER TAIL",1203,46.29,-96.07,M,M,M,M,M,M,0.0,0.0,M,M,0.0,M,0.0,0.0,0.0,0.0,M,M,M,M,0.0,0.0,M,0.0,M,0.0,M,0.0,M,M,M
USC00212842,"FLOODWOOD 3 NE","ST. LOUIS",1260,46.97,-92.87,0.0,M,0.0,0.0,0.0,M,0.0,0.0,0.0,0.0,0.0,0.0,0.0,0.0,0.0,0.0,0.0,0.0,0.0,0.0,0.0,0.0,0.0,0.0,0.0,0.0,M,0.0,0.0,M,0.0
US1MNCW0022,"FORT RIPLEY 0.8 N","CROW WING",1128,46.18,-94.37,0.0,0.0,0.0,0.0,0.0,0.0,0.0,0.0,0.0,0.0,0.0,0.0,0.0,0.0,0.0,0.0,0.0,0.0,0.0,0.0,0.0,0.0,0.0,0.0,0.0,0.0,0.0,0.0,0.0,M,M
USC00213076,"GAYLORD","SIBLEY",1020,44.56,-94.22,M,M,M,0.0,M,0.0,M,M,M,M,0.0,0.0,0.0,M,M,M,M,0.0,0.0,0.0,M,M,M,M,M,M,M,M,M,M,M
USC00213104,"GEORGETOWN 1 E","CLAY",885,47.08,-96.78,0.0,0.0,M,M,M,0.0,0.0,0.0,M,M,M,M,M,0.0,0.0,0.0,M,M,0.0,0.0,0.0,M,M,M,M,0.0,0.0,0.0,M,0.0,0.0
US1MNMC0005,"GLENCOE 0.3 WSW","MCLEOD",998,44.77,-94.16,M,M,M,M,M,0.0,M,0.0,M,0.0,M,0.0,M,M,0.0,0.0,0.0,0.0,M,M,0.0,0.0,0.0,0.0,M,0.0,0.0,0.0,0.0,0.0,0.0
US1MNMC0006,"GLENCOE 3.2 NNW","MCLEOD",1039,44.81,-94.18,M,M,M,M,M,0.0,M,0.0,M,0.0,M,0.0,M,M,0.0,0.0,0.0,0.0,M,M,M,0.0,0.0,0.0,0.0,M,M,0.0,0.0,0.0,0.0
US1MNHN0088,"GOLDEN VALLEY 0.8 WSW","HENNEPIN",897,44.98,-93.37,M,M,M,M,M,M,M,M,M,M,M,M,M,M,M,M,0.0,0.0,0.0,M,M,0.0,0.0,0.0,0.0,M,M,M,M,M,M
US1MNPG0003,"GOODRIDGE 7.4 SW","PENNINGTON",1151,48.07,-95.92,0.0,M,0.0,M,0.0,0.0,0.0,M,0.0,0.0,0.0,0.0,0.0,0.0,0.0,0.0,0.0,0.0,0.0,M,M,0.0,M,0.0,0.0,M,M,0.0,0.0,0.0,0.0
US1MNCK0006,"GRAND MARAIS 4.4 W","COOK",1129,47.75,-90.44,0.0,0.0,0.0,0.0,0.0,0.0,0.0,0.0,0.0,0.0,0.0,0.0,0.0,0.0,0.0,0.0,0.0,M,0.0,0.0,0.0,0.0,0.0,0.0,0.0,0.0,0.0,0.0,0.0,0.0,0.0
USC00213290,"GRAND MEADOW","MOWER",1350,43.70,-92.56,0.0,0.0,0.0,M,M,0.0,0.0,0.0,0.0,0.0,0.0,0.0,0.0,0.0,0.0,0.0,0.0,0.0,0.0,0.0,0.0,0.0,0.0,0.0,0.0,0.0,M,M,0.0,0.0,0.0
US1MNIT0001,"GRAND RAPIDS 2.0 E","ITASCA",1260,47.22,-93.50,M,M,M,M,M,0.0,0.0,0.0,M,0.0,M,M,0.0,0.0,0.0,M,0.0,0.0,0.0,M,M,0.0,M,M,0.0,M,M,0.0,0.0,0.0,0.0
US1MNIT0017,"GRAND RAPIDS 6.1 N","ITASCA",1307,47.31,-93.55,M,M,M,0.0,M,0.0,0.0,M,M,0.0,M,0.0,0.0,0.0,0.0,0.0,0.0,0.0,0.0,M,0.0,0.0,M,M,0.0,M,M,0.0,0.0,0.0,M
US1MNIT0007,"GRAND RAPIDS 6.2 SSW","ITASCA",1381,47.14,-93.57,0.0,M,M,M,M,0.0,0.0,0.0,M,0.0,0.0,M,0.0,0.0,0.0,0.0,0.0,0.0,0.0,0.0,M,0.0,0.0,M,0.0,M,M,M,M,M,M
USC00213303,"GRAND RAPIDS FORESTRY LAB","ITASCA",1310,47.24,-93.50,0.0,0.0,0.0,0.0,0.0,0.0,0.0,0.0,0.0,0.0,0.0,0.0,0.0,0.0,0.0,0.0,0.0,0.0,M,0.0,0.0,0.0,0.0,0.0,0.0,M,0.0,0.0,0.0,0.0,0.0
US1MNSB0004,"GREEN ISLE 1.7 WNW","SIBLEY",1002,44.69,-94.04,M,M,M,M,M,0.0,M,0.0,M,0.0,M,M,M,M,0.0,0.0,0.0,0.0,M,M,M,M,0.0,0.0,0.0,M,M,M,0.0,0.0,0.0
USC00213417,"GUNFLINT LAKE 10 NW","COOK",1455,48.16,-90.88,0.0,0.0,0.0,M,M,0.0,0.0,0.0,0.0,0.0,0.0,M,M,M,M,M,0.0,0.0,0.0,0.0,0.0,0.0,0.0,0.0,M,M,0.0,0.0,0.0,0.0,0.0
USC00213463,"HALSTAD","NORMAN",853,47.35,-96.83,M,M,M,M,M,M,M,M,M,M,M,M,M,M,M,M,M,M,M,M,M,M,0.0,M,M,M,M,M,M,M,M
US1MNAA0021,"HAM LAKE 1.2 NW","ANOKA",918,45.27,-93.22,M,0.0,0.0,0.0,M,0.0,0.0,0.0,M,0.0,0.0,0.0,M,0.0,0.0,0.0,0.0,0.0,0.0,M,0.0,0.0,0.0,0.0,0.0,0.0,0.0,0.0,0.0,0.0,0.0
US1MNDK0096,"HAMPTON 4.4 NW","DAKOTA",911,44.65,-93.08,M,M,0.0,0.0,M,0.0,0.0,0.0,0.0,0.0,M,0.0,M,M,0.0,0.0,0.0,0.0,0.0,M,M,0.0,0.0,0.0,0.0,0.0,M,0.0,0.0,0.0,0.0
US1MNPP0004,"HANCOCK 4.4 ENE","POPE",1038,45.52,-95.71,M,0.0,M,M,M,M,M,M,M,0.0,M,0.0,M,M,0.0,M,M,M,M,M,M,M,M,M,M,M,M,M,0.0,M,M
USC00213567,"HASTINGS DAM 2","DAKOTA",680,44.76,-92.87,M,M,0.0,0.0,0.0,0.0,0.0,M,M,0.0,0.0,0.0,0.0,0.0,0.0,0.0,M,M,M,0.0,0.0,0.0,0.0,M,M,M,0.0,0.0,0.0,0.0,0.0
US1MNDD0014,"HAYFIELD 0.3 SSE","DODGE",1318,43.89,-92.85,M,M,M,0.0,M,0.0,M,M,0.0,0.0,0.0,0.0,M,M,0.0,M,0.0,0.0,M,M,M,M,0.0,0.0,0.0,M,M,M,M,M,M
US1MNSL0006,"HERMANTOWN 9.3 NNE","ST. LOUIS",1372,46.93,-92.14,M,M,0.0,M,M,0.0,0.0,0.0,M,0.0,0.0,M,M,0.0,0.0,M,M,0.0,0.0,M,0.0,0.0,0.0,M,0.0,M,M,0.0,0.0,M,M
USC00213812,"HOKAH 4NW","HOUSTON",686,43.80,-91.43,0.0,0.0,0.0,0.0,0.0,M,M,M,M,0.0,0.0,0.0,0.0,0.0,0.0,0.0,0.0,0.0,0.0,0.0,M,M,M,M,M,M,M,0.0,0.0,0.0,0.0
US1MNHS0006,"HOUSTON 6.9 E","HOUSTON",763,43.76,-91.43,M,0.0,0.0,0.0,M,0.0,0.0,0.0,0.0,0.0,0.0,0.0,M,M,0.0,0.0,0.0,0.0,0.0,M,M,0.0,M,M,M,M,M,M,M,M,M
US1MNCK0007,"HOVLAND 0.1 NE","COOK",617,47.84,-89.97,M,M,M,M,M,0.0,0.0,0.0,M,0.0,0.0,M,0.0,0.0,0.0,0.0,0.0,0.0,0.0,0.0,M,0.0,0.0,0.0,0.0,0.0,M,0.0,M,M,0.0
US1MNWR0042,"HOWARD LAKE 1.2 NW","WRIGHT",1029,45.07,-94.08,M,M,M,M,M,0.0,0.0,0.0,M,0.0,M,0.0,M,M,0.0,0.0,0.0,0.0,M,M,M,0.0,0.0,0.0,M,M,M,M,M,M,M
US1MNMC0012,"HUTCHINSON 5.6 N","MCLEOD",1105,44.97,-94.36,M,M,M,M,M,0.0,M,0.0,M,0.0,M,M,M,M,0.0,0.0,0.0,0.0,M,M,M,0.0,0.0,0.0,0.0,M,0.0,0.0,M,0.0,0.0
USC00214008,"INDUS 3 W","KOOCHICHING",1095,48.62,-93.90,M,0.0,0.0,M,M,0.0,M,M,M,0.0,0.0,0.0,0.0,M,M,0.0,0.0,0.0,0.0,0.0,M,M,0.0,0.0,0.0,0.0,0.0,M,M,M,0.0
USW00014918,"INTERNATIONAL FALLS INTL AP","KOOCHICHING",1183,48.56,-93.40,0.0,0.0,0.0,T,0.0,0.0,0.0,0.0,0.0,0.0,0.0,0.0,0.0,0.0,0.0,0.0,0.0,0.0,0.0,0.0,0.0,0.0,0.0,0.0,0.0,0.0,0.0,0.0,0.0,0.0,0.0
US1MNDK0014,"INVER GROVE HEIGHTS 1.3 ENE","DAKOTA",919,44.83,-93.04,0.0,0.0,M,M,M,M,M,M,M,M,M,M,0.0,M,M,M,M,M,0.0,0.0,0.0,M,M,M,M,0.0,0.0,M,M,M,M
US1MNDK0079,"INVER GROVE HEIGHTS 1.6 WSW","DAKOTA",882,44.81,-93.09,M,M,0.0,M,M,0.0,0.0,0.0,M,0.0,0.0,0.0,M,M,0.0,0.0,0.0,0.0,0.0,M,M,0.0,0.0,0.0,0.0,M,0.0,0.0,M,M,M
US1MNSL0108,"IRON JUNCTION 3.4 NNW","ST. LOUIS",1409,47.46,-92.63,M,M,M,0.0,M,0.0,0.0,M,M,0.0,0.0,M,0.0,0.0,0.0,0.0,0.0,0.0,0.0,M,M,0.0,0.0,0.0,0.0,M,M,0.0,0.0,0.0,0.0
USC00214077,"ISABELLA 14W","LAKE",1740,47.59,-91.65,0.0,0.0,0.0,0.0,0.0,0.0,0.0,0.0,0.0,0.0,0.0,0.0,0.0,0.0,0.0,0.0,0.0,0.0,0.0,0.0,0.0,0.0,0.0,M,0.0,0.0,0.0,0.0,0.0,0.0,0.0
USC00214093,"ISLAND LAKE 4E","ST. LOUIS",1410,47.02,-92.07,0.0,0.0,0.0,0.0,0.0,0.0,0.0,0.0,0.0,0.0,0.0,0.0,0.0,0.0,0.0,0.0,0.0,0.0,0.0,0.0,0.0,0.0,0.0,0.0,0.0,0.0,0.0,0.0,0.0,0.0,0.0
USC00214103,"ISLE 12N","AITKIN",1285,46.32,-93.50,0.0,0.0,0.0,0.0,0.0,0.0,0.0,0.0,0.0,0.0,0.0,0.0,0.0,M,0.0,0.0,0.0,0.0,0.0,0.0,0.0,0.0,0.0,0.0,M,0.0,0.0,0.0,0.0,0.0,0.0
USC00214176,"JORDAN 1SSW","SCOTT",900,44.65,-93.64,0.0,0.0,0.0,0.0,0.0,0.0,0.0,0.0,0.0,0.0,0.0,0.0,0.0,M,M,M,M,M,M,M,0.0,0.0,0.0,0.0,0.0,0.0,0.0,0.0,M,M,M
US1MNSC0010,"JORDAN 2.3 NNE","SCOTT",741,44.69,-93.61,0.0,M,0.0,M,M,0.0,0.0,0.0,M,0.0,M,0.0,0.0,0.0,0.0,M,0.0,0.0,0.0,M,M,M,M,0.0,0.0,0.0,0.0,0.0,0.0,0.0,0.0
USC00214191,"KABETOGAMA","ST. LOUIS",1200,48.41,-93.05,0.0,0.0,0.0,0.0,0.0,0.0,0.0,0.0,0.0,0.0,0.0,0.0,0.0,M,0.0,0.0,0.0,0.0,0.0,0.0,0.0,0.0,0.0,0.0,M,0.0,0.0,0.0,0.0,0.0,0.0
US1MNSL0095,"KABETOGAMA 1.5 NW","ST. LOUIS",1121,48.45,-93.05,0.0,M,0.0,M,M,0.0,0.0,M,M,0.0,M,M,0.0,0.0,M,M,0.0,0.0,0.0,0.0,0.0,0.0,0.0,0.0,0.0,M,M,M,M,0.0,0.0
US1MNGR0004,"KENSINGTON 4.1 W","GRANT",1215,45.78,-95.78,M,M,M,M,M,0.0,M,0.0,0.0,M,M,0.0,M,0.0,0.0,M,0.0,0.0,M,M,0.0,0.0,M,0.0,M,0.0,0.0,0.0,0.0,0.0,0.0
US1MNDS0006,"KENSINGTON 5.9 NE","DOUGLAS",1412,45.83,-95.60,M,M,M,M,M,0.0,0.0,0.0,M,M,M,0.0,M,0.0,0.0,M,0.0,0.0,M,M,M,0.0,M,0.0,M,0.0,M,0.0,0.0,0.0,0.0
USC00214373,"KIMBALL 3N","STEARNS",1160,45.35,-94.31,0.0,0.0,0.0,0.0,0.0,0.0,0.0,0.0,0.0,0.0,0.0,0.0,0.0,0.0,0.0,0.0,0.0,0.0,M,0.0,0.0,0.0,M,0.0,0.0,0.0,0.0,0.0,0.0,0.0,0.0
USC00214418,"LA CRESCENT DAM 7","WINONA",647,43.87,-91.31,M,0.0,M,M,0.0,0.0,0.0,0.0,0.0,M,M,M,0.0,0.0,M,0.0,0.0,M,0.0,M,0.0,M,M,0.0,0.0,0.0,0.0,0.0,M,M,M
USC00214433,"LAKE BRONSON DAM","KITTSON",987,48.72,-96.62,0.0,0.0,0.0,0.0,0.0,0.0,0.0,0.0,0.0,0.0,0.0,0.0,0.0,0.0,0.0,0.0,0.0,0.0,M,0.0,0.0,0.0,0.0,0.0,0.0,0.0,0.0,0.0,0.0,0.0,0.0
USC00214438,"LAKE CITY","WABASHA",700,44.44,-92.28,0.0,0.0,M,M,M,M,M,M,M,0.0,0.0,0.0,0.0,M,M,M,0.0,0.0,0.0,0.0,M,M,M,M,M,M,M,M,0.0,0.0,0.0
US1MNGH0003,"LAKE CITY 1.2 NNW","GOODHUE",700,44.46,-92.29,0.0,0.0,0.0,0.0,0.0,0.0,0.0,0.0,0.0,0.0,0.0,0.0,0.0,0.0,0.0,0.0,0.0,0.0,0.0,0.0,0.0,0.0,0.0,0.0,0.0,0.0,0.0,0.0,0.0,0.0,0.0
US1MNBU0006,"LAKE CRYSTAL 6.3 NNE","BLUE EARTH",798,44.19,-94.16,M,0.0,0.0,0.0,M,0.0,0.0,0.0,0.0,0.0,0.0,0.0,M,M,0.0,0.0,0.0,0.0,M,M,0.0,0.0,0.0,0.0,0.0,M,0.0,0.0,0.0,0.0,0.0
US1MNWG0018,"LAKE ELMO 1.1 ENE","WASHINGTON",935,45.00,-92.88,M,M,M,M,M,M,M,M,M,0.0,0.0,0.0,M,0.0,0.0,0.0,M,0.0,M,M,M,M,M,0.0,0.0,M,M,M,M,M,M
US1MNWG0014,"LAKE ELMO 2.7 NNW","WASHINGTON",990,45.03,-92.92,0.0,M,0.0,M,0.0,0.0,0.0,0.0,0.0,0.0,0.0,0.0,M,0.0,0.0,0.0,0.0,0.0,0.0,M,M,M,M,M,M,M,M,0.0,0.0,0.0,0.0
US1MNBK0006,"LAKE PARK 6.0 S","BECKER",1453,46.80,-96.12,0.0,0.0,0.0,0.0,0.0,0.0,0.0,0.0,0.0,M,M,M,M,M,M,0.0,0.0,0.0,0.0,0.0,0.0,0.0,0.0,0.0,0.0,0.0,0.0,0.0,0.0,0.0,0.0
USC00214534,"LAKE WILSON","MURRAY",1652,44.00,-95.95,0.0,M,M,M,0.0,0.0,0.0,0.0,M,0.0,0.0,0.0,0.0,M,M,0.0,0.0,0.0,0.0,M,M,M,M,0.0,0.0,0.0,0.0,M,M,M,M
USC00214453,"LAKEFIELD 2NE","JACKSON",1529,43.70,-95.15,0.0,0.0,0.0,0.0,0.0,0.0,0.0,0.0,0.0,0.0,0.0,0.0,0.0,0.0,M,M,M,M,0.0,0.0,0.0,0.0,0.0,0.0,0.0,0.0,0.0,0.0,0.0,0.0,0.0
US1MNDK0049,"LAKEVILLE 2.1 SW","DAKOTA",1023,44.66,-93.28,M,M,M,0.0,M,0.0,M,0.0,M,0.0,M,0.0,M,M,0.0,0.0,M,M,M,M,M,M,M,M,M,M,M,M,M,M,M
US1MNDK0020,"LAKEVILLE 2.4 SSW","DAKOTA",1056,44.64,-93.27,0.0,M,0.0,0.0,M,0.0,0.0,0.0,M,0.0,0.0,0.0,M,0.0,0.0,0.0,0.0,0.0,0.0,M,0.0,0.0,0.0,0.0,0.0,0.0,M,M,M,M,0.0
US1MNDK0053,"LAKEVILLE 3.8 ENE","DAKOTA",931,44.70,-93.18,M,M,M,0.0,M,0.0,0.0,M,M,M,M,M,M,M,M,0.0,M,0.0,0.0,M,M,M,M,0.0,0.0,M,M,M,M,M,M
USC00214546,"LAMBERTON SOUTHWEST RESEARCH AND","REDWOOD",1140,44.24,-95.32,0.0,0.0,0.0,M,M,M,M,M,0.0,0.0,M,M,M,M,M,M,M,M,M,M,M,M,0.0,0.0,0.0,M,M,M,M,M,0.0
US1MNLS0012,"LE CENTER 5.8 NNW","LE SUEUR",998,44.47,-93.77,M,M,0.0,0.0,M,0.0,0.0,0.0,M,0.0,M,M,M,M,M,M,M,0.0,M,M,M,0.0,0.0,0.0,0.0,M,M,M,0.0,0.0,M
US1MNLS0004,"LE SUEUR 1.2 SSE (104)","LE SUEUR",863,44.45,-93.90,M,M,0.0,M,M,0.0,M,M,M,0.0,0.0,M,0.0,M,M,M,0.0,0.0,M,0.0,M,M,M,0.0,0.0,0.0,0.0,M,M,M,0.0
USC00214652,"LEECH LAKE","CASS",1302,47.25,-94.22,0.0,0.0,0.0,0.0,0.0,0.0,0.0,0.0,0.0,0.0,0.0,0.0,0.0,0.0,0.0,0.0,0.0,0.0,0.0,0.0,0.0,0.0,0.0,0.0,0.0,0.0,0.0,M,0.0,0.0,0.0
USC00214692,"LESTER PRAIRIE 2S","MCLEOD",985,44.86,-94.05,0.0,0.0,0.0,M,M,0.0,0.0,0.0,0.0,0.0,0.0,0.0,0.0,0.0,0.0,0.0,0.0,0.0,0.0,0.0,M,0.0,0.0,0.0,0.0,0.0,M,0.0,0.0,0.0,0.0
USC00214778,"LITCHFIELD","MEEKER",1120,45.13,-94.53,0.0,M,M,M,M,0.0,0.0,0.0,M,0.0,0.0,0.0,0.0,0.0,0.0,M,0.0,0.0,0.0,M,M,0.0,M,0.0,0.0,0.0,0.0,0.0,0.0,M,0.0
US1MNMR0004,"LITTLE FALLS 1.2 SW","MORRISON",1104,45.97,-94.38,0.0,0.0,0.0,0.0,0.0,0.0,0.0,0.0,0.0,0.0,0.0,0.0,0.0,0.0,0.0,0.0,0.0,0.0,0.0,0.0,0.0,0.0,0.0,0.0,0.0,0.0,0.0,0.0,0.0,0.0,0.0
US1MNMR0013,"LITTLE FALLS 8.0 NE","MORRISON",1207,46.07,-94.25,M,M,M,M,M,0.0,0.0,0.0,M,0.0,M,M,M,0.0,0.0,M,0.0,0.0,0.0,M,M,0.0,0.0,M,M,M,M,0.0,M,M,0.0
US1MNHN0006,"LONG LAKE 0.2 WSW","HENNEPIN",1005,44.98,-93.57,M,M,M,M,M,0.0,M,M,M,M,M,M,M,M,M,M,M,M,M,M,M,M,M,M,M,M,M,M,M,M,M
USC00214861,"LONG PRAIRIE","TODD",1340,45.96,-94.89,0.0,0.0,0.0,0.0,0.0,0.0,0.0,0.0,0.0,0.0,0.0,0.0,0.0,0.0,0.0,0.0,0.0,0.0,0.0,0.0,0.0,0.0,0.0,0.0,0.0,0.0,0.0,0.0,0.0,0.0,0.0
USC00214884,"LOWER ST. ANTHONY FALLS","HENNEPIN",754,44.98,-93.25,0.0,0.0,0.0,0.0,0.0,0.0,0.0,0.0,0.0,0.0,0.0,0.0,M,0.0,0.0,0.0,0.0,0.0,0.0,M,0.0,0.0,0.0,0.0,0.0,0.0,0.0,0.0,0.0,0.0,0.0
USC00214990,"MABEL","FILLMORE",1112,43.52,-91.76,0.0,0.0,0.0,0.0,0.0,0.0,0.0,0.0,0.0,0.0,0.0,0.0,0.0,0.0,0.0,0.0,0.0,0.0,0.0,0.0,0.0,0.0,0.0,0.0,0.0,0.0,0.0,0.0,0.0,0.0,0.0
US1MNBU0026,"MADISON LAKE 0.8 NNE","BLUE EARTH",1048,44.21,-93.81,M,0.0,0.0,M,M,M,M,M,M,M,M,M,M,M,M,0.0,0.0,0.0,M,M,M,M,0.0,M,0.0,M,M,M,M,0.0,0.0
USC00214994,"MADISON WWTP","LAC QUI PARLE",1080,45.00,-96.17,0.0,0.0,0.0,0.0,0.0,0.0,0.0,0.0,0.0,0.0,0.0,0.0,0.0,0.0,0.0,0.0,0.0,0.0,0.0,0.0,0.0,0.0,0.0,0.0,0.0,0.0,0.0,0.0,0.0,0.0,0.0
US1MNCN0012,"MAHTOWA 3.2 NW","CARLTON",1301,46.60,-92.68,M,M,M,0.0,M,M,M,M,M,M,M,M,M,M,M,M,M,M,M,M,M,M,M,M,M,M,M,M,M,M,M
USC00215089,"MANKATO 4E","BLUE EARTH",1010,44.17,-93.91,0.0,0.0,M,0.0,M,0.0,0.0,0.0,M,M,0.0,M,0.0,0.0,M,0.0,M,0.0,M,0.0,0.0,M,0.0,0.0,0.0,0.0,M,0.0,0.0,M,M
US1MNDD0003,"MANTORVILLE 1.9 ESE","DODGE",1210,44.05,-92.72,M,M,0.0,0.0,M,0.0,0.0,0.0,0.0,0.0,0.0,0.0,M,M,0.0,0.0,0.0,0.0,0.0,M,M,0.0,0.0,0.0,0.0,M,M,0.0,0.0,M,0.0
US1MNHN0031,"MAPLE GROVE 1.0 NNE","HENNEPIN",904,45.12,-93.46,M,M,M,M,M,M,M,M,0.0,0.0,M,0.0,M,M,0.0,0.0,0.0,0.0,0.0,M,M,0.0,0.0,0.0,0.0,M,M,0.0,0.0,M,M
US1MNHN0057,"MAPLE GROVE 1.4 NNE","HENNEPIN",892,45.13,-93.46,M,M,M,M,M,0.0,0.0,0.0,0.0,0.0,M,0.0,M,M,M,M,M,M,M,M,0.0,0.0,0.0,0.0,0.0,M,M,M,M,M,0.0
US1MNHN0049,"MAPLE GROVE 2.4 E","HENNEPIN",900,45.11,-93.41,M,M,M,M,M,0.0,0.0,0.0,0.0,0.0,0.0,0.0,M,M,M,M,0.0,0.0,0.0,M,M,M,M,0.0,0.0,0.0,M,M,M,M,0.0
US1MNHN0157,"MAPLE GROVE 2.7 ENE","HENNEPIN",903,45.13,-93.42,M,M,M,M,M,0.0,0.0,0.0,0.0,0.0,M,M,M,M,0.0,0.0,0.0,0.0,0.0,M,M,M,M,M,M,M,0.0,0.0,0.0,M,M
US1MNHN0072,"MAPLE GROVE 2.9 NE","HENNEPIN",920,45.14,-93.42,M,M,M,M,M,0.0,0.0,0.0,0.0,0.0,0.0,0.0,M,M,0.0,0.0,0.0,0.0,0.0,M,M,0.0,0.0,0.0,0.0,M,M,0.0,0.0,0.0,M
US1MNBU0002,"MAPLETON 3.5 N","BLUE EARTH",1021,43.97,-93.96,M,M,M,M,M,0.0,0.0,0.0,0.0,0.0,0.0,0.0,M,M,M,M,M,M,M,M,M,M,M,M,M,M,M,M,M,M,M
USC00215204,"MARSHALL","LYON",1152,44.47,-95.79,M,M,M,M,M,M,M,M,M,M,M,0.0,0.0,0.0,0.0,0.0,0.0,M,M,M,M,M,M,M,M,M,M,M,M,M,M
US1MNLY0002,"MARSHALL 0.6 S","LYON",1162,44.44,-95.79,M,0.0,M,M,M,0.0,0.0,0.0,M,0.0,M,0.0,0.0,0.0,0.0,0.0,0.0,0.0,M,M,0.0,0.0,M,0.0,M,M,0.0,0.0,0.0,0.0,0.0
US1MNAT0001,"MCGRATH 2.8 SSE","AITKIN",1254,46.21,-93.25,M,M,M,M,M,M,M,M,M,M,M,M,M,M,M,M,M,M,M,M,M,M,M,M,M,M,0.0,0.0,M,M,M
US1MNAT0004,"MCGREGOR 7.3 N","AITKIN",1259,46.71,-93.29,M,M,M,0.0,M,0.0,0.0,0.0,M,0.0,0.0,M,0.0,0.0,0.0,M,0.0,0.0,0.0,M,M,0.0,0.0,M,M,M,M,0.0,M,M,0.0
USC00215325,"MELROSE","STEARNS",1195,45.68,-94.80,M,M,0.0,0.0,0.0,M,0.0,0.0,0.0,M,M,M,M,M,M,M,0.0,M,0.0,0.0,0.0,0.0,0.0,M,M,M,M,M,M,M,0.0
US1MNWD0002,"MENAHGA 0.7 N","WADENA",1397,46.76,-95.10,M,M,M,M,0.0,0.0,0.0,0.0,M,0.0,M,M,0.0,0.0,0.0,0.0,0.0,0.0,0.0,M,0.0,0.0,M,0.0,M,M,M,0.0,0.0,0.0,0.0
US1MNPK0015,"MENTOR 2.5 SSW","POLK",1184,47.67,-96.17,0.0,M,M,M,M,0.0,0.0,M,M,0.0,0.0,M,0.0,0.0,0.0,0.0,0.0,0.0,0.0,0.0,0.0,0.0,M,0.0,M,M,M,0.0,M,M,0.0
USC00215392,"MILACA","MILLE LACS",1064,45.75,-93.66,0.0,0.0,0.0,0.0,0.0,0.0,0.0,0.0,0.0,0.0,0.0,0.0,0.0,0.0,0.0,0.0,0.0,0.0,0.0,M,0.0,0.0,0.0,0.0,0.0,0.0,0.0,0.0,0.0,0.0,0.0
USC00215400,"MILAN 1 NW","CHIPPEWA",1020,45.12,-95.93,0.0,0.0,0.0,0.0,0.0,0.0,0.0,0.0,0.0,0.0,0.0,0.0,0.0,0.0,0.0,0.0,0.0,0.0,0.0,0.0,0.0,0.0,0.0,0.0,0.0,0.0,0.0,0.0,0.0,0.0,0.0
US1MNDS0003,"MILTONA 6.7 W","DOUGLAS",1369,46.05,-95.43,M,0.0,M,M,0.0,0.0,0.0,0.0,M,M,M,0.0,0.0,0.0,0.0,0.0,0.0,0.0,0.0,M,0.0,0.0,0.0,0.0,M,0.0,0.0,0.0,0.0,0.0,0.0
US1MNHN0181,"MINNEAPOLIS 0.4 NE","HENNEPIN",848,44.97,-93.26,M,M,M,M,M,M,M,M,M,M,M,M,M,M,M,M,M,M,M,M,M,0.0,0.0,0.0,0.0,M,M,0.0,M,M,0.0
US1MNHN0065,"MINNEAPOLIS 2.4 NE","HENNEPIN",874,45.01,-93.24,M,M,M,M,M,M,M,M,M,M,M,M,M,M,0.0,M,M,M,M,M,M,M,M,M,M,M,M,M,M,M,M
US1MNHN0169,"MINNEAPOLIS 2.6 ESE","HENNEPIN",845,44.95,-93.22,M,0.0,M,M,M,0.0,0.0,0.0,M,M,0.0,M,M,M,M,M,M,M,M,M,M,M,0.0,0.0,0.0,M,M,M,M,M,0.0
US1MNHN0009,"MINNEAPOLIS 3.0 NNW","HENNEPIN",893,45.00,-93.29,M,M,M,M,M,M,M,M,M,M,M,M,M,M,M,M,M,0.0,0.0,M,M,M,M,M,M,M,M,0.0,M,M,M
US1MNHN0108,"MINNEAPOLIS 3.6 NNE","HENNEPIN",913,45.03,-93.25,M,M,M,M,M,0.0,0.0,0.0,0.0,0.0,M,M,M,M,M,M,M,M,M,M,M,0.0,0.0,0.0,0.0,M,M,0.0,M,0.0,0.0
US1MNHN0155,"MINNEAPOLIS 3.6 SE","HENNEPIN",845,44.92,-93.22,M,M,0.0,M,M,0.0,0.0,0.0,M,0.0,M,M,M,M,0.0,0.0,0.0,0.0,M,M,M,0.0,0.0,0.0,0.0,M,M,0.0,M,0.0,0.0
US1MNHN0028,"MINNEAPOLIS 3.8 SSW","HENNEPIN",884,44.91,-93.29,M,M,0.0,M,M,0.0,0.0,0.0,0.0,0.0,M,0.0,M,M,0.0,0.0,0.0,0.0,0.0,M,M,0.0,0.0,0.0,0.0,0.0,M,M,M,M,M
US1MNHN0085,"MINNEAPOLIS 4.1 SSE","HENNEPIN",841,44.91,-93.22,M,M,0.0,M,M,0.0,0.0,0.0,0.0,0.0,0.0,0.0,M,M,0.0,0.0,0.0,0.0,0.0,M,M,0.0,0.0,0.0,0.0,M,M,0.0,M,M,0.0
US1MNHN0084,"MINNEAPOLIS 4.4 NNW","HENNEPIN",864,45.03,-93.31,M,M,M,M,M,M,M,0.0,M,M,M,M,M,M,M,M,M,M,0.0,M,M,M,M,M,M,M,M,M,M,M,M
US1MNHN0178,"MINNEAPOLIS 4.5 SSE","HENNEPIN",851,44.91,-93.22,M,M,M,M,M,0.0,0.0,0.0,M,0.0,0.0,0.0,M,M,0.0,0.0,0.0,0.0,0.0,M,M,0.0,0.0,0.0,0.0,0.0,M,0.0,M,0.0,0.0
US1MNHN0180,"MINNEAPOLIS 5.0 SSW","HENNEPIN",847,44.89,-93.30,M,M,M,M,M,M,M,M,M,M,M,M,M,M,M,M,0.0,M,M,M,M,M,M,M,M,M,M,M,M,M,M
USW00014922,"MINNEAPOLIS ST PAUL INTL AP","HENNEPIN",872,44.88,-93.23,0.0,0.0,0.0,0.0,0.0,0.0,0.0,0.0,0.0,0.0,0.0,0.0,0.0,0.0,0.0,0.0,0.0,0.0,0.0,0.0,0.0,0.0,0.0,0.0,0.0,0.0,0.0,0.0,0.0,0.0,0.0
USC00215482,"MINNEOTA","LYON",1211,44.56,-96.00,M,M,0.0,0.0,0.0,0.0,M,M,M,M,M,M,M,M,M,M,0.0,0.0,0.0,0.0,M,M,M,M,M,M,M,0.0,0.0,0.0,M
US1MNWN0009,"MINNESOTA CITY 1.1 SE","WINONA",686,44.08,-91.73,M,M,0.0,0.0,M,0.0,0.0,0.0,0.0,0.0,0.0,0.0,M,M,0.0,0.0,0.0,0.0,0.0,M,M,0.0,0.0,0.0,0.0,M,0.0,0.0,0.0,0.0,0.0
USC00215488,"MINNESOTA CITY DAM 5","WINONA",670,44.16,-91.81,0.0,0.0,0.0,0.0,0.0,0.0,0.0,0.0,0.0,0.0,0.0,0.0,0.0,0.0,0.0,0.0,0.0,0.0,0.0,0.0,0.0,0.0,0.0,0.0,0.0,0.0,0.0,0.0,0.0,0.0,0.0
US1MNHN0036,"MINNETONKA 0.7 WSW","HENNEPIN",959,44.93,-93.48,M,M,M,M,M,0.0,0.0,0.0,M,0.0,M,0.0,M,M,0.0,0.0,0.0,0.0,0.0,M,M,0.0,0.0,0.0,0.0,0.0,M,0.0,M,M,0.0
US1MNHN0156,"MINNETONKA 1.8 SW","HENNEPIN",970,44.92,-93.49,M,M,M,M,M,0.0,0.0,0.0,M,0.0,M,0.0,M,M,0.0,0.0,0.0,0.0,0.0,M,M,0.0,0.0,0.0,0.0,0.0,0.0,0.0,M,M,0.0
US1MNHN0014,"MINNETRISTA 1.5 SSE","HENNEPIN",942,44.91,-93.70,M,M,M,M,M,M,M,M,M,0.0,M,M,M,M,M,0.0,0.0,0.0,M,M,M,M,0.0,0.0,M,M,M,M,M,M,0.0
USC00215563,"MONTEVIDEO 1SW","LAC QUI PARLE",990,44.93,-95.75,0.0,M,M,M,0.0,0.0,0.0,0.0,0.0,0.0,0.0,0.0,0.0,0.0,0.0,0.0,0.0,0.0,0.0,0.0,0.0,0.0,0.0,0.0,0.0,0.0,0.0,0.0,0.0,0.0,0.0
US1MNLS0001,"MONTGOMERY 2.6 E","LE SUEUR",1053,44.45,-93.53,M,M,M,0.0,M,M,M,0.0,M,0.0,M,0.0,M,M,0.0,0.0,M,M,M,M,M,M,0.0,0.0,0.0,M,M,M,M,0.0,0.0
US1MNRC0001,"MONTGOMERY 3.2 ENE","RICE",1090,44.46,-93.52,0.0,0.0,0.0,0.0,0.0,0.0,0.0,0.0,0.0,0.0,0.0,0.0,0.0,0.0,0.0,0.0,0.0,0.0,0.0,0.0,0.0,0.0,0.0,0.0,0.0,0.0,0.0,0.0,0.0,0.0,0.0
US1MNWR0038,"MONTICELLO 4.8 WNW","WRIGHT",973,45.32,-93.89,M,0.0,M,M,M,0.0,0.0,M,0.0,0.0,M,M,M,0.0,0.0,0.0,0.0,0.0,0.0,M,M,0.0,0.0,0.0,M,M,M,0.0,M,M,0.0
US1MNWR0015,"MONTICELLO 6.4 ENE (45)","WRIGHT",922,45.34,-93.68,M,M,M,M,0.0,0.0,0.0,0.0,M,0.0,0.0,M,M,0.0,0.0,0.0,0.0,0.0,0.0,M,M,0.0,0.0,0.0,0.0,0.0,0.0,0.0,0.0,0.0,M
US1MNCY0001,"MOORHEAD 2.0 N","CLAY",904,46.89,-96.75,0.0,0.0,0.0,0.0,0.0,0.0,0.0,0.0,0.0,0.0,0.0,0.0,0.0,0.0,0.0,M,M,M,M,0.0,M,0.0,M,0.0,0.0,0.0,0.0,0.0,0.0,0.0,0.0
USC00215598,"MOOSE LAKE 1 SSE","CARLTON",1110,46.44,-92.76,M,0.0,M,M,M,M,M,0.0,0.0,0.0,M,M,M,M,M,M,M,M,M,M,M,M,M,M,M,M,M,M,M,M,M
USC00215615,"MORA","KANABEC",1018,45.88,-93.31,M,M,M,M,M,M,M,M,M,0.0,M,M,M,M,0.0,M,M,M,M,M,M,M,M,M,M,M,M,M,M,M,M
US1MNKB0002,"MORA 2.1 N","KANABEC",1011,45.91,-93.30,M,M,M,0.0,M,M,M,M,M,M,0.0,M,M,M,M,M,M,M,0.0,M,M,M,0.0,M,M,M,M,M,M,0.0,M
USC00215638,"MORRIS WEST CENTRAL RESEARCH AND","STEVENS",1140,45.59,-95.87,0.0,0.0,0.0,M,M,0.0,0.0,0.0,0.0,0.0,0.0,0.0,0.0,0.0,0.0,0.0,0.0,0.0,0.0,0.0,0.0,0.0,0.0,0.0,0.0,0.0,0.0,0.0,0.0,0.0,0.0
US1MNGH0004,"NERSTRAND 4.2 E","GOODHUE",1054,44.34,-92.98,M,M,M,0.0,M,M,M,M,M,0.0,M,M,M,M,M,M,0.0,M,M,M,M,M,M,0.0,0.0,0.0,M,0.0,0.0,0.0,M
USC00215838,"NEW HOPE","HENNEPIN",910,45.01,-93.38,0.0,0.0,0.0,0.0,0.0,0.0,0.0,0.0,0.0,0.0,0.0,0.0,0.0,0.0,0.0,M,0.0,0.0,0.0,0.0,0.0,0.0,0.0,0.0,0.0,0.0,0.0,0.0,0.0,0.0,0.0
US1MNLS0013,"NEW PRAGUE 1.0 S","LE SUEUR",1061,44.53,-93.57,M,M,M,0.0,M,0.0,0.0,0.0,M,0.0,M,0.0,M,M,0.0,0.0,0.0,0.0,M,M,M,M,0.0,0.0,0.0,0.0,M,0.0,0.0,0.0,0.0
US1MNRC0011,"NEW PRAGUE 4.8 ESE","RICE",1139,44.52,-93.48,0.0,0.0,0.0,0.0,0.0,0.0,0.0,0.0,0.0,0.0,0.0,0.0,0.0,0.0,0.0,0.0,0.0,0.0,0.0,0.0,0.0,0.0,0.0,0.0,0.0,0.0,0.0,0.0,0.0,0.0,0.0
US1MNBW0002,"NEW ULM 0.8 NW","BROWN",885,44.32,-94.48,M,M,M,M,M,0.0,0.0,0.0,M,0.0,M,0.0,M,M,0.0,0.0,0.0,0.0,M,M,M,0.0,M,0.0,0.0,M,M,0.0,0.0,0.0,M
USC00215902,"NEW YORK MILLS","OTTER TAIL",1405,46.52,-95.38,0.0,M,M,0.0,M,M,M,M,M,M,M,M,M,M,M,M,M,M,M,M,M,M,M,M,M,M,M,M,M,M,M
US1MNMS0008,"NEWFOLDEN 0.2 W","MARSHALL",1094,48.36,-96.33,0.0,M,0.0,M,M,M,M,M,M,M,M,M,M,M,M,M,M,M,M,M,0.0,0.0,M,M,M,M,M,M,M,M,M
US1MNCG0027,"NORTH BRANCH 2.4 WSW","CHISAGO",912,45.50,-93.01,0.0,M,M,M,M,M,M,M,M,M,0.0,M,M,0.0,0.0,0.0,0.0,M,0.0,M,M,0.0,M,0.0,0.0,M,M,0.0,0.0,0.0,0.0
US1MNNC0007,"NORTH MANKATO 1.3 ESE","NICOLLET",772,44.17,-94.01,M,M,M,M,M,M,M,0.0,M,0.0,0.0,0.0,M,M,0.0,0.0,0.0,0.0,0.0,M,M,M,0.0,0.0,0.0,M,0.0,0.0,0.0,0.0,0.0
US1MNRM0002,"NORTH SAINT PAUL 1.0 NNW","RAMSEY",982,45.03,-93.01,0.0,0.0,0.0,0.0,0.0,0.0,0.0,0.0,0.0,0.0,0.0,0.0,0.0,0.0,0.0,0.0,0.0,0.0,0.0,0.0,0.0,0.0,0.0,0.0,0.0,0.0,0.0,0.0,0.0,0.0,0.0
US1MNRM0063,"NORTH SAINT PAUL 1.0 NW","RAMSEY",948,45.02,-93.01,M,M,0.0,M,M,0.0,0.0,0.0,0.0,0.0,M,M,M,M,M,M,0.0,0.0,0.0,M,M,0.0,0.0,0.0,0.0,M,M,M,M,M,0.0
US1MNRC0021,"NORTHFIELD 0.8 SE","RICE",976,44.45,-93.15,M,M,M,0.0,M,0.0,0.0,0.0,M,0.0,0.0,0.0,M,M,0.0,0.0,0.0,0.0,0.0,M,M,0.0,0.0,0.0,0.0,0.0,M,M,M,M,M
US1MNDK0032,"NORTHFIELD 1.1 NNW (126)","DAKOTA",968,44.47,-93.17,M,M,M,M,0.0,M,M,M,M,M,M,M,M,M,M,M,M,M,M,M,M,M,M,M,M,M,M,M,M,M,M
US1MNDK0063,"NORTHFIELD 2.4 NE","DAKOTA",939,44.48,-93.13,M,M,0.0,0.0,M,0.0,0.0,0.0,M,M,M,0.0,M,M,0.0,0.0,0.0,0.0,M,M,M,M,M,0.0,0.0,M,M,0.0,0.0,M,M
US1MNWG0035,"OAK PARK HEIGHTS 2.4 W","WASHINGTON",956,45.03,-92.84,M,M,0.0,M,M,0.0,0.0,0.0,0.0,0.0,0.0,0.0,M,0.0,0.0,0.0,0.0,0.0,0.0,M,M,0.0,0.0,0.0,0.0,M,M,0.0,0.0,0.0,0.0
US1MNML0001,"ONAMIA 4.3 NW","MILLE LACS",1259,46.11,-93.74,M,M,M,M,M,0.0,0.0,0.0,M,0.0,M,M,M,M,M,M,M,M,M,M,M,M,M,M,M,M,M,0.0,0.0,0.0,M
USC00216211,"ORR 3E","ST. LOUIS",1315,48.05,-92.76,0.0,0.0,0.0,0.0,0.0,0.0,0.0,0.0,0.0,0.0,0.0,0.0,0.0,0.0,0.0,0.0,0.0,0.0,0.0,0.0,0.0,0.0,0.0,0.0,0.0,0.0,0.0,0.0,0.0,0.0,0.0
US1MNWR0035,"OTSEGO 2.1 WSW","WRIGHT",966,45.25,-93.66,0.0,0.0,0.0,M,M,0.0,0.0,0.0,0.0,0.0,0.0,0.0,0.0,0.0,0.0,0.0,0.0,0.0,0.0,0.0,0.0,0.0,0.0,0.0,0.0,0.0,M,0.0,0.0,0.0,0.0
USC00216276,"OTTERTAIL","OTTER TAIL",1349,46.41,-95.55,0.0,0.0,0.0,0.0,0.0,0.0,0.0,0.0,0.0,0.0,0.0,0.0,0.0,0.0,0.0,0.0,0.0,0.0,0.0,0.0,0.0,0.0,0.0,0.0,M,0.0,0.0,0.0,0.0,0.0,0.0
US1MNOT0009,"OTTERTAIL 1.5 NW","OTTER TAIL",1337,46.44,-95.59,M,M,M,M,M,0.0,0.0,0.0,M,M,M,M,0.0,0.0,0.0,0.0,0.0,0.0,M,M,0.0,0.0,0.0,0.0,M,M,M,M,0.0,M,0.0
USC00216287,"OWATONNA","STEELE",1140,44.10,-93.23,0.0,0.0,0.0,0.0,0.0,0.0,0.0,0.0,0.0,0.0,0.0,0.0,0.0,0.0,0.0,0.0,0.0,0.0,0.0,0.0,M,M,0.0,0.0,0.0,0.0,0.0,0.0,0.0,0.0,0.0
US1MNSE0002,"OWATONNA 0.8 E","STEELE",1159,44.09,-93.21,M,M,0.0,0.0,M,0.0,M,M,M,M,M,M,M,M,0.0,M,M,M,M,M,M,0.0,M,M,M,M,M,0.0,0.0,M,M
USW00094967,"PARK RAPIDS MUNICIPAL AP","HUBBARD",1434,46.90,-95.07,0.0,0.0,0.0,0.0,0.0,0.0,0.0,0.0,0.0,0.0,0.0,0.0,0.0,0.0,0.0,0.0,M,M,0.0,0.0,0.0,0.0,0.0,0.0,0.0,0.0,0.0,0.0,M,0.0,0.0
US1MNSR0024,"PAYNESVILLE 1.9 SSW","STEARNS",1140,45.35,-94.73,M,M,M,M,M,M,M,M,M,M,M,M,M,M,0.0,M,0.0,0.0,M,M,M,M,M,M,M,M,M,M,0.0,0.0,0.0
US1MNOT0004,"PELICAN RAPIDS 1.4 W","OTTER TAIL",1331,46.57,-96.12,M,M,M,M,M,0.0,M,0.0,M,M,M,M,0.0,M,M,M,M,0.0,M,M,M,M,M,0.0,M,M,M,M,M,0.0,0.0
US1MNOT0006,"PELICAN RAPIDS 6.3 NNW","OTTER TAIL",1377,46.66,-96.11,M,M,M,M,M,0.0,M,0.0,M,0.0,M,M,M,M,M,0.0,0.0,0.0,M,M,0.0,M,M,0.0,M,M,M,M,M,M,M
US1MNKD0004,"PENNOCK 6.7 N","KANDIYOHI",1163,45.24,-95.15,M,M,M,M,M,0.0,M,0.0,M,0.0,M,0.0,M,M,0.0,0.0,0.0,0.0,M,M,M,0.0,0.0,0.0,M,M,M,0.0,0.0,M,M
US1MNOT0023,"PERHAM 0.7 SE","OTTER TAIL",1363,46.59,-95.56,M,M,M,M,M,0.0,0.0,0.0,M,M,M,M,M,0.0,0.0,0.0,0.0,0.0,0.0,M,0.0,0.0,M,0.0,M,M,0.0,M,M,0.0,0.0
US1MNCS0001,"PILLAGER 5.1 N","CASS",1321,46.40,-94.46,M,M,M,M,M,0.0,0.0,0.0,M,0.0,M,M,M,0.0,0.0,M,0.0,0.0,0.0,M,M,0.0,0.0,0.0,M,M,M,M,M,M,M
US1MNGH0012,"PINE ISLAND 6.4 WNW","GOODHUE",1228,44.24,-92.76,M,M,0.0,0.0,M,0.0,0.0,0.0,0.0,0.0,0.0,0.0,M,M,0.0,0.0,0.0,0.0,0.0,M,M,0.0,0.0,0.0,0.0,0.0,0.0,0.0,0.0,0.0,0.0
US1MNCS0015,"PINE RIVER 5.6 SSW","CASS",1327,46.65,-94.43,M,M,M,M,M,0.0,0.0,0.0,M,0.0,M,M,M,0.0,0.0,0.0,0.0,0.0,0.0,M,M,0.0,M,0.0,M,M,M,0.0,M,0.0,0.0
USC00216547,"PINE RIVER DAM","CROW WING",1250,46.67,-94.11,0.0,0.0,0.0,0.0,0.0,0.0,0.0,0.0,0.0,0.0,0.0,0.0,0.0,0.0,0.0,0.0,0.0,0.0,0.0,0.0,0.0,0.0,0.0,0.0,0.0,0.0,0.0,0.0,0.0,0.0,0.0
US1MNWG0008,"PINE SPRINGS 0.1 SSE","WASHINGTON",973,45.04,-92.95,M,M,M,M,M,M,M,M,M,M,M,M,M,M,M,M,M,M,M,M,M,M,M,0.0,M,M,M,M,M,M,0.0
US1MNWG0019,"PINE SPRINGS 1.0 SSW","WASHINGTON",965,45.02,-92.97,M,M,M,M,M,M,M,M,M,0.0,0.0,0.0,M,M,M,M,0.0,0.0,0.0,M,M,M,M,0.0,0.0,M,M,M,M,M,M
USC00216565,"PIPESTONE","PIPESTONE",1705,44.01,-96.33,0.0,0.0,M,0.0,0.0,0.0,0.0,0.0,M,M,0.0,0.0,0.0,0.0,0.0,0.0,0.0,0.0,0.0,0.0,0.0,M,0.0,M,M,0.0,0.0,0.0,M,0.0,0.0
US1MNHN0037,"PLYMOUTH 0.8 SSE","HENNEPIN",964,45.01,-93.46,0.0,M,0.0,M,M,0.0,0.0,0.0,M,0.0,0.0,M,M,M,M,M,0.0,0.0,0.0,M,0.0,0.0,0.0,0.0,M,M,0.0,M,M,M,0.0
US1MNHN0030,"PLYMOUTH 2.4 ENE","HENNEPIN",954,45.04,-93.42,M,M,M,M,M,0.0,0.0,0.0,0.0,0.0,0.0,M,M,M,0.0,0.0,0.0,0.0,0.0,M,M,0.0,0.0,0.0,0.0,M,M,0.0,M,M,0.0
US1MNHN0050,"PLYMOUTH 2.7 ESE","HENNEPIN",947,45.01,-93.41,M,M,M,M,M,0.0,M,M,M,0.0,M,M,M,M,0.0,M,M,M,M,M,M,M,M,M,M,M,M,0.0,M,0.0,0.0
US1MNHN0048,"PLYMOUTH 3.3 NNW","HENNEPIN",947,45.06,-93.49,M,M,M,M,M,0.0,M,M,M,0.0,0.0,0.0,M,M,M,M,0.0,0.0,0.0,M,M,M,M,0.0,0.0,M,M,M,M,M,0.0
USC00216654,"PRESTON","FILLMORE",930,43.67,-92.07,0.0,M,0.0,0.0,M,M,M,M,M,M,M,M,M,0.0,0.0,M,0.0,M,M,M,M,M,M,M,M,M,M,0.0,0.0,M,M
US1MNFM0007,"PRESTON 3.2 NNE","FILLMORE",1135,43.71,-92.05,M,0.0,0.0,0.0,M,0.0,M,0.0,0.0,0.0,0.0,0.0,M,M,0.0,0.0,0.0,0.0,0.0,M,M,0.0,0.0,0.0,0.0,M,M,0.0,0.0,0.0,M
US1MNML0007,"PRINCETON 1.1 NNE","MILLE LACS",991,45.59,-93.58,M,M,M,M,M,0.0,0.0,0.0,M,0.0,M,M,M,0.0,0.0,0.0,0.0,0.0,0.0,M,M,0.0,0.0,0.0,M,M,M,0.0,M,0.0,0.0
US1MNSH0985,"PRINCETON 3.3 WSW","SHERBURNE",971,45.55,-93.64,0.0,0.0,0.0,M,0.0,0.0,0.0,0.0,0.0,0.0,0.0,0.0,0.0,0.0,0.0,0.0,0.0,0.0,0.0,0.0,M,0.0,0.0,0.0,0.0,0.0,0.0,0.0,0.0,0.0,0.0
US1MNSC0002,"PRIOR LAKE 2.0 W","SCOTT",960,44.71,-93.46,M,M,0.0,M,M,0.0,0.0,0.0,M,0.0,M,0.0,M,M,0.0,0.0,0.0,0.0,M,M,M,0.0,0.0,0.0,0.0,M,0.0,0.0,M,M,M
US1MNAA0036,"RAMSEY 1.9 E","ANOKA",881,45.26,-93.41,M,M,M,M,M,M,M,0.0,M,0.0,0.0,0.0,M,M,0.0,0.0,0.0,0.0,0.0,M,M,0.0,0.0,0.0,0.0,0.0,0.0,M,M,M,M
US1MNGH0007,"RED WING 6.0 S","GOODHUE",1100,44.50,-92.61,M,M,M,M,M,0.0,0.0,0.0,0.0,0.0,0.0,0.0,M,0.0,M,0.0,0.0,0.0,0.0,M,M,0.0,0.0,0.0,0.0,M,0.0,0.0,0.0,0.0,0.0
USC00216822,"RED WING DAM 3","GOODHUE",677,44.61,-92.61,0.0,0.0,0.0,0.0,0.0,0.0,0.0,0.0,0.0,0.0,0.0,0.0,0.0,0.0,0.0,0.0,0.0,0.0,0.0,0.0,0.0,0.0,0.0,0.0,M,0.0,0.0,0.0,0.0,0.0,0.0
USC00216839,"REDWOOD FALLS","REDWOOD",1020,44.55,-95.10,0.0,0.0,0.0,0.0,0.0,0.0,0.0,M,0.0,0.0,0.0,0.0,0.0,0.0,0.0,0.0,0.0,0.0,0.0,0.0,0.0,0.0,0.0,0.0,0.0,0.0,0.0,0.0,0.0,M,0.0
US1MNRV0011,"RENVILLE 3.7 ENE","RENVILLE",1064,44.81,-95.14,M,M,M,M,M,0.0,M,0.0,M,M,M,0.0,M,M,0.0,0.0,0.0,0.0,M,M,M,0.0,M,0.0,M,M,0.0,0.0,0.0,M,0.0
US1MNRV0012,"RENVILLE 9.3 SSE","RENVILLE",1056,44.67,-95.14,M,M,M,M,M,M,M,0.0,M,M,M,M,M,M,M,M,M,M,M,M,M,M,M,M,M,M,M,M,M,M,M
USC00216920,"RICE","BENTON",1060,45.76,-94.21,M,M,M,0.0,0.0,0.0,0.0,0.0,0.0,0.0,0.0,0.0,0.0,0.0,0.0,0.0,0.0,0.0,0.0,0.0,0.0,0.0,0.0,0.0,0.0,0.0,0.0,0.0,0.0,0.0,0.0
US1MNHN0078,"RICHFIELD 1.9 WNW","HENNEPIN",892,44.89,-93.31,0.0,M,0.0,M,M,0.0,0.0,0.0,M,0.0,0.0,0.0,M,M,0.0,0.0,0.0,0.0,0.0,M,M,0.0,0.0,0.0,0.0,0.0,M,0.0,M,M,0.0
US1MNOT0018,"RICHVILLE 1.2 NW","OTTER TAIL",1363,46.52,-95.64,M,M,M,M,M,0.0,0.0,0.0,M,M,M,M,0.0,0.0,0.0,0.0,0.0,0.0,M,M,M,0.0,M,0.0,M,0.0,M,M,M,M,0.0
US1MNOT0013,"RICHVILLE 5.8 SSW","OTTER TAIL",1332,46.43,-95.67,M,M,M,M,M,0.0,M,M,M,M,M,M,0.0,0.0,M,0.0,M,M,M,M,0.0,M,M,0.0,M,M,M,M,M,0.0,0.0
US1MNHN0128,"ROBBINSDALE 0.6 SSE","HENNEPIN",901,45.02,-93.33,M,M,M,M,M,0.0,0.0,0.0,0.0,0.0,0.0,M,M,M,M,M,0.0,0.0,0.0,M,M,0.0,0.0,0.0,0.0,M,0.0,0.0,M,0.0,0.0
US1MNOL0032,"ROCHESTER 2.5 N","OLMSTED",1027,44.05,-92.49,M,M,0.0,0.0,M,0.0,0.0,0.0,0.0,0.0,0.0,0.0,M,M,0.0,0.0,0.0,0.0,0.0,M,M,0.0,0.0,0.0,0.0,M,M,0.0,0.0,0.0,0.0
US1MNOL0018,"ROCHESTER 2.6 NE","OLMSTED",1219,44.04,-92.44,M,M,0.0,0.0,M,0.0,0.0,0.0,M,0.0,0.0,0.0,M,M,0.0,0.0,0.0,0.0,0.0,M,M,0.0,0.0,0.0,0.0,M,M,0.0,0.0,0.0,0.0
US1MNOL0006,"ROCHESTER 4.1 ENE","OLMSTED",1192,44.04,-92.40,M,M,0.0,0.0,M,0.0,0.0,0.0,0.0,0.0,0.0,0.0,M,M,0.0,0.0,0.0,0.0,0.0,M,M,0.0,0.0,0.0,0.0,0.0,M,M,M,M,M
US1MNOL0012,"ROCHESTER 5.5 N","OLMSTED",1025,44.10,-92.47,M,M,0.0,0.0,M,0.0,0.0,0.0,0.0,0.0,0.0,0.0,M,M,0.0,0.0,0.0,0.0,M,M,M,0.0,0.0,0.0,0.0,0.0,M,0.0,0.0,0.0,0.0
USC00217011,"ROCHESTER AP 2NE","OLMSTED",1234,43.93,-92.47,0.0,M,0.0,0.0,0.0,0.0,0.0,0.0,0.0,0.0,0.0,0.0,0.0,0.0,0.0,0.0,0.0,0.0,0.0,0.0,0.0,M,0.0,0.0,0.0,M,0.0,M,0.0,0.0,0.0
USW00014925,"ROCHESTER INTL AP","OLMSTED",1304,43.90,-92.49,0.0,0.0,0.0,0.0,0.0,0.0,0.0,0.0,0.0,0.0,0.0,0.0,0.0,0.0,0.0,0.0,0.0,0.0,0.0,0.0,0.0,0.0,0.0,0.0,0.0,0.0,0.0,0.0,0.0,0.0,0.0
USC00217020,"ROCKFORD","WRIGHT",950,45.09,-93.74,0.0,0.0,0.0,0.0,0.0,0.0,0.0,0.0,0.0,M,M,M,0.0,0.0,0.0,0.0,0.0,0.0,0.0,0.0,0.0,0.0,0.0,0.0,0.0,0.0,0.0,0.0,0.0,0.0,0.0
US1MNHN0039,"ROCKFORD 0.5 NE","HENNEPIN",972,45.09,-93.74,0.0,M,0.0,M,M,0.0,0.0,0.0,M,0.0,0.0,M,M,M,M,M,0.0,0.0,0.0,M,0.0,0.0,0.0,0.0,M,M,M,M,M,M,0.0
US1MNRS0001,"ROSEAU 0.1 SSW","ROSEAU",1051,48.84,-95.76,0.0,M,0.0,M,0.0,0.0,0.0,M,0.0,M,M,M,M,M,M,M,0.0,0.0,0.0,M,0.0,0.0,M,M,M,M,M,M,M,M,M
US1MNDK0023,"ROSEMOUNT 3.3 SW","DAKOTA",951,44.72,-93.12,M,M,0.0,0.0,M,0.0,0.0,0.0,M,0.0,M,0.0,M,M,0.0,0.0,0.0,0.0,0.0,M,M,0.0,0.0,0.0,0.0,M,0.0,M,M,M,0.0
US1MNDK0011,"ROSEMOUNT 3.3 WNW","DAKOTA",980,44.76,-93.13,M,M,0.0,0.0,M,0.0,0.0,0.0,M,0.0,0.0,0.0,M,0.0,0.0,0.0,0.0,0.0,0.0,M,0.0,0.0,0.0,0.0,0.0,M,M,0.0,M,M,0.0
US1MNDK0016,"ROSEMOUNT 6.3 W","DAKOTA",992,44.75,-93.19,M,M,M,M,M,M,M,M,M,M,M,M,M,M,M,M,M,0.0,M,M,M,M,M,M,M,M,M,M,M,M,M
USC00217107,"ROSEMOUNT RESEARCH AND OUTREACH C","DAKOTA",945,44.72,-93.10,M,M,M,0.0,M,0.0,M,M,M,M,M,M,M,M,M,M,M,M,M,M,M,M,M,M,M,M,M,M,M,M,M
US1MNRM0056,"ROSEVILLE 1.6 NW","RAMSEY",927,45.03,-93.18,M,M,M,0.0,M,M,M,0.0,M,M,M,0.0,M,M,0.0,0.0,0.0,0.0,M,M,M,M,M,0.0,M,M,M,M,M,M,M
US1MNRM0015,"ROSEVILLE 2.1 NW","RAMSEY",920,45.03,-93.19,0.0,0.0,0.0,0.0,0.0,0.0,0.0,0.0,0.0,0.0,0.0,0.0,0.0,0.0,0.0,0.0,0.0,0.0,0.0,0.0,0.0,0.0,0.0,0.0,0.0,0.0,0.0,0.0,0.0,0.0,0.0
US1MNCG0001,"RUSH CITY 2.8 NE","CHISAGO",921,45.72,-92.93,0.0,M,M,M,M,0.0,0.0,0.0,M,0.0,0.0,M,M,0.0,0.0,0.0,0.0,0.0,0.0,M,M,0.0,0.0,0.0,0.0,M,M,0.0,0.0,0.0,0.0
USC00217184,"RUSHFORD","FILLMORE",770,43.81,-91.75,M,M,M,M,M,M,M,M,M,M,M,M,M,M,M,M,M,M,M,M,M,M,M,M,M,M,M,M,M,0.0,0.0
US1MNSR0004,"SAINT CLOUD 4.7 W","STEARNS",1049,45.57,-94.24,M,M,M,M,M,0.0,0.0,0.0,M,M,M,M,M,M,M,M,M,M,M,M,M,0.0,0.0,M,M,M,M,0.0,M,0.0,0.0
US1MNWW0005,"SAINT JAMES 0.5 SSW","WATONWAN",1085,43.98,-94.63,M,M,0.0,0.0,M,0.0,0.0,0.0,M,0.0,0.0,0.0,M,M,0.0,0.0,0.0,0.0,M,M,M,0.0,0.0,0.0,0.0,M,0.0,0.0,0.0,0.0,0.0
US1MNSR0020,"SAINT JOSEPH 0.2 N","STEARNS",1081,45.56,-94.31,M,M,M,M,M,0.0,0.0,0.0,M,0.0,M,M,M,0.0,0.0,0.0,0.0,0.0,0.0,M,M,0.0,0.0,0.0,M,M,M,0.0,M,0.0,0.0
US1MNWR0041,"SAINT MICHAEL 1.3 NNE","WRIGHT",962,45.22,-93.68,M,M,M,M,M,M,M,M,M,M,M,M,M,M,M,M,0.0,0.0,M,M,M,M,M,M,M,M,M,M,M,M,M
US1MNWR0025,"SAINT MICHAEL 2.0 ENE","WRIGHT",2832,45.21,-93.65,0.0,0.0,0.0,0.0,0.0,0.0,0.0,0.0,0.0,0.0,0.0,0.0,0.0,0.0,0.0,0.0,0.0,0.0,0.0,0.0,M,0.0,0.0,0.0,0.0,0.0,0.0,0.0,0.0,0.0,0.0
US1MNRM0007,"SAINT PAUL 3.3 WNW","RAMSEY",922,44.96,-93.17,M,M,M,M,M,0.0,0.0,0.0,M,0.0,0.0,0.0,M,M,0.0,0.0,0.0,0.0,0.0,M,M,0.0,0.0,0.0,0.0,0.0,M,0.0,M,M,0.0
US1MNRM0061,"SAINT PAUL 4.0 W","RAMSEY",918,44.94,-93.19,M,M,M,M,M,M,M,M,M,0.0,0.0,M,M,M,0.0,0.0,0.0,0.0,M,M,M,0.0,0.0,0.0,M,M,M,M,M,M,M
US1MNRM0054,"SAINT PAUL 5.1 SW","RAMSEY",816,44.90,-93.19,M,M,0.0,M,M,0.0,M,M,M,M,M,M,M,M,M,M,0.0,M,M,M,M,M,M,M,M,0.0,M,0.0,M,M,0.0
US1MNSR0009,"SARTELL 1.4 SSE","STEARNS",1040,45.60,-94.20,0.0,0.0,0.0,0.0,0.0,0.0,0.0,0.0,0.0,0.0,0.0,0.0,0.0,0.0,0.0,0.0,0.0,0.0,0.0,0.0,0.0,0.0,0.0,0.0,0.0,0.0,0.0,0.0,0.0,0.0,0.0
US1MNSC0009,"SAVAGE 2.1 SE","SCOTT",917,44.73,-93.33,M,M,0.0,M,M,0.0,0.0,0.0,M,0.0,0.0,0.0,M,M,0.0,0.0,0.0,0.0,M,0.0,0.0,0.0,0.0,0.0,0.0,0.0,0.0,M,0.0,M,M
USC00217602,"SHERBURN 3 WSW","MARTIN",1320,43.63,-94.77,M,M,M,M,M,M,M,M,M,M,M,M,M,M,M,M,M,M,0.0,0.0,0.0,0.0,0.0,0.0,0.0,M,M,M,M,M,0.0
US1MNLK0009,"SILVER BAY 11.5 NE","LAKE",632,47.41,-91.11,0.0,M,M,0.0,M,0.0,0.0,0.0,M,0.0,0.0,M,0.0,0.0,0.0,0.0,0.0,0.0,0.0,0.0,0.0,0.0,0.0,0.0,0.0,M,0.0,0.0,0.0,0.0,M
US1MNLK0015,"SILVER BAY 8.6 NE","LAKE",697,47.38,-91.15,0.0,M,M,M,M,0.0,0.0,0.0,M,0.0,M,M,0.0,0.0,0.0,0.0,0.0,M,M,M,M,M,0.0,0.0,0.0,0.0,M,0.0,M,0.0,0.0
US1MNMC0007,"SILVER LAKE 1.7 N","MCLEOD",1059,44.93,-94.20,0.0,0.0,0.0,0.0,0.0,0.0,0.0,0.0,0.0,0.0,0.0,0.0,0.0,0.0,0.0,0.0,0.0,0.0,0.0,0.0,0.0,0.0,0.0,0.0,0.0,0.0,0.0,0.0,0.0,0.0,0.0
US1MNDK0021,"SOUTH SAINT PAUL 0.5 SE","DAKOTA",821,44.88,-93.04,M,M,0.0,0.0,M,0.0,0.0,0.0,M,0.0,0.0,0.0,M,M,0.0,0.0,0.0,0.0,0.0,M,M,0.0,0.0,M,0.0,0.0,M,0.0,0.0,0.0,0.0
US1MNKD0013,"SPICER 6.3 WNW","KANDIYOHI",1145,45.26,-95.06,M,M,M,M,M,0.0,M,0.0,M,0.0,M,0.0,M,M,0.0,0.0,0.0,0.0,M,M,M,0.0,M,0.0,M,M,M,M,0.0,M,M
USC00217941,"SPRING VALLEY","FILLMORE",1275,43.69,-92.39,M,M,0.0,M,0.0,0.0,0.0,0.0,0.0,0.0,0.0,0.0,0.0,0.0,0.0,0.0,0.0,0.0,0.0,0.0,0.0,0.0,0.0,0.0,0.0,0.0,0.0,0.0,0.0,0.0,0.0
USW00014926,"ST CLOUD REGIONAL AP","SHERBURNE",1009,45.54,-94.05,0.0,0.0,0.0,0.0,0.0,0.0,0.0,0.0,0.0,0.0,0.0,0.0,0.0,0.0,0.0,0.0,0.0,0.0,0.0,0.0,0.0,0.0,0.0,0.0,0.0,0.0,0.0,0.0,0.0,0.0,0.0
US1MNWG0052,"ST PAUL PARK 0.6 NNE","WASHINGTON",771,44.84,-92.99,M,M,M,M,M,M,0.0,0.0,M,0.0,0.0,M,M,M,M,M,M,M,M,M,M,M,M,M,M,M,M,0.0,0.0,0.0,0.0
USC00217326,"ST. JAMES WWTP","WATONWAN",1070,43.99,-94.61,M,M,M,M,M,M,M,0.0,0.0,0.0,M,M,M,0.0,0.0,0.0,M,M,M,0.0,0.0,0.0,0.0,M,M,M,M,M,M,M,M
US1MNCG0007,"STACY 1.4 NW","CHISAGO",911,45.40,-93.02,M,M,0.0,M,M,M,M,M,M,M,M,0.0,M,M,0.0,0.0,0.0,0.0,0.0,M,M,0.0,0.0,0.0,0.0,M,M,0.0,0.0,M,0.0
US1MNCG0028,"STANCHFIELD 4.9 ESE","CHISAGO",928,45.64,-93.09,M,M,M,0.0,M,0.0,0.0,0.0,0.0,0.0,M,M,M,M,M,M,M,M,M,M,M,0.0,0.0,M,M,M,M,M,M,M,M
US1MNOL0027,"STEWARTVILLE 5.1 W","OLMSTED",1260,43.85,-92.59,M,M,0.0,0.0,M,0.0,0.0,0.0,0.0,0.0,0.0,0.0,M,0.0,0.0,0.0,0.0,0.0,0.0,M,M,M,0.0,0.0,0.0,M,0.0,0.0,M,0.0,M
US1MNWG0020,"STILLWATER 1.4 NE","WASHINGTON",865,45.07,-92.81,M,M,M,M,M,M,M,M,M,M,0.0,0.0,M,M,M,0.0,0.0,0.0,0.0,M,M,M,0.0,0.0,0.0,M,M,M,M,M,0.0
USC00218039,"STILLWATER 2SW","WASHINGTON",898,45.05,-92.85,0.0,0.0,0.0,0.0,0.0,0.0,0.0,0.0,0.0,0.0,0.0,0.0,0.0,0.0,0.0,0.0,0.0,0.0,0.0,0.0,0.0,0.0,0.0,0.0,0.0,0.0,0.0,0.0,0.0,0.0,0.0
US1MNAT0005,"TAMARACK 1.4 SW","AITKIN",1275,46.64,-93.15,M,M,M,M,M,0.0,M,0.0,M,M,M,M,M,M,M,M,M,M,0.0,M,M,M,0.0,0.0,M,M,M,M,M,M,0.0
USC00218227,"THEILMAN 1SSW","WABASHA",753,44.28,-92.19,0.0,0.0,0.0,0.0,0.0,0.0,0.0,0.0,0.0,0.0,0.0,0.0,0.0,0.0,0.0,0.0,0.0,0.0,0.0,0.0,0.0,0.0,0.0,0.0,0.0,0.0,0.0,0.0,0.0,0.0,0.0
US1MNPG0004,"THIEF RIVER FALLS 0.3 NW","PENNINGTON",1128,48.12,-96.18,0.0,M,0.0,M,M,0.0,0.0,M,0.0,0.0,0.0,0.0,0.0,0.0,0.0,0.0,0.0,0.0,0.0,0.0,0.0,0.0,M,0.0,0.0,0.0,0.0,0.0,M,M,M
US1MNCK0003,"TOFTE 4.9 NE","COOK",927,47.62,-90.76,M,M,M,M,M,0.0,M,M,M,M,0.0,M,M,M,M,0.0,0.0,0.0,0.0,0.0,M,0.0,0.0,0.0,0.0,M,M,M,M,0.0,0.0
USC00218323,"TRACY","LYON",1403,44.24,-95.63,M,M,M,M,M,M,M,M,M,M,0.0,0.0,0.0,M,M,M,M,M,M,M,M,M,M,M,M,M,M,M,M,M,0.0
US1MNCW0016,"TROMMALD 6.1 NW","CROW WING",1235,46.56,-94.12,M,0.0,M,M,M,0.0,0.0,0.0,M,0.0,M,M,0.0,0.0,M,0.0,0.0,M,0.0,M,0.0,0.0,0.0,0.0,M,M,0.0,0.0,0.0,0.0,0.0
US1MNBM0012,"TURTLE RIVER 3.6 E","BELTRAMI",1318,47.58,-94.68,0.0,M,M,M,M,0.0,0.0,0.0,M,0.0,0.0,M,0.0,0.0,M,0.0,0.0,0.0,0.0,M,M,0.0,M,M,M,M,M,M,M,0.0,0.0
US1MNNR0001,"TWIN VALLEY 0.1 NE","NORMAN",1091,47.26,-96.26,0.0,0.0,0.0,0.0,0.0,0.0,0.0,0.0,0.0,0.0,0.0,0.0,0.0,0.0,0.0,0.0,0.0,0.0,0.0,0.0,0.0,0.0,0.0,0.0,0.0,0.0,0.0,0.0,0.0,0.0,0.0
USC00218419,"TWO HARBORS","LAKE",625,47.03,-91.67,M,0.0,0.0,0.0,0.0,0.0,0.0,0.0,0.0,M,M,0.0,0.0,0.0,0.0,0.0,0.0,0.0,0.0,0.0,0.0,0.0,M,0.0,0.0,M,0.0,0.0,0.0,M,0.0
US1MNLK0004,"TWO HARBORS 3.6 WNW","LAKE",1043,47.04,-91.75,M,M,M,M,M,0.0,0.0,0.0,M,0.0,0.0,M,0.0,0.0,0.0,0.0,0.0,0.0,0.0,M,0.0,M,0.0,0.0,0.0,0.0,M,0.0,M,0.0,0.0
USC00218421,"TWO HARBORS 7NW","LAKE",1355,47.13,-91.71,0.0,0.0,0.0,0.0,M,M,M,M,0.0,0.0,0.0,M,M,M,M,M,0.0,0.0,0.0,0.0,0.0,0.0,M,M,M,0.0,0.0,0.0,0.0,0.0,M
US1MNLK0005,"TWO HARBORS 9.7 NNE","LAKE",1303,47.17,-91.62,M,M,M,M,M,0.0,0.0,0.0,M,0.0,0.0,M,0.0,0.0,0.0,0.0,0.0,0.0,0.0,M,0.0,M,0.0,0.0,0.0,0.0,M,0.0,M,M,0.0
USC00218450,"UNIVERSITY OF MN ST. PAUL","RAMSEY",970,44.99,-93.18,0.0,0.0,0.0,0.0,0.0,0.0,M,M,0.0,0.0,0.0,0.0,0.0,0.0,0.0,0.0,0.0,0.0,0.0,0.0,0.0,0.0,0.0,0.0,0.0,0.0,M,M,M,M,0.0
US1MNCV0022,"VICTORIA 1.6 WSW","CARVER",990,44.86,-93.69,0.0,0.0,0.0,0.0,0.0,0.0,0.0,0.0,0.0,0.0,0.0,0.0,0.0,0.0,0.0,0.0,0.0,0.0,0.0,0.0,0.0,0.0,0.0,0.0,0.0,0.0,0.0,0.0,0.0,0.0,0.0
USC00218552,"WABASHA","WABASHA",700,44.38,-92.05,0.0,0.0,0.0,0.0,0.0,0.0,0.0,0.0,0.0,0.0,0.0,0.0,0.0,0.0,0.0,0.0,0.0,0.0,0.0,0.0,0.0,0.0,0.0,0.0,0.0,0.0,0.0,0.0,0.0,0.0,0.0
US1MNWB0007,"WABASHA 0.9 NNE","WABASHA",685,44.38,-92.04,M,0.0,0.0,M,0.0,0.0,0.0,0.0,M,M,M,M,M,0.0,0.0,0.0,0.0,0.0,M,M,0.0,0.0,0.0,0.0,M,M,0.0,0.0,0.0,M,0.0
US1MNRW0008,"WABASSO 3.4 ESE","REDWOOD",1067,44.39,-95.19,M,M,M,M,M,0.0,0.0,0.0,M,0.0,M,0.0,M,0.0,0.0,0.0,0.0,0.0,M,M,0.0,0.0,0.0,0.0,0.0,M,0.0,0.0,0.0,0.0,0.0
USC00218618,"WALKER","CASS",1430,47.09,-94.57,M,0.0,0.0,M,M,M,0.0,0.0,0.0,0.0,0.0,0.0,0.0,0.0,0.0,0.0,0.0,0.0,0.0,0.0,0.0,0.0,0.0,0.0,0.0,0.0,0.0,0.0,0.0,0.0,0.0
US1MNCS0016,"WALKER 7.6 ESE","CASS",1343,47.03,-94.45,M,M,M,M,M,M,M,M,M,M,M,M,M,M,0.0,0.0,0.0,0.0,0.0,M,0.0,0.0,M,0.0,M,0.0,M,0.0,0.0,0.0,M
US1MNGH0011,"WANAMINGO 3.2 S","GOODHUE",1227,44.26,-92.78,M,M,0.0,0.0,M,0.0,0.0,0.0,0.0,M,0.0,0.0,M,M,0.0,0.0,0.0,0.0,0.0,M,M,0.0,0.0,0.0,0.0,M,M,M,M,M,M
US1MNMS0005,"WARREN 6.6 NW","MARSHALL",828,48.26,-96.87,0.0,M,0.0,M,0.0,0.0,0.0,M,0.0,0.0,0.0,0.0,0.0,0.0,0.0,0.0,0.0,0.0,0.0,M,0.0,0.0,M,0.0,0.0,0.0,M,0.0,M,0.0,0.0
US1MNWC0005,"WASECA 0.9 NNE","WASECA",1143,44.09,-93.49,M,M,M,M,M,M,M,M,M,M,M,M,M,M,0.0,M,M,M,M,M,M,M,M,M,M,M,M,M,M,M,M
USC00218692,"WASECA SOUTHERN RESEARCH AND OUTR","WASECA",1153,44.07,-93.53,M,M,M,M,M,M,M,M,M,M,M,M,M,M,M,M,M,M,M,M,M,M,M,M,M,M,M,M,0.0,0.0,0.0
US1MNCV0008,"WATERTOWN 0.5 NNW","CARVER",970,44.97,-93.85,M,M,M,M,M,M,M,0.0,M,0.0,M,0.0,M,M,0.0,0.0,M,M,0.0,M,M,0.0,0.0,0.0,0.0,M,M,M,M,0.0,M
US1MNMK0012,"WATKINS 3.2 WSW","MEEKER",1168,45.30,-94.47,M,0.0,M,M,M,0.0,0.0,0.0,M,0.0,M,M,M,0.0,0.0,0.0,0.0,0.0,M,M,M,0.0,0.0,0.0,M,M,0.0,0.0,0.0,0.0,0.0
USC00218729,"WATSON 1 NE","CHIPPEWA",950,45.02,-95.79,M,M,0.0,0.0,0.0,M,M,M,M,0.0,0.0,M,M,M,M,M,0.0,0.0,0.0,0.0,0.0,0.0,M,M,M,M,M,M,M,M,M
US1MNGH0021,"WELCH 1.8 ENE","GOODHUE",971,44.58,-92.70,M,M,0.0,0.0,M,0.0,0.0,0.0,M,0.0,0.0,0.0,M,M,0.0,0.0,0.0,0.0,0.0,M,M,0.0,0.0,0.0,0.0,M,M,0.0,0.0,0.0,0.0
USC00218808,"WELLS","FARIBAULT",1135,43.75,-93.74,0.0,0.0,0.0,0.0,0.0,0.0,0.0,0.0,0.0,0.0,0.0,0.0,0.0,0.0,0.0,0.0,0.0,0.0,M,M,0.0,0.0,0.0,0.0,0.0,0.0,0.0,0.0,0.0,0.0,0.0
USC00218907,"WHEATON","TRAVERSE",1018,45.81,-96.50,0.0,0.0,0.0,0.0,0.0,0.0,0.0,0.0,0.0,0.0,0.0,0.0,0.0,0.0,0.0,0.0,M,0.0,0.0,0.0,0.0,0.0,0.0,0.0,0.0,0.0,0.0,0.0,0.0,0.0,0.0
USC00218986,"WILD RIVER STATE PARK","CHISAGO",840,45.52,-92.75,0.0,0.0,0.0,M,0.0,0.0,0.0,M,M,0.0,M,0.0,0.0,M,M,0.0,0.0,0.0,M,0.0,0.0,0.0,0.0,0.0,0.0,0.0,M,0.0,0.0,0.0,0.0
US1MNKD0003,"WILLMAR 5.9 NNE","KANDIYOHI",1207,45.20,-95.01,M,M,M,M,M,M,M,M,M,0.0,M,0.0,M,0.0,0.0,0.0,0.0,0.0,M,M,M,M,M,M,M,M,M,M,M,M,M
USC00219033,"WINDOM","COTTONWOOD",1384,43.88,-95.12,0.0,0.0,0.0,0.0,0.0,0.0,0.0,0.0,0.0,0.0,0.0,0.0,0.0,0.0,0.0,0.0,0.0,0.0,0.0,0.0,0.0,0.0,0.0,0.0,0.0,0.0,0.0,0.0,M,M,M
USC00219046,"WINNEBAGO","FARIBAULT",1110,43.76,-94.17,0.0,0.0,0.0,0.0,0.0,0.0,0.0,0.0,0.0,0.0,M,0.0,0.0,0.0,0.0,0.0,0.0,0.0,0.0,0.0,0.0,0.0,0.0,0.0,0.0,0.0,0.0,0.0,0.0,0.0,0.0
US1MNWN0011,"WINONA 1.3 SSW","WINONA",1186,44.03,-91.68,M,M,0.0,0.0,M,0.0,0.0,0.0,0.0,0.0,0.0,0.0,M,M,M,0.0,0.0,M,0.0,M,M,0.0,0.0,0.0,0.0,M,M,0.0,0.0,M,0.0
US1MNWN0002,"WINONA 3.8 SE","WINONA",674,44.02,-91.61,0.0,M,M,M,M,M,M,M,M,M,M,M,M,M,M,M,M,M,M,M,M,M,M,M,M,M,M,M,M,M,M
US1MNWN0005,"WINONA 5.1 WSW","WINONA",742,44.03,-91.77,M,M,M,M,M,M,M,M,M,M,M,M,M,M,M,M,M,M,M,M,M,M,M,M,M,M,0.0,0.0,0.0,0.0,0.0
USC00219072,"WINONA DAM 5 A","WINONA",663,44.09,-91.67,0.0,0.0,0.0,0.0,0.0,0.0,0.0,0.0,0.0,0.0,0.0,0.0,0.0,0.0,0.0,0.0,0.0,0.0,0.0,0.0,0.0,0.0,0.0,0.0,0.0,0.0,0.0,0.0,0.0,0.0,0.0
USC00219134,"WOLF RIDGE ELC","LAKE",1400,47.45,-91.22,0.0,M,0.0,0.0,0.0,0.0,0.0,M,0.0,0.0,0.0,0.0,0.0,0.0,0.0,0.0,0.0,0.0,0.0,0.0,0.0,0.0,0.0,0.0,0.0,0.0,0.0,0.0,0.0,0.0,0.0
US1MNWG0016,"WOODBURY 1.7 N","WASHINGTON",980,44.93,-92.92,M,M,M,M,M,0.0,M,0.0,M,0.0,M,0.0,M,M,M,M,M,0.0,M,M,M,M,0.0,M,0.0,M,M,0.0,0.0,0.0,0.0
USC00219170,"WORTHINGTON 2 NNE","NOBLES",1569,43.64,-95.58,0.0,0.0,0.0,0.0,0.0,0.0,0.0,0.0,0.0,0.0,0.0,0.0,0.0,0.0,0.0,0.0,0.0,0.0,0.0,0.0,0.0,0.0,0.0,0.0,0.0,0.0,0.0,0.0,0.0,0.0,0.0
USC00219173,"WRIGHT 3 E","CARLTON",1330,46.68,-92.95,0.0,0.0,0.0,0.0,0.0,0.0,0.0,0.0,M,0.0,0.0,0.0,0.0,0.0,0.0,M,0.0,0.0,0.0,0.0,0.0,0.0,0.0,0.0,0.0,0.0,0.0,0.0,0.0,0.0,0.0
US1MNSH0017,"ZIMMERMAN 0.6 S","SHERBURNE",983,45.43,-93.60,M,M,M,M,M,M,0.0,0.0,M,0.0,M,M,M,0.0,0.0,0.0,0.0,0.0,0.0,M,M,0.0,0.0,0.0,M,M,M,0.0,0.0,M,0.0
US1MNWB0004,"ZUMBRO FALLS 3.5 SSW","WABASHA",1106,44.24,-92.46,0.0,0.0,0.0,0.0,M,M,M,M,M,0.0,0.0,0.0,0.0,0.0,0.0,0.0,0.0,0.0,0.0,M,M,0.0,0.0,0.0,0.0,0.0,0.0,0.0,0.0,0.0,0.0
