Wisconsin Snowfall, July 2016
"GHCN ID","Station Name",County,Elevation,Latitude,Longitude,"Jul 1","Jul 2","Jul 3","Jul 4","Jul 5","Jul 6","Jul 7","Jul 8","Jul 9","Jul 10","Jul 11","Jul 12","Jul 13","Jul 14","Jul 15","Jul 16","Jul 17","Jul 18","Jul 19","Jul 20","Jul 21","Jul 22","Jul 23","Jul 24","Jul 25","Jul 26","Jul 27","Jul 28","Jul 29","Jul 30","Jul 31"
USC00470124,"ALMA DAM 4","BUFFALO",670,44.33,-91.92,0.0,0.0,0.0,0.0,0.0,0.0,0.0,0.0,0.0,0.0,0.0,0.0,0.0,0.0,0.0,0.0,0.0,0.0,0.0,0.0,0.0,0.0,0.0,0.0,0.0,0.0,0.0,0.0,0.0,0.0,0.0
USC00470175,"AMERY","POLK",1070,45.30,-92.36,0.0,0.0,0.0,0.0,0.0,0.0,0.0,0.0,0.0,0.0,0.0,0.0,0.0,0.0,0.0,0.0,0.0,0.0,0.0,0.0,0.0,0.0,0.0,0.0,0.0,0.0,0.0,0.0,0.0,0.0,0.0
US1WIPK0019,"AMERY 3.0 S","POLK",1127,45.26,-92.36,M,0.0,0.0,0.0,0.0,M,M,M,M,M,M,M,0.0,0.0,M,M,M,M,M,0.0,M,M,0.0,M,0.0,0.0,M,M,0.0,0.0,0.0
US1WIPK0007,"AMERY 6.5 NNW","POLK",1156,45.39,-92.41,M,0.0,0.0,0.0,0.0,M,M,M,M,M,M,M,0.0,0.0,M,0.0,0.0,0.0,0.0,0.0,M,M,0.0,M,0.0,0.0,0.0,M,0.0,M,0.0
USC00470239,"ANTIGO","LANGLADE",1519,45.16,-89.11,0.0,0.0,0.0,0.0,0.0,0.0,0.0,0.0,0.0,0.0,0.0,0.0,0.0,0.0,0.0,0.0,0.0,0.0,0.0,0.0,0.0,0.0,0.0,0.0,0.0,0.0,0.0,0.0,0.0,0.0,0.0
USC00470265,"APPLETON","OUTAGAMIE",792,44.28,-88.44,0.0,0.0,0.0,0.0,0.0,0.0,0.0,0.0,0.0,0.0,0.0,0.0,0.0,0.0,0.0,0.0,0.0,0.0,0.0,0.0,0.0,0.0,0.0,0.0,0.0,0.0,0.0,0.0,0.0,0.0,0.0
US1WIOG0007,"APPLETON 1.3 N","OUTAGAMIE",771,44.29,-88.39,M,0.0,0.0,0.0,0.0,M,0.0,M,M,0.0,M,M,M,0.0,M,M,M,M,0.0,0.0,0.0,M,0.0,M,M,0.0,0.0,M,M,M,0.0
USC00473636,"ARGONNE 1.5-NW","FOREST",1672,45.67,-88.90,0.0,0.0,0.0,0.0,0.0,0.0,0.0,0.0,0.0,0.0,0.0,0.0,0.0,0.0,0.0,0.0,0.0,0.0,0.0,0.0,0.0,0.0,0.0,0.0,0.0,0.0,0.0,0.0,0.0,0.0,0.0
US1WIAS0004,"ASHLAND 0.5 WNW","ASHLAND",700,46.58,-90.88,M,0.0,0.0,0.0,0.0,M,0.0,M,M,0.0,M,M,0.0,M,M,0.0,0.0,M,0.0,0.0,M,0.0,0.0,M,0.0,0.0,M,M,0.0,0.0,0.0
USC00470347,"ASHLAND 3S","ASHLAND",826,46.55,-90.92,0.0,0.0,0.0,0.0,0.0,0.0,0.0,0.0,0.0,0.0,0.0,0.0,0.0,0.0,0.0,0.0,0.0,0.0,0.0,0.0,0.0,0.0,0.0,0.0,0.0,0.0,0.0,0.0,0.0,0.0,0.0
USC00470349,"ASHLAND EXP FARM","BAYFIELD",650,46.58,-90.97,M,M,M,M,M,0.0,M,M,M,M,M,0.0,0.0,0.0,0.0,M,M,M,M,M,M,M,M,M,M,0.0,M,M,0.0,M,M
USC00470382,"AUGUSTA RANGER STATION","EAU CLAIRE",960,44.68,-91.14,0.0,0.0,0.0,0.0,0.0,0.0,0.0,0.0,0.0,0.0,0.0,0.0,0.0,0.0,0.0,0.0,0.0,0.0,0.0,0.0,0.0,0.0,0.0,0.0,0.0,0.0,0.0,0.0,0.0,0.0,0.0
USC00470456,"BABCOCK 1 WNW","WOOD",975,44.31,-90.13,0.0,0.0,0.0,0.0,0.0,0.0,0.0,0.0,0.0,0.0,0.0,0.0,0.0,0.0,0.0,0.0,0.0,0.0,0.0,0.0,0.0,0.0,0.0,0.0,0.0,0.0,0.0,0.0,0.0,0.0,0.0
USC00470486,"BALDWIN","ST. CROIX",1100,44.96,-92.39,0.0,0.0,0.0,0.0,0.0,0.0,0.0,0.0,0.0,0.0,0.0,0.0,0.0,T,0.0,0.0,0.0,0.0,0.0,0.0,0.0,0.0,0.0,0.0,0.0,0.0,0.0,T,0.0,0.0,0.0
US1WIBY0006,"BARNES 2.2 S","BAYFIELD",1142,46.30,-91.50,M,0.0,0.0,0.0,0.0,M,0.0,M,M,0.0,M,M,0.0,M,M,0.0,M,0.0,0.0,0.0,M,M,0.0,M,M,0.0,M,M,M,0.0,0.0
US1WIBY0001,"BAYFIELD 8.8 N","BAYFIELD",689,46.94,-90.83,0.0,0.0,0.0,0.0,0.0,0.0,M,0.0,0.0,0.0,0.0,0.0,0.0,0.0,0.0,0.0,0.0,0.0,0.0,0.0,0.0,0.0,0.0,0.0,0.0,0.0,0.0,0.0,0.0,0.0,0.0
USC00470604,"BAYFIELD FISH HATCHERY","BAYFIELD",615,46.79,-90.86,0.0,0.0,0.0,0.0,0.0,0.0,0.0,0.0,0.0,0.0,0.0,0.0,0.0,0.0,0.0,0.0,0.0,0.0,0.0,0.0,0.0,0.0,0.0,0.0,0.0,0.0,0.0,0.0,0.0,0.0,0.0
US1WIDD0004,"BEAVER DAM 1.4 SSW","DODGE",871,43.45,-88.85,M,0.0,0.0,0.0,0.0,M,M,M,0.0,0.0,M,0.0,0.0,0.0,M,M,M,0.0,0.0,M,0.0,M,0.0,M,0.0,M,0.0,M,M,M,0.0
US1WIPC0009,"BELDENVILLE 7.2 ENE","PIERCE",949,44.79,-92.36,M,0.0,0.0,0.0,0.0,M,M,M,M,M,M,M,0.0,M,M,0.0,M,0.0,0.0,0.0,M,0.0,0.0,M,0.0,0.0,0.0,M,M,0.0,0.0
USC00470773,"BIG FALLS HYDRO","RUSK",1205,45.56,-90.96,0.0,0.0,0.0,0.0,0.0,0.0,0.0,0.0,0.0,0.0,0.0,0.0,0.0,0.0,0.0,0.0,0.0,0.0,0.0,0.0,0.0,0.0,0.0,0.0,0.0,0.0,0.0,0.0,0.0,0.0,0.0
US1WIOG0005,"BLACK CREEK 2.1 NNW","OUTAGAMIE",786,44.50,-88.47,M,0.0,0.0,0.0,0.0,M,0.0,M,0.0,0.0,M,M,M,0.0,M,M,M,M,0.0,0.0,0.0,M,0.0,M,0.0,0.0,M,M,M,M,0.0
US1WIJK0001,"BLACK RIVER FALLS 1.7 NNE","JACKSON",814,44.32,-90.83,M,0.0,0.0,0.0,0.0,M,M,M,0.0,0.0,M,M,0.0,0.0,M,M,M,0.0,0.0,0.0,M,M,0.0,M,M,0.0,0.0,M,M,0.0,M
USC00470855,"BLACK RIVER FALLS SEWAGE","JACKSON",810,44.29,-90.85,0.0,0.0,0.0,0.0,0.0,0.0,0.0,0.0,0.0,0.0,0.0,0.0,0.0,0.0,0.0,0.0,0.0,0.0,0.0,0.0,0.0,0.0,0.0,0.0,0.0,0.0,0.0,0.0,0.0,0.0,0.0
USC00470904,"BLOOMER","CHIPPEWA",990,45.09,-91.49,0.0,0.0,0.0,0.0,0.0,0.0,0.0,0.0,0.0,0.0,0.0,0.0,0.0,0.0,0.0,0.0,0.0,0.0,0.0,0.0,0.0,0.0,0.0,0.0,0.0,0.0,0.0,0.0,0.0,0.0,0.0
USW00094994,"BOSCOBEL AIRPORT","GRANT",672,43.16,-90.68,0.0,0.0,0.0,0.0,0.0,0.0,0.0,0.0,0.0,0.0,0.0,0.0,0.0,0.0,0.0,0.0,0.0,0.0,0.0,0.0,0.0,0.0,0.0,0.0,0.0,0.0,0.0,0.0,0.0,0.0,0.0
US1WIDN0001,"BOYCEVILLE 3.3 N","DUNN",1064,45.09,-92.03,M,0.0,0.0,0.0,0.0,M,M,M,0.0,0.0,0.0,M,M,M,M,0.0,M,0.0,0.0,0.0,M,0.0,0.0,M,0.0,0.0,0.0,M,M,0.0,M
USC00471064,"BRILLION","CALUMET",810,44.16,-88.08,0.0,0.0,0.0,0.0,0.0,0.0,0.0,0.0,0.0,0.0,0.0,0.0,0.0,0.0,0.0,0.0,0.0,0.0,0.0,0.0,0.0,0.0,0.0,0.0,0.0,0.0,0.0,0.0,0.0,0.0,0.0
US1WIRS0003,"BRUCE 1.9 E","RUSK",1116,45.45,-91.24,M,0.0,0.0,0.0,0.0,M,M,M,M,0.0,M,M,0.0,0.0,M,M,0.0,0.0,0.0,M,M,0.0,0.0,M,0.0,0.0,0.0,M,0.0,0.0,0.0
USC00471131,"BRULE RANGER STATION","DOUGLAS",1000,46.54,-91.59,0.0,0.0,0.0,0.0,0.0,0.0,0.0,0.0,0.0,0.0,0.0,0.0,0.0,0.0,0.0,0.0,0.0,0.0,0.0,0.0,0.0,0.0,0.0,0.0,0.0,0.0,0.0,0.0,0.0,0.0,0.0
USC00471249,"BUTTERNUT 3N","ASHLAND",1557,46.05,-90.52,0.0,0.0,0.0,0.0,0.0,0.0,0.0,0.0,0.0,M,0.0,0.0,0.0,0.0,0.0,0.0,0.0,0.0,0.0,0.0,0.0,0.0,0.0,0.0,0.0,0.0,0.0,0.0,0.0,0.0,M
US1WIPR0002,"BUTTERNUT 5.9 SW","PRICE",1579,45.97,-90.60,0.0,0.0,0.0,0.0,0.0,0.0,0.0,0.0,M,M,M,0.0,0.0,0.0,0.0,0.0,0.0,0.0,0.0,0.0,0.0,0.0,0.0,0.0,0.0,0.0,M,M,0.0,0.0,0.0
US1WIBR0006,"CAMERON 2.4 SE","BARRON",1052,45.38,-91.70,M,0.0,0.0,M,0.0,M,M,M,M,0.0,M,M,0.0,M,M,0.0,M,0.0,0.0,0.0,M,0.0,0.0,M,0.0,M,0.0,M,0.0,0.0,0.0
USC00471287,"CASHTON 3NNW","MONROE",939,43.79,-90.80,0.0,0.0,0.0,0.0,0.0,0.0,0.0,0.0,0.0,0.0,0.0,0.0,0.0,0.0,0.0,0.0,0.0,0.0,0.0,0.0,0.0,0.0,0.0,0.0,0.0,0.0,0.0,0.0,0.0,0.0,0.0
US1WIMN0005,"CASHTON 4.8 N","MONROE",862,43.81,-90.76,M,0.0,0.0,0.0,0.0,0.0,M,M,M,M,M,M,M,M,M,M,M,M,0.0,0.0,0.0,M,0.0,M,0.0,0.0,0.0,M,M,0.0,0.0
US1WISW0001,"CECIL 5.6 ENE","SHAWANO",797,44.85,-88.35,M,0.0,0.0,0.0,0.0,M,0.0,M,M,0.0,M,M,0.0,0.0,M,0.0,0.0,M,M,M,M,M,M,M,0.0,0.0,0.0,M,M,0.0,0.0
USC00471308,"CEDAR FALLS HYDRO PLANT","DUNN",825,44.94,-91.89,0.0,0.0,0.0,0.0,0.0,0.0,0.0,0.0,0.0,0.0,0.0,0.0,0.0,0.0,0.0,0.0,0.0,0.0,0.0,0.0,0.0,0.0,0.0,0.0,0.0,0.0,0.0,0.0,0.0,0.0,0.0
US1WISB0005,"CEDAR GROVE 0.4 NNE","SHEBOYGAN",691,43.57,-87.82,M,0.0,M,M,0.0,M,0.0,M,M,M,M,0.0,M,0.0,0.0,M,M,M,0.0,0.0,0.0,M,0.0,M,0.0,M,0.0,M,M,M,M
US1WIOZ0001,"CEDARBURG 0.8 NNE","OZAUKEE",827,43.31,-87.98,0.0,0.0,0.0,0.0,0.0,0.0,0.0,0.0,0.0,0.0,0.0,0.0,0.0,0.0,0.0,0.0,0.0,0.0,0.0,0.0,0.0,0.0,0.0,0.0,0.0,0.0,0.0,0.0,0.0,0.0,0.0
US1WIOZ0005,"CEDARBURG 3.7 WSW","OZAUKEE",879,43.28,-88.06,M,M,M,M,M,M,0.0,M,0.0,0.0,M,M,0.0,0.0,M,0.0,M,M,0.0,0.0,M,M,M,M,M,0.0,M,M,M,M,0.0
US1WIBR0002,"CHETEK 2.0 SE","BARRON",1053,45.29,-91.62,M,0.0,0.0,0.0,0.0,M,M,M,M,0.0,M,M,0.0,M,M,M,M,0.0,0.0,0.0,M,M,0.0,M,0.0,M,M,M,M,0.0,0.0
US1WIBR0011,"CHETEK 5.7 SW","BARRON",1026,45.25,-91.73,M,M,M,M,M,M,M,M,M,M,M,M,0.0,M,M,M,M,M,M,M,M,M,M,M,M,0.0,0.0,M,M,M,M
USC00471568,"CHILTON","CALUMET",840,44.03,-88.15,0.0,0.0,0.0,0.0,0.0,0.0,0.0,0.0,0.0,0.0,0.0,0.0,0.0,0.0,0.0,0.0,0.0,0.0,0.0,0.0,0.0,0.0,0.0,0.0,0.0,0.0,0.0,0.0,0.0,0.0,0.0
US1WICT0001,"CHILTON 0.6 NNW","CALUMET",902,44.04,-88.17,M,0.0,0.0,0.0,0.0,M,M,M,M,M,M,M,M,M,M,M,M,M,0.0,0.0,0.0,M,0.0,M,M,M,0.0,M,M,M,0.0
USC00471578,"CHIPPEWA FALLS","CHIPPEWA",820,44.93,-91.41,0.0,0.0,0.0,0.0,0.0,0.0,0.0,0.0,0.0,0.0,0.0,0.0,0.0,0.0,0.0,0.0,0.0,0.0,0.0,0.0,0.0,0.0,0.0,0.0,0.0,0.0,0.0,0.0,0.0,0.0,0.0
USC00471604,"CLAM LAKE 4W","BAYFIELD",1498,46.17,-90.98,0.0,0.0,0.0,0.0,0.0,0.0,0.0,0.0,0.0,0.0,0.0,0.0,0.0,0.0,0.0,0.0,0.0,0.0,0.0,0.0,0.0,0.0,0.0,0.0,0.0,0.0,0.0,0.0,0.0,0.0,0.0
USC00471676,"CLINTONVILLE","WAUPACA",802,44.62,-88.75,0.0,0.0,0.0,0.0,0.0,0.0,0.0,0.0,0.0,0.0,0.0,0.0,0.0,0.0,0.0,0.0,0.0,0.0,0.0,0.0,0.0,0.0,0.0,0.0,0.0,0.0,0.0,0.0,0.0,0.0,0.0
US1WICB0001,"COLUMBUS 1.2 S","COLUMBIA",860,43.32,-89.03,M,M,0.0,M,0.0,M,0.0,M,M,M,M,0.0,M,0.0,M,M,M,M,M,0.0,M,M,M,M,M,M,M,0.0,M,M,0.0
US1WICH0003,"CORNELL 4.1 W","CHIPPEWA",1043,45.17,-91.24,0.0,M,M,0.0,0.0,0.0,0.0,M,0.0,0.0,0.0,0.0,0.0,0.0,0.0,0.0,0.0,0.0,0.0,M,0.0,0.0,0.0,0.0,0.0,0.0,0.0,0.0,M,0.0,M
US1WIDA0020,"COTTAGE GROVE 0.9 WNW","DANE",918,43.09,-89.22,0.0,0.0,0.0,0.0,0.0,M,M,M,M,M,M,M,M,M,M,M,M,0.0,0.0,0.0,0.0,M,M,M,0.0,0.0,0.0,0.0,M,M,0.0
USC00471847,"COUDERAY 7 W","SAWYER",1300,45.80,-91.46,0.0,0.0,0.0,0.0,0.0,0.0,0.0,0.0,0.0,0.0,0.0,0.0,0.0,0.0,0.0,0.0,0.0,0.0,0.0,0.0,0.0,0.0,0.0,0.0,0.0,0.0,0.0,0.0,0.0,0.0,0.0
USC00471897,"CRIVITZ HIGH FALLS","MARINETTE",950,45.36,-88.19,0.0,0.0,0.0,0.0,0.0,0.0,0.0,0.0,0.0,0.0,0.0,0.0,0.0,0.0,0.0,0.0,0.0,0.0,0.0,0.0,0.0,0.0,0.0,0.0,0.0,0.0,0.0,0.0,0.0,0.0,0.0
USC00471913,"CUBA CITY","LAFAYETTE",973,42.60,-90.42,0.0,0.0,0.0,0.0,0.0,0.0,0.0,0.0,0.0,0.0,0.0,0.0,0.0,0.0,0.0,0.0,0.0,0.0,0.0,0.0,0.0,0.0,0.0,0.0,0.0,0.0,0.0,0.0,0.0,0.0,0.0
USC00471923,"CUMBERLAND","BARRON",1240,45.53,-92.02,0.0,0.0,0.0,0.0,0.0,0.0,0.0,0.0,0.0,0.0,0.0,0.0,0.0,0.0,0.0,0.0,0.0,0.0,0.0,0.0,0.0,0.0,0.0,0.0,0.0,0.0,0.0,0.0,0.0,0.0,0.0
US1WIBR0013,"CUMBERLAND 3.0 NW","BARRON",1280,45.56,-92.07,M,0.0,0.0,0.0,0.0,M,M,M,M,M,M,M,M,M,M,0.0,0.0,0.0,0.0,M,M,M,0.0,M,0.0,0.0,M,M,0.0,0.0,0.0
US1WIBN0008,"DE PERE 2.4 W","BROWN",639,44.44,-88.12,M,M,M,M,M,M,M,M,M,M,M,M,M,M,M,M,M,M,M,M,M,M,0.0,M,0.0,M,M,M,M,M,M
USC00472055,"DENMARK WWTP","BROWN",811,44.35,-87.81,0.0,0.0,0.0,0.0,0.0,0.0,0.0,0.0,0.0,0.0,0.0,0.0,0.0,0.0,0.0,0.0,0.0,0.0,0.0,0.0,0.0,0.0,0.0,0.0,0.0,0.0,0.0,0.0,0.0,0.0,0.0
US1WIPK0004,"DRESSER 6.1 ESE","POLK",1058,45.32,-92.52,M,0.0,0.0,0.0,0.0,M,M,M,M,M,M,M,0.0,0.0,M,M,M,0.0,0.0,0.0,M,M,0.0,M,0.0,0.0,M,M,0.0,0.0,0.0
USC00472279,"DURAND","PEPIN",705,44.62,-91.98,0.0,0.0,0.0,0.0,0.0,0.0,0.0,0.0,0.0,0.0,0.0,0.0,0.0,0.0,0.0,0.0,0.0,0.0,0.0,0.0,0.0,0.0,0.0,0.0,0.0,0.0,0.0,0.0,0.0,0.0,0.0
USC00472314,"EAGLE RIVER","VILAS",1623,45.92,-89.26,0.0,0.0,0.0,0.0,0.0,0.0,0.0,0.0,0.0,0.0,0.0,0.0,0.0,0.0,0.0,0.0,0.0,0.0,0.0,0.0,0.0,0.0,0.0,0.0,0.0,0.0,0.0,0.0,0.0,0.0,0.0
US1WIVL0007,"EAGLE RIVER 0.6 NNW","VILAS",1641,45.93,-89.26,M,M,M,M,M,M,M,M,M,M,M,0.0,M,M,M,M,M,M,M,M,0.0,M,M,0.0,M,M,M,M,M,M,M
US1WIWW0001,"EAST TROY 2.5 NNE","WALWORTH",815,42.82,-88.38,0.0,M,0.0,M,M,M,0.0,M,M,0.0,M,M,M,M,M,M,0.0,M,M,M,0.0,M,0.0,M,0.0,0.0,0.0,0.0,M,M,0.0
US1WIEC0014,"EAU CLAIRE 3.0 W","EAU CLAIRE",888,44.83,-91.55,M,M,M,M,M,M,M,M,M,M,M,M,M,M,M,0.0,M,M,M,0.0,M,M,M,M,M,M,0.0,M,M,M,M
US1WIEC0012,"EAU CLAIRE 3.1 S","EAU CLAIRE",873,44.78,-91.50,M,0.0,0.0,0.0,0.0,M,M,M,M,0.0,M,M,0.0,M,M,M,M,M,M,0.0,M,M,0.0,M,0.0,0.0,0.0,M,M,0.0,0.0
USC00472425,"EAU CLAIRE 3SW","EAU CLAIRE",880,44.79,-91.52,0.0,0.0,0.0,0.0,0.0,0.0,0.0,0.0,0.0,0.0,0.0,0.0,0.0,0.0,0.0,0.0,0.0,0.0,0.0,0.0,0.0,0.0,0.0,0.0,0.0,0.0,0.0,0.0,0.0,0.0,0.0
USW00014991,"EAU CLAIRE REGIONAL AP","CHIPPEWA",885,44.87,-91.49,0.0,0.0,0.0,0.0,0.0,0.0,0.0,0.0,0.0,0.0,0.0,0.0,0.0,0.0,0.0,0.0,0.0,0.0,0.0,0.0,0.0,0.0,0.0,0.0,0.0,0.0,0.0,0.0,0.0,0.0,0.0
USC00472447,"EAU PLEINE RESERVOIR","MARATHON",1170,44.77,-89.77,0.0,0.0,0.0,0.0,0.0,0.0,0.0,0.0,0.0,0.0,0.0,0.0,0.0,0.0,0.0,0.0,0.0,0.0,0.0,0.0,0.0,0.0,0.0,0.0,0.0,0.0,0.0,0.0,0.0,0.0,0.0
US1WIDR0010,"EGG HARBOR 6.1 SSW","DOOR",789,44.96,-87.34,M,M,M,M,0.0,M,M,M,M,0.0,M,M,0.0,0.0,M,0.0,0.0,M,0.0,0.0,0.0,M,0.0,M,0.0,0.0,0.0,M,0.0,0.0,0.0
US1WIDN0005,"ELK MOUND 1.3 NE","DUNN",974,44.89,-91.67,0.0,0.0,0.0,0.0,0.0,M,M,M,0.0,0.0,M,M,0.0,0.0,M,M,M,M,M,0.0,M,M,0.0,M,0.0,0.0,M,M,0.0,0.0,0.0
US1WIDR0005,"ELLISON BAY 2.2 E","DOOR",651,45.26,-87.03,M,0.0,0.0,M,0.0,M,M,M,M,0.0,M,0.0,M,M,M,M,M,M,M,0.0,0.0,M,M,M,0.0,M,M,M,M,M,M
USC00472556,"ELLSWORTH 1 E","PIERCE",1030,44.73,-92.46,0.0,0.0,0.0,0.0,0.0,0.0,0.0,0.0,0.0,0.0,0.0,0.0,0.0,0.0,0.0,0.0,0.0,0.0,0.0,0.0,0.0,0.0,0.0,0.0,0.0,0.0,0.0,0.0,0.0,0.0,0.0
US1WIPC0007,"ELLSWORTH 5.9 WNW","PIERCE",1181,44.77,-92.59,M,0.0,0.0,0.0,0.0,M,M,M,0.0,0.0,0.0,0.0,0.0,0.0,0.0,0.0,M,0.0,0.0,0.0,M,0.0,0.0,0.0,0.0,0.0,0.0,M,0.0,0.0,0.0
USC00472626,"EPHRAIM 1NE-WWTP","DOOR",733,45.17,-87.15,0.0,0.0,0.0,0.0,0.0,0.0,0.0,0.0,0.0,0.0,0.0,0.0,0.0,0.0,0.0,0.0,0.0,0.0,0.0,0.0,0.0,0.0,0.0,0.0,0.0,0.0,0.0,0.0,0.0,0.0,0.0
US1WIRK0006,"EVANSVILLE 0.4 E","ROCK",904,42.78,-89.29,M,M,M,M,M,M,M,M,0.0,M,0.0,M,M,M,M,0.0,M,M,M,M,M,M,M,M,M,M,M,M,M,M,M
USC00472826,"FLORENCE","FLORENCE",1300,45.93,-88.26,0.0,0.0,0.0,0.0,0.0,0.0,0.0,0.0,0.0,0.0,0.0,0.0,0.0,0.0,0.0,0.0,0.0,0.0,0.0,0.0,0.0,0.0,0.0,0.0,0.0,0.0,0.0,0.0,0.0,0.0,0.0
US1WIFL0003,"FLORENCE 0.7 ESE","FLORENCE",1290,45.92,-88.24,M,M,0.0,0.0,0.0,M,0.0,M,M,M,M,M,M,0.0,M,0.0,0.0,M,0.0,M,M,M,0.0,M,0.0,0.0,M,M,0.0,0.0,0.0
US1WIFL0004,"FLORENCE 5.6 ESE","FLORENCE",1217,45.89,-88.14,0.0,0.0,0.0,0.0,0.0,0.0,0.0,0.0,0.0,0.0,0.0,0.0,0.0,0.0,0.0,0.0,0.0,0.0,0.0,0.0,0.0,0.0,0.0,0.0,0.0,0.0,0.0,0.0,0.0,0.0,0.0
USC00472851,"FORESTVILLE-4E","DOOR",690,44.70,-87.40,0.0,0.0,0.0,0.0,0.0,0.0,0.0,0.0,0.0,0.0,0.0,0.0,0.0,0.0,0.0,0.0,0.0,0.0,0.0,0.0,0.0,0.0,0.0,0.0,0.0,0.0,0.0,0.0,0.0,0.0,0.0
USC00472889,"FOXBORO","DOUGLAS",932,46.49,-92.29,0.0,0.0,0.0,0.0,0.0,0.0,0.0,0.0,0.0,0.0,0.0,0.0,0.0,0.0,0.0,0.0,0.0,0.0,0.0,0.0,0.0,0.0,0.0,0.0,0.0,0.0,0.0,0.0,0.0,0.0,0.0
US1WIMW0032,"FRANKLIN 1.7 ENE","MILWAUKEE",747,42.90,-87.98,M,M,M,M,M,M,0.0,M,M,M,M,M,M,M,M,M,M,M,M,M,M,M,M,M,M,M,M,M,M,M,M
USC00472973,"FRIENDSHIP","ADAMS",945,43.97,-89.83,0.0,0.0,0.0,0.0,0.0,0.0,0.0,0.0,0.0,0.0,0.0,0.0,0.0,0.0,0.0,0.0,0.0,0.0,0.0,0.0,0.0,0.0,0.0,0.0,0.0,0.0,0.0,0.0,0.0,0.0,0.0
USC00473022,"GAYS MILLS","CRAWFORD",689,43.31,-90.85,0.0,0.0,0.0,0.0,0.0,0.0,0.0,0.0,0.0,0.0,0.0,0.0,0.0,0.0,0.0,0.0,0.0,0.0,0.0,0.0,0.0,0.0,0.0,0.0,0.0,0.0,0.0,0.0,0.0,0.0,0.0
US1WICR0001,"GAYS MILLS 6.1 SE","CRAWFORD",1109,43.26,-90.76,0.0,0.0,0.0,0.0,0.0,M,M,0.0,0.0,0.0,0.0,M,0.0,0.0,0.0,M,M,0.0,0.0,M,M,M,0.0,M,0.0,0.0,0.0,0.0,M,M,0.0
USC00473038,"GENOA DAM 8","VERNON",639,43.57,-91.23,0.0,0.0,0.0,0.0,0.0,0.0,0.0,0.0,0.0,0.0,0.0,0.0,0.0,0.0,0.0,0.0,0.0,0.0,0.0,0.0,0.0,0.0,0.0,0.0,0.0,0.0,0.0,0.0,0.0,0.0,0.0
USC00473186,"GORDON","DOUGLAS",1040,46.24,-91.80,0.0,0.0,0.0,0.0,0.0,0.0,0.0,0.0,0.0,0.0,0.0,0.0,0.0,0.0,0.0,0.0,0.0,0.0,0.0,0.0,0.0,0.0,0.0,0.0,0.0,0.0,0.0,0.0,0.0,0.0,0.0
US1WIBT0005,"GRANTSBURG 1.9 WSW","BURNETT",910,45.77,-92.72,M,0.0,0.0,0.0,0.0,M,M,M,M,M,M,M,M,M,M,0.0,0.0,0.0,0.0,0.0,M,0.0,0.0,M,M,0.0,M,M,0.0,0.0,0.0
US1WIBN0014,"GREEN BAY 3.8 SSE","BROWN",621,44.47,-87.97,M,0.0,0.0,0.0,0.0,M,M,M,M,M,M,M,0.0,0.0,M,M,0.0,M,0.0,0.0,0.0,M,M,M,M,0.0,0.0,M,M,0.0,M
USW00014898,"GREEN BAY AUSTIN STRAUBEL INTL AP","BROWN",687,44.48,-88.14,0.0,0.0,0.0,0.0,0.0,0.0,0.0,0.0,0.0,0.0,0.0,0.0,0.0,0.0,0.0,0.0,0.0,0.0,0.0,0.0,0.0,0.0,0.0,0.0,0.0,0.0,0.0,0.0,0.0,0.0,0.0
USC00473271,"GREEN BAY BOTANICAL","BROWN",694,44.53,-88.10,0.0,0.0,0.0,0.0,0.0,0.0,0.0,0.0,0.0,0.0,0.0,0.0,0.0,0.0,0.0,0.0,0.0,0.0,0.0,0.0,0.0,0.0,0.0,0.0,0.0,0.0,0.0,0.0,0.0,0.0,0.0
USC00473268,"GREEN BAY WFO","BROWN",682,44.50,-88.11,0.0,0.0,0.0,0.0,0.0,0.0,0.0,0.0,0.0,0.0,0.0,0.0,0.0,0.0,0.0,0.0,0.0,0.0,0.0,0.0,0.0,0.0,0.0,0.0,0.0,0.0,0.0,0.0,0.0,0.0,0.0
US1WIMW0023,"GREENDALE 1.0 ENE","MILWAUKEE",802,42.94,-87.98,M,M,M,M,M,M,0.0,M,0.0,M,M,0.0,0.0,M,0.0,M,M,M,M,0.0,0.0,M,M,M,M,M,0.0,M,M,M,0.0
US1WIMW0025,"HALES CORNERS 0.7 NNE","MILWAUKEE",798,42.95,-88.04,M,0.0,0.0,0.0,0.0,M,0.0,M,0.0,0.0,M,M,0.0,M,M,M,M,M,0.0,0.0,M,M,0.0,M,M,0.0,0.0,0.0,M,0.0,M
US1WIMW0033,"HALES CORNERS 0.7 SE","MILWAUKEE",788,42.93,-88.04,M,M,0.0,0.0,0.0,M,0.0,M,M,M,M,M,M,M,M,M,M,M,0.0,0.0,0.0,M,0.0,M,M,0.0,0.0,0.0,M,0.0,0.0
US1WISC0009,"HAMMOND 0.4 NE","ST. CROIX",1163,44.98,-92.43,0.0,0.0,M,M,M,M,M,M,M,M,M,M,0.0,M,M,0.0,M,M,M,M,M,M,0.0,M,M,M,0.0,M,M,0.0,0.0
USC00473405,"HANCOCK EXP FARM","WAUSHARA",1092,44.12,-89.54,0.0,0.0,0.0,0.0,0.0,0.0,0.0,0.0,0.0,0.0,0.0,0.0,0.0,0.0,0.0,0.0,0.0,0.0,0.0,0.0,0.0,0.0,0.0,0.0,0.0,0.0,0.0,0.0,0.0,0.0,0.0
US1WIMT0010,"HATLEY 11.3 SSW","MARATHON",1176,44.73,-89.42,M,0.0,0.0,M,M,M,M,M,M,M,M,M,M,M,M,M,M,M,M,M,M,M,M,M,M,M,M,M,M,M,M
US1WISR0001,"HAYWARD 9.2 NNE","SAWYER",1340,46.13,-91.40,M,0.0,0.0,0.0,0.0,M,0.0,M,M,0.0,M,M,0.0,M,M,0.0,0.0,0.0,0.0,0.0,M,0.0,0.0,M,0.0,0.0,M,M,0.0,0.0,0.0
USC00473511,"HAYWARD RANGER STA","SAWYER",1200,46.00,-91.51,0.0,0.0,0.0,0.0,0.0,0.0,0.0,0.0,0.0,0.0,0.0,0.0,0.0,0.0,0.0,0.0,0.0,0.0,0.0,0.0,0.0,0.0,0.0,0.0,0.0,0.0,0.0,0.0,0.0,0.0,0.0
USC00473650,"HILLSBORO 2SW","VERNON",1043,43.63,-90.38,0.0,0.0,0.0,0.0,0.0,0.0,0.0,0.0,0.0,0.0,0.0,0.0,0.0,0.0,0.0,0.0,0.0,0.0,0.0,0.0,0.0,0.0,0.0,0.0,0.0,0.0,0.0,0.0,0.0,0.0,0.0
US1WIBR0012,"HILLSDALE 2.4 E","BARRON",1304,45.31,-91.81,M,0.0,0.0,0.0,0.0,M,M,0.0,0.0,0.0,M,M,0.0,0.0,M,M,M,M,M,M,M,M,M,M,M,M,M,M,M,M,M
USC00473698,"HOLCOMBE","CHIPPEWA",1057,45.22,-91.13,0.0,0.0,0.0,0.0,0.0,0.0,0.0,0.0,0.0,0.0,0.0,0.0,0.0,0.0,0.0,0.0,0.0,0.0,0.0,0.0,0.0,0.0,0.0,0.0,0.0,0.0,0.0,0.0,0.0,0.0,0.0
US1WISC0014,"HUDSON 2.0 ESE","ST. CROIX",920,44.95,-92.71,M,0.0,0.0,0.0,0.0,M,M,M,M,M,0.0,M,M,0.0,M,0.0,M,0.0,0.0,0.0,0.0,0.0,0.0,M,0.0,0.0,0.0,M,0.0,0.0,0.0
USC00473800,"HURLEY","IRON",1444,46.46,-90.20,0.0,0.0,0.0,0.0,0.0,0.0,0.0,0.0,0.0,0.0,0.0,0.0,0.0,0.0,0.0,0.0,0.0,0.0,0.0,0.0,0.0,0.0,0.0,0.0,0.0,0.0,0.0,0.0,0.0,0.0,0.0
US1WIBY0005,"IRON RIVER 7.2 SE","BAYFIELD",1092,46.49,-91.30,M,0.0,M,M,0.0,M,0.0,M,M,M,M,M,M,M,M,0.0,0.0,M,0.0,M,M,M,M,M,M,0.0,0.0,M,M,0.0,M
USC00473930,"JACKSON","WASHINGTON",903,43.32,-88.17,M,0.0,0.0,0.0,0.0,M,0.0,M,0.0,0.0,M,0.0,0.0,0.0,0.0,M,0.0,M,0.0,0.0,0.0,M,0.0,M,0.0,0.0,0.0,M,M,M,0.0
US1WIWS0006,"JACKSON 1.9 N","WASHINGTON",941,43.35,-88.16,M,M,0.0,M,0.0,M,0.0,M,0.0,0.0,0.0,0.0,0.0,0.0,M,0.0,M,0.0,0.0,0.0,0.0,M,0.0,0.0,0.0,0.0,0.0,M,M,0.0,M
US1WIRK0007,"JANESVILLE 4.9 N","ROCK",935,42.75,-89.03,M,0.0,0.0,0.0,0.0,M,0.0,M,M,0.0,0.0,0.0,M,M,0.0,0.0,M,M,0.0,0.0,0.0,M,0.0,M,0.0,0.0,0.0,M,M,0.0,0.0
USC00474027,"JIM FALLS 3NW","CHIPPEWA",1061,45.08,-91.33,0.0,0.0,0.0,0.0,0.0,0.0,0.0,0.0,0.0,0.0,0.0,0.0,0.0,0.0,0.0,0.0,0.0,0.0,0.0,0.0,0.0,0.0,0.0,0.0,0.0,0.0,0.0,0.0,0.0,0.0,0.0
US1WIJF0011,"JOHNSON CREEK 3.2 NW","JEFFERSON",885,43.12,-88.81,M,M,0.0,0.0,M,M,0.0,M,0.0,0.0,M,M,0.0,0.0,0.0,M,M,0.0,0.0,M,M,M,M,M,M,M,M,M,M,M,0.0
US1WIOG0012,"KAUKAUNA 1.5 SW","OUTAGAMIE",720,44.26,-88.29,M,0.0,0.0,0.0,0.0,M,0.0,M,M,M,M,M,M,M,M,M,M,M,0.0,0.0,0.0,M,M,M,M,0.0,M,M,M,M,0.0
US1WIKN0006,"KENOSHA 1.7 S","KENOSHA",652,42.56,-87.86,0.0,0.0,0.0,0.0,0.0,M,0.0,M,0.0,0.0,0.0,0.0,0.0,M,0.0,0.0,M,M,0.0,0.0,0.0,M,0.0,M,M,0.0,0.0,M,M,M,0.0
US1WIKN0001,"KENOSHA 2.2 SW","KENOSHA",702,42.56,-87.88,0.0,0.0,0.0,0.0,0.0,M,M,0.0,0.0,0.0,0.0,0.0,0.0,0.0,0.0,M,0.0,M,0.0,0.0,0.0,M,0.0,M,M,0.0,0.0,0.0,M,M,0.0
US1WIKN0007,"KENOSHA 3.4 N","KENOSHA",664,42.63,-87.85,M,0.0,0.0,M,0.0,M,0.0,0.0,0.0,M,0.0,0.0,0.0,M,0.0,0.0,M,M,M,0.0,0.0,M,0.0,M,M,0.0,0.0,M,M,M,0.0
USW00004845,"KENOSHA REGIONAL AP","KENOSHA",743,42.60,-87.94,M,0.0,0.0,0.0,M,M,M,0.0,0.0,0.0,0.0,0.0,0.0,0.0,M,0.0,0.0,0.0,0.0,0.0,0.0,M,M,M,M,M,M,M,M,M,M
US1WIWS0004,"KEWASKUM 1.8 WNW","WASHINGTON",1053,43.53,-88.27,M,0.0,0.0,0.0,0.0,M,M,M,0.0,0.0,M,0.0,M,0.0,0.0,M,0.0,M,0.0,0.0,0.0,M,0.0,M,M,0.0,0.0,M,M,M,0.0
USC00474195,"KEWAUNEE","KEWAUNEE",593,44.46,-87.50,0.0,0.0,0.0,0.0,0.0,0.0,0.0,0.0,0.0,0.0,0.0,0.0,0.0,0.0,0.0,0.0,0.0,0.0,0.0,0.0,0.0,0.0,0.0,0.0,0.0,0.0,0.0,0.0,0.0,0.0,0.0
USC00474366,"LA CROSSE 4NNW","LA CROSSE",660,43.87,-91.27,0.0,0.0,0.0,0.0,0.0,0.0,0.0,0.0,0.0,0.0,0.0,0.0,0.0,0.0,0.0,0.0,0.0,0.0,0.0,0.0,0.0,0.0,0.0,0.0,0.0,0.0,0.0,0.0,0.0,0.0,0.0
USW00014920,"LA CROSSE MUNICIPAL AP","LA CROSSE",652,43.88,-91.25,0.0,0.0,0.0,0.0,0.0,0.0,0.0,0.0,0.0,0.0,0.0,0.0,0.0,0.0,0.0,0.0,0.0,0.0,0.0,0.0,0.0,0.0,0.0,0.0,0.0,0.0,0.0,0.0,0.0,0.0,0.0
USC00474373,"LA CROSSE WFO","LA CROSSE",1307,43.82,-91.19,0.0,0.0,0.0,0.0,0.0,0.0,0.0,0.0,0.0,0.0,0.0,0.0,0.0,0.0,0.0,0.0,0.0,0.0,0.0,0.0,0.0,0.0,0.0,0.0,0.0,0.0,0.0,0.0,0.0,0.0,0.0
USC00474404,"LA FARGE","VERNON",810,43.58,-90.64,0.0,0.0,0.0,0.0,0.0,0.0,0.0,0.0,0.0,0.0,0.0,0.0,0.0,0.0,0.0,0.0,0.0,0.0,0.0,0.0,0.0,0.0,0.0,0.0,0.0,0.0,0.0,0.0,0.0,0.0,0.0
USC00474383,"LAC VIEUX DESERT","VILAS",1759,46.12,-89.08,0.0,0.0,0.0,0.0,0.0,0.0,0.0,0.0,0.0,0.0,0.0,0.0,0.0,0.0,0.0,0.0,0.0,0.0,0.0,0.0,0.0,0.0,0.0,0.0,0.0,0.0,0.0,0.0,0.0,0.0,0.0
US1WIRS0001,"LADYSMITH 2.8 WNW","RUSK",1140,45.48,-91.15,M,0.0,0.0,0.0,0.0,M,M,M,M,0.0,M,M,0.0,M,M,M,M,0.0,0.0,0.0,M,0.0,M,M,M,M,M,M,M,0.0,0.0
USC00474391,"LADYSMITH 3W","RUSK",1130,45.47,-91.12,0.0,0.0,0.0,0.0,0.0,0.0,0.0,0.0,0.0,0.0,0.0,0.0,0.0,0.0,0.0,0.0,0.0,0.0,0.0,0.0,0.0,0.0,0.0,0.0,0.0,0.0,0.0,0.0,0.0,0.0,0.0
USC00474396,"LADYSMITH WTP","RUSK",1170,45.44,-91.09,0.0,0.0,0.0,0.0,0.0,0.0,0.0,0.0,0.0,0.0,0.0,0.0,0.0,0.0,0.0,0.0,0.0,0.0,0.0,0.0,0.0,0.0,0.0,0.0,0.0,0.0,0.0,0.0,0.0,0.0,0.0
US1WIWW0002,"LAKE GENEVA 0.6 ENE","WALWORTH",873,42.59,-88.42,0.0,0.0,0.0,0.0,0.0,0.0,0.0,0.0,0.0,0.0,0.0,0.0,0.0,0.0,0.0,0.0,0.0,0.0,0.0,0.0,0.0,0.0,0.0,0.0,0.0,0.0,0.0,0.0,0.0,0.0,0.0
USC00474546,"LANCASTER 4 WSW","GRANT",1040,42.83,-90.79,0.0,0.0,0.0,0.0,0.0,0.0,0.0,0.0,0.0,0.0,0.0,0.0,0.0,0.0,0.0,0.0,0.0,0.0,0.0,0.0,0.0,0.0,0.0,0.0,0.0,0.0,0.0,0.0,0.0,0.0,0.0
US1WIVL0010,"LAND O LAKES 4.3 WNW","VILAS",1751,46.17,-89.30,M,M,M,0.0,0.0,M,M,M,M,M,M,M,0.0,M,M,0.0,0.0,M,0.0,0.0,M,M,0.0,M,0.0,0.0,M,M,0.0,0.0,0.0
US1WIVL0009,"LAND O' LAKES 11.7 W","VILAS",1713,46.19,-89.46,M,0.0,0.0,0.0,0.0,0.0,0.0,M,M,0.0,M,M,0.0,M,M,0.0,0.0,M,0.0,0.0,M,M,M,M,0.0,0.0,M,M,0.0,0.0,0.0
USW00014921,"LONE ROCK TRI COUNTY AP","SAUK",717,43.21,-90.18,M,0.0,0.0,0.0,M,M,M,M,0.0,0.0,0.0,0.0,0.0,0.0,M,0.0,0.0,0.0,0.0,0.0,0.0,M,M,M,M,M,M,M,M,M,M
USC00474894,"LUCK","POLK",1220,45.57,-92.49,0.0,0.0,0.0,0.0,0.0,0.0,0.0,0.0,0.0,0.0,0.0,0.0,0.0,0.0,0.0,0.0,0.0,0.0,0.0,0.0,0.0,0.0,0.0,0.0,0.0,0.0,0.0,0.0,0.0,0.0,0.0
USC00474937,"LYNXVILLE DAM 9","CRAWFORD",633,43.21,-91.10,0.0,0.0,0.0,0.0,0.0,0.0,0.0,0.0,0.0,0.0,0.0,0.0,0.0,0.0,0.0,0.0,0.0,0.0,0.0,0.0,0.0,0.0,0.0,0.0,0.0,0.0,0.0,0.0,0.0,0.0,0.0
USC00474953,"MADELINE ISLAND","ASHLAND",660,46.78,-90.77,0.0,0.0,0.0,0.0,0.0,0.0,0.0,0.0,0.0,0.0,0.0,0.0,0.0,0.0,0.0,0.0,0.0,T,0.0,0.0,0.0,0.0,0.0,0.0,0.0,0.0,0.0,0.0,0.0,0.0,0.0
US1WIDA0013,"MADISON 3.7 WSW","DANE",935,43.06,-89.46,M,0.0,M,M,M,M,M,M,M,0.0,M,M,M,M,0.0,M,M,M,M,M,M,M,M,M,M,M,M,M,M,M,M
US1WIDA0039,"MADISON 4.0 W","DANE",913,43.08,-89.47,M,M,M,M,M,M,M,M,M,M,M,M,M,M,M,M,M,M,M,M,M,M,0.0,0.0,0.0,0.0,0.0,0.0,M,M,0.0
US1WIDA0029,"MADISON 4.8 NNW","DANE",849,43.15,-89.41,M,M,M,M,M,M,M,M,M,M,M,0.0,M,0.0,M,M,M,M,M,M,M,M,M,M,0.0,M,M,M,M,M,M
US1WIDA0003,"MADISON 5.0 SW","DANE",1033,43.03,-89.48,M,0.0,0.0,0.0,M,M,M,M,0.0,0.0,M,0.0,M,M,M,M,M,M,0.0,0.0,0.0,M,M,M,M,0.0,0.0,0.0,M,0.0,0.0
US1WIDA0035,"MADISON 5.5 N","DANE",868,43.16,-89.37,M,0.0,0.0,0.0,0.0,M,M,0.0,0.0,0.0,0.0,M,M,M,0.0,0.0,M,M,0.0,M,0.0,M,0.0,M,0.0,0.0,0.0,0.0,0.0,M,0.0
USW00014837,"MADISON DANE COUNTY REGIONAL AP","DANE",866,43.14,-89.35,0.0,0.0,0.0,0.0,0.0,0.0,0.0,0.0,0.0,0.0,0.0,0.0,0.0,0.0,0.0,0.0,0.0,0.0,0.0,0.0,0.0,0.0,0.0,0.0,0.0,0.0,0.0,0.0,0.0,0.0,0.0
USC00475017,"MANITOWOC","MANITOWOC",584,44.09,-87.65,0.0,0.0,0.0,0.0,0.0,0.0,0.0,0.0,0.0,0.0,0.0,0.0,0.0,0.0,0.0,0.0,0.0,0.0,0.0,0.0,0.0,0.0,0.0,0.0,0.0,0.0,0.0,0.0,0.0,0.0,0.0
USC00475091,"MARINETTE","MARINETTE",589,45.10,-87.62,0.0,0.0,0.0,0.0,0.0,0.0,0.0,0.0,0.0,0.0,0.0,0.0,0.0,0.0,0.0,0.0,0.0,0.0,0.0,0.0,0.0,0.0,0.0,0.0,0.0,0.0,0.0,0.0,0.0,0.0,0.0
USC00475120,"MARSHFIELD EXP FARM","WOOD",1237,44.64,-90.13,0.0,0.0,0.0,0.0,0.0,0.0,0.0,0.0,0.0,0.0,0.0,0.0,0.0,0.0,0.0,0.0,0.0,0.0,0.0,0.0,0.0,0.0,0.0,0.0,0.0,0.0,0.0,0.0,0.0,0.0,0.0
USW00094985,"MARSHFIELD MUNICIPAL AP","WOOD",1255,44.64,-90.19,0.0,0.0,0.0,0.0,0.0,0.0,0.0,0.0,0.0,0.0,0.0,0.0,0.0,0.0,0.0,0.0,0.0,0.0,0.0,0.0,0.0,0.0,0.0,0.0,0.0,0.0,0.0,0.0,0.0,0.0,0.0
USC00475164,"MATHER 3 NW","JACKSON",978,44.17,-90.35,0.0,0.0,0.0,0.0,0.0,0.0,0.0,0.0,0.0,0.0,0.0,0.0,0.0,0.0,0.0,0.0,0.0,0.0,0.0,0.0,0.0,T,0.0,0.0,0.0,0.0,0.0,0.0,0.0,0.0,0.0
USC00475178,"MAUSTON 1 SE","JUNEAU",865,43.79,-90.06,0.0,0.0,0.0,0.0,0.0,0.0,0.0,0.0,0.0,0.0,0.0,0.0,0.0,0.0,0.0,0.0,0.0,0.0,0.0,0.0,0.0,0.0,0.0,0.0,0.0,0.0,0.0,0.0,0.0,0.0,0.0
US1WIDA0014,"MCFARLAND 0.8 E","DANE",890,43.02,-89.28,0.0,0.0,0.0,0.0,0.0,0.0,0.0,0.0,0.0,0.0,0.0,0.0,0.0,0.0,0.0,0.0,0.0,0.0,0.0,0.0,0.0,0.0,0.0,0.0,0.0,0.0,0.0,0.0,0.0,0.0,0.0
USC00475255,"MEDFORD","TAYLOR",1470,45.13,-90.34,0.0,0.0,0.0,0.0,0.0,0.0,0.0,0.0,0.0,0.0,0.0,0.0,0.0,0.0,0.0,0.0,0.0,0.0,0.0,0.0,0.0,0.0,0.0,0.0,0.0,0.0,0.0,0.0,0.0,0.0,0.0
USC00475286,"MELLEN 4 NE","ASHLAND",1300,46.37,-90.64,0.0,0.0,0.0,0.0,0.0,0.0,0.0,0.0,0.0,0.0,0.0,0.0,0.0,0.0,0.0,0.0,0.0,0.0,0.0,0.0,0.0,0.0,0.0,0.0,0.0,0.0,0.0,0.0,0.0,0.0,0.0
US1WICT0004,"MENASHA 5.4 ESE","CALUMET",791,44.20,-88.33,M,0.0,0.0,0.0,0.0,M,0.0,M,M,0.0,M,M,M,0.0,M,M,M,M,0.0,0.0,0.0,M,0.0,M,M,0.0,0.0,M,M,M,M
USC00475335,"MENOMONIE","DUNN",780,44.87,-91.94,0.0,0.0,0.0,0.0,0.0,0.0,0.0,0.0,0.0,0.0,0.0,0.0,0.0,0.0,0.0,0.0,0.0,0.0,0.0,0.0,T,0.0,0.0,0.0,0.0,0.0,0.0,0.0,0.0,0.0,0.0
US1WIDN0009,"MENOMONIE 10.2 SSE","DUNN",830,44.76,-91.80,M,0.0,0.0,0.0,0.0,M,M,M,M,0.0,M,M,0.0,M,M,0.0,M,M,0.0,0.0,M,M,0.0,M,0.0,M,0.0,M,M,M,M
USC00475352,"MERCER RANGER STA","IRON",1600,46.17,-90.07,0.0,0.0,0.0,0.0,0.0,0.0,0.0,0.0,0.0,0.0,0.0,0.0,0.0,0.0,0.0,0.0,0.0,0.0,0.0,0.0,0.0,0.0,0.0,0.0,0.0,0.0,0.0,0.0,0.0,0.0,0.0
USC00475364,"MERRILL","LINCOLN",1250,45.18,-89.66,0.0,0.0,0.0,0.0,0.0,0.0,0.0,0.0,0.0,0.0,0.0,0.0,0.0,0.0,0.0,0.0,0.0,0.0,0.0,0.0,0.0,0.0,0.0,0.0,0.0,0.0,0.0,0.0,0.0,0.0,0.0
US1WILN0002,"MERRILL 7.0 W","LINCOLN",1404,45.18,-89.85,0.0,0.0,0.0,0.0,0.0,0.0,0.0,0.0,0.0,0.0,0.0,0.0,0.0,0.0,0.0,0.0,0.0,0.0,0.0,0.0,0.0,0.0,0.0,0.0,0.0,0.0,0.0,0.0,0.0,0.0,0.0
US1WIDA0002,"MIDDLETON 0.5 E","DANE",925,43.10,-89.50,M,M,M,M,M,0.0,M,M,M,M,M,M,M,M,M,M,0.0,M,M,M,M,0.0,M,0.0,M,M,M,M,M,M,M
US1WIMW0014,"MILWAUKEE 3.6 NNW","MILWAUKEE",676,43.11,-87.99,M,0.0,0.0,M,M,M,M,M,0.0,0.0,M,0.0,0.0,0.0,0.0,M,M,0.0,0.0,0.0,0.0,M,M,M,M,0.0,0.0,M,0.0,M,0.0
USW00014839,"MILWAUKEE MITCHELL INTL AP","MILWAUKEE",670,42.96,-87.90,0.0,0.0,0.0,0.0,0.0,0.0,0.0,0.0,0.0,0.0,0.0,0.0,0.0,0.0,0.0,0.0,0.0,0.0,0.0,0.0,0.0,0.0,0.0,0.0,0.0,0.0,0.0,0.0,0.0,0.0,0.0
US1WIIW0003,"MINERAL POINT 7.3 ENE","IOWA",999,42.91,-90.06,M,0.0,0.0,M,M,M,M,M,M,M,M,M,M,M,M,M,M,M,0.0,0.0,M,M,M,M,M,M,M,M,M,M,0.0
USC00475516,"MINOCQUA","ONEIDA",1601,45.89,-89.73,0.0,0.0,0.0,0.0,0.0,0.0,0.0,0.0,0.0,0.0,0.0,0.0,0.0,0.0,0.0,0.0,0.0,0.0,0.0,0.0,0.0,0.0,0.0,0.0,0.0,0.0,0.0,0.0,0.0,0.0,0.0
USC00475563,"MONDOVI","BUFFALO",830,44.56,-91.67,0.0,0.0,0.0,0.0,0.0,0.0,0.0,0.0,0.0,0.0,0.0,0.0,0.0,0.0,0.0,0.0,0.0,0.0,0.0,0.0,0.0,0.0,0.0,0.0,0.0,0.0,0.0,0.0,0.0,0.0,0.0
US1WIGN0005,"MONTICELLO 2.2 SE","GREEN",885,42.72,-89.56,0.0,0.0,0.0,0.0,0.0,0.0,0.0,0.0,0.0,0.0,0.0,0.0,0.0,0.0,0.0,0.0,0.0,0.0,0.0,0.0,0.0,0.0,0.0,0.0,0.0,0.0,0.0,0.0,0.0,0.0,0.0
US1WIDL0005,"MOUNT CALVARY 1.6 WSW","FOND DU LAC",948,43.82,-88.28,M,0.0,M,M,M,M,0.0,M,M,M,M,M,M,M,M,M,M,M,M,M,M,M,M,M,0.0,M,M,M,M,M,M
US1WIDA0038,"MOUNT HOREB 0.5 W","DANE",1206,43.01,-89.74,M,0.0,0.0,0.0,0.0,M,M,0.0,0.0,0.0,0.0,M,0.0,M,M,M,M,M,M,M,0.0,M,0.0,M,0.0,0.0,0.0,0.0,0.0,0.0,0.0
US1WIDA0010,"MOUNT HOREB 3.6 SSW","DANE",1162,42.96,-89.76,M,0.0,0.0,0.0,0.0,M,M,M,0.0,0.0,M,M,M,0.0,0.0,0.0,M,M,M,M,M,M,M,M,M,M,M,M,M,M,0.0
US1WIOC0001,"MOUNTAIN 1.1 SW","OCONTO",966,45.17,-88.49,M,0.0,0.0,0.0,0.0,M,0.0,M,M,0.0,M,M,0.0,0.0,M,0.0,M,0.0,0.0,0.0,M,0.0,0.0,0.0,0.0,0.0,0.0,M,M,0.0,0.0
US1WIWK0020,"MUKWONAGO 0.5 N","WAUKESHA",834,42.87,-88.33,M,0.0,0.0,0.0,0.0,M,M,M,0.0,0.0,M,0.0,0.0,0.0,0.0,M,0.0,M,0.0,0.0,0.0,M,0.0,M,0.0,0.0,0.0,0.0,M,0.0,0.0
US1WIWK0016,"MUSKEGO 1.0 W","WAUKESHA",784,42.89,-88.14,0.0,0.0,0.0,0.0,0.0,0.0,0.0,0.0,0.0,0.0,0.0,0.0,0.0,0.0,0.0,0.0,0.0,0.0,0.0,0.0,0.0,0.0,0.0,0.0,0.0,0.0,0.0,0.0,0.0,M,M
US1WIJN0001,"NECEDAH 5.0 ESE","JUNEAU",902,43.99,-89.99,M,0.0,M,M,0.0,M,M,M,M,M,M,M,M,M,M,M,M,M,0.0,0.0,M,M,M,M,0.0,M,0.0,M,M,M,M
USC00475808,"NEILLSVILLE 3ESE","CLARK",1080,44.54,-90.54,0.0,0.0,0.0,0.0,0.0,0.0,0.0,0.0,0.0,0.0,0.0,0.0,0.0,0.0,0.0,0.0,0.0,0.0,0.0,0.0,0.0,0.0,0.0,0.0,0.0,0.0,0.0,0.0,0.0,0.0,0.0
US1WIWD0006,"NEKOOSA 4.2 S","WOOD",981,44.25,-89.91,M,M,M,M,M,M,M,M,M,0.0,M,M,M,M,M,M,M,M,0.0,0.0,M,M,M,M,M,M,M,M,M,M,M
US1WIWK0035,"NEW BERLIN 0.6 ESE","WAUKESHA",927,42.97,-88.12,M,M,M,M,M,M,0.0,0.0,M,0.0,M,0.0,0.0,M,0.0,0.0,0.0,M,0.0,0.0,0.0,M,0.0,M,M,M,M,M,M,M,0.0
US1WIWK0038,"NEW BERLIN 1.6 ESE","WAUKESHA",890,42.96,-88.10,M,0.0,0.0,0.0,0.0,M,0.0,0.0,0.0,0.0,M,0.0,0.0,0.0,0.0,M,M,0.0,0.0,0.0,0.0,M,0.0,M,0.0,0.0,0.0,M,0.0,0.0,0.0
US1WIBN0018,"NEW FRANKEN 5.3 NNE","BROWN",758,44.61,-87.81,M,M,M,M,M,M,M,M,M,M,M,M,0.0,M,M,M,M,M,M,0.0,M,M,M,M,M,0.0,0.0,M,M,M,M
USC00475932,"NEW LONDON","OUTAGAMIE",800,44.36,-88.72,0.0,0.0,0.0,0.0,0.0,0.0,0.0,0.0,0.0,0.0,0.0,0.0,0.0,0.0,0.0,0.0,0.0,0.0,0.0,0.0,0.0,0.0,0.0,0.0,0.0,0.0,0.0,0.0,0.0,0.0,0.0
US1WIMW0013,"OAK CREEK 2.2 SE","MILWAUKEE",682,42.86,-87.87,M,M,M,M,M,M,M,M,M,M,M,M,M,M,M,M,M,M,M,M,M,M,0.0,M,M,0.0,0.0,0.0,M,0.0,0.0
US1WIWK0029,"OCONOMOWOC 4.6 NE","WAUKESHA",920,43.15,-88.43,M,0.0,0.0,0.0,0.0,M,0.0,M,0.0,0.0,M,0.0,0.0,0.0,M,0.0,M,0.0,0.0,0.0,0.0,M,0.0,M,M,0.0,0.0,M,M,M,0.0
US1WIWK0033,"OCONOMOWOC LAKE 1.0 ESE","WAUKESHA",901,43.10,-88.43,M,0.0,0.0,0.0,M,M,0.0,M,0.0,0.0,M,0.0,0.0,0.0,M,M,M,M,0.0,0.0,0.0,M,0.0,M,M,0.0,0.0,0.0,M,M,0.0
USC00476208,"OCONTO 4 W","OCONTO",660,44.89,-87.96,0.0,0.0,0.0,0.0,0.0,0.0,0.0,0.0,0.0,0.0,0.0,0.0,0.0,0.0,0.0,0.0,0.0,0.0,0.0,0.0,0.0,0.0,0.0,0.0,0.0,0.0,0.0,0.0,0.0,0.0,0.0
US1WIWP0003,"OGDENSBURG 2.5 E","WAUPACA",922,44.46,-88.98,M,0.0,0.0,0.0,0.0,M,0.0,M,M,0.0,M,M,0.0,0.0,M,M,M,M,0.0,0.0,0.0,M,0.0,M,0.0,0.0,M,M,M,0.0,0.0
US1WIWN0007,"OMRO 2.3 WSW","WINNEBAGO",752,44.02,-88.78,M,0.0,0.0,0.0,0.0,M,M,M,0.0,0.0,M,M,M,M,0.0,M,M,M,0.0,0.0,0.0,M,0.0,M,M,0.0,0.0,M,M,M,0.0
USC00476280,"ONTARIO 3E","VERNON",960,43.72,-90.53,0.0,0.0,0.0,0.0,0.0,0.0,0.0,0.0,0.0,0.0,0.0,0.0,0.0,0.0,0.0,0.0,0.0,0.0,0.0,0.0,0.0,0.0,0.0,0.0,0.0,0.0,0.0,0.0,0.0,0.0,0.0
US1WIDA0033,"OREGON 0.4 SSW","DANE",976,42.92,-89.39,M,0.0,0.0,0.0,0.0,M,M,M,0.0,0.0,0.0,M,M,0.0,0.0,M,M,M,0.0,0.0,0.0,M,0.0,M,0.0,0.0,0.0,M,0.0,0.0,0.0
USC00476330,"OSHKOSH","WINNEBAGO",750,44.02,-88.56,0.0,0.0,0.0,0.0,0.0,0.0,0.0,0.0,0.0,0.0,0.0,0.0,0.0,0.0,0.0,0.0,0.0,0.0,0.0,0.0,0.0,0.0,0.0,0.0,0.0,0.0,0.0,0.0,0.0,0.0,0.0
US1WIWN0012,"OSHKOSH 1.5 SSE","WINNEBAGO",751,44.00,-88.54,M,0.0,0.0,0.0,0.0,M,0.0,M,0.0,0.0,M,0.0,M,M,0.0,M,M,M,0.0,0.0,0.0,M,0.0,M,M,0.0,0.0,M,M,M,0.0
US1WIWN0002,"OSHKOSH 5.6 S","WINNEBAGO",794,43.94,-88.54,M,0.0,0.0,0.0,M,M,0.0,M,M,0.0,M,0.0,M,M,0.0,0.0,M,M,0.0,0.0,0.0,M,0.0,M,M,0.0,M,M,M,M,0.0
USW00094855,"OSHKOSH WITTMAN REGIONAL AP","WINNEBAGO",782,43.98,-88.56,0.0,0.0,0.0,0.0,0.0,0.0,0.0,0.0,0.0,0.0,0.0,0.0,0.0,0.0,0.0,0.0,0.0,0.0,0.0,0.0,0.0,0.0,0.0,0.0,0.0,0.0,0.0,0.0,0.0,0.0,0.0
USC00476357,"OWEN 2N","CLARK",1280,44.98,-90.55,0.0,0.0,0.0,0.0,0.0,0.0,0.0,0.0,0.0,0.0,0.0,0.0,0.0,0.0,0.0,0.0,0.0,0.0,0.0,0.0,0.0,0.0,0.0,0.0,0.0,0.0,0.0,0.0,0.0,0.0,0.0
US1WIKN0013,"PADDOCK LAKE 0.3 SSW","KENOSHA",828,42.57,-88.10,M,0.0,0.0,0.0,0.0,M,0.0,M,0.0,0.0,0.0,0.0,0.0,M,0.0,M,M,M,0.0,0.0,0.0,M,0.0,M,M,0.0,0.0,0.0,M,0.0,0.0
US1WIJF0010,"PALMYRA 1.5 N","JEFFERSON",858,42.90,-88.59,0.0,0.0,0.0,M,M,M,M,M,0.0,M,M,0.0,M,M,0.0,M,M,M,M,M,M,M,M,M,M,M,M,M,M,M,M
USC00476398,"PARK FALLS DNR HQ","PRICE",1525,45.93,-90.45,0.0,0.0,0.0,0.0,0.0,0.0,0.0,0.0,0.0,0.0,0.0,0.0,0.0,0.0,0.0,0.0,0.0,0.0,0.0,0.0,0.0,0.0,0.0,0.0,0.0,0.0,0.0,0.0,0.0,0.0,0.0
USC00476413,"PATTISON RANGER STAION","DOUGLAS",1100,46.54,-92.12,0.0,0.0,0.0,0.0,0.0,0.0,0.0,0.0,0.0,0.0,0.0,0.0,0.0,0.0,0.0,0.0,0.0,0.0,0.0,0.0,0.0,0.0,0.0,0.0,0.0,0.0,0.0,0.0,0.0,0.0,0.0
USC00476510,"PESHTIGO","MARINETTE",600,45.03,-87.74,0.0,0.0,0.0,0.0,0.0,0.0,0.0,0.0,0.0,0.0,0.0,0.0,0.0,0.0,0.0,0.0,0.0,0.0,0.0,0.0,0.0,0.0,0.0,0.0,0.0,0.0,0.0,0.0,0.0,0.0,0.0
US1WIWK0022,"PEWAUKEE 3.8 WSW","WAUKESHA",884,43.06,-88.32,M,0.0,0.0,0.0,0.0,M,0.0,M,0.0,0.0,M,0.0,0.0,0.0,M,0.0,M,0.0,M,0.0,0.0,0.0,M,M,0.0,0.0,0.0,M,M,0.0,0.0
USC00476518,"PHELPS","VILAS",1779,46.07,-89.08,0.0,0.0,0.0,0.0,0.0,0.0,0.0,0.0,0.0,0.0,0.0,0.0,0.0,0.0,0.0,0.0,0.0,0.0,0.0,0.0,0.0,0.0,0.0,0.0,0.0,0.0,0.0,0.0,0.0,0.0,0.0
US1WIWD0004,"PITTSVILLE 0.1 NE","WOOD",1025,44.44,-90.13,M,M,M,M,M,M,M,M,M,M,M,M,M,M,M,M,M,M,M,M,M,M,0.0,M,M,M,M,M,M,M,M
US1WIGT0002,"PLATTEVILLE 0.3 NE","GRANT",992,42.74,-90.47,M,M,M,M,M,M,M,M,M,M,M,M,M,M,M,M,M,M,M,M,M,M,0.0,M,M,M,M,M,M,M,M
US1WIKN0011,"PLEASANT PRAIRIE 3.8 NW","KENOSHA",699,42.56,-87.94,M,M,M,0.0,0.0,M,M,M,0.0,M,0.0,0.0,M,M,M,M,M,M,M,0.0,0.0,M,M,M,0.0,0.0,0.0,0.0,M,M,M
US1WIPT0006,"PLOVER 0.7 E","PORTAGE",1088,44.46,-89.53,M,0.0,0.0,0.0,0.0,M,M,M,M,0.0,M,M,M,0.0,M,M,M,M,0.0,0.0,M,M,M,M,M,0.0,0.0,M,M,M,0.0
US1WISB0006,"PLYMOUTH 5.3 WSW","SHEBOYGAN",1118,43.72,-88.07,M,0.0,0.0,0.0,0.0,M,0.0,M,0.0,0.0,M,0.0,0.0,M,M,0.0,M,M,0.0,0.0,0.0,M,0.0,M,M,0.0,0.0,M,M,0.0,0.0
US1WIOZ0009,"PORT WASHINGTON 4.2 NE","OZAUKEE",693,43.44,-87.82,M,M,M,M,M,M,0.0,M,0.0,0.0,M,0.0,0.0,M,M,M,M,M,0.0,0.0,0.0,M,M,M,0.0,0.0,0.0,M,M,M,M
US1WICB0004,"PORTAGE 5.7 WSW","COLUMBIA",816,43.51,-89.57,M,0.0,0.0,0.0,M,M,0.0,M,0.0,0.0,M,M,M,0.0,M,M,M,M,0.0,0.0,M,M,0.0,M,0.0,M,0.0,0.0,M,M,0.0
US1WICB0005,"PORTAGE 7.2 SW","COLUMBIA",943,43.48,-89.57,M,0.0,0.0,0.0,0.0,M,0.0,M,0.0,0.0,M,M,0.0,0.0,M,M,M,0.0,0.0,0.0,M,M,0.0,M,0.0,0.0,M,M,M,M,M
USC00476827,"PRAIRIE DU CHIEN","CRAWFORD",658,43.05,-91.13,0.0,0.0,0.0,0.0,0.0,0.0,0.0,0.0,0.0,0.0,0.0,0.0,0.0,0.0,0.0,0.0,0.0,0.0,0.0,0.0,0.0,0.0,0.0,0.0,0.0,0.0,0.0,0.0,0.0,0.0,0.0
US1WIVL0003,"PRESQUE ISLE 0.8 NNW","VILAS",1643,46.26,-89.73,M,M,M,M,0.0,M,0.0,M,M,0.0,M,M,0.0,M,M,M,M,M,0.0,0.0,M,M,M,M,0.0,M,M,M,0.0,M,0.0
US1WIGL0002,"PRINCETON 3.4 SE","GREEN LAKE",954,43.82,-89.08,M,0.0,0.0,0.0,0.0,M,0.0,M,M,0.0,M,M,M,0.0,M,M,M,0.0,0.0,0.0,0.0,M,0.0,M,M,0.0,0.0,M,M,M,0.0
US1WISW0005,"PULASKI 3.7 W","SHAWANO",913,44.67,-88.31,0.0,0.0,0.0,0.0,0.0,0.0,0.0,0.0,0.0,0.0,0.0,0.0,0.0,0.0,M,M,M,M,M,0.0,0.0,0.0,0.0,0.0,0.0,0.0,0.0,0.0,0.0,0.0,0.0
USC00476874,"PULASKI WWTP","OCONTO",789,44.68,-88.23,0.0,0.0,0.0,0.0,0.0,0.0,0.0,0.0,0.0,0.0,0.0,0.0,0.0,0.0,0.0,0.0,0.0,0.0,0.0,0.0,0.0,0.0,0.0,0.0,0.0,0.0,0.0,0.0,0.0,0.0,0.0
US1WIRC0003,"RACINE 2.3 WSW","RACINE",717,42.71,-87.85,M,M,M,M,M,M,M,M,M,M,0.0,0.0,M,M,0.0,M,M,M,M,M,M,M,M,M,M,M,0.0,M,M,M,0.0
USW00094818,"RACINE BATTEN AIRPORT","RACINE",674,42.76,-87.81,M,0.0,0.0,0.0,M,M,M,0.0,0.0,0.0,0.0,0.0,0.0,0.0,M,0.0,0.0,0.0,0.0,0.0,0.0,M,M,M,M,M,M,M,M,M,M
USC00477016,"READSTOWN 4NE","VERNON",762,43.48,-90.69,0.0,0.0,0.0,0.0,0.0,0.0,0.0,0.0,0.0,0.0,0.0,0.0,0.0,0.0,0.0,0.0,0.0,0.0,0.0,0.0,0.0,0.0,0.0,0.0,0.0,0.0,0.0,0.0,0.0,0.0,0.0
USC00477092,"REST LAKE","VILAS",1611,46.12,-89.88,0.0,0.0,0.0,0.0,0.0,0.0,0.0,0.0,0.0,0.0,0.0,0.0,0.0,0.0,0.0,0.0,0.0,0.0,0.0,0.0,0.0,0.0,0.0,0.0,0.0,0.0,0.0,0.0,0.0,0.0,0.0
USC00477113,"RHINELANDER","ONEIDA",1571,45.60,-89.45,0.0,0.0,0.0,0.0,0.0,0.0,0.0,0.0,0.0,0.0,0.0,0.0,0.0,0.0,0.0,0.0,0.0,0.0,0.0,0.0,0.0,0.0,0.0,0.0,0.0,0.0,0.0,0.0,0.0,0.0,0.0
US1WION0001,"RHINELANDER 2.7 WNW","ONEIDA",1654,45.66,-89.46,M,0.0,0.0,0.0,0.0,M,0.0,M,M,0.0,M,M,M,0.0,M,M,M,M,0.0,0.0,M,M,0.0,M,M,0.0,M,M,0.0,0.0,0.0
USC00477115,"RHINELANDER 4NE","ONEIDA",1586,45.65,-89.31,0.0,0.0,0.0,0.0,0.0,0.0,0.0,0.0,0.0,0.0,0.0,0.0,0.0,0.0,0.0,0.0,0.0,0.0,0.0,0.0,0.0,0.0,0.0,0.0,0.0,0.0,0.0,0.0,0.0,0.0,0.0
US1WION0006,"RHINELANDER 5.2 N","ONEIDA",1654,45.71,-89.42,M,0.0,0.0,0.0,0.0,M,0.0,M,M,0.0,M,M,0.0,0.0,M,0.0,M,0.0,0.0,0.0,M,0.0,0.0,M,0.0,0.0,M,M,0.0,0.0,M
US1WION0002,"RHINELANDER 6.3 WNW","ONEIDA",1600,45.68,-89.53,M,0.0,0.0,0.0,M,M,0.0,M,M,M,M,M,0.0,0.0,M,M,0.0,0.0,0.0,0.0,0.0,M,0.0,M,0.0,0.0,M,M,0.0,0.0,0.0
USW00004803,"RHINELANDER ONEIDA COUNTY AP","ONEIDA",1624,45.63,-89.48,0.0,0.0,0.0,0.0,0.0,0.0,0.0,0.0,0.0,0.0,0.0,0.0,0.0,0.0,0.0,0.0,0.0,0.0,0.0,0.0,0.0,0.0,0.0,0.0,0.0,0.0,0.0,0.0,0.0,0.0,0.0
USC00477118,"RHINELANDER WJFW TV-12","ONEIDA",1609,45.62,-89.41,0.0,0.0,0.0,0.0,0.0,0.0,0.0,0.0,0.0,0.0,0.0,0.0,0.0,0.0,0.0,0.0,0.0,0.0,0.0,0.0,0.0,0.0,0.0,0.0,0.0,0.0,0.0,0.0,0.0,0.0,0.0
USC00477132,"RICE LAKE","BARRON",1103,45.42,-91.77,0.0,0.0,0.0,0.0,0.0,0.0,0.0,0.0,0.0,0.0,0.0,0.0,0.0,0.0,0.0,0.0,0.0,0.0,0.0,0.0,0.0,0.0,0.0,0.0,0.0,0.0,0.0,0.0,0.0,0.0,0.0
USC00477142,"RICE RESERVOIR TOMAHAWK-2","LINCOLN",1460,45.54,-89.73,0.0,0.0,0.0,0.0,0.0,0.0,0.0,0.0,0.0,0.0,0.0,0.0,0.0,0.0,0.0,0.0,0.0,0.0,0.0,0.0,0.0,0.0,0.0,0.0,0.0,0.0,0.0,0.0,0.0,0.0,0.0
USC00477174,"RIDGELAND 1 NNE","BARRON",1080,45.21,-91.89,0.0,0.0,0.0,0.0,0.0,0.0,0.0,0.0,0.0,0.0,0.0,0.0,0.0,0.0,0.0,0.0,0.0,0.0,0.0,0.0,0.0,0.0,0.0,0.0,0.0,0.0,0.0,0.0,0.0,0.0,0.0
USC00477226,"RIVER FALLS","PIERCE",940,44.85,-92.61,0.0,0.0,0.0,0.0,0.0,0.0,0.0,0.0,0.0,0.0,0.0,0.0,0.0,0.0,0.0,0.0,0.0,0.0,0.0,0.0,0.0,0.0,0.0,0.0,0.0,0.0,0.0,0.0,0.0,0.0,0.0
US1WIPC0003,"RIVER FALLS 0.4 E","PIERCE",916,44.86,-92.61,0.0,0.0,0.0,0.0,0.0,M,M,M,0.0,M,0.0,M,0.0,0.0,M,0.0,M,0.0,0.0,0.0,0.0,0.0,M,M,0.0,0.0,0.0,M,M,M,M
US1WIPC0011,"RIVER FALLS 0.7 NW","PIERCE",908,44.86,-92.63,M,0.0,0.0,0.0,0.0,M,M,0.0,0.0,M,0.0,M,0.0,M,M,M,M,0.0,0.0,0.0,M,M,0.0,M,0.0,0.0,M,M,0.0,M,M
US1WIPC0005,"RIVER FALLS 1.2 SSW","PIERCE",902,44.84,-92.64,M,0.0,0.0,0.0,0.0,M,M,M,M,M,M,M,0.0,M,M,M,M,M,M,M,M,M,M,M,M,M,M,M,M,0.0,0.0
US1WIPC0010,"RIVER FALLS 1.4 S","PIERCE",974,44.84,-92.62,M,0.0,0.0,0.0,0.0,M,M,M,M,M,M,M,0.0,M,M,0.0,M,0.0,M,M,M,M,M,M,0.0,0.0,0.0,M,M,0.0,M
USC00477230,"ROBERTS WWTP","ST. CROIX",980,44.97,-92.56,0.0,0.0,0.0,0.0,0.0,0.0,0.0,0.0,0.0,0.0,0.0,0.0,0.0,0.0,0.0,0.0,0.0,0.0,0.0,0.0,0.0,0.0,0.0,0.0,0.0,0.0,0.0,0.0,0.0,0.0,0.0
US1WISK0002,"ROCK SPRINGS 2.8 WSW","SAUK",1119,43.46,-89.97,M,0.0,0.0,0.0,0.0,M,M,M,0.0,0.0,0.0,M,0.0,0.0,M,M,M,0.0,0.0,0.0,0.0,M,0.0,M,0.0,0.0,0.0,0.0,M,M,0.0
USC00477349,"ROSHOLT 9 NNE","MARATHON",1183,44.75,-89.25,0.0,0.0,0.0,0.0,0.0,0.0,0.0,0.0,0.0,0.0,0.0,0.0,0.0,0.0,0.0,0.0,0.0,0.0,0.0,0.0,0.0,0.0,0.0,0.0,0.0,0.0,0.0,0.0,0.0,0.0,0.0
USC00473332,"SAXON 1WSW","IRON",1165,46.49,-90.44,0.0,0.0,0.0,0.0,0.0,0.0,0.0,0.0,0.0,0.0,0.0,0.0,M,0.0,0.0,0.0,0.0,0.0,0.0,0.0,0.0,0.0,0.0,0.0,0.0,0.0,0.0,0.0,0.0,0.0,0.0
US1WIMT0003,"SCHOFIELD 2.1 SSE","MARATHON",1316,44.89,-89.60,M,0.0,0.0,0.0,0.0,M,0.0,M,M,0.0,M,M,0.0,M,0.0,0.0,M,M,0.0,0.0,M,M,0.0,M,M,0.0,0.0,M,M,0.0,0.0
US1WIMT0001,"SCHOFIELD 3.3 E","MARATHON",1217,44.92,-89.54,M,M,M,M,M,M,M,M,M,M,M,M,M,M,M,M,M,M,0.0,M,M,M,M,M,M,M,M,M,M,M,M
USC00477708,"SHAWANO 2SSW","SHAWANO",806,44.76,-88.62,0.0,0.0,0.0,0.0,0.0,0.0,0.0,0.0,0.0,0.0,0.0,0.0,0.0,0.0,0.0,0.0,0.0,0.0,0.0,0.0,0.0,0.0,0.0,0.0,0.0,0.0,0.0,0.0,0.0,0.0,0.0
US1WISB0014,"SHEBOYGAN 2.7 N","SHEBOYGAN",641,43.78,-87.72,0.0,0.0,0.0,0.0,0.0,0.0,0.0,0.0,0.0,0.0,0.0,0.0,0.0,0.0,0.0,M,0.0,0.0,0.0,0.0,0.0,0.0,0.0,0.0,0.0,0.0,0.0,M,M,0.0,0.0
US1WISB0012,"SHEBOYGAN 3.2 NW","SHEBOYGAN",680,43.78,-87.77,M,M,M,M,M,M,M,M,0.0,M,M,M,M,M,M,M,M,M,M,M,M,M,M,M,M,M,M,M,M,M,M
USW00004841,"SHEBOYGAN COUNTY MEMORIAL AP","SHEBOYGAN",746,43.77,-87.85,0.0,0.0,0.0,M,M,M,M,0.0,0.0,0.0,0.0,0.0,0.0,0.0,M,0.0,0.0,0.0,0.0,0.0,0.0,M,M,M,M,M,M,M,M,M,M
USC00477745,"SHELDON","RUSK",1120,45.31,-90.96,0.0,0.0,0.0,0.0,0.0,0.0,0.0,0.0,0.0,0.0,0.0,0.0,0.0,0.0,0.0,0.0,0.0,0.0,0.0,0.0,0.0,0.0,0.0,0.0,0.0,0.0,0.0,0.0,0.0,0.0,0.0
USC00477761,"SHIOCTON","OUTAGAMIE",770,44.44,-88.58,0.0,0.0,0.0,0.0,0.0,0.0,0.0,0.0,0.0,0.0,0.0,0.0,0.0,0.0,0.0,0.0,0.0,0.0,0.0,0.0,0.0,0.0,0.0,0.0,0.0,0.0,0.0,0.0,0.0,0.0,0.0
US1WIMW0001,"SHOREWOOD 0.6 NW","MILWAUKEE",663,43.10,-87.89,M,0.0,0.0,0.0,0.0,M,M,0.0,0.0,0.0,M,0.0,0.0,0.0,M,0.0,M,0.0,0.0,0.0,M,M,M,M,0.0,0.0,0.0,M,M,0.0,0.0
USC00477997,"SPARTA","MONROE",782,43.94,-90.82,0.0,0.0,0.0,0.0,0.0,0.0,0.0,0.0,0.0,0.0,0.0,0.0,0.0,0.0,0.0,0.0,0.0,0.0,0.0,0.0,0.0,0.0,0.0,0.0,0.0,0.0,0.0,0.0,0.0,0.0,0.0
US1WIWB0005,"SPOONER","WASHBURN",0,45.84,-91.91,M,0.0,0.0,0.0,M,M,M,M,M,M,M,M,M,M,0.0,0.0,M,0.0,0.0,M,0.0,0.0,M,M,0.0,M,M,M,0.0,0.0,M
US1WIBT0002,"SPOONER 10.6 WNW","BURNETT",984,45.88,-92.10,M,M,M,0.0,0.0,M,M,M,M,M,M,M,M,M,M,M,M,0.0,M,0.0,M,0.0,0.0,M,0.0,0.0,M,M,0.0,0.0,0.0
US1WIWB0009,"SPOONER 6.7 ENE","WASHBURN",1257,45.84,-91.76,M,0.0,0.0,0.0,0.0,M,M,M,M,M,M,M,M,M,M,M,M,M,0.0,0.0,M,0.0,0.0,M,0.0,0.0,M,M,0.0,0.0,0.0
USC00478027,"SPOONER AG RESEARCH STATION","WASHBURN",1100,45.82,-91.88,0.0,0.0,0.0,0.0,0.0,0.0,0.0,0.0,0.0,0.0,0.0,0.0,0.0,0.0,0.0,0.0,0.0,0.0,0.0,0.0,0.0,0.0,0.0,0.0,0.0,0.0,0.0,0.0,0.0,0.0,0.0
USC00477464,"ST CROIX FALLS","POLK",750,45.41,-92.65,0.0,0.0,0.0,0.0,0.0,0.0,0.0,0.0,0.0,0.0,0.0,0.0,0.0,0.0,0.0,0.0,0.0,0.0,0.0,0.0,0.0,0.0,0.0,0.0,0.0,0.0,0.0,0.0,0.0,0.0,0.0
USC00477480,"ST GERMAIN","VILAS",1643,45.92,-89.49,0.0,0.0,0.0,0.0,0.0,0.0,0.0,0.0,0.0,0.0,0.0,0.0,0.0,0.0,0.0,0.0,0.0,0.0,0.0,0.0,0.0,0.0,0.0,0.0,0.0,0.0,0.0,0.0,0.0,0.0,0.0
US1WIPK0010,"ST. CROIX FALLS 7.0 ESE","POLK",1117,45.38,-92.50,M,0.0,0.0,0.0,0.0,M,M,M,0.0,M,M,M,0.0,0.0,M,0.0,M,0.0,0.0,0.0,M,M,0.0,M,0.0,0.0,0.0,M,0.0,0.0,0.0
USC00478164,"STEUBEN 4 SE","CRAWFORD",1015,43.13,-90.84,0.0,0.0,0.0,0.0,0.0,0.0,0.0,0.0,0.0,0.0,0.0,0.0,0.0,0.0,0.0,0.0,0.0,0.0,0.0,0.0,0.0,0.0,0.0,0.0,0.0,0.0,0.0,0.0,0.0,0.0,0.0
USC00478171,"STEVENS POINT","PORTAGE",1079,44.51,-89.59,0.0,0.0,0.0,0.0,0.0,0.0,0.0,0.0,0.0,0.0,0.0,0.0,0.0,0.0,0.0,0.0,0.0,0.0,0.0,0.0,0.0,0.0,0.0,0.0,0.0,0.0,0.0,0.0,0.0,0.0,0.0
USC00478190,"STOCKBRIDGE-MUNSEE RESERVATION","SHAWANO",1050,44.87,-88.90,0.0,0.0,0.0,0.0,0.0,0.0,0.0,0.0,0.0,0.0,0.0,0.0,0.0,0.0,0.0,0.0,0.0,0.0,0.0,0.0,0.0,0.0,0.0,0.0,0.0,0.0,0.0,0.0,0.0,0.0,0.0
US1WIPP0002,"STOCKHOLM 3.0 NE","PEPIN",1143,44.52,-92.22,M,M,M,M,M,M,M,M,M,M,M,M,M,M,M,M,M,M,M,M,M,M,0.0,M,M,M,M,M,M,M,M
US1WIWB0002,"STONE LAKE 2.0 NW","WASHBURN",1328,45.86,-91.58,M,0.0,0.0,0.0,0.0,M,0.0,M,M,M,M,M,0.0,M,M,0.0,0.0,0.0,0.0,0.0,M,0.0,0.0,M,M,0.0,M,M,0.0,0.0,0.0
USC00478241,"STRATFORD 1 NW","MARATHON",1231,44.82,-90.09,0.0,0.0,0.0,0.0,0.0,0.0,0.0,0.0,0.0,0.0,0.0,0.0,0.0,0.0,0.0,0.0,0.0,0.0,0.0,0.0,0.0,0.0,0.0,0.0,0.0,0.0,0.0,0.0,0.0,0.0,0.0
US1WIDR0007,"STURGEON BAY 2.6 WNW","DOOR",706,44.84,-87.42,M,0.0,0.0,0.0,0.0,M,M,M,M,0.0,M,M,0.0,0.0,M,0.0,M,M,0.0,0.0,0.0,M,0.0,M,M,0.0,0.0,M,M,0.0,0.0
USC00478267,"STURGEON BAY EXP FARM","DOOR",699,44.88,-87.34,0.0,0.0,0.0,0.0,0.0,0.0,0.0,0.0,0.0,0.0,0.0,0.0,0.0,0.0,0.0,0.0,0.0,0.0,0.0,0.0,0.0,0.0,0.0,0.0,0.0,0.0,0.0,0.0,0.0,0.0,0.0
US1WIBN0006,"SUAMICO 4.4 WNW","BROWN",691,44.66,-88.12,M,M,M,M,0.0,M,0.0,M,M,0.0,M,M,0.0,0.0,M,M,0.0,M,0.0,M,0.0,M,M,M,0.0,0.0,0.0,M,M,M,0.0
USC00478324,"SUMMIT LAKE","LANGLADE",1732,45.38,-89.19,0.0,0.0,0.0,0.0,0.0,0.0,0.0,0.0,0.0,0.0,0.0,0.0,0.0,0.0,0.0,0.0,0.0,0.0,0.0,0.0,0.0,0.0,0.0,0.0,0.0,0.0,0.0,0.0,0.0,0.0,0.0
USC00478349,"SUPERIOR","DOUGLAS",607,46.73,-92.07,0.0,0.0,M,0.0,0.0,0.0,0.0,0.0,0.0,0.0,0.0,0.0,0.0,0.0,0.0,0.0,0.0,0.0,0.0,0.0,0.0,0.0,0.0,0.0,0.0,0.0,0.0,0.0,0.0,0.0,0.0
USC00478376,"SURING","OCONTO",792,45.00,-88.38,0.0,0.0,0.0,0.0,0.0,0.0,0.0,0.0,0.0,0.0,0.0,0.0,0.0,0.0,0.0,0.0,0.0,0.0,0.0,0.0,0.0,0.0,0.0,0.0,0.0,0.0,0.0,0.0,0.0,0.0,0.0
US1WIWK0005,"SUSSEX 0.8 NNE","WAUKESHA",965,43.15,-88.21,M,0.0,0.0,0.0,0.0,M,M,0.0,0.0,0.0,M,0.0,0.0,0.0,M,0.0,M,0.0,0.0,0.0,0.0,M,0.0,M,M,0.0,0.0,M,M,0.0,0.0
US1WIWK0030,"SUSSEX 3.4 W","WAUKESHA",1001,43.14,-88.29,M,0.0,M,0.0,0.0,M,M,M,0.0,M,M,M,M,0.0,M,M,M,M,0.0,0.0,0.0,M,M,M,M,M,0.0,M,M,M,0.0
US1WISW0003,"TIGERTON 2.4 SE","SHAWANO",1025,44.72,-89.02,M,0.0,M,0.0,0.0,M,0.0,M,M,M,M,M,0.0,0.0,M,0.0,M,M,0.0,0.0,M,M,0.0,M,M,0.0,0.0,M,M,0.0,0.0
US1WIMN0006,"TOMAH 5.0 N","MONROE",981,44.06,-90.50,M,M,0.0,0.0,0.0,M,M,M,M,M,M,M,0.0,0.0,M,M,M,0.0,0.0,0.0,0.0,M,M,M,0.0,0.0,0.0,M,M,M,0.0
US1WITR0003,"TREMPEALEAU 1.8 NW","TREMPEALEAU",724,44.03,-91.46,M,0.0,M,M,0.0,M,M,M,0.0,0.0,M,M,0.0,M,M,M,M,0.0,0.0,0.0,0.0,M,M,M,0.0,0.0,0.0,M,M,0.0,M
USC00478589,"TREMPEALEAU DAM 6","TREMPEALEAU",660,44.00,-91.44,0.0,0.0,0.0,0.0,0.0,0.0,0.0,0.0,0.0,0.0,0.0,0.0,0.0,0.0,0.0,0.0,0.0,0.0,0.0,0.0,0.0,0.0,0.0,0.0,0.0,0.0,0.0,0.0,0.0,0.0,0.0
USC00478672,"TWO RIVERS","MANITOWOC",589,44.14,-87.57,0.0,0.0,0.0,0.0,0.0,0.0,0.0,0.0,0.0,0.0,0.0,0.0,0.0,0.0,0.0,0.0,0.0,0.0,0.0,0.0,0.0,0.0,0.0,0.0,0.0,0.0,0.0,0.0,0.0,0.0,0.0
US1WIMC0004,"TWO RIVERS 1.4 N","MANITOWOC",608,44.18,-87.58,M,0.0,0.0,0.0,0.0,M,0.0,M,0.0,0.0,M,M,0.0,0.0,M,0.0,0.0,0.0,0.0,0.0,0.0,M,0.0,M,M,0.0,0.0,0.0,M,0.0,0.0
US1WIMC0002,"TWO RIVERS 4.5 WNW","MANITOWOC",605,44.17,-87.67,M,0.0,0.0,M,0.0,M,0.0,M,0.0,0.0,M,0.0,0.0,0.0,0.0,0.0,0.0,M,0.0,0.0,0.0,M,0.0,M,M,0.0,0.0,M,M,0.0,0.0
USC00478750,"UPSON","IRON",1497,46.37,-90.41,0.0,0.0,0.0,0.0,0.0,0.0,0.0,0.0,0.0,0.0,0.0,0.0,0.0,0.0,0.0,0.0,0.0,0.0,0.0,0.0,0.0,0.0,0.0,0.0,0.0,0.0,0.0,0.0,0.0,0.0,M
US1WIVR0003,"VIOLA 3.5 WNW","VERNON",801,43.53,-90.74,M,0.0,0.0,0.0,0.0,M,M,0.0,0.0,0.0,0.0,M,0.0,M,M,M,M,M,M,M,M,M,0.0,M,0.0,0.0,0.0,M,M,M,0.0
USC00478827,"VIROQUA","VERNON",1255,43.56,-90.88,0.0,0.0,0.0,0.0,0.0,0.0,0.0,0.0,0.0,0.0,0.0,0.0,0.0,0.0,0.0,0.0,0.0,0.0,0.0,0.0,0.0,T,0.0,0.0,0.0,0.0,0.0,0.0,0.0,0.0,0.0
US1WIVR0002,"VIROQUA 0.8 ESE","VERNON",1214,43.55,-90.87,M,0.0,M,0.0,0.0,M,M,M,M,0.0,M,M,0.0,M,0.0,M,M,0.0,0.0,0.0,0.0,M,0.0,M,0.0,0.0,0.0,0.0,M,0.0,0.0
USC00478905,"WASHINGTON IS","DOOR",686,45.36,-86.89,0.0,0.0,0.0,0.0,0.0,0.0,0.0,0.0,0.0,0.0,0.0,0.0,0.0,0.0,0.0,0.0,0.0,0.0,0.0,0.0,0.0,0.0,0.0,0.0,0.0,0.0,0.0,0.0,0.0,0.0,0.0
US1WIJF0002,"WATERTOWN 1.6 ESE","JEFFERSON",830,43.18,-88.70,M,0.0,0.0,M,M,M,M,M,M,0.0,M,0.0,M,0.0,0.0,M,M,0.0,M,M,0.0,M,0.0,M,M,0.0,0.0,M,M,0.0,M
US1WIWK0037,"WAUKESHA 2.0 NNW","WAUKESHA",927,43.04,-88.26,M,M,M,M,M,M,0.0,M,M,0.0,M,M,M,0.0,M,M,M,M,M,M,M,M,M,M,M,M,M,M,M,M,0.0
US1WIWK0004,"WAUKESHA 2.1 SSW","WAUKESHA",817,42.98,-88.25,0.0,0.0,0.0,0.0,0.0,0.0,0.0,0.0,0.0,0.0,0.0,0.0,0.0,0.0,0.0,0.0,0.0,0.0,0.0,0.0,0.0,0.0,0.0,0.0,0.0,0.0,0.0,0.0,0.0,0.0,0.0
USC00478951,"WAUPACA","WAUPACA",837,44.35,-89.06,0.0,0.0,0.0,0.0,0.0,0.0,0.0,0.0,0.0,0.0,0.0,0.0,0.0,0.0,0.0,0.0,0.0,0.0,0.0,0.0,0.0,0.0,0.0,0.0,0.0,0.0,0.0,0.0,0.0,0.0,0.0
US1WIMT0004,"WAUSAU 1.7 ENE","MARATHON",1215,44.97,-89.61,M,M,M,M,M,M,M,M,M,M,M,M,M,M,M,M,M,M,0.0,M,0.0,M,M,M,M,M,M,M,M,M,M
USW00014897,"WAUSAU ASOS","MARATHON",1200,44.93,-89.63,0.0,0.0,0.0,0.0,0.0,0.0,0.0,0.0,0.0,0.0,0.0,0.0,0.0,0.0,0.0,0.0,0.0,0.0,0.0,0.0,0.0,0.0,0.0,0.0,0.0,0.0,0.0,0.0,0.0,0.0,0.0
USC00478969,"WAUSAU WSAW TV","MARATHON",1197,44.95,-89.62,0.0,0.0,0.0,0.0,0.0,0.0,0.0,0.0,0.0,0.0,0.0,0.0,0.0,0.0,0.0,0.0,0.0,0.0,0.0,0.0,0.0,0.0,0.0,0.0,0.0,0.0,0.0,0.0,0.0,0.0,0.0
USC00478978,"WAUSAUKEE","MARINETTE",745,45.38,-87.96,0.0,0.0,0.0,0.0,0.0,0.0,0.0,0.0,0.0,0.0,0.0,0.0,0.0,0.0,0.0,0.0,0.0,0.0,0.0,0.0,0.0,0.0,0.0,0.0,0.0,0.0,0.0,0.0,0.0,0.0,0.0
USC00478987,"WAUTOMA-SILVER LAKE SAN DIST","WAUSHARA",869,44.04,-89.24,0.0,0.0,0.0,0.0,0.0,0.0,0.0,0.0,0.0,0.0,0.0,0.0,0.0,0.0,0.0,0.0,0.0,0.0,0.0,0.0,0.0,0.0,0.0,0.0,0.0,0.0,0.0,0.0,0.0,0.0,0.0
USC00479012,"WEBSTER 9SE","BURNETT",1005,45.79,-92.23,0.0,M,0.0,0.0,0.0,0.0,0.0,0.0,0.0,0.0,0.0,0.0,0.0,M,M,0.0,0.0,0.0,0.0,0.0,0.0,0.0,0.0,0.0,0.0,M,0.0,0.0,0.0,0.0,0.0
US1WIMW0018,"WEST ALLIS 0.7 SSE","MILWAUKEE",768,43.00,-88.02,0.0,0.0,0.0,0.0,0.0,0.0,0.0,0.0,0.0,0.0,0.0,0.0,0.0,0.0,0.0,0.0,0.0,0.0,0.0,0.0,0.0,0.0,0.0,0.0,0.0,0.0,0.0,0.0,0.0,0.0,0.0
US1WIWS0015,"WEST BEND 5.4 SE","WASHINGTON",895,43.37,-88.10,0.0,M,M,M,0.0,0.0,0.0,0.0,M,M,0.0,0.0,0.0,0.0,0.0,0.0,M,0.0,0.0,M,M,0.0,M,0.0,0.0,0.0,M,0.0,0.0,0.0,M
USC00479062,"WESTBY 3ENE","VERNON",1282,43.67,-90.81,0.0,0.0,0.0,0.0,0.0,0.0,0.0,0.0,0.0,0.0,0.0,0.0,0.0,0.0,0.0,0.0,0.0,0.0,0.0,0.0,0.0,0.0,0.0,0.0,0.0,0.0,0.0,0.0,0.0,0.0,0.0
USC00479176,"WHITE LAKE 1 SE","LANGLADE",1289,45.15,-88.74,0.0,0.0,0.0,0.0,0.0,0.0,0.0,0.0,0.0,0.0,0.0,0.0,0.0,0.0,0.0,0.0,0.0,0.0,0.0,0.0,0.0,0.0,0.0,0.0,0.0,0.0,0.0,0.0,0.0,0.0,0.0
US1WIJF0005,"WHITEWATER 1.3 NW","JEFFERSON",843,42.85,-88.75,M,0.0,0.0,0.0,M,M,M,M,0.0,M,M,0.0,0.0,0.0,M,M,M,M,M,M,M,M,M,M,0.0,0.0,0.0,0.0,M,0.0,0.0
USC00479236,"WILLOW RESERVOIR","ONEIDA",1532,45.71,-89.85,0.0,0.0,0.0,0.0,0.0,0.0,0.0,0.0,0.0,0.0,0.0,0.0,0.0,0.0,0.0,0.0,0.0,0.0,0.0,0.0,0.0,0.0,0.0,0.0,0.0,0.0,0.0,0.0,0.0,0.0,0.0
US1WIMN0004,"WILTON 4.2 E","MONROE",1408,43.81,-90.44,M,M,0.0,0.0,M,M,M,M,0.0,0.0,M,M,0.0,0.0,M,M,M,M,M,0.0,0.0,M,M,M,M,0.0,0.0,M,0.0,M,M
USC00479304,"WINTER","SAWYER",1355,45.80,-90.99,0.0,0.0,0.0,0.0,0.0,0.0,0.0,0.0,0.0,0.0,0.0,0.0,0.0,0.0,0.0,0.0,0.0,0.0,0.0,0.0,0.0,0.0,0.0,0.0,0.0,0.0,0.0,0.0,0.0,0.0,0.0
US1WILF0001,"WIOTA 3.0 E","LAFAYETTE",1000,42.63,-89.89,M,0.0,0.0,0.0,M,M,M,M,0.0,0.0,M,M,M,M,0.0,M,M,M,0.0,0.0,M,M,0.0,M,M,M,M,M,M,M,0.0
USC00479345,"WISC RAPIDS GRAND AV B","WOOD",1020,44.40,-89.83,0.0,0.0,0.0,0.0,0.0,0.0,0.0,0.0,0.0,0.0,0.0,0.0,0.0,0.0,0.0,0.0,0.0,0.0,0.0,0.0,0.0,0.0,0.0,0.0,0.0,0.0,0.0,0.0,0.0,0.0,0.0
US1WIWD0002,"WISCONSIN RAPIDS 4.6 SSE","WOOD",1021,44.34,-89.78,M,0.0,M,M,0.0,M,0.0,M,M,M,M,M,0.0,M,M,M,M,M,0.0,0.0,M,M,M,M,M,0.0,0.0,M,M,M,0.0
USW00004826,"WISCONSIN RAPIDS ALEXANDER FIELD","WOOD",1019,44.36,-89.84,0.0,0.0,0.0,0.0,0.0,0.0,0.0,0.0,0.0,0.0,0.0,0.0,0.0,0.0,0.0,0.0,0.0,0.0,0.0,0.0,0.0,0.0,0.0,0.0,0.0,0.0,0.0,0.0,0.0,0.0,0.0
