Idaho Snowfall, October 2018
"GHCN ID","Station Name",County,Elevation,Latitude,Longitude,"Oct 1","Oct 2","Oct 3","Oct 4","Oct 5","Oct 6","Oct 7","Oct 8","Oct 9","Oct 10","Oct 11","Oct 12","Oct 13","Oct 14","Oct 15","Oct 16","Oct 17","Oct 18","Oct 19","Oct 20","Oct 21","Oct 22","Oct 23","Oct 24","Oct 25","Oct 26","Oct 27","Oct 28","Oct 29","Oct 30","Oct 31"
USC00100010,"ABERDEEN EXPERIMENT STN","BINGHAM",4404,42.95,-112.83,0.0,0.0,0.0,0.0,0.0,0.0,0.0,0.0,0.0,0.0,0.0,0.0,0.0,T,0.0,0.0,0.0,0.0,0.0,0.0,0.0,0.0,0.0,0.0,0.0,0.0,0.0,0.0,0.0,M,0.0
USC00100218,"AMERICAN FALLS","POWER",4509,42.80,-112.80,0.0,0.0,0.0,0.0,0.0,0.0,0.0,0.0,0.0,0.0,0.0,0.0,0.0,0.0,0.0,0.0,0.0,0.0,0.0,0.0,0.0,0.0,0.0,0.0,0.0,0.0,0.0,0.0,0.0,0.0,0.0
US1IDPW0004,"AMERICAN FALLS 3.6 ESE","POWER",4647,42.77,-112.79,M,M,M,M,M,M,M,M,M,M,0.0,M,M,M,0.0,M,M,M,M,0.0,0.0,M,M,M,0.0,0.0,0.0,0.0,0.0,0.0,0.0
US1IDPW0001,"AMERICAN FALLS 8.2 W","POWER",4573,42.79,-113.02,0.0,0.0,M,M,M,M,M,0.0,M,M,M,0.0,0.0,1.0,0.0,0.0,0.0,0.0,0.0,0.0,0.0,0.0,M,M,0.0,0.0,0.0,0.0,0.0,0.0,0.0
US1IDFM0002,"ASHTON 1.4 E","FREMONT",5288,44.07,-111.42,M,0.0,M,M,M,M,M,M,M,M,M,M,M,M,M,M,M,M,M,M,M,M,M,M,M,0.0,M,M,M,M,M
US1IDKT0003,"ATHOL 1.5 ENE","KOOTENAI",2458,47.95,-116.68,0.0,M,M,0.0,0.0,M,M,0.0,M,M,0.0,0.0,M,0.0,0.0,0.0,0.0,0.0,0.0,0.0,0.0,0.0,0.0,0.0,0.0,M,M,M,0.0,0.0,0.0
US1IDSH0002,"AVERY 0.1 S","SHOSHONE",2493,47.25,-115.81,M,M,M,0.0,0.0,M,M,0.0,M,0.0,0.0,0.0,M,M,0.0,0.0,0.0,0.0,0.0,0.0,0.0,0.0,0.0,M,0.0,M,M,M,M,M,M
USC00100667,"BAYVIEW MODEL BASIN","KOOTENAI",2086,47.98,-116.56,0.0,0.0,0.0,0.0,0.0,0.0,0.0,0.0,0.0,0.0,0.0,0.0,0.0,0.0,0.0,M,0.0,0.0,0.0,0.0,0.0,0.0,0.0,0.0,0.0,0.0,0.0,0.0,0.0,0.0,0.0
USC00100774,"BELLEVUE","BLAINE",5191,43.47,-114.26,0.0,0.0,0.0,T,0.0,0.0,0.0,0.0,0.0,0.0,0.0,0.0,0.0,0.0,0.0,0.0,0.0,0.0,0.0,0.0,0.0,0.0,0.0,0.0,0.0,0.0,0.0,0.0,0.0,0.0,0.0
US1IDBN0003,"BELLEVUE 0.3 SSE","BLAINE",5190,43.46,-114.26,0.0,0.0,0.0,M,M,M,M,0.0,M,M,M,0.0,0.0,0.0,0.0,0.0,0.0,0.0,0.0,0.0,0.0,0.0,M,M,0.0,0.0,M,M,M,M,M
USC00100803,"BERN","BEAR LAKE",5962,42.34,-111.39,0.0,0.0,0.0,0.0,0.0,0.0,0.0,0.0,0.0,1.0,T,0.0,0.0,0.0,0.0,0.0,0.0,0.0,0.0,0.0,0.0,0.0,0.0,0.0,0.0,0.0,0.0,0.0,0.0,0.0,0.0
USC00100915,"BLACKFOOT FIRE DEPARTMENT","BINGHAM",4498,43.19,-112.35,0.0,0.0,0.0,0.0,0.0,0.0,0.0,0.0,0.0,0.0,0.0,0.0,0.0,0.0,0.0,0.0,0.0,0.0,0.0,0.0,0.0,0.0,0.0,0.0,0.0,0.0,0.0,0.0,0.0,0.0,0.0
US1IDBS0001,"BOISE 12.5 ENE","BOISE",3408,43.65,-115.97,M,M,M,M,0.0,M,M,M,M,M,M,M,M,M,M,M,M,M,M,M,M,M,M,0.0,M,0.0,M,0.0,M,M,M
US1IDAD0009,"BOISE 2.1 NNE","ADA",2715,43.63,-116.20,0.0,0.0,0.0,M,M,M,M,0.0,M,M,0.0,0.0,0.0,0.0,0.0,0.0,0.0,0.0,0.0,0.0,0.0,0.0,M,0.0,M,0.0,M,0.0,M,M,0.0
US1IDAD0005,"BOISE 4.4 WNW","ADA",2677,43.62,-116.30,0.0,0.0,0.0,0.0,M,M,M,0.0,M,M,0.0,0.0,0.0,0.0,0.0,0.0,0.0,0.0,0.0,0.0,0.0,0.0,0.0,0.0,M,0.0,M,0.0,0.0,M,0.0
US1IDAD0020,"BOISE 4.8 ESE","ADA",2736,43.58,-116.16,M,M,M,M,M,M,M,M,M,M,M,M,M,M,M,M,M,0.0,0.0,0.0,M,M,M,M,M,M,M,0.0,0.0,M,M
US1IDAD0008,"BOISE 4.9 NNW","ADA",2894,43.67,-116.25,0.0,0.0,0.0,M,0.0,M,0.0,0.0,M,M,0.0,0.0,0.0,0.0,0.0,0.0,0.0,0.0,0.0,0.0,0.0,M,0.0,0.0,0.0,M,0.0,0.0,0.0,0.0,0.0
US1IDAD0002,"BOISE 5.3 NW","ADA",2621,43.67,-116.27,0.0,0.0,0.0,0.0,0.0,0.0,0.0,0.0,0.0,0.0,0.0,0.0,0.0,0.0,0.0,0.0,0.0,0.0,0.0,0.0,0.0,0.0,0.0,0.0,0.0,0.0,0.0,0.0,0.0,0.0,0.0
US1IDAD0011,"BOISE 6.1 SW","ADA",2704,43.57,-116.32,0.0,0.0,0.0,0.0,0.0,0.0,0.0,0.0,0.0,0.0,0.0,0.0,0.0,0.0,0.0,0.0,0.0,0.0,0.0,0.0,0.0,0.0,0.0,0.0,0.0,0.0,0.0,0.0,0.0,0.0,M
USW00024131,"BOISE AIR TERMINAL","ADA",2813,43.57,-116.24,0.0,0.0,0.0,0.0,0.0,0.0,0.0,0.0,0.0,0.0,0.0,0.0,0.0,0.0,0.0,0.0,0.0,0.0,0.0,0.0,0.0,0.0,0.0,M,0.0,0.0,0.0,0.0,0.0,0.0,0.0
US1IDBS0008,"BOISE CITY 12.3 ENE","BOISE",3297,43.65,-115.99,M,M,M,M,M,M,M,M,M,M,M,M,M,0.0,M,M,M,M,M,M,M,M,M,M,M,M,M,M,M,M,M
US1IDAD0037,"BOISE CITY 2.7 SE","ADA",2740,43.58,-116.18,0.0,0.0,0.0,M,M,M,M,0.0,M,M,0.0,M,M,M,M,0.0,0.0,0.0,0.0,0.0,0.0,0.0,0.0,M,M,M,M,M,M,M,0.0
US1IDAD0043,"BOISE CITY 6.0 SE","ADA",2945,43.54,-116.14,0.0,0.0,M,M,M,M,M,0.0,M,M,0.0,0.0,0.0,0.0,0.0,0.0,0.0,0.0,0.0,0.0,0.0,0.0,M,0.0,M,0.0,M,0.0,0.0,M,0.0
US1IDAD0021,"BOISE CITY 6.1 SE","ADA",2964,43.55,-116.13,0.0,0.0,M,M,M,M,M,0.0,M,M,M,0.0,0.0,0.0,0.0,0.0,0.0,0.0,0.0,0.0,0.0,0.0,M,0.0,M,0.0,M,0.0,0.0,M,0.0
USC00101018,"BOISE LUCKY PEAK DAM","ADA",2839,43.53,-116.05,0.0,0.0,0.0,0.0,0.0,0.0,0.0,0.0,0.0,0.0,0.0,0.0,0.0,0.0,0.0,0.0,0.0,0.0,0.0,0.0,0.0,0.0,0.0,0.0,0.0,0.0,0.0,0.0,0.0,0.0,0.0
USC00101024,"BOISE NWS WFO","ADA",2855,43.57,-116.21,0.0,0.0,0.0,0.0,0.0,0.0,0.0,0.0,0.0,0.0,0.0,0.0,0.0,0.0,0.0,0.0,0.0,0.0,0.0,0.0,0.0,0.0,0.0,0.0,0.0,0.0,0.0,0.0,0.0,0.0,0.0
USC00101079,"BONNERS FERRY","BOUNDARY",2075,48.69,-116.31,0.0,0.0,0.0,0.0,0.0,0.0,0.0,0.0,0.0,0.0,0.0,0.0,0.0,0.0,0.0,0.0,0.0,0.0,0.0,0.0,0.0,0.0,0.0,0.0,0.0,0.0,0.0,0.0,0.0,0.0,0.0
US1IDBD0006,"BONNERS FERRY 2.8 NNW","BOUNDARY",0,48.73,-116.33,0.0,M,M,M,M,0.0,0.0,0.0,M,0.0,0.0,0.0,M,0.0,0.0,0.0,0.0,0.0,0.0,0.0,0.0,0.0,0.0,M,0.0,M,M,M,M,M,M
US1IDBD0001,"BONNERS FERRY 3.5 SSE","BOUNDARY",2254,48.64,-116.29,0.0,M,M,0.0,0.0,M,M,0.0,M,0.0,0.0,0.0,M,0.0,0.0,0.0,0.0,0.0,0.0,0.0,0.0,0.0,0.0,0.0,M,M,M,M,M,M,M
US1IDTF0005,"BUHL 4.2 SE","TWIN FALLS",4009,42.55,-114.71,0.0,0.0,0.0,M,0.0,M,M,M,M,M,M,0.0,0.0,M,0.0,0.0,0.0,0.0,0.0,0.0,0.0,M,M,M,0.0,0.0,0.0,0.0,M,M,0.0
USC00101551,"CASTLEFORD 2 N","TWIN FALLS",3824,42.55,-114.87,0.0,0.0,0.0,0.0,0.0,0.0,0.0,0.0,0.0,0.0,0.0,0.0,0.0,T,0.0,0.0,0.0,0.0,0.0,0.0,0.0,0.0,0.0,0.0,0.0,0.0,0.0,0.0,0.0,0.0,0.0
US1IDCT0001,"CHALLIS 10.3 S","CUSTER",5211,44.36,-114.26,0.0,0.0,0.0,0.0,0.0,0.0,0.0,0.0,M,M,0.0,0.0,0.0,0.0,0.0,0.0,0.0,0.0,0.0,0.0,0.0,0.0,0.0,M,0.0,0.0,0.0,M,M,0.0,0.0
USC00101671,"CHILLY BARTON FLAT","CUSTER",6258,43.98,-113.83,0.0,0.0,0.0,0.0,0.0,0.0,0.0,0.0,1.0,M,1.0,0.0,0.0,0.0,M,M,0.0,0.0,0.0,0.0,0.0,0.0,0.0,0.0,0.0,0.0,0.0,0.0,0.0,0.0,0.0
US1IDBR0024,"CLARK FORK 2.7 N","BONNER",2283,48.19,-116.17,0.0,M,M,0.0,0.0,M,M,0.0,M,0.0,0.0,0.0,M,M,0.0,0.0,0.0,0.0,0.0,0.0,0.0,0.0,M,M,M,M,M,M,M,M,M
USC00101956,"COEUR D'ALENE","KOOTENAI",2132,47.68,-116.80,0.0,0.0,0.0,0.0,0.0,0.0,0.0,M,M,M,M,M,M,M,M,M,M,M,M,M,M,M,M,M,M,M,M,M,0.0,0.0,M
US1IDKT0008,"COEUR D'ALENE 2.5 WNW","KOOTENAI",2229,47.71,-116.84,0.0,M,M,M,M,M,M,0.0,M,M,M,M,M,M,M,0.0,0.0,0.0,0.0,0.0,0.0,0.0,0.0,0.0,0.0,M,M,M,M,M,M
US1IDKT0012,"COEUR D'ALENE 6.6 SSW","KOOTENAI",2525,47.62,-116.86,0.0,0.0,0.0,0.0,0.0,M,M,0.0,M,M,0.0,M,M,M,M,M,M,0.0,M,M,M,M,M,0.0,0.0,M,M,M,M,0.0,0.0
USC00102392,"DEADWOOD LODGE","VALLEY",5947,44.46,-115.58,M,M,M,M,M,M,M,M,1.0,M,M,M,M,M,M,M,M,M,M,M,M,M,M,M,M,M,M,M,T,T,T
USC00102577,"DIXIE NORTH","IDAHO",5739,45.57,-115.45,M,M,M,M,0.2,M,M,M,M,M,M,M,0.0,1.1,M,M,M,M,M,M,M,M,M,M,M,M,M,M,1.0,0.8,0.0
US1IDVL0003,"DONNELLY 3.1 NE","VALLEY",5099,44.76,-116.03,M,M,M,M,M,M,M,0.0,M,M,0.0,0.0,0.0,0.0,0.0,0.0,0.0,0.0,0.0,0.0,0.0,0.0,M,M,0.0,0.0,M,M,M,M,0.0
USC00102667,"DOWNEY","BANNOCK",4864,42.43,-112.13,0.0,0.0,0.0,0.0,0.0,0.0,0.0,0.0,0.0,0.0,0.0,0.0,0.0,T,0.0,0.0,0.0,0.0,0.0,0.0,0.0,0.0,0.0,0.0,0.0,0.0,0.0,0.0,0.0,0.0,0.0
USC00102676,"DRIGGS","TETON",6119,43.73,-111.11,0.0,0.0,0.0,M,M,M,0.0,0.0,0.0,M,M,M,M,0.0,0.0,0.0,0.0,0.0,0.0,0.0,0.0,0.0,M,M,M,0.0,M,0.0,M,M,T
US1IDTT0001,"DRIGGS 3.4 NNE","TETON",6268,43.77,-111.08,M,M,M,M,T,M,0.0,M,0.0,0.0,M,M,0.0,0.0,M,0.0,0.0,0.0,0.0,0.0,M,M,M,M,0.0,M,M,M,M,2.2,0.0
USC00102707,"DUBOIS EXPERIMENT STATION","CLARK",5449,44.24,-112.20,0.0,0.0,0.0,0.0,0.0,0.0,0.0,0.0,1.0,T,0.0,0.0,0.2,0.0,0.0,0.0,0.0,0.0,0.0,0.0,0.0,0.0,T,0.0,0.0,0.0,0.0,0.0,0.0,0.0,0.1
USC00103108,"FAIRFIELD RANGER STATION","CAMAS",5064,43.34,-114.79,0.0,0.0,0.0,M,M,M,M,M,M,M,M,M,M,M,M,M,M,M,M,M,M,M,M,M,M,M,M,M,M,M,M
USC00103143,"FENN RANGER STATION","IDAHO",1560,46.09,-115.54,0.0,0.0,0.0,0.0,0.0,0.0,0.0,0.0,0.0,0.0,0.0,0.0,0.0,0.0,0.0,0.0,0.0,0.0,0.0,0.0,0.0,0.0,0.0,0.0,0.0,0.0,0.0,0.0,0.0,0.0,0.0
US1IDTF0004,"FILER 0.9 W","TWIN FALLS",3771,42.57,-114.63,0.0,0.0,0.0,M,M,M,0.0,0.0,M,M,M,0.0,0.0,M,0.0,0.0,0.0,0.0,0.0,0.0,0.0,0.0,M,M,0.0,0.0,0.0,0.0,0.0,0.0,0.0
USC00103297,"FORT HALL 1 NNE","BINGHAM",4464,43.04,-112.41,0.0,0.0,0.0,0.0,0.0,0.0,0.0,0.0,0.0,0.0,0.0,0.0,0.0,0.0,0.0,0.0,0.0,0.0,0.0,0.0,0.0,0.0,0.0,0.0,0.0,0.0,0.0,0.0,0.0,0.0,0.0
USC00103448,"GARDEN VALLEY","BOISE",3099,44.10,-115.97,M,M,M,M,M,M,M,M,M,M,M,M,M,M,M,M,M,M,M,M,M,M,M,M,M,M,M,M,M,M,0.0
USC00103631,"GLENNS FERRY","ELMORE",2465,42.94,-115.32,0.0,0.0,0.0,0.0,0.0,0.0,0.0,0.0,0.0,0.0,0.0,0.0,0.0,0.0,0.0,0.0,0.0,0.0,0.0,0.0,0.0,0.0,0.0,0.0,0.0,0.0,0.0,0.0,0.0,0.0,0.0
US1IDEL0001,"GLENNS FERRY 1.6 N","ELMORE",2641,42.98,-115.30,0.0,0.0,0.0,M,M,M,0.0,0.0,0.0,M,0.0,0.0,0.0,0.0,0.0,0.0,0.0,0.0,0.0,0.0,0.0,0.0,M,0.0,0.0,M,M,M,M,M,M
US1IDGD0003,"GOODING 0.2 NNE","GOODING",3577,42.94,-114.71,0.0,0.0,0.0,M,M,M,M,0.0,M,M,0.0,0.0,0.0,0.0,0.0,0.0,0.0,0.0,M,0.0,0.0,0.0,M,M,0.0,0.0,0.0,0.0,0.0,0.0,0.0
US1IDCR0002,"GRACE 5.6 SSE","CARIBOU",5495,42.50,-111.68,0.0,0.0,M,M,M,0.0,0.0,0.0,0.0,M,0.0,M,0.0,M,0.0,0.0,0.0,0.0,0.0,0.0,0.0,M,M,M,0.0,0.0,0.0,0.0,0.0,0.0,0.0
US1IDID0010,"GRANGEVILLE 0.2 ENE","IDAHO",3379,45.93,-116.12,0.0,M,M,M,M,M,M,M,M,M,M,M,M,M,M,0.0,0.0,M,0.0,0.0,0.0,0.0,0.0,M,M,M,M,M,M,M,M
US1IDID0001,"GRANGEVILLE 0.4 SW","IDAHO",3452,45.92,-116.13,0.0,M,M,M,M,M,M,0.0,M,M,M,M,0.0,M,0.0,0.0,0.0,0.0,0.0,0.0,0.0,0.0,0.0,M,0.0,M,M,M,M,M,M
US1IDCY0021,"GREENLEAF 0.4 E","CANYON",2388,43.67,-116.81,0.0,0.0,0.0,M,M,M,0.0,0.0,M,M,0.0,0.0,0.0,0.0,0.0,0.0,0.0,0.0,0.0,0.0,0.0,0.0,0.0,0.0,0.0,0.0,M,0.0,M,0.0,0.0
US1IDGD0001,"HAGERMAN 1.1 ENE","GOODING",2974,42.82,-114.88,0.0,0.0,M,M,M,M,M,0.0,M,0.0,0.0,0.0,0.0,M,0.0,0.0,0.0,0.0,0.0,0.0,0.0,M,M,M,0.0,0.0,0.0,0.0,0.0,0.0,0.0
USC00103964,"HAMER 4 NW","JEFFERSON",4789,43.97,-112.26,0.0,0.0,0.0,0.0,0.0,0.0,0.0,0.0,0.0,0.0,0.0,0.0,0.0,0.0,0.0,0.0,0.0,0.0,0.0,0.0,0.0,0.0,0.0,0.0,0.0,0.0,0.0,0.0,0.0,0.0,0.0
US1IDEL0005,"HAMMETT 2.0 W","ELMORE",2529,42.95,-115.47,0.0,0.0,0.0,M,M,M,0.0,0.0,M,M,0.0,0.0,0.0,0.0,0.0,0.0,0.0,0.0,0.0,0.0,0.0,M,0.0,M,0.0,0.0,0.0,0.0,0.0,0.0,0.0
US1IDON0001,"HOLBROOK 4.0 NNE","ONEIDA",4896,42.22,-112.64,0.0,0.0,M,M,M,M,M,M,M,M,0.0,M,0.0,0.0,0.0,0.0,0.0,0.0,0.0,0.0,0.0,0.0,M,0.0,0.0,0.0,0.0,0.0,0.0,M,M
USC00104318,"HOMEDALE 1 SE","OWYHEE",2229,43.61,-116.92,0.0,0.0,0.0,0.0,0.0,0.0,0.0,0.0,0.0,0.0,0.0,0.0,0.0,0.0,0.0,0.0,0.0,0.0,0.0,0.0,0.0,0.0,0.0,0.0,0.0,0.0,0.0,0.0,0.0,0.0,0.0
US1IDOW0002,"HOMEDALE 4.0 WNW","OWYHEE",2353,43.65,-117.00,0.0,0.0,0.0,0.0,0.0,0.0,0.0,0.0,0.0,0.0,0.0,0.0,0.0,M,0.0,0.0,0.0,0.0,0.0,0.0,0.0,0.0,0.0,0.0,0.0,0.0,0.0,0.0,0.0,0.0,0.0
USC00104384,"HOWE","BUTTE",4819,43.78,-113.00,0.0,0.0,0.0,0.0,0.0,0.0,0.0,0.0,0.0,0.0,0.0,0.0,0.0,0.0,0.0,0.0,0.0,0.0,0.0,0.0,0.0,0.0,0.0,0.0,0.0,0.0,0.0,0.0,0.0,0.0,0.0
USC00104455,"IDAHO FALLS - KIFI","BONNEVILLE",4741,43.51,-112.01,0.0,0.0,0.0,0.0,0.0,0.0,0.0,0.0,0.0,0.0,0.0,0.0,0.0,0.0,0.0,0.0,0.0,0.0,0.0,0.0,0.0,0.0,0.0,0.0,0.0,0.0,0.0,0.0,0.0,0.0,T
US1IDBV0006,"IDAHO FALLS 11.7 NE","BONNEVILLE",4879,43.62,-111.88,0.0,0.0,0.0,M,M,M,M,0.0,M,M,M,0.0,0.0,0.0,0.0,0.0,0.0,0.0,0.0,0.0,0.0,0.0,0.0,M,0.0,0.0,0.0,0.0,0.0,M,0.0
USC00104456,"IDAHO FALLS 16 SE","BONNEVILLE",5827,43.35,-111.78,0.0,0.0,0.0,0.0,0.0,0.0,0.0,0.0,0.0,0.0,0.0,0.0,0.0,0.0,0.0,0.0,0.0,0.0,0.0,0.0,0.0,0.0,0.0,0.0,0.0,0.0,0.0,0.0,T,0.0,T
USW00094143,"IDAHO FALLS 46 W","BUTTE",4937,43.53,-112.94,0.0,0.0,0.0,0.0,0.0,0.0,0.0,0.0,T,0.0,0.0,0.0,0.0,0.0,0.0,0.0,0.0,0.0,0.0,0.0,0.0,0.0,0.0,0.0,0.0,0.0,0.0,0.0,0.0,0.0,0.0
USC00104598,"ISLAND PARK","FREMONT",6288,44.42,-111.37,0.0,0.0,0.0,0.0,0.0,M,M,M,0.0,0.0,4.0,0.0,M,M,0.0,0.0,0.0,0.0,0.0,M,M,0.0,0.0,0.0,0.0,0.0,M,M,0.0,0.0,0.0
US1IDNP0001,"JULIAETTA 4.1 SSE","NEZ PERCE",943,46.52,-116.67,0.0,M,M,0.0,0.0,M,M,0.0,M,M,M,0.0,0.0,0.0,0.0,0.0,0.0,0.0,0.0,0.0,0.0,0.0,0.0,M,0.0,M,M,M,M,M,M
USC00104793,"KAMIAH","LEWIS",1210,46.23,-116.03,0.0,0.0,0.0,0.0,M,M,M,M,M,M,M,M,M,M,M,0.0,0.0,0.0,M,0.0,0.0,0.0,0.0,0.0,M,M,M,0.0,0.0,0.0,M
USC00104831,"KELLOGG","SHOSHONE",2376,47.53,-116.12,M,M,M,0.0,0.0,0.0,M,M,M,M,0.0,0.0,0.0,0.0,M,M,M,M,M,M,M,M,0.0,0.0,0.0,M,0.0,0.0,0.0,0.0,0.0
US1IDSH0001,"KELLOGG 0.6 ENE","SHOSHONE",2297,47.54,-116.12,0.0,M,M,0.0,0.0,M,M,0.0,M,0.0,0.0,0.0,M,0.0,0.0,0.0,0.0,0.0,0.0,0.0,0.0,0.0,0.0,M,0.0,M,M,M,M,M,M
US1IDNP0005,"LAPWAI 4.1 SSW","NEZ PERCE",1306,46.35,-116.83,M,M,M,M,M,M,M,M,M,M,M,M,M,M,M,M,M,0.0,M,M,M,M,M,M,M,M,M,M,M,M,M
USW00024149,"LEWISTON NEZ PERCE COUNTY AP","NEZ PERCE",1436,46.37,-117.02,0.0,0.0,0.0,0.0,0.0,0.0,0.0,0.0,0.0,0.0,0.0,0.0,0.0,0.0,0.0,0.0,0.0,0.0,0.0,0.0,0.0,0.0,0.0,0.0,0.0,0.0,0.0,0.0,0.0,0.0,0.0
USC00105275,"LIFTON PUMPING STATION","BEAR LAKE",5934,42.12,-111.31,0.0,0.0,0.0,0.0,0.0,0.0,0.0,0.0,0.0,1.0,0.0,0.0,0.0,T,0.0,0.0,0.0,0.0,0.0,0.0,0.0,0.0,0.0,0.0,0.0,0.0,0.0,0.0,0.0,0.0,0.0
US1IDID0006,"LUCILE 1.2 NNE","IDAHO",1650,45.55,-116.30,M,M,M,0.0,0.0,0.0,0.0,M,M,0.0,0.0,0.0,0.0,M,M,M,M,M,M,M,M,M,M,M,M,M,M,M,M,0.0,0.0
USC00105462,"MACKAY LOST RIVER RS","CUSTER",5895,43.92,-113.62,0.0,0.0,0.0,0.0,0.0,0.0,0.0,0.0,2.0,0.0,0.0,0.0,0.0,0.0,0.0,0.0,0.0,0.0,0.0,0.0,0.0,0.0,0.0,0.0,0.0,0.0,0.0,0.0,0.0,0.0,0.0
USW00024151,"MALAD CITY","ONEIDA",4542,42.19,-112.25,0.0,0.0,0.0,0.0,0.0,0.0,0.0,0.0,0.0,0.0,0.0,0.0,0.0,0.0,0.0,0.0,0.0,0.0,0.0,0.0,0.0,0.0,0.0,0.0,0.0,0.0,0.0,0.0,0.0,0.0,0.0
USC00105685,"MAY 2SSE","LEMHI",5049,44.57,-113.90,0.0,0.0,0.0,0.0,0.0,0.0,0.0,M,M,M,0.0,0.0,0.0,M,M,M,M,M,M,M,M,M,M,M,M,M,M,M,M,M,M
USC00105708,"MCCALL","VALLEY",5024,44.89,-116.10,0.0,0.0,0.0,0.0,0.0,0.0,0.0,0.0,0.0,0.0,0.0,0.0,0.0,0.0,0.0,0.0,0.0,0.0,0.0,0.0,0.0,0.0,0.0,0.0,0.0,0.0,0.0,0.0,0.0,0.0,1.0
US1IDAM0002,"MCCALL 3.6 WNW","ADAMS",5104,44.93,-116.18,0.0,M,0.0,M,0.0,M,0.0,0.0,M,M,0.0,0.0,0.0,0.0,0.0,0.0,0.0,0.0,0.0,0.0,0.0,0.0,0.0,0.0,0.0,M,M,M,M,M,M
US1IDVL0001,"MCCALL 9.3 SSE","VALLEY",4899,44.78,-116.05,M,M,M,M,M,M,M,0.0,M,M,0.0,0.0,0.0,0.0,0.0,0.0,0.0,0.0,0.0,0.0,0.0,0.0,M,M,0.0,0.0,M,M,M,M,0.0
USC00105716,"MCCAMMON","BANNOCK",4769,42.65,-112.19,0.0,0.0,0.0,0.0,0.0,0.0,0.0,0.0,0.0,0.0,0.0,0.0,0.0,0.0,0.0,0.0,0.0,0.0,0.0,0.0,0.0,0.0,0.0,0.0,0.0,0.0,0.0,0.0,0.0,0.0,0.0
US1IDAD0027,"MERIDIAN 3.9 SE","ADA",2678,43.56,-116.36,0.0,0.0,0.0,0.0,M,M,M,M,0.0,0.0,0.0,0.0,0.0,0.0,0.0,0.0,M,0.0,0.0,0.0,0.0,0.0,M,M,M,M,M,0.0,0.0,0.0,0.0
US1IDAD0045,"MERIDIAN 4.8 SSE","ADA",2686,43.55,-116.35,0.0,0.0,0.0,0.0,0.0,0.0,0.0,0.0,0.0,0.0,0.0,0.0,0.0,0.0,0.0,0.0,0.0,0.0,0.0,0.0,0.0,0.0,0.0,0.0,0.0,0.0,0.0,0.0,0.0,0.0,0.0
US1IDCY0012,"MIDDLETON 0.7 ENE","CANYON",2409,43.71,-116.61,0.0,0.0,M,M,M,M,M,0.0,M,M,0.0,0.0,0.0,0.0,0.0,0.0,0.0,0.0,0.0,0.0,0.0,0.0,0.0,M,M,0.0,M,0.0,M,M,0.0
USC00105980,"MINIDOKA DAM","MINIDOKA",4163,42.68,-113.50,0.0,0.0,0.0,0.0,0.0,0.0,0.0,0.0,0.0,0.0,0.0,0.0,0.0,0.0,0.0,0.0,0.0,0.0,0.0,0.0,0.0,0.0,0.0,0.0,0.0,0.0,0.0,0.0,0.0,0.0,0.0
USC00106080,"MONTEVIEW","JEFFERSON",4814,44.03,-112.57,M,M,M,M,M,M,M,M,M,M,M,M,M,M,M,M,M,M,M,M,M,0.0,0.0,0.0,0.0,0.0,0.0,0.0,0.0,0.0,0.0
US1IDBL0001,"MONTPELIER 0.6 NNE","BEAR LAKE",5959,42.33,-111.30,M,0.0,M,M,M,M,M,M,M,0.2,M,0.0,M,0.0,0.0,0.0,0.0,0.0,0.0,0.0,0.0,0.0,M,M,0.0,0.0,0.0,0.0,0.0,0.0,0.0
US1IDLT0007,"MOSCOW 1.1 E","LATAH",2633,46.73,-116.97,M,0.0,M,0.0,0.0,0.0,M,0.0,M,0.0,0.0,0.0,0.0,0.0,0.0,0.0,0.0,0.0,0.0,0.0,0.0,0.0,0.0,0.0,0.0,0.0,M,M,0.0,M,M
US1IDLT0001,"MOSCOW 1.7 N","LATAH",2699,46.75,-117.00,0.0,0.0,0.0,0.0,0.0,0.0,0.0,0.0,0.0,0.0,0.0,0.0,0.0,0.0,0.0,0.0,0.0,0.0,0.0,0.0,0.0,0.0,0.0,0.0,0.0,0.0,0.0,0.0,0.0,0.0,0.0
US1IDEL0003,"MOUNTAIN HOME 0.9 SW","ELMORE",3145,43.13,-115.70,0.0,M,0.0,M,M,M,0.0,0.0,M,M,0.0,0.0,M,0.0,0.0,0.0,0.0,0.0,0.0,0.0,0.0,0.0,M,0.0,M,0.0,0.0,0.0,M,0.0,0.0
USC00106250,"MURPHY (DESERT) HOT SPRINGS","OWYHEE",5151,42.03,-115.36,0.0,0.0,0.0,0.0,0.0,0.0,0.0,0.0,0.0,0.0,0.0,0.0,0.0,0.0,0.0,0.0,0.0,0.0,0.0,0.0,0.0,0.0,0.0,0.0,0.0,0.0,0.0,0.0,0.0,0.0,0.0
US1IDCY0015,"NAMPA 4.8 NNW","CANYON",2443,43.65,-116.59,0.0,0.0,M,M,M,M,M,0.0,M,M,0.0,0.0,0.0,0.0,0.0,0.0,0.0,0.0,0.0,0.0,0.0,0.0,0.0,0.0,M,0.0,0.0,0.0,M,M,0.0
US1IDBD0005,"NAPLES 0.4 NW","BOUNDARY",2003,48.58,-116.40,0.0,M,M,0.0,M,M,0.0,M,M,M,M,M,M,0.0,M,0.0,0.0,0.0,M,0.0,0.0,0.0,0.0,M,M,M,M,M,M,M,M
USC00106388,"NEW MEADOWS RS","ADAMS",3861,44.97,-116.29,0.0,0.0,0.0,0.0,0.0,M,M,M,0.0,M,0.0,M,M,M,0.0,0.0,0.0,0.0,0.0,M,M,0.0,0.0,0.0,0.0,M,M,M,0.0,0.0,T
USC00106424,"NEZPERCE","LEWIS",3247,46.23,-116.24,M,0.0,0.0,0.0,0.0,0.0,0.0,0.0,0.0,0.0,0.0,0.0,0.0,0.0,0.0,M,0.0,0.0,0.0,M,0.0,0.0,0.0,M,0.0,0.0,0.0,0.0,0.0,0.0,0.0
USC00106542,"OAKLEY","CASSIA",4558,42.23,-113.90,0.0,0.0,0.0,0.0,0.0,0.0,0.0,0.0,0.0,0.0,0.0,0.0,0.0,0.0,0.0,0.0,0.0,0.0,0.0,0.0,0.0,0.0,0.0,0.0,0.0,0.0,0.0,0.0,0.0,0.0,0.0
US1IDCW0006,"OROFINO 3.8 WNW","CLEARWATER",1022,46.50,-116.34,M,M,M,M,0.0,M,M,M,M,M,M,M,M,0.0,0.0,0.0,0.0,0.0,0.0,0.0,0.0,0.0,0.0,M,0.0,M,M,0.0,M,M,M
USC00106891,"PAYETTE","PAYETTE",2149,44.08,-116.93,0.0,0.0,0.0,0.0,0.0,M,M,M,0.0,0.0,M,M,M,M,0.0,0.0,0.0,0.0,0.0,M,M,0.0,0.0,0.0,0.0,0.0,M,M,0.0,0.0,0.0
USC00107040,"PICABO","BLAINE",4838,43.31,-114.07,0.0,0.0,0.0,0.0,0.0,0.0,0.0,0.0,0.0,0.0,0.0,0.0,0.0,0.0,0.0,0.0,0.0,0.0,0.0,0.0,0.0,0.0,0.0,0.0,0.0,0.0,0.0,0.0,0.0,0.0,0.0
USC00107046,"PIERCE","CLEARWATER",3079,46.49,-115.80,0.0,0.0,0.0,0.0,M,0.0,0.0,0.0,0.0,0.0,0.0,0.0,0.0,0.0,0.0,0.0,0.0,0.0,0.0,0.0,0.0,0.0,0.0,0.0,0.0,0.0,0.0,0.0,0.0,0.0,0.0
US1IDBK0011,"POCATELLO 1.9 E","BANNOCK",4920,42.88,-112.41,0.0,0.0,0.0,0.0,0.0,0.0,0.0,0.0,0.0,0.0,0.0,0.0,0.0,0.0,0.0,0.0,0.0,0.0,0.0,0.0,0.0,0.0,0.0,0.0,0.0,0.0,0.0,0.0,0.0,0.0,0.0
US1IDBK0010,"POCATELLO 2.9 E","BANNOCK",4857,42.87,-112.41,0.0,0.0,M,M,M,M,M,M,0.0,M,M,0.0,M,M,0.0,0.0,0.0,0.0,0.0,0.0,0.0,0.0,M,M,0.0,0.0,0.0,0.0,0.0,0.0,0.0
US1IDBK0014,"POCATELLO 7.0 E","BANNOCK",5942,42.87,-112.33,0.0,0.0,M,M,M,M,M,M,0.0,M,M,0.0,0.0,0.0,0.0,0.0,0.0,0.0,0.0,0.0,0.0,0.0,M,M,0.0,0.0,0.0,0.0,0.0,0.0,0.0
USC00107210,"POCATELLO CITY","BANNOCK",4459,42.87,-112.45,0.0,0.0,0.0,0.0,0.0,0.0,0.0,0.0,0.0,0.0,0.0,0.0,0.0,0.0,0.0,0.0,0.0,0.0,0.0,0.0,0.0,0.0,0.0,0.0,0.0,0.0,0.0,0.0,0.0,0.0,0.0
USW00024156,"POCATELLO REGIONAL AIRPORT","POWER",4451,42.92,-112.57,0.0,0.0,0.0,0.0,0.0,0.0,0.0,0.0,0.0,0.0,0.0,0.0,0.0,0.0,0.0,0.0,0.0,0.0,0.0,0.0,0.0,0.0,0.0,0.0,0.0,0.0,0.0,0.0,0.0,0.0,0.0
USC00107346,"PRESTON","FRANKLIN",4718,42.09,-111.88,0.0,0.0,0.0,0.0,0.0,0.0,0.0,0.0,0.0,0.0,0.0,0.0,0.0,0.0,0.0,0.0,0.0,0.0,0.0,0.0,0.0,0.0,0.0,0.0,0.0,0.0,0.0,0.0,0.0,0.0,0.0
US1IDBR0015,"PRIEST RIVER 11.6 SSE","BONNER",2157,48.03,-116.81,0.0,M,M,0.0,0.0,M,M,0.0,M,M,0.0,0.0,M,0.0,0.0,0.0,0.0,0.0,0.0,0.0,0.0,0.0,0.0,M,M,M,M,M,M,M,M
US1IDBR0026,"PRIEST RIVER 5.9 NNE","BONNER",2206,48.26,-116.86,M,M,M,M,M,M,0.0,M,M,M,0.0,0.0,0.0,0.0,0.0,0.0,0.0,0.0,0.0,0.0,0.0,M,M,M,M,M,M,M,M,M,M
USC00107386,"PRIEST RIVER EXP STATION","BONNER",2370,48.35,-116.84,0.0,0.0,0.0,0.0,0.0,0.0,0.0,0.0,0.0,0.0,0.0,0.0,0.0,0.0,0.0,0.0,0.0,0.0,0.0,0.0,0.0,0.0,M,M,M,0.0,0.0,0.0,0.0,0.0,0.0
US1IDKT0023,"RATHDRUM 2.4 ENE","KOOTENAI",2231,47.83,-116.84,0.0,M,M,0.0,0.0,M,0.0,0.0,M,0.0,0.0,0.0,0.0,0.0,0.0,0.0,0.0,0.0,0.0,M,M,M,M,M,0.0,M,0.0,M,M,0.0,M
US1IDMD0001,"REXBURG 0.7 W","MADISON",4859,43.83,-111.80,0.0,0.0,0.0,M,M,M,M,0.0,M,M,M,M,0.0,0.0,0.0,0.0,0.0,0.0,0.0,0.0,0.0,0.0,M,M,M,0.0,0.0,0.0,0.0,M,0.0
USC00107644,"REXBURG BYU IDAHO","MADISON",5004,43.81,-111.79,0.0,0.0,0.0,0.0,0.0,0.0,0.0,0.0,0.0,0.0,0.0,0.0,0.0,0.0,0.0,0.0,0.0,0.0,0.0,0.0,0.0,0.0,0.0,0.0,0.0,0.0,0.0,0.0,0.0,0.0,0.0
USC00107673,"RICHFIELD","LINCOLN",4308,43.05,-114.15,0.0,0.0,0.0,0.0,0.0,0.0,0.0,0.0,0.0,0.0,0.0,0.0,0.0,0.0,0.0,0.0,0.0,0.0,0.0,0.0,0.0,0.0,0.0,0.0,0.0,0.0,0.0,0.0,0.0,0.0,0.0
USC00107689,"RIGBY","JEFFERSON",4855,43.68,-111.91,0.0,0.0,0.0,0.0,0.0,0.0,0.0,0.0,0.0,0.0,0.0,0.0,0.0,0.0,0.0,0.0,0.0,0.0,0.0,0.0,0.0,0.0,0.0,0.0,0.0,0.0,0.0,0.0,0.0,0.0,0.0
USC00107706,"RIGGINS","IDAHO",2056,45.35,-116.39,M,M,M,M,M,0.0,0.0,0.0,0.0,0.0,0.0,M,M,M,0.0,0.0,0.0,M,M,0.0,0.0,0.0,0.0,M,M,0.0,0.0,0.0,0.0,0.0,0.0
US1IDBR0014,"SAGLE 6.2 WSW","BONNER",2348,48.19,-116.68,0.0,M,M,0.0,M,M,M,M,M,M,0.0,0.0,0.0,0.0,M,0.0,0.0,0.0,0.0,M,0.0,0.0,0.0,0.0,M,M,M,M,M,M,M
USC00108022,"SAINT ANTHONY","FREMONT",4909,43.95,-111.68,0.0,0.0,0.0,0.0,0.0,0.0,0.0,0.0,0.0,0.0,0.0,0.0,0.0,0.0,0.0,0.0,0.0,0.0,0.0,0.0,0.0,0.0,0.0,0.0,0.0,0.0,0.0,0.0,0.0,0.0,0.0
USC00108062,"SAINT MARIES","BENEWAH",2150,47.32,-116.58,0.0,0.0,0.0,0.0,0.0,M,0.0,0.0,0.0,0.0,M,M,M,0.0,0.0,0.0,M,0.0,0.0,0.0,0.0,0.0,0.0,0.0,0.0,0.0,0.0,0.0,0.0,0.0,0.0
US1IDLM0001,"SALMON 0.2 NNW","LEMHI",3973,45.18,-113.90,M,M,M,0.0,M,M,M,0.0,M,M,M,0.0,M,0.0,0.0,0.0,M,0.0,0.0,0.0,0.0,0.0,0.0,0.0,0.0,0.0,M,0.0,M,M,M
USC00108080,"SALMON-KSRA","LEMHI",3930,45.19,-113.90,M,0.0,0.0,M,M,M,0.0,M,0.0,0.0,0.0,M,M,M,M,0.0,0.0,0.0,M,M,M,M,M,M,M,M,0.0,0.0,0.0,0.0,0.0
US1IDBR0029,"SANDPOINT 10.3 NNE","BONNER",2235,48.41,-116.44,0.0,M,M,0.0,0.0,M,M,M,M,0.0,0.0,0.0,M,0.0,0.0,M,M,M,M,M,M,M,M,M,M,M,M,M,M,M,M
US1IDBR0027,"SANDPOINT 13.9 NE","BONNER",2754,48.40,-116.32,0.0,M,M,0.0,M,M,M,0.0,M,M,0.0,0.0,M,M,0.0,0.0,0.0,0.0,0.0,0.0,0.0,0.0,0.0,M,M,M,M,M,M,M,M
USC00108137,"SANDPOINT EXP STATION","BONNER",2125,48.29,-116.56,0.0,0.0,0.0,0.0,0.0,0.0,0.0,0.0,M,0.0,0.0,0.0,0.0,0.0,0.0,0.0,0.0,0.0,M,0.0,0.0,0.0,0.0,0.0,0.0,M,0.0,0.0,0.0,0.0,0.0
USC00108500,"SMALL 6N","CLARK",5739,44.30,-112.41,0.0,0.0,0.0,0.0,0.0,0.0,0.0,0.0,0.5,0.0,1.0,0.0,0.0,0.0,0.0,0.0,0.0,0.0,0.0,0.0,0.0,0.0,0.0,0.0,0.0,0.0,0.0,0.0,0.0,0.0,0.0
US1IDCR0001,"SODA SPRINGS 0.3 W","CARIBOU",5805,42.66,-111.59,0.0,0.0,M,M,M,0.0,0.0,M,0.0,T,M,0.0,0.0,M,0.0,0.0,0.0,0.0,0.0,0.0,0.0,0.0,M,M,M,M,0.0,0.0,0.0,0.0,0.0
US1IDKT0001,"SPIRIT LAKE 3.6 E","KOOTENAI",2543,47.96,-116.79,0.0,M,M,0.0,0.0,M,M,0.0,M,0.0,0.0,0.0,M,0.0,M,0.0,0.0,0.0,0.0,0.0,0.0,0.0,0.0,0.0,0.0,M,M,M,0.0,0.0,M
US1IDBW0003,"ST. MARIES 2.8 S","BENEWAH",2515,47.28,-116.58,0.0,0.0,0.0,0.0,0.0,0.0,0.0,0.0,0.0,0.0,0.0,0.0,0.0,0.0,0.0,0.0,0.0,0.0,0.0,0.0,0.0,0.0,0.0,0.0,0.0,0.0,0.0,0.0,0.0,0.0,0.0
US1IDBW0002,"ST. MARIES 7.4 WNW","BENEWAH",2171,47.36,-116.71,M,M,M,M,M,M,M,M,M,M,M,0.0,0.0,0.0,0.0,0.0,0.0,0.0,0.0,0.0,0.0,0.0,0.0,M,M,M,M,M,M,M,M
USC00108676,"STANLEY","CUSTER",6245,44.22,-114.93,0.0,0.0,0.0,0.0,0.0,0.0,0.0,0.0,0.0,0.0,0.0,0.0,0.0,T,0.0,0.0,0.0,0.0,0.0,0.0,0.0,0.0,0.0,0.0,0.0,0.0,0.0,0.0,0.0,0.0,0.0
USC00108818,"SUGAR CITY","MADISON",4924,43.89,-111.74,0.0,0.0,0.0,0.0,0.0,0.0,0.0,0.0,0.0,0.0,0.0,0.0,0.0,0.0,0.0,0.0,0.0,0.0,0.0,0.0,0.0,0.0,0.0,0.0,0.0,0.0,0.0,0.0,0.0,0.0,0.0
USC00108937,"SWAN VALLEY","BONNEVILLE",5396,43.44,-111.28,0.0,0.0,0.0,0.0,0.0,0.0,0.0,0.0,0.0,0.0,0.0,0.0,0.0,0.0,0.0,0.0,0.0,0.0,0.0,0.0,0.0,0.0,0.0,0.0,0.0,0.0,0.0,0.0,0.0,0.0,0.0
US1IDTF0001,"TWIN FALLS 4.9 WSW","TWIN FALLS",3855,42.54,-114.55,M,M,M,M,M,M,M,M,M,M,M,M,M,1.5,M,M,M,M,M,M,M,M,M,M,M,M,M,M,M,M,M
USC00109950,"YELLOWPINE","VALLEY",5049,44.96,-115.50,0.0,0.0,0.0,0.0,0.0,0.0,0.0,0.0,0.0,0.0,0.0,0.0,T,0.5,0.0,0.0,0.0,0.0,0.0,0.0,0.0,0.0,0.0,0.0,0.0,0.0,0.0,0.0,0.0,0.0,T
