Virginia Snowfall, March 2016
"GHCN ID","Station Name",County,Elevation,Latitude,Longitude,"Mar 1","Mar 2","Mar 3","Mar 4","Mar 5","Mar 6","Mar 7","Mar 8","Mar 9","Mar 10","Mar 11","Mar 12","Mar 13","Mar 14","Mar 15","Mar 16","Mar 17","Mar 18","Mar 19","Mar 20","Mar 21","Mar 22","Mar 23","Mar 24","Mar 25","Mar 26","Mar 27","Mar 28","Mar 29","Mar 30","Mar 31"
USC00440021,"ABINGDON 3S","WASHINGTON",1924,36.67,-81.96,0.0,0.0,0.0,0.0,0.0,0.0,0.0,0.0,0.0,0.0,0.0,0.0,0.0,0.0,0.0,0.0,0.0,0.0,0.0,0.0,0.0,0.0,0.0,0.0,0.0,0.0,0.0,0.0,0.0,0.0,0.0
US1VAAB0006,"AFTON 5.4 ESE","ALBEMARLE",685,38.01,-78.74,0.0,M,0.0,M,0.0,0.0,M,M,M,M,M,M,M,M,M,M,M,M,M,M,M,0.0,0.0,0.0,0.0,0.0,0.0,M,0.0,0.0,0.0
USC00440079,"ALBERTA 5N","BRUNSWICK",376,36.94,-77.90,0.0,0.0,0.0,T,0.0,0.0,0.0,0.0,0.0,0.0,0.0,0.0,0.0,0.0,0.0,0.0,0.0,0.0,0.0,0.0,0.0,0.0,0.0,0.0,0.0,0.0,0.0,0.0,0.0,0.0,0.0
US1VAFX0063,"ALEXANDRIA 5.6 SSW","FAIRFAX",49,38.73,-77.09,0.0,0.0,0.0,1.3,M,0.0,0.0,0.0,0.0,0.0,0.0,0.0,M,M,M,M,0.0,0.0,0.0,M,M,0.0,0.0,0.0,0.0,M,0.0,M,M,0.0,0.0
USC00440166,"ALTAVISTA","CAMPBELL",529,37.11,-79.28,0.0,0.0,0.0,0.0,0.0,0.0,0.0,0.0,0.0,0.0,0.0,0.0,0.0,0.0,0.0,0.0,0.0,0.0,0.0,0.0,0.0,0.0,0.0,0.0,0.0,0.0,0.0,0.0,0.0,0.0,0.0
USC00440187,"AMELIA COURTHOUSE 1","AMELIA",345,37.35,-77.98,0.0,0.0,0.0,1.0,0.0,M,0.0,0.0,0.0,0.0,0.0,0.0,0.0,0.0,0.0,0.0,0.0,0.0,0.0,0.0,0.0,0.0,0.0,0.0,0.0,0.0,0.0,0.0,0.0,0.0,0.0
US1VAAH0004,"AMHERST 1.7 SW","AMHERST",755,37.57,-79.07,M,M,M,0.5,M,M,M,M,M,M,M,M,M,M,M,M,M,M,M,M,M,M,M,M,M,M,M,M,M,M,M
USC00440243,"APPOMATTOX","APPOMATTOX",850,37.33,-78.83,0.0,0.0,0.0,1.0,0.0,0.0,0.0,0.0,0.0,0.0,0.0,0.0,0.0,0.0,0.0,0.0,0.0,0.0,0.0,T,0.0,0.0,0.0,0.0,0.0,0.0,0.0,0.0,0.0,0.0,0.0
US1VAAR0008,"ARLINGTON 0.3 E","ARLINGTON",269,38.88,-77.10,M,M,0.0,M,M,0.0,0.0,M,0.0,0.0,0.0,0.0,0.0,M,M,M,M,M,M,M,0.0,0.0,0.0,0.0,0.0,M,0.0,M,M,M,M
USC00440327,"ASHLAND","HANOVER",220,37.75,-77.48,0.0,0.0,0.0,2.0,0.0,0.0,0.0,0.0,0.0,0.0,0.0,0.0,0.0,0.0,0.0,0.0,0.0,0.0,0.0,0.0,0.0,0.0,0.0,0.0,0.0,0.0,0.0,0.0,0.0,0.0,0.0
US1VAHV0006,"BEAVERDAM 4.3 ESE","HANOVER",259,37.91,-77.59,0.0,M,0.0,1.2,0.0,0.0,0.0,M,0.0,0.0,0.0,0.0,M,M,M,0.0,0.0,M,0.0,M,M,0.0,M,0.0,M,M,0.0,M,M,0.0,M
USC00440561,"BEDFORD 4 NW","BEDFORD",1228,37.38,-79.56,0.0,0.0,0.0,T,0.0,0.0,0.0,0.0,0.0,0.0,0.0,0.0,0.0,0.0,0.0,0.0,0.0,0.0,0.0,0.0,0.0,0.0,0.0,0.0,0.0,0.0,0.0,0.0,0.0,0.0,0.0
US1VACS0029,"BENSLEY 4.9 WSW","CHESTERFIELD",238,37.42,-77.53,0.0,M,0.0,M,0.0,M,0.0,0.0,0.0,M,0.0,0.0,0.0,M,M,0.0,0.0,0.0,0.0,M,M,0.0,0.0,0.0,M,M,M,M,0.0,0.0,0.0
US1VACK0002,"BERRYVILLE 0.9 NNW","CLARKE",645,39.16,-77.99,0.0,0.0,0.0,0.7,0.0,0.0,0.0,0.0,0.0,0.0,0.0,0.0,0.0,M,M,0.0,0.0,0.0,0.0,0.0,0.0,0.0,0.0,0.0,0.0,0.0,0.0,0.0,0.0,0.0,0.0
USC00440735,"BIG STONE GAP","WISE",1464,36.86,-82.77,0.0,0.0,0.0,0.0,0.0,0.0,0.0,0.0,0.0,0.0,0.0,0.0,0.0,0.0,0.0,0.0,0.0,0.0,0.0,0.0,0.0,0.0,0.0,0.0,0.0,0.0,0.0,0.0,0.0,0.0,0.0
US1VAMN0006,"BLACKSBURG 0.4 N","MONTGOMERY",2096,37.24,-80.43,0.0,T,0.0,1.0,T,0.0,0.0,0.0,0.0,0.0,0.0,0.0,0.0,M,M,0.0,0.0,0.0,0.0,M,0.0,0.0,0.0,0.0,M,M,0.0,0.0,0.0,0.0,0.0
US1VAMN0024,"BLACKSBURG 1.3 ESE","MONTGOMERY",2172,37.23,-80.41,0.0,M,0.0,1.1,0.0,M,M,0.0,0.0,0.0,0.0,0.0,M,M,M,0.0,M,0.0,M,M,M,0.0,0.0,0.0,M,M,0.0,M,M,0.0,0.0
US1VAMN0025,"BLACKSBURG 1.6 NNE","MONTGOMERY",2190,37.25,-80.42,0.0,0.0,0.0,M,0.0,0.0,0.0,0.0,0.0,0.0,0.0,0.0,0.0,0.0,0.0,0.0,0.0,0.0,0.0,0.0,0.0,0.0,0.0,0.0,M,0.0,0.0,0.0,0.0,0.0,0.0
US1VAMN0013,"BLACKSBURG 1.7 ESE","MONTGOMERY",2190,37.22,-80.40,0.0,M,M,M,0.0,M,M,0.0,0.0,0.0,0.0,0.0,0.0,M,M,M,0.0,0.0,M,M,M,0.0,0.0,0.0,0.0,M,0.0,M,0.0,0.0,0.0
US1VAMN0021,"BLACKSBURG 2.4 ENE","MONTGOMERY",1997,37.25,-80.39,M,T,T,1.1,M,M,0.0,0.0,0.0,0.0,0.0,0.0,0.0,M,M,M,0.0,0.0,0.0,M,M,0.0,0.0,0.0,M,M,M,M,0.0,0.0,0.0
US1VAMN0022,"BLACKSBURG 4.3 WSW","MONTGOMERY",1952,37.22,-80.50,0.0,M,M,0.9,0.0,M,0.0,0.0,0.0,0.0,0.0,0.0,0.0,M,M,M,M,M,M,M,M,M,M,M,M,M,M,M,M,0.0,0.0
US1VAMN0009,"BLACKSBURG 5.0 W","MONTGOMERY",1888,37.22,-80.52,0.0,M,0.0,0.9,0.0,M,0.0,0.0,0.0,0.0,0.0,0.0,0.0,M,M,M,M,0.0,M,M,M,0.0,M,0.0,M,0.0,0.0,M,0.0,0.0,0.0
USC00440766,"BLACKSBURG NWSO","MONTGOMERY",2102,37.20,-80.41,0.0,T,T,1.0,T,0.0,0.0,0.0,0.0,0.0,0.0,0.0,0.0,0.0,0.0,0.0,0.0,0.0,0.0,T,0.0,0.0,0.0,0.0,0.0,0.0,0.0,0.0,0.0,0.0,0.0
US1VAFR0006,"BOONES MILL 12.6 E","FRANKLIN",814,37.14,-79.72,M,M,0.0,M,0.0,M,0.0,M,0.0,0.0,0.0,M,0.0,M,M,0.0,0.0,0.0,0.0,0.0,M,0.0,0.0,0.0,0.0,M,0.0,M,0.0,0.0,0.0
US1VAFR0015,"BOONES MILL 5.5 E","FRANKLIN",1113,37.13,-79.85,M,M,0.0,M,0.0,M,0.0,0.0,0.0,0.0,0.0,0.0,0.0,M,M,0.0,0.0,0.0,0.0,M,M,0.0,M,0.0,0.0,M,0.0,M,M,0.0,0.0
US1VABR0002,"BRACEY 6.0 ESE","BRUNSWICK",205,36.57,-78.04,0.0,M,0.0,M,0.0,M,0.0,0.0,0.0,0.0,0.0,0.0,0.0,M,M,0.0,0.0,M,M,M,M,0.0,0.0,0.0,0.0,M,M,M,0.0,0.0,0.0
USC00440993,"BREMO BLUFF","FLUVANNA",225,37.71,-78.29,0.0,0.0,0.0,0.0,0.0,0.0,M,0.0,0.0,0.0,0.0,M,M,M,0.0,M,0.0,0.0,0.0,0.0,0.0,0.0,0.0,0.0,0.0,0.0,0.0,0.0,0.0,0.0,0.0
US1VAWH0005,"BRISTOL 6.7 W","WASHINGTON",1936,36.60,-82.29,0.0,M,M,M,M,M,M,M,M,M,M,M,M,M,M,M,M,M,M,M,M,M,M,M,M,M,M,M,M,M,0.0
US1VAFQ0013,"BROAD RUN 2.8 SSW","FAUQUIER",649,38.78,-77.73,0.0,M,0.0,M,0.0,M,0.0,0.0,0.0,0.0,M,0.0,M,M,M,M,0.0,0.0,0.0,M,0.0,0.0,0.0,0.0,0.0,0.0,0.0,M,M,M,M
USC00441082,"BROOKNEAL","CAMPBELL",408,37.07,-78.95,0.0,0.0,0.0,0.0,0.0,0.0,0.0,0.0,0.0,0.0,0.0,0.0,0.0,0.0,0.0,0.0,0.0,0.0,0.0,0.0,0.0,0.0,0.0,0.0,0.0,0.0,0.0,0.0,0.0,0.0,0.0
US1VACM0010,"BROOKNEAL 2.9 E","CAMPBELL",599,37.06,-78.90,M,M,M,T,M,M,M,M,M,M,M,M,M,M,M,M,M,M,M,M,M,M,M,M,M,M,M,M,M,M,M
USC00441136,"BUCKINGHAM","BUCKINGHAM",580,37.51,-78.53,0.0,0.0,0.0,T,0.0,0.0,0.0,0.0,0.0,0.0,0.0,0.0,0.0,0.0,0.0,0.0,0.0,0.0,0.0,0.0,0.0,0.0,0.0,0.0,0.0,0.0,0.0,0.0,0.0,0.0,0.0
USC00441159,"BUENA VISTA","ROCKBRIDGE",840,37.73,-79.36,0.0,0.0,0.0,0.5,0.0,0.0,0.0,0.0,0.0,0.0,0.0,0.0,0.0,0.0,0.0,0.0,0.0,0.0,0.0,0.0,0.0,0.0,0.0,0.0,0.0,0.0,0.0,0.0,0.0,0.0,0.0
USC00441209,"BURKES GARDEN","TAZEWELL",3067,37.09,-81.34,0.0,T,0.0,0.4,0.0,T,0.0,0.0,0.0,0.0,0.0,0.0,0.0,0.0,0.0,0.0,0.0,0.0,0.0,0.0,0.0,0.0,0.0,0.0,0.0,0.0,0.0,0.0,0.0,0.0,0.0
USC00441322,"CAMP PICKETT","NOTTOWAY",330,37.04,-77.95,M,M,M,T,M,M,M,M,M,M,M,M,M,M,M,M,M,M,M,M,M,M,M,M,M,M,M,M,M,M,M
US1VARN0001,"CAVE SPRING 2.4 SSW","ROANOKE",1571,37.19,-80.02,0.0,M,0.0,0.3,0.0,0.0,0.0,0.0,0.0,0.0,0.0,0.0,0.0,M,M,0.0,0.0,0.0,0.0,M,M,0.0,0.0,0.0,M,0.0,0.0,M,0.0,0.0,0.0
USC00441593,"CHARLOTTESVILLE 2W","ALBEMARLE",866,38.03,-78.52,0.0,0.0,0.0,0.4,0.0,0.0,0.0,0.0,0.0,0.0,0.0,0.0,0.0,0.0,0.0,0.0,0.0,0.0,0.0,T,0.0,0.0,0.0,0.0,0.0,0.0,0.0,0.0,0.0,0.0,0.0
US1VAAB0010,"CHARLOTTESVILLE 8.4 W","ALBEMARLE",779,38.02,-78.64,0.0,M,0.0,1.6,0.0,0.0,0.0,0.0,0.0,0.0,0.0,0.0,0.0,M,M,0.0,0.0,0.0,M,M,M,0.0,0.0,M,0.0,0.0,0.0,M,0.0,M,0.0
USC00441614,"CHATHAM","PITTSYLVANIA",651,36.82,-79.41,0.0,0.0,0.0,0.0,0.0,0.0,0.0,0.0,0.0,0.0,0.0,0.0,0.0,0.0,0.0,0.0,0.0,0.0,0.0,0.0,0.0,0.0,0.0,0.0,0.0,0.0,0.0,0.0,0.0,0.0,0.0
US1VAHMC006,"CHESAPEAKE 3.5 NE","HAMPTON",13,36.71,-76.26,0.0,M,0.0,M,M,M,M,M,0.0,0.0,0.0,M,M,M,M,0.0,0.0,0.0,M,M,M,0.0,0.0,0.0,0.0,M,M,M,M,M,0.0
US1VACSC005,"CHESAPEAKE 3.9 NE","CHESAPEAKE",3,36.72,-76.26,0.0,M,0.0,M,M,0.0,0.0,0.0,0.0,0.0,0.0,0.0,0.0,M,M,M,M,0.0,0.0,M,M,0.0,0.0,0.0,0.0,M,M,M,M,0.0,0.0
US1VACSC004,"CHESAPEAKE 9.8 NW","CHESAPEAKE",14,36.79,-76.41,M,M,M,0.0,M,M,M,M,M,M,M,M,M,M,M,M,M,M,M,M,M,M,M,M,M,M,M,M,M,M,M
US1VACS0021,"CHESTERFIELD 3.2 SSW","CHESTERFIELD",195,37.33,-77.53,M,M,M,M,M,M,0.0,0.0,0.0,0.0,0.0,0.0,0.0,M,M,M,0.0,0.0,0.0,0.0,M,0.0,0.0,0.0,M,0.0,M,M,0.0,0.0,0.0
US1VACS0020,"CHESTERFIELD 8.5 WSW","CHESTERFIELD",369,37.33,-77.64,0.0,M,0.0,0.3,0.0,M,0.0,0.0,0.0,0.0,0.0,0.0,0.0,M,M,0.0,0.0,0.0,0.0,M,M,M,0.0,0.0,0.0,0.0,M,M,0.0,0.0,0.0
US1VAAC0010,"CHINCOTEAGUE 1.3 SSW","ACCOMACK",3,37.93,-75.37,0.0,M,0.0,M,0.0,0.0,0.0,0.0,0.0,0.0,0.0,0.0,M,M,M,0.0,0.0,0.0,0.0,M,M,M,M,0.0,0.0,M,0.0,M,0.0,0.0,0.0
USC00441692,"CHRISTIANSBURG","MONTGOMERY",2100,37.13,-80.40,0.0,0.0,0.0,1.0,0.0,0.0,0.0,0.0,0.0,0.0,0.0,0.0,0.0,0.0,0.0,0.0,0.0,0.0,0.0,0.0,0.0,0.0,0.0,0.0,0.0,0.0,0.0,0.0,0.0,0.0,0.0
US1VAMN0005,"CHRISTIANSBURG 1.1 ESE","MONTGOMERY",2148,37.14,-80.38,M,M,0.0,0.9,0.0,M,0.0,0.0,0.0,0.0,0.0,0.0,0.0,M,M,0.0,0.0,0.0,0.0,M,M,0.0,0.0,0.0,M,0.0,0.0,M,0.0,0.0,0.0
US1VAMN0004,"CHRISTIANSBURG 1.7 WNW","MONTGOMERY",2043,37.15,-80.43,M,M,M,M,0.0,M,0.0,0.0,0.0,0.0,0.0,0.0,0.0,0.0,0.0,0.0,0.0,0.0,0.0,M,M,0.0,0.0,0.0,0.0,0.0,0.0,0.0,0.0,0.0,0.0
US1VAMN0010,"CHRISTIANSBURG 2.9 NW","MONTGOMERY",2018,37.17,-80.44,0.0,M,0.0,M,0.0,0.0,0.0,0.0,0.0,0.0,0.0,0.0,0.0,M,M,0.0,0.0,0.0,0.0,M,M,0.0,0.0,0.0,M,M,0.0,M,0.0,0.0,0.0
US1VASR0001,"CLAREMONT 0.2 SW","SURRY",107,37.22,-76.97,0.0,M,0.0,M,0.0,M,0.0,0.0,0.0,0.0,0.0,0.0,0.0,M,M,0.0,0.0,M,0.0,M,M,0.0,0.0,0.0,0.0,M,M,M,M,M,0.0
USC00441746,"CLARKSVILLE","MECKLENBURG",330,36.62,-78.55,0.0,0.0,0.0,0.0,0.0,0.0,0.0,0.0,0.0,0.0,0.0,0.0,0.0,0.0,0.0,0.0,0.0,0.0,0.0,0.0,0.0,0.0,0.0,0.0,0.0,0.0,0.0,0.0,0.0,0.0,0.0
USC00441825,"CLINTWOOD 1 W","DICKENSON",1779,37.15,-82.49,0.0,0.2,T,T,T,T,0.0,0.0,0.0,0.0,0.0,0.0,0.0,0.0,0.0,0.0,0.0,0.0,0.0,0.0,0.0,0.0,0.0,0.0,0.0,0.0,0.0,0.0,0.0,0.0,0.0
US1VAPH0001,"COLUMBIA 17.2 SSE","POWHATAN",312,37.53,-78.02,M,M,M,M,M,M,0.0,M,M,M,M,M,M,M,M,M,M,M,M,M,M,M,M,M,M,M,M,M,M,M,M
USC00441955,"CONCORD 4 SSW","CAMPBELL",815,37.28,-78.96,0.0,0.0,0.0,T,0.0,0.0,0.0,0.0,0.0,0.0,0.0,0.0,0.0,0.0,0.0,0.0,0.0,0.0,0.0,0.0,0.0,0.0,0.0,0.0,0.0,0.0,0.0,0.0,0.0,0.0,0.0
USC00441999,"COPPER HILL","FLOYD",2689,37.09,-80.14,0.0,0.0,0.0,1.0,0.0,0.0,0.0,0.0,0.0,0.0,0.0,0.0,0.0,0.0,0.0,0.0,0.0,0.0,0.0,0.0,0.0,0.0,0.0,0.0,0.0,0.0,0.0,0.0,0.0,0.0,0.0
US1VAFL0002,"COPPER HILL 6.2 S","FLOYD",2565,36.99,-80.13,M,M,M,M,M,M,M,M,M,M,M,M,M,M,M,M,M,M,M,M,M,M,M,M,M,M,M,M,M,M,0.0
USC00442009,"CORBIN","CAROLINE",220,38.20,-77.37,M,M,M,1.0,M,M,M,M,M,M,M,M,M,M,M,M,M,M,M,M,M,M,M,M,M,M,M,M,M,M,M
US1VAAL0003,"COVINGTON 4.1 E","ALLEGHANY",1306,37.78,-79.92,0.0,T,T,5.0,0.0,0.0,0.0,0.0,0.0,0.0,0.0,0.0,0.0,0.0,0.0,0.0,0.0,0.0,0.0,T,0.0,0.0,0.0,0.0,0.0,0.0,0.0,0.0,0.0,0.0,0.0
USC00442044,"COVINGTON FILTER PLANT","ALLEGHANY",1230,37.81,-79.99,0.0,0.0,0.0,2.5,0.0,0.0,0.0,0.0,0.0,0.0,0.0,0.0,0.0,0.0,0.0,0.0,0.0,0.0,0.0,0.0,0.0,0.0,0.0,0.0,0.0,0.0,0.0,0.0,0.0,0.0,0.0
USC00442142,"CROZIER","GOOCHLAND",350,37.67,-77.88,0.0,0.0,0.0,1.0,0.0,0.0,0.0,0.0,0.0,0.0,0.0,0.0,0.0,0.0,0.0,0.0,0.0,M,0.0,0.0,0.0,0.0,0.0,0.0,0.0,0.0,0.0,0.0,0.0,0.0,0.0
US1VACP0007,"CULPEPER 6.1 W","CULPEPER",583,38.46,-78.11,0.0,M,0.0,1.1,0.0,0.0,0.0,0.0,0.0,0.0,0.0,0.0,0.0,M,M,0.0,0.0,0.0,0.0,M,0.0,0.0,0.0,0.0,0.0,0.0,0.0,M,0.0,0.0,0.0
USC00442208,"DALE ENTERPRISE","ROCKINGHAM",1358,38.45,-78.94,0.0,0.0,0.0,1.0,0.0,0.0,0.0,0.0,0.0,0.0,0.0,0.0,0.0,0.0,0.0,0.0,0.0,0.0,0.0,0.0,0.0,0.0,0.0,0.0,0.0,0.0,0.0,0.0,0.0,0.0,0.0
USW00013728,"DANVILLE REGIONAL AIRPORT","PITTSYLVANIA",571,36.57,-79.34,0.0,0.0,0.0,0.0,0.0,0.0,0.0,0.0,0.0,0.0,0.0,0.0,0.0,0.0,0.0,0.0,0.0,0.0,0.0,0.0,0.0,0.0,0.0,0.0,0.0,0.0,0.0,0.0,0.0,0.0,0.0
US1VAPC0005,"DISPUTANTA 6.3 NE","PRINCE GEORGE",120,37.19,-77.15,0.0,M,0.0,1.0,0.0,0.0,M,0.0,0.0,0.0,0.0,0.0,0.0,0.0,0.0,0.0,0.0,0.0,0.0,0.0,0.0,0.0,0.0,0.0,0.0,0.0,0.0,M,0.0,0.0,0.0
US1VACM0012,"EVINGTON 2.2 NE","CAMPBELL",814,37.26,-79.26,0.0,M,0.0,M,0.0,0.0,0.0,0.0,0.0,0.0,0.0,0.0,0.0,M,M,0.0,0.0,M,0.0,M,M,0.0,0.0,0.0,0.0,0.0,0.0,M,0.0,0.0,0.0
US1VAFX0064,"FALLS CHURCH 1.6 W","FAIRFAX",464,38.89,-77.20,0.0,M,0.0,1.3,0.0,M,M,M,M,M,M,M,M,M,M,M,M,M,M,T,T,0.0,0.0,0.0,0.0,0.0,0.0,M,M,M,M
US1VAPN0002,"FARMVILLE 1.0 SSW","PRINCE EDWARD",382,37.28,-78.40,0.0,M,0.0,0.0,0.0,0.0,0.0,M,M,M,M,0.0,0.0,M,0.0,M,0.0,0.0,0.0,M,M,0.0,0.0,0.0,0.0,M,M,M,0.0,0.0,0.0
USC00442941,"FARMVILLE 2 N","CUMBERLAND",450,37.33,-78.39,M,M,M,T,M,M,M,M,M,M,M,M,M,M,M,M,M,M,M,M,M,M,M,M,M,M,M,M,M,M,M
US1VAFR0019,"FERRUM 1.9 SSW","FRANKLIN",1299,36.90,-80.03,0.0,M,M,M,0.0,0.0,0.0,0.0,0.0,0.0,0.0,M,M,M,M,0.0,0.0,0.0,0.0,M,M,0.0,0.0,0.0,M,M,M,M,0.0,0.0,0.0
US1VAFR0026,"FERRUM 2.7 SW","FRANKLIN",1270,36.90,-80.05,0.0,0.0,0.0,M,0.0,0.0,0.0,0.0,0.0,0.0,0.0,0.0,0.0,M,M,0.0,0.0,0.0,0.0,M,0.0,0.0,0.0,0.0,M,0.0,0.0,M,0.0,0.0,0.0
US1VABT0002,"FINCASTLE 1.9 NNW","BOTETOURT",1120,37.53,-79.88,0.0,M,T,1.0,0.0,0.0,0.0,0.0,0.0,0.0,0.0,0.0,0.0,M,M,0.0,0.0,M,M,M,0.0,0.0,0.0,0.0,0.0,0.0,0.0,M,0.0,0.0,0.0
US1VAFL0009,"FLOYD 5.2 NW","FLOYD",2285,36.96,-80.39,0.0,0.0,0.0,0.3,0.0,0.0,0.0,0.0,0.0,0.0,0.0,0.0,0.0,0.0,0.0,0.0,M,0.0,0.0,0.0,T,0.0,0.0,0.0,0.0,0.0,0.0,0.0,0.0,0.0,0.0
US1VAFX0033,"FRANCONIA 1.3 SSE","FAIRFAX",56,38.75,-77.14,0.0,0.0,0.0,1.0,T,0.0,0.0,0.0,0.0,0.0,0.0,0.0,0.0,0.0,0.0,0.0,0.0,0.0,0.0,0.0,T,0.0,0.0,0.0,0.0,0.0,0.0,0.0,0.0,0.0,0.0
US1VASP0002,"FREDERICKSBURG 5.2 SSW","SPOTSYLVANIA",216,38.23,-77.51,0.0,M,0.0,0.3,M,M,0.0,0.0,0.0,0.0,0.0,0.0,0.0,M,M,0.0,0.0,0.0,0.0,M,M,0.0,0.0,0.0,0.0,0.0,0.0,M,M,0.0,0.0
US1VASF0005,"FREDERICKSBURG 7.6 ESE","STAFFORD",61,38.26,-77.36,0.0,0.0,0.0,1.7,0.0,0.0,0.0,0.0,0.0,0.0,0.0,0.0,0.0,0.0,0.0,0.0,0.0,0.0,0.0,T,T,0.0,0.0,0.0,0.0,0.0,0.0,0.0,0.0,0.0,0.0
USC00443213,"FREE UNION","ALBEMARLE",590,38.09,-78.59,M,M,M,1.6,M,M,M,M,M,M,M,M,M,M,M,M,M,M,M,M,M,M,M,M,M,M,M,M,M,M,M
USC00443229,"FRONT ROYAL","WARREN",930,38.90,-78.18,0.0,0.0,0.0,0.2,0.0,0.0,0.0,0.0,0.0,0.0,0.0,0.0,0.0,0.0,0.0,0.0,0.0,0.0,0.0,0.0,0.0,0.0,0.0,0.0,0.0,0.0,0.0,0.0,0.0,0.0,0.0
US1VAPW0009,"GAINESVILLE 1.6 SE","PRINCE WILLIAM",309,38.77,-77.60,0.0,M,0.0,0.3,0.0,0.0,0.0,0.0,0.0,0.0,0.0,0.0,M,M,M,M,M,0.0,0.0,M,M,0.0,0.0,0.0,0.0,0.0,0.0,M,0.0,0.0,M
US1VACR0003,"GALAX 6.1 N","CARROLL",2530,36.75,-80.92,0.0,0.0,0.0,0.5,0.0,0.0,0.0,0.0,0.0,0.0,0.0,M,0.0,M,M,0.0,0.0,0.0,M,M,T,0.0,0.0,0.0,M,M,0.0,M,0.0,0.0,0.0
USC00443267,"GALAX RADIO WBRF","CARROLL",2384,36.66,-80.91,0.0,0.0,T,0.6,0.0,0.0,0.0,0.0,0.0,0.0,0.0,0.0,0.0,0.0,0.0,0.0,0.0,0.0,0.0,0.0,T,0.0,0.0,0.0,0.0,0.0,0.0,0.0,0.0,0.0,0.0
USC00443272,"GALAX WATER PLANT","CARROLL",2359,36.65,-80.92,0.0,0.0,0.0,0.4,0.0,0.0,0.0,0.0,0.0,0.0,0.0,0.0,0.0,0.0,0.0,0.0,0.0,0.0,0.0,0.0,T,0.0,0.0,0.0,0.0,0.0,0.0,0.0,0.0,0.0,0.0
US1VASC0001,"GATE CITY 6.2 NNE","SCOTT",1965,36.72,-82.54,0.0,T,0.0,M,0.0,M,0.0,0.0,0.0,0.0,M,M,M,M,M,0.0,0.0,0.0,M,M,0.0,0.0,0.0,0.0,M,M,0.0,M,0.0,0.0,0.0
USC00443310,"GATHRIGHT DAM","ALLEGHANY",1770,37.95,-79.95,0.0,0.0,0.0,4.0,0.0,0.0,0.0,0.0,0.0,0.0,0.0,0.0,0.0,0.0,0.0,0.0,0.0,0.0,0.0,0.0,0.0,0.0,0.0,0.0,0.0,0.0,0.0,0.0,0.0,0.0,0.0
US1VACM0003,"GLADYS 0.6 S","CAMPBELL",764,37.15,-79.07,0.0,M,0.0,M,0.0,0.0,0.0,0.0,0.0,0.0,0.0,M,0.0,M,M,0.0,0.0,0.0,0.0,M,M,0.0,0.0,0.0,0.0,M,M,M,0.0,0.0,0.0
USC00443375,"GLASGOW 1 SE","ROCKBRIDGE",737,37.62,-79.44,0.0,0.0,0.0,0.4,0.0,0.0,0.0,0.0,0.0,0.0,0.0,0.0,0.0,0.0,0.0,0.0,0.0,0.0,0.0,0.0,0.0,0.0,0.0,0.0,0.0,0.0,0.0,0.0,0.0,0.0,0.0
US1VAHR0006,"GLEN ALLEN 4.6 W","HENRICO",273,37.66,-77.57,0.0,0.0,0.0,1.9,0.0,0.0,0.0,0.0,0.0,0.0,0.0,0.0,0.0,0.0,0.0,0.0,0.0,0.0,0.0,M,T,0.0,0.0,0.0,0.0,0.0,0.0,0.0,0.0,0.0,0.0
US1VAGC0003,"GLOUCESTER COURTHOUSE 0.5 NW","GLOUCESTER",70,37.42,-76.53,0.0,M,0.0,0.0,M,0.0,0.0,0.0,0.0,0.0,0.0,0.0,0.0,M,M,M,0.0,0.0,0.0,M,M,M,M,M,M,M,M,M,M,M,M
US1VAGC0004,"GLOUCESTER COURTHOUSE 3.5 NNW","GLOUCESTER",74,37.46,-76.54,M,M,0.0,M,M,M,M,M,0.0,M,M,0.0,M,M,M,M,M,M,M,M,M,0.0,M,M,M,M,M,M,0.0,0.0,M
US1VABD0020,"GOODVIEW 1.7 NNE","BEDFORD",1011,37.24,-79.72,M,M,M,M,M,M,M,M,M,M,M,M,M,M,M,M,M,M,M,M,M,M,M,0.0,M,0.0,M,M,M,M,M
US1VALS0004,"GORDONSVILLE 10.4 S","LOUISA",462,37.99,-78.21,0.0,0.0,0.0,0.2,0.0,0.0,0.0,0.0,0.0,0.0,0.0,0.0,0.0,0.0,0.0,0.0,M,M,M,M,M,M,M,0.0,0.0,M,M,M,M,M,0.0
US1VAAC0008,"GREENBACKVILLE 0.4 WNW","ACCOMACK",2,38.01,-75.40,0.0,M,M,0.4,M,M,0.0,0.0,0.0,0.0,M,M,M,M,M,M,0.0,0.0,M,M,M,M,0.0,0.0,0.0,M,M,M,M,0.0,0.0
USC00443640,"GRUNDY","BUCHANAN",1170,37.28,-82.09,0.0,0.1,0.0,0.0,0.0,0.0,0.0,0.0,0.0,0.0,0.0,0.0,0.0,0.0,0.0,0.0,0.0,0.0,0.0,0.0,0.0,0.0,0.0,0.0,0.0,0.0,0.0,0.0,0.0,0.0,0.0
US1VAHMC004,"HAMPTON 7.2 W","HAMPTON",23,37.05,-76.42,0.0,M,0.0,M,M,M,M,0.0,0.0,0.0,M,0.0,0.0,M,M,M,0.0,0.0,0.0,M,M,M,0.0,0.0,0.0,M,M,M,M,0.0,0.0
US1VAHMC007,"HAMPTON 8.1 W","HAMPTON",22,37.06,-76.44,M,M,M,M,M,M,M,0.0,0.0,0.0,0.0,0.0,M,M,M,M,0.0,0.0,0.0,M,M,0.0,0.0,0.0,0.0,M,M,M,0.0,0.0,0.0
US1VAFR0014,"HARDY 7.1 SE","FRANKLIN",895,37.16,-79.72,0.0,M,M,M,0.0,M,0.0,M,M,0.0,0.0,M,M,M,M,0.0,0.0,0.0,M,M,M,0.0,0.0,0.0,0.0,M,M,M,0.0,0.0,0.0
US1VAFR0013,"HARDY 7.8 SE","FRANKLIN",886,37.15,-79.71,M,M,M,M,M,M,M,M,M,M,M,0.0,0.0,M,M,M,0.0,0.0,0.0,M,M,0.0,M,M,0.0,M,0.0,M,M,0.0,M
US1VARH0004,"HARRISONBURG 0.8 NW","ROCKINGHAM",1373,38.44,-78.89,0.0,0.0,0.0,0.8,0.0,0.0,0.0,0.0,0.0,0.0,0.0,0.0,0.0,M,M,0.0,0.0,0.0,0.0,1.5,0.0,0.0,0.0,0.0,M,M,0.0,M,0.0,0.0,0.0
US1VARH0003,"HARRISONBURG 4.2 SSE","ROCKINGHAM",1316,38.38,-78.84,M,M,M,M,M,M,M,M,M,M,M,M,M,M,M,M,M,M,M,M,M,M,M,M,M,M,0.0,M,M,M,M
US1VAPW0015,"HAYMARKET 5.5 N","PRINCE WILLIAM",344,38.89,-77.62,0.0,0.0,0.0,M,0.0,0.0,M,0.0,0.0,0.0,0.0,0.0,0.0,M,M,0.0,0.0,0.0,0.0,M,0.0,0.0,0.0,0.0,0.0,0.0,0.0,M,M,0.0,0.0
US1VAFX0001,"HERNDON 3.3 S","FAIRFAX",390,38.92,-77.38,0.0,M,0.0,1.1,T,M,0.0,0.0,0.0,0.0,0.0,0.0,M,M,M,M,M,M,M,M,M,M,M,M,M,M,0.0,M,M,0.0,0.0
USC00444039,"HOLCOMB ROCK","BEDFORD",900,37.54,-79.40,0.0,0.0,0.0,0.6,0.0,0.0,0.0,0.0,0.0,0.0,0.0,0.0,0.0,0.0,0.0,0.0,0.0,0.0,0.0,T,0.0,0.0,0.0,0.0,0.0,0.0,0.0,0.0,0.0,0.0,0.0
USC00444101,"HOPEWELL","PRINCE GEORGE",40,37.30,-77.28,0.0,0.0,0.0,M,M,M,0.0,0.0,0.0,0.0,0.0,0.0,0.0,M,0.0,M,M,0.0,0.0,0.0,0.0,0.0,0.0,0.0,0.0,0.0,0.0,0.0,0.0,0.0,0.0
USC00444128,"HOT SPRINGS","BATH",2235,38.00,-79.83,0.0,0.0,0.0,5.0,0.0,0.0,0.0,0.0,0.0,0.0,0.0,0.0,0.0,0.0,0.0,0.0,0.0,0.0,0.0,0.0,0.0,0.0,0.0,0.0,0.0,0.0,0.0,0.0,0.0,0.0,0.0
USC00444148,"HUDDLESTON 4 SW","BEDFORD",898,37.13,-79.53,0.0,0.0,0.0,T,0.0,0.0,0.0,0.0,0.0,0.0,0.0,0.0,0.0,0.0,0.0,0.0,0.0,0.0,0.0,0.0,0.0,0.0,0.0,0.0,0.0,0.0,0.0,0.0,0.0,0.0,0.0
US1VAGR0003,"INDEPENDENCE 1.3 S","GRAYSON",2697,36.60,-81.16,0.0,M,0.0,1.0,0.0,M,0.0,0.0,0.0,0.0,0.0,M,0.0,M,M,0.0,0.0,0.0,0.0,M,M,0.0,0.0,0.0,M,0.0,0.0,M,0.0,0.0,0.0
USC00444410,"JOHN FLANNAGAN LAKE","DICKENSON",1460,37.23,-82.34,0.0,0.0,0.0,0.0,0.0,0.0,0.0,0.0,0.0,0.0,0.0,0.0,0.0,0.0,0.0,0.0,0.0,0.0,0.0,0.0,0.0,0.0,0.0,0.0,0.0,0.0,0.0,0.0,0.0,0.0,0.0
US1VALE0002,"JONESVILLE 3.1 WSW","LEE",1388,36.67,-83.17,0.0,M,0.0,M,M,M,0.0,0.0,0.0,0.0,M,0.0,M,M,M,0.0,0.0,0.0,0.0,M,M,M,0.0,0.0,M,0.0,0.0,M,0.0,0.0,0.0
US1VAAB0012,"KESWICK 2.8 NE","ALBEMARLE",467,38.05,-78.33,M,M,M,M,M,M,M,M,M,M,0.0,M,M,M,M,M,M,0.0,0.0,M,M,M,M,M,M,M,M,M,M,M,M
USC00444568,"KEYSVILLE 2 S","CHARLOTTE",625,37.02,-78.48,0.0,0.0,0.0,0.0,0.0,0.0,0.0,0.0,0.0,0.0,0.0,0.0,0.0,0.0,0.0,0.0,0.0,0.0,0.0,0.0,0.0,0.0,0.0,0.0,0.0,0.0,0.0,0.0,0.0,0.0,0.0
US1VALN0002,"KILMARNOCK 2.5 NW","LANCASTER",75,37.74,-76.42,0.0,M,M,M,M,M,0.0,0.0,M,M,0.0,M,M,M,M,M,0.0,0.0,M,M,M,M,M,0.0,0.0,M,M,M,0.0,0.0,0.0
USC00444676,"LAFAYETTE 1 NE","MONTGOMERY",1320,37.24,-80.20,0.0,0.0,0.0,0.7,0.0,0.0,0.0,0.0,0.0,0.0,0.0,0.0,0.0,0.0,0.0,0.0,0.0,0.0,0.0,0.0,0.0,0.0,0.0,0.0,0.0,0.0,0.0,0.0,0.0,0.0,0.0
US1VAHR0008,"LAUREL 0.8 N","HENRICO",201,37.65,-77.50,0.0,M,0.0,2.4,0.0,0.0,0.0,0.0,0.0,0.0,0.0,0.0,0.0,M,M,0.0,0.0,0.0,0.0,M,M,0.0,0.0,0.0,M,M,M,M,0.0,0.0,0.0
USC00444777,"LEBANON","RUSSELL",1912,36.90,-82.04,0.0,0.0,0.0,0.0,0.0,0.0,0.0,0.0,0.0,0.0,0.0,0.0,0.0,0.0,0.0,0.0,0.0,0.0,0.0,0.0,0.0,0.0,0.0,0.0,0.0,0.0,0.0,0.0,0.0,0.0,0.0
US1VALD0024,"LEESBURG 1.7 E","LOUDOUN",376,39.10,-77.52,M,M,M,1.5,T,M,M,M,M,M,M,0.0,M,M,M,M,0.0,0.0,0.0,T,M,M,M,M,M,M,0.0,M,M,M,M
US1VALD0026,"LEESBURG 2.6 E","LOUDOUN",269,39.10,-77.51,0.0,M,0.0,M,0.0,M,0.0,M,0.0,0.0,0.0,0.0,M,M,M,M,0.0,0.0,0.0,M,0.0,M,0.0,0.0,0.0,0.0,0.0,M,0.0,0.0,0.0
US1VALD0017,"LEESBURG 4.4 W","LOUDOUN",550,39.09,-77.64,0.0,0.0,0.0,M,0.0,M,M,M,M,M,M,0.0,M,M,M,M,M,0.0,0.0,M,0.0,0.0,0.0,0.0,M,M,M,M,M,0.0,0.0
USC00444876,"LEXINGTON","ROCKBRIDGE",1097,37.78,-79.44,0.0,0.0,0.0,3.2,0.0,0.0,0.0,0.0,0.0,0.0,0.0,0.0,0.0,0.0,0.0,0.0,0.0,0.0,0.0,T,0.0,0.0,0.0,0.0,0.0,0.0,0.0,0.0,0.0,0.0,0.0
USC00444909,"LINCOLN","LOUDOUN",500,39.09,-77.69,0.0,0.0,0.0,1.0,0.0,0.0,0.0,0.0,0.0,0.0,0.0,0.0,0.0,0.0,0.0,0.0,0.0,0.0,0.0,0.0,0.0,0.0,0.0,0.0,0.0,0.0,0.0,0.0,0.0,0.0,0.0
US1VAFX0050,"LORTON 1.2 NE","FAIRFAX",140,38.71,-77.23,0.0,M,0.0,M,0.0,0.0,0.0,0.0,0.0,0.0,0.0,0.0,M,M,M,M,M,M,M,M,M,M,M,0.0,M,M,M,M,M,M,M
US1VAND0002,"LOTTSBURG 2.3 NNE","NORTHUMBERLAND",18,37.99,-76.51,M,M,M,1.0,0.0,0.0,M,M,M,M,M,M,M,M,M,M,M,M,M,M,M,M,M,M,M,M,M,M,M,M,M
USC00445096,"LURAY 5 E","PAGE",1400,38.67,-78.37,0.0,0.0,0.0,1.0,0.0,0.0,0.0,0.0,0.0,0.0,0.0,0.0,0.0,0.0,0.0,0.0,0.0,0.0,0.0,0.0,0.0,0.0,0.0,0.0,0.0,0.0,0.0,0.0,0.0,0.0,0.0
US1VABD0019,"LYNCHBURG 1.3 SSW","BEDFORD",747,37.39,-79.20,0.0,M,0.0,M,0.0,0.0,0.0,0.0,0.0,0.0,0.0,0.0,0.0,M,M,0.0,0.0,0.0,0.0,M,M,0.0,0.0,0.0,0.0,0.0,0.0,M,0.0,0.0,0.0
US1VABD0016,"LYNCHBURG 1.4 SSW","BEDFORD",750,37.38,-79.20,M,M,0.0,M,0.0,M,0.0,0.0,0.0,0.0,0.0,0.0,0.0,M,M,0.0,0.0,0.0,0.0,M,M,0.0,0.0,0.0,0.0,0.0,M,M,0.0,0.0,0.0
US1VALYC001,"LYNCHBURG 2.5 NNW","LYNCHBURG",743,37.43,-79.21,0.0,0.0,0.0,0.0,0.0,0.0,0.0,0.0,0.0,0.0,0.0,0.0,0.0,M,M,0.0,0.0,0.0,0.0,M,0.0,0.0,0.0,0.0,0.0,0.0,0.0,M,0.0,0.0,0.0
US1VALYC004,"LYNCHBURG 2.5 WSW","LYNCHBURG",713,37.38,-79.23,0.0,M,0.0,M,0.0,M,0.0,0.0,0.0,0.0,0.0,0.0,0.0,M,M,0.0,0.0,0.0,0.0,M,M,0.0,0.0,0.0,0.0,0.0,0.0,M,M,0.0,0.0
US1VACM0004,"LYNCHBURG 6.7 ESE","CAMPBELL",742,37.36,-79.08,M,0.0,0.0,M,M,M,0.0,M,M,M,M,M,0.0,M,M,0.0,0.0,0.0,0.0,M,M,0.0,0.0,0.0,0.0,0.0,0.0,M,0.0,0.0,0.0
USW00013733,"LYNCHBURG REGIONAL AP","CAMPBELL",940,37.32,-79.21,0.0,0.0,T,T,0.0,0.0,0.0,0.0,0.0,0.0,0.0,0.0,0.0,0.0,0.0,0.0,0.0,0.0,0.0,0.0,0.0,0.0,0.0,0.0,0.0,0.0,0.0,0.0,0.0,0.0,0.0
US1VAMD0003,"MADISON 6.9 NNW","MADISON",635,38.47,-78.32,M,M,M,0.5,M,M,M,M,M,M,M,M,M,M,M,M,M,M,M,T,M,M,M,M,M,M,M,M,M,M,M
US1VAPW0013,"MANASSAS 5.3 SE","PRINCE WILLIAM",282,38.68,-77.43,0.0,M,0.0,0.5,M,0.0,0.0,0.0,0.0,0.0,0.0,0.0,M,M,M,M,0.0,0.0,0.0,M,M,0.0,0.0,0.0,0.0,M,0.0,M,M,0.0,0.0
US1VAPW0014,"MANASSAS 5.8 SE","PRINCE WILLIAM",355,38.68,-77.42,0.0,M,0.0,0.4,M,0.0,0.0,0.0,0.0,0.0,0.0,0.0,0.0,M,M,0.0,0.0,0.0,0.0,M,M,0.0,0.0,0.0,0.0,M,0.0,M,M,0.0,0.0
US1VAFX0037,"MANTUA 1.4 S","FAIRFAX",430,38.83,-77.26,M,M,M,0.6,M,M,M,M,M,M,M,M,M,M,M,M,M,M,M,M,M,M,M,M,M,M,M,M,M,M,M
US1VASM0004,"MARION 2.4 ENE","SMYTH",2254,36.85,-81.47,0.0,M,0.0,0.2,0.0,M,M,0.0,0.0,0.0,0.0,0.0,M,M,M,0.0,M,0.0,M,M,0.0,0.0,0.0,0.0,M,M,0.0,M,0.0,0.0,M
US1VASM0001,"MARION 4.4 WSW","SMYTH",2170,36.81,-81.59,0.0,M,M,T,M,M,0.0,M,0.0,0.0,M,0.0,M,M,M,0.0,0.0,M,M,M,0.0,0.0,0.0,M,M,0.0,0.0,M,M,0.0,0.0
USC00445300,"MARTINSVILLE FILTER PLANT","HENRY",760,36.71,-79.86,0.0,0.0,0.0,0.0,0.0,0.0,0.0,0.0,0.0,0.0,0.0,0.0,0.0,0.0,0.0,0.0,0.0,0.0,0.0,0.0,0.0,0.0,0.0,0.0,0.0,0.0,0.0,0.0,0.0,0.0,0.0
US1VAKQ0001,"MATTAPONI 2.6 NNW","KING AND QUEEN",21,37.57,-76.78,0.0,M,0.0,1.1,M,M,0.0,0.0,0.0,0.0,0.0,0.0,M,M,M,M,0.0,0.0,0.0,M,M,0.0,0.0,0.0,0.0,M,M,M,M,M,M
US1VAFX0052,"MCLEAN 1.5 S","FAIRFAX",295,38.92,-77.18,0.0,M,0.0,1.5,0.0,M,0.0,0.0,0.0,0.0,0.0,0.0,0.0,M,M,M,M,0.0,0.0,M,T,0.0,0.0,0.0,0.0,M,0.0,M,M,0.0,0.0
US1VAFX0041,"MCLEAN 2.3 SE","FAIRFAX",273,38.92,-77.14,0.0,M,0.0,M,0.0,0.0,0.0,0.0,0.0,0.0,0.0,0.0,0.0,M,M,M,M,0.0,0.0,M,0.0,0.0,0.0,0.0,0.0,0.0,0.0,M,M,0.0,0.0
US1VAFX0053,"MCLEAN 2.4 SSE","FAIRFAX",400,38.91,-77.15,0.0,M,0.0,1.3,T,M,0.0,0.0,0.0,0.0,0.0,0.0,0.0,M,M,M,M,M,0.0,T,M,0.0,0.0,0.0,0.0,M,0.0,0.0,M,0.0,0.0
US1VAPR0002,"MEADOWS OF DAN 4.5 SW","PATRICK",2834,36.68,-80.45,0.0,M,0.0,0.3,0.0,M,0.0,0.0,0.0,0.0,0.0,M,M,M,M,0.0,0.0,0.0,0.0,M,M,0.0,0.0,0.0,0.0,M,M,M,0.0,0.0,M
USC00445453,"MEADOWS OF DAN 5 SW","PATRICK",2224,36.67,-80.45,0.0,0.0,0.0,0.0,0.0,0.0,0.0,0.0,0.0,0.0,0.0,0.0,0.0,0.0,0.0,0.0,0.0,0.0,0.0,0.0,0.0,0.0,0.0,0.0,0.0,0.0,0.0,0.0,0.0,0.0,0.0
US1VAFD0002,"MIDDLETOWN 0.1 SE","FREDERICK",722,39.03,-78.28,0.0,0.0,0.0,0.7,0.0,0.0,0.0,0.0,0.0,0.0,0.0,0.0,0.0,M,M,M,0.0,0.0,0.0,M,0.0,0.0,0.0,0.0,0.0,0.0,0.0,M,M,M,M
US1VACS0019,"MIDLOTHIAN 0.6 NE","CHESTERFIELD",362,37.51,-77.64,0.0,M,0.0,2.0,0.0,M,0.0,0.0,0.0,M,M,0.0,0.0,M,M,0.0,0.0,0.0,0.0,M,M,0.0,0.0,0.0,0.0,M,M,M,0.0,0.0,0.0
US1VACS0027,"MIDLOTHIAN 3.5 SSW","CHESTERFIELD",265,37.46,-77.66,0.0,M,0.0,0.7,0.0,M,0.0,0.0,0.0,M,0.0,0.0,0.0,M,M,M,0.0,0.0,0.0,M,M,0.0,0.0,0.0,M,M,M,M,M,M,M
US1VACS0026,"MIDLOTHIAN 4.7 SSW","CHESTERFIELD",183,37.44,-77.67,M,M,0.0,0.6,0.0,M,0.0,M,0.0,0.0,0.0,0.0,0.0,M,M,M,0.0,0.0,0.0,M,M,0.0,0.0,M,M,M,M,M,M,M,0.0
US1VABH0001,"MILLBORO 0.3 NW","BATH",1761,37.98,-79.61,M,M,M,M,M,M,M,M,M,0.0,0.0,M,M,M,M,M,M,0.0,M,M,M,0.0,0.0,0.0,M,M,0.0,M,M,M,0.0
USC00445595,"MILLGAP","HIGHLAND",2420,38.31,-79.72,0.0,0.1,0.0,2.6,0.0,0.0,0.0,0.0,0.0,0.0,0.0,0.0,0.0,0.0,0.0,0.0,0.0,0.0,0.0,0.5,0.0,0.0,0.0,0.0,0.0,0.0,0.0,0.0,0.0,0.0,0.0
US1VALS0002,"MINERAL 10.2 ESE","LOUISA",299,37.93,-77.75,M,M,M,M,M,M,M,M,M,M,M,M,M,M,M,0.0,0.0,0.0,0.0,M,M,0.0,0.0,0.0,0.0,0.0,0.0,M,M,M,0.0
US1VABD0007,"MONETA 3.6 SW","BEDFORD",858,37.16,-79.68,0.0,M,0.0,M,M,M,0.0,0.0,M,M,0.0,M,M,M,M,M,0.0,0.0,0.0,M,M,M,M,M,0.0,0.0,M,M,0.0,0.0,0.0
US1VABD0004,"MONETA 3.7 SW","BEDFORD",834,37.14,-79.66,0.0,M,0.0,M,0.0,M,0.0,0.0,0.0,0.0,0.0,M,M,M,M,M,0.0,0.0,0.0,M,M,0.0,0.0,0.0,0.0,M,0.0,M,0.0,0.0,0.0
US1VABD0013,"MONETA 3.9 WSW","BEDFORD",879,37.17,-79.69,0.0,M,M,M,M,M,M,M,M,M,0.0,M,0.0,M,M,M,M,0.0,M,M,M,0.0,0.0,0.0,M,M,0.0,M,M,M,0.0
US1VABD0006,"MONETA 4.5 SSW","BEDFORD",860,37.12,-79.64,M,M,M,M,M,M,0.0,0.0,M,M,M,M,M,M,M,0.0,M,M,M,M,M,M,M,M,M,M,M,M,0.0,M,M
US1VAFR0021,"MONETA 6.1 SW","FRANKLIN",0,37.10,-79.67,M,M,M,T,M,M,M,M,M,M,M,M,M,M,M,M,M,M,M,M,M,M,M,M,M,M,M,M,M,M,M
US1VAHG0002,"MONTEREY 6.5 SSW","HIGHLAND",2434,38.33,-79.64,0.0,M,M,M,0.0,0.0,M,0.0,0.0,0.0,0.0,0.0,0.0,M,M,M,0.0,0.0,M,M,M,M,0.0,0.0,M,M,M,M,0.0,0.0,0.0
US1VAHR0013,"MONTROSE 4.7 SSE","HENRICO",149,37.46,-77.35,0.0,M,M,1.0,M,M,M,M,M,M,M,M,M,M,M,M,M,M,M,M,M,M,M,M,M,M,M,M,M,M,M
US1VAWM0001,"MONTROSS 5.2 ESE","WESTMORELAND",36,38.08,-76.73,0.0,M,0.0,3.5,0.0,M,0.0,0.0,0.0,0.0,0.0,0.0,M,M,M,M,0.0,0.0,0.0,M,M,0.0,0.0,0.0,M,M,0.0,M,0.0,0.0,0.0
USC00445851,"MOUNT WEATHER","LOUDOUN",1659,39.06,-77.89,M,M,M,1.5,M,0.5,M,M,M,M,M,M,M,M,M,M,M,M,M,2.0,M,M,M,M,M,M,M,M,M,M,M
USC00445756,"MOUNTAIN GROVE","BATH",1774,38.10,-79.89,0.0,0.0,0.0,4.0,0.0,T,0.0,0.0,0.0,0.0,0.0,0.0,0.0,0.0,0.0,0.0,0.0,0.0,0.0,0.0,0.0,0.0,0.0,0.0,0.0,0.0,0.0,0.0,0.0,0.0,0.0
USC00445880,"MUSTOE 1 SW","HIGHLAND",2379,38.33,-79.66,0.0,0.4,3.2,T,0.0,0.0,0.0,0.0,0.0,0.0,0.0,0.0,0.0,0.0,0.0,0.0,0.0,0.0,T,T,0.0,0.0,0.0,0.0,0.0,0.0,0.0,0.0,0.0,0.0,0.0
USC00446012,"NEW CASTLE","CRAIG",1258,37.30,-80.06,0.0,0.0,0.0,0.0,0.0,0.0,0.0,0.0,0.0,0.0,0.0,0.0,0.0,0.0,0.0,0.0,0.0,0.0,0.0,0.0,0.0,0.0,0.0,0.0,0.0,0.0,0.0,0.0,0.0,0.0,0.0
US1VANNC007,"NEWPORT NEWS 2.7 ESE","NEWPORT NEWS",33,37.06,-76.47,M,M,0.0,M,M,M,M,M,M,M,M,M,M,M,M,M,M,M,M,M,M,M,M,M,M,M,M,M,M,M,M
US1VANNC004,"NEWPORT NEWS 3.3 E","NEWPORT NEWS",21,37.08,-76.45,0.0,M,M,M,0.0,M,0.0,0.0,0.0,0.0,0.0,0.0,M,M,M,0.0,0.0,0.0,0.0,M,M,0.0,0.0,0.0,0.0,M,M,M,M,0.0,0.0
US1VAYR0001,"NEWPORT NEWS 5.8 NE","YORK",59,37.14,-76.45,0.0,M,0.0,M,M,0.0,0.0,0.0,0.0,0.0,0.0,M,M,M,M,M,0.0,0.0,0.0,M,M,0.0,0.0,0.0,0.0,M,M,M,M,0.0,0.0
US1VAYR0003,"NEWPORT NEWS 7.5 NNE","YORK",23,37.17,-76.44,0.0,0.0,0.0,M,M,0.0,M,0.0,0.0,0.0,0.0,0.0,M,M,M,M,0.0,0.0,0.0,M,M,M,0.0,M,0.0,M,M,M,M,M,0.0
US1VAPW0011,"NOKESVILLE 4.0 S","PRINCE WILLIAM",203,38.64,-77.58,0.0,M,0.0,0.0,M,M,0.0,0.0,0.0,0.0,0.0,0.0,0.0,M,M,M,0.0,0.0,0.0,M,M,0.0,0.0,0.0,0.0,0.0,M,M,0.0,0.0,0.0
USC00446125,"NORA 4 SSE","DICKENSON",2649,37.02,-82.32,0.0,T,T,0.3,T,T,0.0,0.0,0.0,0.0,0.0,0.0,0.0,0.0,0.0,0.0,0.0,0.0,0.0,0.0,T,0.0,0.0,0.0,0.0,0.0,0.0,0.0,0.0,0.0,0.0
US1VANRC005,"NORFOLK 3.0 S","NORFOLK (CITY)",9,36.88,-76.25,0.0,M,0.0,M,M,M,0.0,0.0,0.0,0.0,0.0,0.0,0.0,M,M,0.0,0.0,0.0,0.0,M,M,0.0,M,0.0,M,M,M,M,0.0,0.0,0.0
US1VANRC003,"NORFOLK 5.0 SSW","NORFOLK (CITY)",9,36.86,-76.29,0.0,0.0,0.0,T,0.0,0.0,0.0,0.0,0.0,0.0,0.0,0.0,0.0,0.0,0.0,0.0,0.0,0.0,0.0,0.0,0.0,0.0,0.0,0.0,0.0,0.0,0.0,0.0,0.0,0.0,0.0
USW00013737,"NORFOLK INTL AP","NORFOLK (CITY)",30,36.90,-76.19,0.0,0.0,T,T,0.0,0.0,0.0,0.0,0.0,0.0,0.0,0.0,0.0,0.0,0.0,0.0,0.0,0.0,0.0,0.0,0.0,0.0,0.0,0.0,0.0,0.0,0.0,0.0,0.0,0.0,0.0
USC00446147,"NORFOLK SOUTH","NORFOLK (CITY)",100,36.87,-76.23,M,M,T,M,M,M,M,M,M,M,M,M,M,M,M,M,M,M,M,M,M,M,M,M,M,M,M,M,M,M,M
USC00446161,"NORTH","MATHEWS",10,37.43,-76.44,0.0,0.0,0.0,0.0,0.0,0.0,0.0,0.0,0.0,0.0,0.0,0.0,0.0,0.0,0.0,0.0,0.0,0.0,0.0,0.0,0.0,0.0,0.0,0.0,0.0,0.0,0.0,0.0,0.0,0.0,0.0
USC00446173,"NORTH FORK LAKE","WISE",1674,37.12,-82.63,0.0,0.0,M,M,M,M,M,0.0,M,0.0,0.0,M,M,0.0,0.0,0.0,0.0,0.0,M,M,0.0,0.0,0.0,0.0,M,M,M,0.0,0.0,0.0,M
US1VAFX0072,"OAK HILL 0.3 WSW","FAIRFAX",358,38.91,-77.41,0.0,0.0,0.9,0.5,0.0,T,0.0,0.0,0.0,0.0,0.0,0.0,0.0,0.0,0.0,0.0,0.0,0.0,T,0.0,0.0,0.0,0.0,0.0,0.0,0.0,0.0,0.0,0.0,0.0,0.0
US1VAFX0070,"OAK HILL 1.0 NE","FAIRFAX",366,38.92,-77.39,M,M,M,1.3,M,0.0,0.0,M,M,M,M,M,M,M,M,M,M,M,M,M,M,M,M,M,M,M,M,M,M,0.0,M
US1VAAC0006,"ONANCOCK 3.9 SW","ACCOMACK",0,37.67,-75.80,0.0,M,M,M,0.0,0.0,0.0,0.0,0.0,0.0,0.0,0.0,M,M,M,M,0.0,0.0,0.0,M,M,0.0,0.0,0.0,0.0,M,M,M,M,0.0,0.0
US1VAAC0007,"ONLEY 0.6 SE","ACCOMACK",43,37.68,-75.71,0.0,M,0.0,M,0.0,0.0,0.0,0.0,0.0,0.0,0.0,0.0,M,M,M,0.0,0.0,M,M,M,M,0.0,0.0,0.0,0.0,M,M,M,M,0.0,0.0
US1VAAC0015,"PAINTER 4.4 W","ACCOMACK",16,37.60,-75.86,M,M,M,M,M,M,M,M,M,M,M,M,M,M,M,M,M,M,M,M,M,M,M,M,M,M,M,M,0.0,0.0,M
USC00446491,"PALMYRA 3S","FLUVANNA",410,37.81,-78.26,M,M,M,T,M,M,M,M,M,M,M,M,M,M,M,M,M,M,M,M,M,M,M,M,M,M,M,M,M,M,M
US1VAFV0002,"PALMYRA 4.3 N","FLUVANNA",428,37.92,-78.25,0.0,M,0.0,T,0.0,0.0,0.0,0.0,0.0,0.0,0.0,0.0,0.0,M,M,0.0,0.0,0.0,0.0,M,M,0.0,0.0,0.0,0.0,M,M,M,0.0,0.0,0.0
US1VAGL0006,"PEARISBURG 0.4 W","GILES",1796,37.33,-80.73,0.0,T,T,1.0,0.0,M,0.0,0.0,0.0,0.0,0.0,M,M,M,M,0.0,0.0,0.0,0.0,M,M,0.0,0.0,0.0,M,M,0.0,M,0.0,0.0,0.0
USC00446593,"PEDLAR DAM","AMHERST",1024,37.67,-79.28,0.0,0.0,0.0,0.9,0.0,0.0,0.0,0.0,0.0,0.0,0.0,0.0,0.0,0.0,0.0,0.0,0.0,0.0,0.0,0.0,0.0,0.0,0.0,0.0,0.0,0.0,0.0,0.0,0.0,0.0,0.0
US1VAGL0008,"PEMBROKE 1.3 NNE","GILES",1889,37.34,-80.63,M,M,T,1.0,M,M,M,M,M,M,M,M,M,M,M,M,M,M,M,M,M,M,M,M,M,M,M,M,M,M,M
USC00446656,"PETERSBURG","PETERSBURG",15,37.24,-77.39,M,M,M,M,M,M,M,M,M,M,M,M,M,M,M,M,M,M,M,M,M,0.0,0.0,0.0,M,M,M,M,M,M,M
USC00446712,"PIEDMONT RESEARCH STA","ORANGE",520,38.23,-78.12,0.0,0.0,0.0,1.0,0.0,0.0,0.0,0.0,0.0,0.0,0.0,0.0,0.0,0.0,0.0,0.0,0.0,0.0,0.0,0.0,0.0,0.0,0.0,0.0,0.0,0.0,0.0,0.0,0.0,0.0,0.0
US1VAPT0009,"PITTSVILLE 4.5 NNW","PITTSYLVANIA",683,37.05,-79.48,M,M,0.0,M,0.0,M,M,M,0.0,0.0,0.0,M,0.0,M,M,M,0.0,0.0,0.0,M,M,M,0.0,0.0,M,M,M,M,0.0,0.0,0.0
US1VAPQC001,"POQUOSON 5.8 W","POQUOSON",6,37.15,-76.40,0.0,M,0.0,M,M,0.0,0.0,0.0,0.0,0.0,0.0,0.0,M,M,M,0.0,0.0,0.0,0.0,M,M,0.0,M,M,M,M,M,M,M,M,M
US1VAMT0001,"PORT HAYWOOD 1.0 SE","MATHEWS",5,37.37,-76.31,0.0,M,0.0,M,M,0.0,0.0,0.0,0.0,0.0,0.0,0.0,M,M,M,M,0.0,0.0,0.0,M,M,0.0,0.0,0.0,M,M,M,M,0.0,0.0,0.0
US1VAPRC002,"PORTSMOUTH 4.1 SSE","PORTSMOUTH",26,36.80,-76.33,0.0,0.0,0.0,T,0.0,0.0,0.0,0.0,0.0,0.0,0.0,0.0,0.0,0.0,0.0,0.0,0.0,0.0,0.0,0.0,0.0,0.0,0.0,0.0,0.0,0.0,0.0,0.0,0.0,0.0,0.0
USC00446955,"PULASKI 2 E","PULASKI",1850,37.06,-80.78,0.0,0.0,0.0,1.0,0.0,0.0,0.0,0.0,0.0,0.0,0.0,0.0,0.0,0.0,0.0,0.0,0.0,0.0,0.0,0.0,0.0,0.0,0.0,0.0,0.0,0.0,0.0,0.0,0.0,0.0,0.0
US1VANK0003,"QUINTON 3.5 WSW","NEW KENT",104,37.51,-77.18,M,M,M,0.7,M,M,M,M,M,M,M,M,M,M,M,M,M,M,M,M,M,M,M,M,M,M,M,M,0.0,M,M
US1VARDC001,"RADFORD 0.9 WNW","RADFORD",1886,37.13,-80.57,0.0,0.0,0.0,T,0.0,0.0,0.0,0.0,0.0,0.0,M,M,M,M,0.0,0.0,0.0,0.0,0.0,0.0,0.0,0.0,0.0,0.0,0.0,0.0,0.0,0.0,0.0,0.0,0.0
USC00446999,"RADFORD 3 N","PULASKI",1799,37.20,-80.59,0.0,T,T,1.0,0.0,0.0,0.0,0.0,0.0,0.0,0.0,0.0,0.0,0.0,0.0,0.0,0.0,0.0,0.0,0.0,0.0,0.0,0.0,0.0,0.0,0.0,0.0,0.0,0.0,0.0,0.0
US1VAFQ0004,"REMINGTON 4.0 ENE","FAUQUIER",318,38.56,-77.74,0.0,M,0.0,M,0.0,T,0.0,0.0,0.0,0.0,0.0,0.0,0.0,M,M,M,0.0,0.0,0.0,M,0.0,0.0,0.0,0.0,0.0,0.0,0.0,0.0,M,0.0,0.0
US1VAAM0001,"RICE 7.3 NE","AMELIA",378,37.37,-78.23,0.0,M,M,0.4,M,M,0.0,0.0,0.0,0.0,0.0,0.0,0.0,M,M,M,0.0,M,0.0,M,M,0.0,0.0,0.0,M,M,M,M,0.0,0.0,M
USC00447174,"RICHLANDS","TAZEWELL",1910,37.09,-81.79,0.0,0.0,0.0,0.0,0.0,M,0.0,0.0,0.0,0.0,0.0,0.0,0.0,0.0,0.0,0.0,0.0,0.0,0.0,0.0,0.0,0.0,0.0,0.0,0.0,0.0,0.0,0.0,0.0,0.0,0.0
US1VACS0031,"RICHMOND 6.4 W","CHESTERFIELD",358,37.52,-77.59,0.0,M,0.0,0.4,0.0,0.0,0.0,0.0,0.0,0.0,0.0,0.0,M,M,M,0.0,0.0,0.0,0.0,M,M,0.0,0.0,0.0,0.0,0.0,M,M,0.0,0.0,0.0
USW00013740,"RICHMOND INTL AP","HENRICO",164,37.51,-77.32,0.0,0.0,0.4,0.8,0.0,0.0,0.0,0.0,0.0,0.0,0.0,0.0,0.0,0.0,0.0,0.0,0.0,0.0,0.0,0.0,0.0,0.0,0.0,0.0,0.0,0.0,0.0,0.0,0.0,0.0,0.0
US1VACP0002,"RIXEYVILLE 2.5 N","CULPEPER",492,38.62,-77.97,0.0,0.0,0.0,0.4,0.0,0.0,0.0,0.0,0.0,0.0,0.0,0.0,0.0,0.0,0.0,0.0,0.0,0.0,0.0,0.0,M,0.0,0.0,0.0,0.0,0.0,0.0,0.0,0.0,0.0,0.0
US1VACP0004,"RIXEYVILLE 6.1 N","CULPEPER",532,38.66,-77.98,M,0.0,0.0,0.2,0.0,0.0,0.0,0.0,0.0,0.0,0.0,0.0,0.0,0.0,M,0.0,0.0,0.0,0.0,T,0.0,0.0,0.0,0.0,0.0,M,0.0,0.0,M,0.0,0.0
US1VARN0005,"ROANOKE 4.3 SW","ROANOKE",1157,37.24,-80.02,M,M,0.0,M,0.0,M,0.0,0.0,0.0,0.0,0.0,M,0.0,M,M,0.0,0.0,0.0,0.0,M,0.0,0.0,0.0,0.0,M,0.0,0.0,M,0.0,0.0,0.0
US1VARN0004,"ROANOKE 4.9 SW","ROANOKE",1166,37.22,-80.01,M,M,M,M,M,M,0.0,M,0.0,M,M,M,M,M,M,M,M,M,M,M,M,M,0.0,M,0.0,M,M,M,M,M,M
US1VARN0014,"ROANOKE 5.5 SW","ROANOKE",1401,37.22,-80.03,M,M,M,0.4,0.0,M,0.0,M,M,M,0.0,0.0,M,M,M,0.0,M,0.0,0.0,M,M,0.0,0.0,0.0,0.0,M,M,M,M,M,0.0
US1VARN0013,"ROANOKE 5.8 SW","ROANOKE",1485,37.23,-80.04,0.0,M,0.0,0.7,0.0,M,0.0,0.0,0.0,0.0,0.0,M,0.0,M,M,0.0,0.0,0.0,0.0,M,M,0.0,0.0,0.0,0.0,M,0.0,M,M,0.0,0.0
USC00447278,"ROANOKE 8 N","ROANOKE",1190,37.36,-79.96,0.0,0.0,0.0,0.0,0.0,0.0,0.0,0.0,0.0,0.0,0.0,0.0,0.0,0.0,0.0,0.0,0.0,0.0,0.0,0.0,0.0,0.0,0.0,0.0,0.0,0.0,0.0,0.0,0.0,0.0,0.0
USW00013741,"ROANOKE REGIONAL AP","ROANOKE",1175,37.32,-79.97,0.0,0.0,1.0,T,0.0,0.0,0.0,0.0,0.0,0.0,0.0,0.0,0.0,0.0,0.0,0.0,0.0,0.0,0.0,0.0,0.0,0.0,0.0,0.0,0.0,0.0,0.0,0.0,0.0,0.0,0.0
USC00447338,"ROCKY MOUNT","FRANKLIN",1315,36.98,-79.90,0.0,0.0,0.0,T,0.0,0.0,0.0,0.0,0.0,0.0,0.0,0.0,0.0,0.0,0.0,0.0,0.0,0.0,0.0,0.0,0.0,0.0,0.0,0.0,0.0,0.0,0.0,0.0,0.0,0.0,0.0
US1VAFR0024,"ROCKY MOUNT 2.2 NW","FRANKLIN",1173,37.02,-79.92,0.0,M,0.0,M,0.0,M,0.0,0.0,0.0,0.0,0.0,M,0.0,M,M,0.0,0.0,0.0,0.0,M,M,0.0,0.0,0.0,0.0,M,0.0,M,0.0,0.0,0.0
US1VAFR0004,"ROCKY MOUNT 3.1 SE","FRANKLIN",1070,36.97,-79.84,M,M,M,T,M,0.0,M,M,M,M,M,M,M,M,M,M,M,M,M,M,M,M,0.0,0.0,0.0,0.0,0.0,M,M,M,M
US1VAFR0001,"ROCKY MOUNT 3.6 W","FRANKLIN",1302,36.99,-79.95,M,M,0.0,0.2,0.0,0.0,0.0,0.0,0.0,M,0.0,M,M,M,M,M,M,M,M,M,M,0.0,0.0,0.0,0.0,M,0.0,M,0.0,0.0,M
US1VAFR0005,"ROCKY MOUNT 4.3 NNW","FRANKLIN",1082,37.06,-79.91,0.0,M,0.0,M,0.0,M,0.0,0.0,0.0,0.0,0.0,0.0,0.0,M,M,0.0,0.0,0.0,0.0,M,M,0.0,0.0,0.0,0.0,M,0.0,M,0.0,0.0,0.0
US1VALD0013,"ROUND HILL 2.7 WSW","LOUDOUN",696,39.12,-77.82,0.0,0.0,0.0,2.2,0.0,0.1,0.0,0.0,0.0,0.0,0.0,0.0,0.0,0.0,0.0,0.0,0.0,0.0,0.0,0.3,0.0,0.0,0.0,0.0,0.0,0.0,0.0,0.0,0.0,0.0,0.0
USC00447506,"SALTVILLE 1N","SMYTH",1732,36.89,-81.77,0.0,0.0,0.0,T,0.0,0.0,0.0,0.0,0.0,0.0,0.0,0.0,0.0,0.0,0.0,0.0,0.0,0.0,0.0,0.0,0.0,0.0,0.0,0.0,0.0,0.0,0.0,0.0,0.0,0.0,0.0
US1VACH0001,"SAXE 4.3 SE","CHARLOTTE",462,36.90,-78.59,0.0,M,0.0,0.0,0.0,M,0.0,0.0,0.0,0.0,0.0,M,0.0,M,M,0.0,0.0,0.0,0.0,M,0.0,0.0,0.0,0.0,M,0.0,0.0,M,0.0,0.0,M
US1VANL0003,"SCOTTSVILLE 11.8 SW","NELSON",464,37.69,-78.66,0.0,M,0.0,M,0.0,M,0.0,0.0,0.0,0.0,0.0,0.0,0.0,M,M,0.0,0.0,0.0,0.0,M,M,0.0,0.0,0.0,0.0,M,0.0,M,0.0,0.0,0.0
US1VAST0002,"SEDLEY 3.7 N","SOUTHAMPTON",97,36.83,-76.99,0.0,M,M,M,0.0,0.0,0.0,0.0,0.0,0.0,0.0,0.0,0.0,M,M,M,M,0.0,0.0,M,M,0.0,0.0,0.0,0.0,M,M,M,0.0,0.0,0.0
US1VAPG0001,"SHENANDOAH 1.4 N","PAGE",959,38.51,-78.62,0.0,M,0.0,M,M,M,M,0.0,0.0,0.0,0.0,0.0,0.0,0.0,M,M,M,0.0,0.0,M,M,0.0,0.0,0.0,0.0,0.0,0.0,M,0.0,0.0,0.0
US1VAIW0013,"SMITHFIELD 0.7 ESE","ISLE OF WIGHT",24,36.98,-76.61,M,M,M,M,M,M,M,M,M,M,M,M,M,M,M,M,M,M,0.0,M,M,M,M,M,M,M,M,M,0.0,M,M
US1VAIW0004,"SMITHFIELD 1.3 SW","ISLE OF WIGHT",36,36.97,-76.63,0.0,M,0.0,0.5,0.0,0.0,0.0,0.0,0.0,0.0,0.0,0.0,0.0,M,M,0.0,0.0,0.0,0.0,M,M,0.0,0.0,0.0,0.0,M,M,M,0.0,0.0,0.0
US1VAIW0011,"SMITHFIELD 1.7 SSW","ISLE OF WIGHT",28,36.96,-76.62,M,M,0.0,M,M,0.0,0.0,0.0,0.0,0.0,0.0,M,0.0,0.0,M,0.0,0.0,0.0,0.0,M,M,0.0,M,0.0,M,M,M,M,M,0.0,M
US1VAIW0010,"SMITHFIELD 3.6 SSE","ISLE OF WIGHT",21,36.93,-76.60,0.0,M,0.0,0.0,M,0.0,0.0,0.0,0.0,0.0,0.0,0.0,0.0,M,0.0,0.0,0.0,0.0,M,M,M,0.0,0.0,0.0,M,M,M,M,M,0.0,0.0
US1VAIW0012,"SMITHFIELD 7.2 W","ISLE OF WIGHT",79,36.99,-76.75,0.0,M,0.0,M,0.0,0.0,0.0,0.0,0.0,0.0,0.0,0.0,0.0,M,M,0.0,0.0,0.0,0.0,M,0.0,0.0,0.0,0.0,0.0,M,M,M,0.0,0.0,0.0
USC00447904,"SOMERSET","ORANGE",510,38.25,-78.27,M,M,M,0.5,M,M,M,M,M,M,M,M,M,M,M,M,M,M,M,M,M,M,M,M,M,M,M,M,M,M,M
USC00447925,"SOUTH BOSTON","HALIFAX",329,36.70,-78.88,0.0,0.0,0.0,0.0,0.0,0.0,0.0,0.0,0.0,0.0,0.0,0.0,0.0,0.0,0.0,0.0,0.0,0.0,0.0,0.0,0.0,0.0,0.0,0.0,0.0,0.0,0.0,0.0,0.0,0.0,0.0
USC00447985,"SPERRYVILLE","RAPPAHANNOCK",750,38.66,-78.23,M,M,T,0.7,M,M,M,M,M,M,M,M,M,M,M,M,M,M,M,0.2,M,M,M,M,M,M,M,M,M,M,M
USC00448022,"STAFFORDSVILLE 3 ENE","GILES",1950,37.27,-80.71,0.0,0.0,0.0,1.5,0.0,0.0,0.0,0.0,0.0,0.0,0.0,0.0,0.0,0.0,0.0,0.0,0.0,0.0,0.0,0.0,0.0,0.0,0.0,0.0,0.0,0.0,0.0,0.0,0.0,0.0,0.0
US1VAAG0006,"STAUNTON 0.5 WNW","AUGUSTA",1596,38.16,-79.07,M,M,0.0,2.5,0.0,M,0.0,0.0,M,M,M,M,M,M,M,M,M,M,M,M,M,M,M,M,M,M,M,M,M,M,M
US1VAAG0008,"STAUNTON 2.0 S","AUGUSTA",1617,38.13,-79.06,0.0,M,0.0,0.0,0.0,0.0,0.0,0.0,0.0,0.0,0.0,0.0,0.0,0.0,0.0,M,M,M,M,M,M,M,M,M,M,M,M,M,M,M,M
USC00448062,"STAUNTON WATER TREATMENT PLANT","AUGUSTA",169,38.17,-79.08,0.0,0.0,0.0,2.3,0.0,0.0,0.0,0.0,0.0,0.0,0.0,0.0,0.0,0.0,0.0,0.0,0.0,0.0,0.0,0.0,0.0,0.0,0.0,0.0,0.0,0.0,0.0,0.0,0.0,0.0,0.0
US1VAFD0001,"STEPHENS CITY 2.2 E","FREDERICK",728,39.10,-78.18,0.0,M,0.0,1.4,0.0,0.0,0.0,0.0,0.0,0.0,0.0,0.0,0.0,M,M,M,M,0.0,0.0,M,0.0,0.0,0.0,0.0,M,M,0.0,M,M,0.0,0.0
USC00448084,"STERLING (RCS)","LOUDOUN",288,38.98,-77.49,0.0,0.0,0.0,1.3,T,T,0.0,0.0,0.0,0.0,0.0,0.0,0.0,0.0,0.0,0.0,0.0,0.0,0.0,T,0.0,0.0,0.0,0.0,0.0,0.0,0.0,0.0,0.0,0.0,0.0
USC00448129,"STONY CREEK 2 N","SUSSEX",105,36.97,-77.40,0.0,0.0,0.0,0.0,0.0,0.0,0.0,0.0,0.0,0.0,0.0,0.0,0.0,0.0,0.0,0.0,0.0,0.0,0.0,0.0,0.0,0.0,0.0,0.0,0.0,0.0,0.0,0.0,0.0,0.0,0.0
US1VASH0002,"STRASBURG 3.7 N","SHENANDOAH",742,39.04,-78.35,0.0,M,T,0.6,0.0,0.0,0.0,0.0,0.0,0.0,M,0.0,0.0,M,M,M,0.0,0.0,0.0,T,0.0,0.0,0.0,0.0,M,0.0,0.0,M,M,0.0,0.0
USC00448170,"STUART","PATRICK",1375,36.64,-80.25,0.0,0.0,0.0,0.0,0.0,0.0,0.0,0.0,0.0,0.0,0.0,0.0,0.0,0.0,0.0,0.0,0.0,0.0,0.0,0.0,0.0,0.0,0.0,0.0,0.0,0.0,0.0,0.0,0.0,0.0,0.0
US1VASFC007,"SUFFOLK 13.9 NNE","SUFFOLK",22,36.89,-76.53,0.0,M,0.0,M,M,0.0,0.0,0.0,0.0,0.0,0.0,0.0,0.0,M,M,M,0.0,0.0,0.0,M,M,0.0,0.0,0.0,0.0,M,M,M,M,M,M
USC00448192,"SUFFOLK LAKE KILBY","SUFFOLK",22,36.73,-76.60,0.0,0.0,T,0.0,0.0,0.0,0.0,0.0,0.0,0.0,0.0,0.0,0.0,0.0,0.0,0.0,0.0,0.0,0.0,0.0,0.0,0.0,0.0,0.0,0.0,0.0,0.0,0.0,0.0,0.0,0.0
US1VABT0003,"TROUTVILLE 4.3 WNW","BOTETOURT",1543,37.45,-79.95,M,M,0.0,1.5,0.0,M,0.0,0.0,0.0,M,M,M,M,M,M,0.0,M,0.0,0.0,M,M,M,M,0.0,M,M,0.0,M,0.0,0.0,0.0
US1VALN0001,"URBANNA 6.2 NNE","LANCASTER",89,37.72,-76.52,0.0,M,0.0,0.8,T,0.0,M,0.0,0.0,0.0,0.0,0.0,0.0,M,M,0.0,0.0,0.0,0.0,M,M,0.0,0.0,0.0,0.0,M,M,M,0.0,0.0,0.0
USC00448737,"VIENNA","FAIRFAX",418,38.90,-77.27,0.0,0.0,0.0,1.2,M,M,0.0,M,M,0.0,M,M,M,M,M,M,M,M,M,M,M,M,M,M,M,M,M,M,M,M,M
US1VAFX0061,"VIENNA 0.8 S","FAIRFAX",398,38.89,-77.26,0.0,M,M,M,M,M,0.0,0.0,0.0,0.0,0.0,0.0,M,M,M,M,M,M,0.0,T,M,0.0,0.0,0.0,M,0.0,0.0,M,M,0.0,0.0
US1VAFX0051,"VIENNA 1.3 W","FAIRFAX",371,38.90,-77.28,0.0,M,T,1.0,T,M,0.0,0.0,0.0,0.0,0.0,0.0,M,M,M,M,M,M,0.0,T,0.0,0.0,0.0,0.0,0.0,M,0.0,M,M,0.0,0.0
US1VAFX0040,"VIENNA 3.3 N","FAIRFAX",359,38.95,-77.26,0.0,M,0.0,1.6,T,T,0.0,0.0,0.0,0.0,0.0,0.0,0.0,0.0,0.0,0.0,0.0,0.0,M,T,T,0.0,0.0,0.0,0.0,0.0,0.0,0.0,0.0,0.0,0.0
US1VAVBC023,"VIRGINIA BEACH 10.6 N","VIRGINIA BEACH",20,36.89,-76.03,0.0,M,0.0,M,M,0.0,0.0,0.0,0.0,0.0,0.0,M,0.0,M,M,0.0,0.0,0.0,0.0,M,M,0.0,0.0,0.0,0.0,M,M,M,0.0,0.0,0.0
US1VAVBC013,"VIRGINIA BEACH 2.4 N","VIRGINIA BEACH",13,36.77,-76.04,0.0,M,0.0,M,M,0.0,0.0,0.0,0.0,0.0,0.0,0.0,0.0,M,M,0.0,0.0,0.0,0.0,M,M,M,0.0,0.0,0.0,M,M,M,0.0,0.0,0.0
US1VAVBC021,"VIRGINIA BEACH 3.1 ENE","VIRGINIA BEACH",4,36.75,-75.99,0.0,M,0.0,M,M,0.0,0.0,0.0,0.0,0.0,0.0,0.0,0.0,M,M,0.0,0.0,0.0,0.0,M,M,0.0,0.0,0.0,0.0,M,M,M,0.0,0.0,0.0
US1VAVBC030,"VIRGINIA BEACH 6.0 WNW","VIRGINIA BEACH",13,36.78,-76.14,0.0,0.0,0.0,M,M,M,0.0,0.0,0.0,0.0,0.0,0.0,0.0,M,M,0.0,0.0,0.0,0.0,M,M,0.0,0.0,0.0,0.0,M,M,M,0.0,0.0,0.0
US1VAVBC032,"VIRGINIA BEACH 9.1 NW","VIRGINIA BEACH",28,36.81,-76.18,0.0,M,0.0,M,0.0,0.0,M,0.0,0.0,M,M,0.0,M,M,M,M,0.0,M,0.0,M,M,M,M,M,M,M,M,M,M,0.0,M
US1VASS0001,"WAKEFIELD 0.1 ENE","SUSSEX",111,36.97,-76.99,0.0,M,0.0,T,0.0,0.0,0.0,0.0,0.0,0.0,0.0,0.0,0.0,M,M,0.0,M,0.0,0.0,M,M,M,M,M,M,0.0,M,M,0.0,0.0,0.0
USC00448800,"WAKEFIELD 1NW","SUSSEX",113,36.98,-77.01,0.0,0.0,1.0,0.1,0.0,0.0,0.0,0.0,0.0,0.0,0.0,0.0,0.0,0.0,0.0,0.0,0.0,0.0,0.0,0.0,0.0,0.0,0.0,0.0,0.0,0.0,0.0,0.0,0.0,0.0,0.0
USC00448829,"WALKERTON 2 NW","KING AND QUEEN",50,37.74,-77.04,0.0,0.0,0.0,0.0,0.0,0.0,0.0,0.0,0.0,0.0,0.0,0.0,0.0,0.0,0.0,0.0,0.0,0.0,0.0,0.0,0.0,0.0,0.0,0.0,0.0,0.0,0.0,0.0,0.0,0.0,0.0
US1VAAC0011,"WALLOPS ISLAND 1.9 NW","ACCOMACK",36,37.93,-75.48,0.0,M,0.0,M,0.0,M,0.0,0.0,0.0,0.0,0.0,M,M,M,M,0.0,0.0,0.0,0.0,M,M,0.0,0.0,0.0,M,M,0.0,M,0.0,0.0,0.0
US1VAAC0012,"WALLOPS ISLAND 2.0 NW","ACCOMACK",32,37.94,-75.47,0.0,M,M,M,M,M,M,0.0,0.0,0.0,0.0,M,M,M,M,M,M,0.0,M,M,M,M,0.0,0.0,0.0,M,M,M,0.0,0.0,M
USW00093739,"WALLOPS ISLAND WALLOPS FLIGHT FAC","ACCOMACK",46,37.94,-75.47,0.0,0.0,T,0.8,0.0,0.0,0.0,0.0,0.0,0.0,0.0,0.0,0.0,0.0,0.0,0.0,0.0,0.0,0.0,0.0,T,0.0,0.0,0.0,0.0,0.0,0.0,0.0,0.0,0.0,0.0
US1VAFQ0001,"WARRENTON 6.1 S","FAUQUIER",446,38.63,-77.81,M,M,0.0,1.0,0.0,0.0,0.0,M,0.0,0.0,M,0.0,M,M,M,M,0.0,0.0,0.0,0.5,0.0,0.0,0.0,0.0,0.0,0.0,0.0,M,M,0.0,0.0
USC00448894,"WARSAW 2 NW","RICHMOND",140,37.99,-76.78,M,M,M,1.0,M,M,M,M,M,M,M,M,M,M,M,M,M,M,M,M,M,M,M,M,M,M,M,M,M,M,M
USW00093738,"WASHINGTON DC DULLES INTL AP","LOUDOUN",290,38.94,-77.46,0.0,0.0,0.7,0.6,0.0,T,0.0,0.0,0.0,0.0,0.0,0.0,0.0,0.0,0.0,0.0,0.0,0.0,T,0.0,0.0,0.0,0.0,0.0,0.0,0.0,0.0,0.0,0.0,0.0,0.0
USW00013743,"WASHINGTON REAGAN NATIONAL AIRPOR","ARLINGTON",10,38.85,-77.03,0.0,0.0,T,0.3,0.0,0.0,0.0,0.0,0.0,0.0,0.0,0.0,0.0,0.0,0.0,0.0,0.0,0.0,T,T,0.0,0.0,0.0,0.0,0.0,0.0,0.0,0.0,0.0,0.0,0.0
US1VAAG0009,"WAYNESBORO 5.2 NNE","AUGUSTA",1383,38.14,-78.88,M,M,M,2.0,0.0,0.0,M,M,M,M,M,0.0,M,M,M,M,M,M,M,M,M,M,M,M,M,M,0.0,M,M,M,M
USC00448941,"WAYNESBORO WATER TREATMENT","WAYNESBORO",1270,38.08,-78.88,0.0,0.0,0.0,T,0.0,0.0,0.0,0.0,0.0,0.0,0.0,0.0,0.0,0.0,0.0,0.0,0.0,0.0,0.0,0.0,0.0,0.0,0.0,0.0,0.0,0.0,0.0,0.0,0.0,0.0,0.0
USC00449025,"WEST POINT 2 NW","KING WILLIAM",20,37.57,-76.80,0.0,0.0,0.0,1.1,0.0,0.0,0.0,0.0,0.0,0.0,0.0,0.0,0.0,0.0,0.0,0.0,0.0,0.0,0.0,0.0,0.0,0.0,0.0,0.0,0.0,0.0,0.0,0.0,0.0,0.0,0.0
US1VAMX0001,"WHITE STONE 8.0 SSW","MIDDLESEX",98,37.54,-76.44,0.0,M,0.0,0.5,M,0.0,0.0,0.0,0.0,0.0,0.0,0.0,M,M,M,0.0,0.0,0.0,0.0,M,M,0.0,0.0,0.0,0.0,M,M,M,0.0,0.0,0.0
US1VAYR0012,"WILLIAMSBURG 0.9 NNW","YORK",72,37.28,-76.71,0.0,M,0.0,M,0.0,0.0,M,0.0,0.0,0.0,0.0,0.0,M,M,M,M,0.0,0.0,0.0,M,M,0.0,0.0,0.0,M,M,M,M,0.0,M,M
US1VAWLC001,"WILLIAMSBURG 1.3 SSW","WILLIAMSBURG",73,37.25,-76.72,0.0,M,0.0,M,0.0,0.0,0.0,0.0,0.0,0.0,0.0,0.0,M,0.0,0.0,0.0,0.0,0.0,0.0,M,M,M,M,M,M,M,M,0.0,0.0,0.0,M
US1VAWLC003,"WILLIAMSBURG 1.4 ENE","WILLIAMSBURG",63,37.28,-76.68,0.0,M,M,0.1,M,M,0.0,0.0,0.0,0.0,0.0,0.0,0.0,M,M,M,M,0.0,0.0,M,M,M,0.0,0.0,0.0,M,M,M,M,0.0,0.0
US1VAJC0036,"WILLIAMSBURG 1.6 ESE","JAMES (CITY)",84,37.27,-76.68,M,M,M,0.2,M,M,M,M,M,M,M,M,M,M,M,M,M,M,M,M,M,M,M,M,M,M,M,M,M,M,M
US1VAJC0040,"WILLIAMSBURG 1.9 SW","JAMES (CITY)",75,37.25,-76.73,0.0,M,0.0,M,M,M,0.0,M,M,0.0,M,0.0,M,M,M,M,M,M,M,M,M,M,0.0,M,M,M,M,M,0.0,M,M
USC00449151,"WILLIAMSBURG 2 N","YORK",70,37.30,-76.70,M,M,1.0,M,M,M,M,M,M,M,M,M,M,M,M,M,M,M,M,M,M,M,M,M,M,M,M,M,M,M,M
US1VAJC0026,"WILLIAMSBURG 3.1 SSE","JAMES (CITY)",36,37.23,-76.68,0.0,M,0.0,M,0.0,0.0,M,0.0,0.0,M,0.0,0.0,M,M,M,M,M,M,M,M,M,0.0,0.0,0.0,M,M,M,M,0.0,M,M
US1VAJC0001,"WILLIAMSBURG 3.2 W","JAMES (CITY)",125,37.27,-76.76,0.0,M,0.0,M,M,0.0,0.0,0.0,0.0,0.0,0.0,0.0,0.0,0.0,M,0.0,0.0,0.0,0.0,M,M,0.0,0.0,0.0,0.0,M,M,M,0.0,0.0,0.0
US1VAJC0020,"WILLIAMSBURG 3.8 NW","JAMES (CITY)",94,37.30,-76.76,0.0,M,0.0,M,M,0.0,0.0,0.0,0.0,0.0,0.0,0.0,0.0,M,M,M,M,M,0.0,M,M,0.0,0.0,0.0,0.0,M,M,M,M,M,0.0
US1VAJC0010,"WILLIAMSBURG 4.1 WNW","JAMES (CITY)",67,37.28,-76.78,M,M,0.0,M,M,0.0,0.0,0.0,0.0,0.0,0.0,M,0.0,M,M,M,M,0.0,0.0,M,M,M,0.0,M,M,M,M,M,M,M,0.0
US1VAWLC005,"WILLIAMSBURG 4.3 SW","WILLIAMSBURG",6,37.23,-76.76,0.0,M,0.0,M,0.0,0.0,0.0,0.0,0.0,0.0,0.0,M,0.0,M,M,M,0.0,0.0,0.0,M,M,0.0,0.0,0.0,M,M,M,M,0.0,0.0,0.0
US1VAYR0007,"WILLIAMSBURG 4.4 N","YORK",79,37.33,-76.71,0.0,M,0.0,M,M,M,0.0,0.0,0.0,0.0,0.0,0.0,M,M,M,M,M,M,M,M,M,0.0,0.0,0.0,0.0,M,M,M,M,0.0,0.0
US1VAJC0021,"WILLIAMSBURG 4.5 NW","JAMES (CITY)",71,37.31,-76.77,0.0,M,M,M,M,0.0,0.0,M,M,0.0,0.0,0.0,M,M,M,M,M,0.0,0.0,M,M,M,0.0,0.0,M,M,M,M,M,0.0,0.0
US1VAJC0011,"WILLIAMSBURG 4.6 NNW","JAMES (CITY)",93,37.33,-76.75,M,M,M,M,M,0.0,M,M,M,M,M,M,M,M,M,M,M,M,M,M,M,M,M,M,M,M,M,M,M,M,M
US1VAJC0024,"WILLIAMSBURG 5.7 W","JAMES (CITY)",70,37.27,-76.81,0.0,M,M,M,M,M,M,M,M,M,M,M,M,M,M,M,M,M,M,M,M,M,M,M,M,M,M,M,M,M,M
US1VAJC0031,"WILLIAMSBURG 5.8 WSW","JAMES (CITY)",33,37.25,-76.81,0.0,M,M,M,M,M,0.0,0.0,0.0,0.0,0.0,0.0,0.0,M,M,M,0.0,M,0.0,M,M,0.0,0.0,0.0,M,M,M,M,M,M,M
US1VAYR0004,"WILLIAMSBURG 6.0 N","YORK",79,37.36,-76.70,M,M,0.0,0.5,0.0,0.0,0.0,0.0,0.0,0.0,0.0,M,M,M,M,0.0,0.0,0.0,M,M,M,M,M,M,M,M,M,M,0.0,0.0,M
US1VAJC0025,"WILLIAMSBURG 8.2 NW","JAMES (CITY)",70,37.37,-76.79,0.0,M,0.0,M,M,0.0,0.0,0.0,0.0,0.0,0.0,0.0,M,M,M,0.0,0.0,0.0,0.0,M,M,0.0,0.0,0.0,M,M,M,M,M,0.0,0.0
USC00449169,"WILLIS","FLOYD",2809,36.91,-80.51,0.0,0.0,0.0,T,0.0,0.0,0.0,0.0,0.0,0.0,0.0,0.0,0.0,0.0,0.0,0.0,0.0,0.0,0.0,0.0,0.0,0.0,0.0,0.0,0.0,0.0,0.0,0.0,0.0,0.0,0.0
US1VAFL0006,"WILLIS 2.7 SE","FLOYD",2881,36.83,-80.45,0.0,M,0.0,0.5,M,M,0.0,0.0,M,0.0,0.0,M,M,M,M,0.0,0.0,M,0.0,M,M,M,0.0,0.0,0.0,M,0.0,M,0.0,0.0,0.0
USC00449181,"WINCHESTER","FREDERICK",720,39.19,-78.15,0.0,0.0,0.0,1.4,0.0,0.0,0.0,0.0,0.0,0.0,0.0,0.0,0.0,0.0,0.0,0.0,0.0,0.0,0.0,0.0,0.0,0.0,0.0,0.0,0.0,0.0,0.0,0.0,0.0,0.0,0.0
US1VAFD0005,"WINCHESTER 5.1 NE","FREDERICK",620,39.22,-78.10,M,T,T,1.0,0.0,0.0,0.0,0.0,0.0,0.0,M,0.0,0.0,M,M,M,0.0,M,0.0,0.2,M,0.0,0.0,0.0,0.0,M,0.0,M,M,0.0,0.0
USC00449186,"WINCHESTER 7 SE","FREDERICK",680,39.18,-78.12,0.0,0.0,0.5,0.0,0.0,0.0,0.0,0.0,0.0,M,M,0.0,0.0,0.0,M,0.0,M,0.0,M,0.0,0.0,M,M,0.0,M,M,0.0,0.0,M,0.0,0.0
US1VAFD0003,"WINCHESTER 9.4 NW","FREDERICK",912,39.27,-78.30,0.0,M,0.0,1.0,0.0,M,M,0.0,0.0,0.0,M,0.0,0.0,M,M,M,M,0.0,M,0.5,M,0.0,0.0,0.0,M,0.0,0.0,M,0.0,0.0,0.0
USC00449213,"WINTERPOCK 4 W","CHESTERFIELD",300,37.32,-77.65,M,M,M,0.5,M,M,M,M,M,M,M,M,M,M,M,M,M,M,M,M,M,M,M,M,M,M,M,M,M,M,M
USC00449215,"WISE 1SE","WISE",2563,36.97,-82.56,0.0,0.0,0.0,0.8,0.0,0.0,0.0,0.0,0.0,0.0,0.0,0.0,0.0,0.0,0.0,0.0,0.0,0.0,0.0,0.0,0.0,0.0,0.0,0.0,0.0,0.0,0.0,0.0,0.0,0.0,0.0
US1VAPW0010,"WOODBRIDGE 5.9 NW","PRINCE WILLIAM",229,38.70,-77.34,0.0,M,0.0,M,0.0,0.0,0.0,0.0,0.0,0.0,0.0,0.0,0.0,M,M,0.0,0.0,0.0,0.0,M,M,0.0,0.0,0.0,0.0,0.0,0.0,M,M,0.0,0.0
USC00449263,"WOODSTOCK 2 NE","SHENANDOAH",675,38.90,-78.47,0.0,0.0,0.0,0.8,0.0,0.0,0.0,0.0,0.0,0.0,0.0,0.0,0.0,0.0,0.0,0.0,0.0,0.0,0.0,0.8,0.0,0.0,0.0,0.0,0.0,0.0,0.0,0.0,0.0,0.0,0.0
USC00449272,"WOOLWINE","PATRICK",1500,36.78,-80.28,0.0,0.0,0.0,T,0.0,0.0,0.0,0.0,0.0,0.0,0.0,0.0,0.0,0.0,0.0,0.0,0.0,0.0,0.0,0.0,0.0,0.0,0.0,0.0,0.0,0.0,0.0,0.0,0.0,0.0,0.0
USC00449301,"WYTHEVILLE","WYTHE",2457,36.96,-81.09,0.0,0.0,T,0.6,0.0,0.0,0.0,0.0,0.0,0.0,0.0,0.0,0.0,0.0,0.0,0.0,0.0,0.0,0.0,0.0,0.0,0.0,0.0,0.0,0.0,0.0,0.0,0.0,0.0,0.0,0.0
US1VAYR0008,"YORKTOWN 0.5 SSE","YORK",63,37.23,-76.51,0.0,M,0.0,M,M,0.0,0.0,0.0,0.0,M,0.0,0.0,M,M,M,0.0,0.0,0.0,0.0,M,M,0.0,0.0,0.0,M,0.0,0.0,M,0.0,0.0,0.0
US1VAYR0014,"YORKTOWN 6.8 SE","YORK",34,37.15,-76.45,0.0,M,0.0,M,0.0,M,0.0,0.0,0.0,0.0,0.0,M,M,M,M,0.0,0.0,0.0,0.0,M,M,0.0,0.0,0.0,M,M,M,M,M,0.0,0.0
US1VAST0012,"ZUNI 1.5 NW","SOUTHAMPTON",49,36.88,-76.85,M,M,0.0,M,0.0,0.0,0.0,0.0,0.0,0.0,0.0,0.0,0.0,M,0.0,0.0,0.0,0.0,M,M,0.0,0.0,0.0,0.0,0.0,M,M,M,0.0,0.0,0.0
