Florida Snowfall, March 2017
"GHCN ID","Station Name",County,Elevation,Latitude,Longitude,"Mar 1","Mar 2","Mar 3","Mar 4","Mar 5","Mar 6","Mar 7","Mar 8","Mar 9","Mar 10","Mar 11","Mar 12","Mar 13","Mar 14","Mar 15","Mar 16","Mar 17","Mar 18","Mar 19","Mar 20","Mar 21","Mar 22","Mar 23","Mar 24","Mar 25","Mar 26","Mar 27","Mar 28","Mar 29","Mar 30","Mar 31"
US1FLPB0002,"ABERDEEN 3.7 WNW","PALM BEACH",17,26.58,-80.20,M,0.0,0.0,0.0,M,0.0,0.0,M,0.0,0.0,0.0,0.0,M,M,0.0,0.0,0.0,0.0,0.0,0.0,0.0,0.0,0.0,M,M,M,0.0,0.0,0.0,0.0,0.0
US1FLPB0012,"ABERDEEN 4.2 NNW","PALM BEACH",39,26.61,-80.17,M,0.0,0.0,0.0,0.0,M,0.0,M,M,M,0.0,0.0,M,M,0.0,0.0,0.0,0.0,0.0,0.0,0.0,0.0,0.0,M,M,M,M,M,0.0,0.0,0.0
US1FLJK0002,"ALFORD 0.6 SSE","JACKSON",136,30.69,-85.39,0.0,M,0.0,0.0,0.0,0.0,0.0,M,0.0,0.0,0.0,0.0,0.0,M,0.0,0.0,0.0,0.0,0.0,0.0,0.0,0.0,0.0,0.0,0.0,M,0.0,0.0,0.0,0.0,M
USW00012832,"APALACHICOLA AP","FRANKLIN",19,29.73,-85.03,0.0,0.0,0.0,0.0,0.0,0.0,0.0,0.0,0.0,0.0,0.0,0.0,0.0,0.0,0.0,0.0,0.0,0.0,0.0,0.0,0.0,0.0,0.0,0.0,0.0,0.0,0.0,0.0,0.0,0.0,0.0
US1FLDS0001,"ARCADIA 7.1 WSW","DESOTO",56,27.18,-81.96,0.0,M,M,0.0,0.0,0.0,0.0,M,M,M,0.0,0.0,0.0,M,M,M,0.0,M,M,M,M,0.0,M,M,M,M,M,0.0,0.0,0.0,0.0
USC00080236,"ARCHBOLD BIO STATION","HIGHLANDS",140,27.18,-81.35,0.0,0.0,0.0,0.0,0.0,0.0,0.0,0.0,0.0,0.0,0.0,0.0,0.0,0.0,0.0,0.0,0.0,0.0,0.0,0.0,0.0,0.0,0.0,0.0,0.0,0.0,0.0,0.0,0.0,0.0,0.0
US1FLAL0002,"ARCHER 5.5 E","ALACHUA",115,29.53,-82.43,0.0,0.0,0.0,0.0,0.0,0.0,0.0,0.0,0.0,0.0,0.0,0.0,M,M,0.0,0.0,0.0,0.0,M,0.0,0.0,0.0,M,M,M,0.0,0.0,0.0,0.0,0.0,0.0
US1FLPK0007,"AUBURNDALE 1.7 NW","POLK",138,28.09,-81.82,0.0,0.0,0.0,0.0,0.0,0.0,0.0,0.0,0.0,0.0,0.0,0.0,M,M,0.0,0.0,0.0,0.0,0.0,0.0,0.0,0.0,0.0,M,0.0,0.0,0.0,0.0,0.0,0.0,0.0
USC00080369,"AVON PARK 2 W","HIGHLANDS",154,27.59,-81.53,0.0,M,0.0,M,M,0.0,M,0.0,0.0,0.0,M,M,M,M,M,M,M,M,M,0.0,M,0.0,0.0,0.0,M,M,0.0,0.0,0.0,M,0.0
US1FLPK0039,"BARTOW 7.8 SE","POLK",190,27.83,-81.74,0.0,0.0,0.0,M,0.0,0.0,0.0,0.0,0.0,0.0,0.0,0.0,M,M,0.0,0.0,0.0,0.0,0.0,0.0,0.0,0.0,0.0,M,0.0,0.0,0.0,0.0,0.0,0.0,0.0
US1FLMR0018,"BELLEVIEW 4.8 E","MARION",61,29.06,-81.98,0.0,0.0,M,0.0,0.0,0.0,0.0,0.0,0.0,0.0,0.0,0.0,0.0,M,0.0,0.0,0.0,0.0,0.0,0.0,0.0,0.0,0.0,0.0,0.0,0.0,0.0,0.0,0.0,0.0,0.0
US1FLMR0003,"BELLEVIEW 6.0 SSE","MARION",92,28.98,-82.02,0.0,0.0,M,0.0,0.0,0.0,0.0,0.0,0.0,0.0,0.0,0.0,0.0,M,0.0,0.0,0.0,0.0,0.0,0.0,0.0,0.0,0.0,M,0.0,0.0,0.0,0.0,0.0,0.0,0.0
US1FLMN0001,"BIG COPPITT KEY 0.2 NW","MONROE",0,24.60,-81.66,M,M,M,M,M,M,M,M,M,M,M,M,M,M,0.0,M,M,M,M,M,M,M,M,M,M,M,M,M,M,M,M
US1FLMD0033,"BISCAYNE PARK 0.3 E","MIAMI-DADE",8,25.88,-80.18,M,M,M,M,M,M,M,M,M,M,0.0,0.0,M,M,M,0.0,0.0,0.0,0.0,0.0,0.0,0.0,0.0,M,M,M,M,M,0.0,M,M
US1FLHB0033,"BLOOMINGDALE 7.6 ESE","HILLSBOROUGH",105,27.83,-82.15,0.0,0.0,0.0,0.0,0.0,0.0,0.0,0.0,0.0,0.0,0.0,0.0,0.0,M,0.0,0.0,0.0,0.0,0.0,0.0,0.0,0.0,0.0,M,0.0,0.0,0.0,0.0,0.0,0.0,M
US1FLPB0039,"BOCA RATON 5.1 W","PALM BEACH",18,26.36,-80.19,M,M,M,M,0.0,M,M,M,M,M,M,M,M,M,0.0,M,M,M,0.0,0.0,M,M,0.0,M,M,M,0.0,M,M,M,0.0
US1FLHD0003,"BOWLING GREEN 0.6 W","HARDEE",94,27.64,-81.83,M,M,M,M,M,M,M,M,M,M,M,M,M,M,M,0.0,M,M,M,M,M,M,M,M,M,M,M,M,M,M,M
US1FLPB0070,"BOYNTON BEACH 1.3 WNW","PALM BEACH",15,26.54,-80.10,0.0,0.0,M,0.0,0.0,0.0,0.0,M,M,0.0,0.0,0.0,M,M,0.0,0.0,0.0,0.0,0.0,0.0,0.0,0.0,0.0,M,M,M,M,0.0,0.0,0.0,0.0
US1FLPB0072,"BOYNTON BEACH 6.2 WNW","PALM BEACH",36,26.55,-80.18,M,0.0,0.0,0.0,M,M,0.0,M,0.0,M,0.0,0.0,M,M,0.0,M,0.0,M,0.0,0.0,M,0.0,0.0,M,0.0,M,M,0.0,0.0,0.0,0.0
US1FLMA0010,"BRADENTON 10.8 SE","MANATEE",59,27.43,-82.42,M,0.0,0.0,0.0,0.0,0.0,0.0,0.0,0.0,0.0,0.0,0.0,0.0,M,0.0,0.0,0.0,0.0,0.0,0.0,0.0,0.0,0.0,M,0.0,0.0,0.0,0.0,0.0,0.0,M
US1FLLV0004,"BRONSON 3.0 SE","LEVY",89,29.42,-82.60,0.0,0.0,M,0.0,0.0,0.0,0.0,0.0,0.0,0.0,0.0,0.0,M,M,0.0,0.0,0.0,0.0,0.0,0.0,0.0,0.0,0.0,0.0,0.0,0.0,0.0,M,0.0,0.0,0.0
US1FLLV0002,"BRONSON 4.4 SE","LEVY",68,29.40,-82.60,0.0,0.0,M,0.0,0.0,0.0,0.0,0.0,0.0,0.0,0.0,0.0,0.0,M,0.0,0.0,0.0,0.0,0.0,0.0,0.0,0.0,0.0,0.0,0.0,0.0,0.0,0.0,0.0,0.0,0.0
US1FLHN0017,"BROOKSVILLE 1.2 E","HERNANDO",166,28.56,-82.37,0.0,0.0,0.0,0.0,0.0,0.0,0.0,0.0,M,M,M,0.0,0.0,M,M,0.0,0.0,0.0,0.0,0.0,0.0,0.0,M,M,M,M,0.0,0.0,0.0,0.0,0.0
US1FLHN0005,"BROOKSVILLE 5.5 SE","HERNANDO",154,28.51,-82.32,M,M,M,0.0,0.0,M,M,0.0,0.0,0.0,0.0,0.0,M,0.0,M,M,M,0.0,0.0,0.0,0.0,M,M,M,M,0.0,M,0.0,M,M,M
USW00012818,"BROOKSVILLE HERNANDO COUNTY AP","HERNANDO",77,28.47,-82.45,0.0,0.0,0.0,0.0,0.0,0.0,0.0,0.0,0.0,0.0,0.0,0.0,0.0,M,0.0,0.0,0.0,0.0,0.0,0.0,0.0,0.0,0.0,0.0,0.0,0.0,0.0,0.0,0.0,0.0,0.0
US1FLLE0006,"BUCKINGHAM 1.7 SE","LEE",43,26.66,-81.71,0.0,M,M,0.0,M,0.0,0.0,0.0,0.0,0.0,0.0,0.0,0.0,M,0.0,0.0,0.0,0.0,0.0,0.0,0.0,0.0,0.0,M,0.0,0.0,0.0,0.0,0.0,0.0,M
US1FLFL0019,"BUNNELL 1.0 ENE","FLAGLER",19,29.47,-81.24,0.0,0.0,M,M,M,M,0.0,M,M,M,M,M,M,M,M,M,M,M,M,M,0.0,M,M,M,M,M,M,M,M,M,M
US1FLMT0016,"CANAL POINT 9.9 NNE","MARTIN",23,26.99,-80.57,0.0,M,M,M,M,M,0.0,0.0,0.0,M,M,M,M,M,0.0,0.0,0.0,M,M,M,0.0,0.0,0.0,M,M,M,M,0.0,0.0,0.0,0.0
US1FLLE0047,"CAPE CORAL 4.0 SE","LEE",10,26.60,-81.95,M,M,M,M,M,M,M,M,M,0.0,0.0,0.0,0.0,M,M,M,M,M,0.0,0.0,0.0,0.0,0.0,M,0.0,0.0,M,0.0,M,0.0,0.0
US1FLLV0010,"CHIEFLAND 2.4 WSW","LEVY",30,29.46,-82.90,0.0,0.0,M,0.0,0.0,0.0,0.0,0.0,0.0,0.0,0.0,0.0,M,M,0.0,0.0,0.0,0.0,0.0,0.0,0.0,0.0,0.0,0.0,0.0,0.0,0.0,0.0,0.0,0.0,0.0
US1FLSM0008,"CHULUOTA 0.9 N","SEMINOLE",59,28.65,-81.12,0.0,0.0,M,0.0,0.0,0.0,0.0,0.0,0.0,0.0,0.0,0.0,0.0,M,M,0.0,0.0,0.0,0.0,0.0,0.0,0.0,M,M,M,0.0,0.0,0.0,0.0,0.0,0.0
US1FLHB0005,"CITRUS PARK 1.3 ENE","HILLSBOROUGH",51,28.08,-82.55,0.0,0.0,0.0,0.0,0.0,0.0,0.0,0.0,0.0,0.0,0.0,0.0,0.0,M,0.0,0.0,0.0,0.0,0.0,0.0,0.0,0.0,M,0.0,0.0,0.0,0.0,0.0,0.0,0.0,M
US1FLCT0012,"CITRUS SPRINGS 1.7 E","CITRUS",113,29.00,-82.45,0.0,0.0,M,0.0,0.0,0.0,0.0,0.0,0.0,0.0,0.0,0.0,M,M,M,M,0.0,0.0,0.0,0.0,0.0,0.0,0.0,0.0,0.0,0.0,0.0,M,M,0.0,0.0
US1FLLK0010,"CLERMONT 0.4 SW","LAKE",148,28.55,-81.76,0.0,0.0,M,0.0,0.0,0.0,0.0,0.0,0.0,0.0,0.0,M,M,M,M,M,M,M,0.0,0.0,0.0,0.0,0.0,0.0,M,0.0,0.0,0.0,0.0,0.0,M
US1FLHY0005,"CLEWISTON 11.2 WSW","HENDRY",22,26.66,-81.09,0.0,0.0,0.0,0.0,0.0,0.0,0.0,0.0,M,M,0.0,0.0,0.0,M,0.0,0.0,0.0,0.0,0.0,0.0,0.0,0.0,0.0,0.0,0.0,0.0,0.0,0.0,0.0,0.0,0.0
US1FLBV0023,"COCOA 2.6 WNW","BREVARD",23,28.40,-80.79,0.0,0.0,0.0,0.0,0.0,0.0,0.0,0.0,0.0,0.0,0.0,0.0,0.0,M,0.0,0.0,0.0,0.0,0.0,0.0,0.0,0.0,0.0,M,0.0,0.0,0.0,0.0,0.0,0.0,0.0
US1FLBW0048,"COOPER CITY 1.3 WSW","BROWARD",6,26.03,-80.31,0.0,0.0,0.0,0.0,0.0,0.0,0.0,0.0,M,M,0.0,0.0,M,M,0.0,0.0,0.0,0.0,0.0,0.0,M,0.0,0.0,M,0.0,M,M,0.0,0.0,0.0,0.0
US1FLPT0015,"CRESCENT CITY 8.6 WSW","PUTNAM",4,29.40,-81.65,0.0,0.0,M,0.0,0.0,0.0,0.0,0.0,M,0.0,0.0,0.0,M,M,M,0.0,0.0,0.0,0.0,0.0,0.0,0.0,0.0,0.0,0.0,M,M,M,M,M,M
US1FLOK0023,"CRESTVIEW 1.9 SE","OKALOOSA",187,30.73,-86.56,0.0,M,0.0,0.0,0.0,M,0.0,M,0.0,0.0,0.0,M,M,M,0.0,0.0,0.0,0.0,0.0,0.0,0.0,0.0,0.0,0.0,0.0,M,0.0,0.0,0.0,0.0,M
US1FLDX0002,"CROSS CITY 4.7 E","DIXIE",37,29.64,-83.05,M,M,M,M,M,M,M,M,M,M,0.0,0.0,M,M,0.0,0.0,0.0,M,M,0.0,0.0,0.0,0.0,0.0,0.0,0.0,0.0,0.0,0.0,0.0,0.0
USW00012833,"CROSS CITY AP","DIXIE",38,29.63,-83.11,0.0,0.0,0.0,0.0,0.0,0.0,0.0,0.0,0.0,0.0,0.0,0.0,0.0,0.0,0.0,0.0,0.0,0.0,0.0,0.0,0.0,0.0,0.0,0.0,0.0,0.0,0.0,0.0,0.0,0.0,0.0
US1FLCT0008,"CRYSTAL RIVER 4.7 ESE","CITRUS",89,28.87,-82.53,0.0,0.0,M,0.0,0.0,0.0,0.0,M,0.0,M,M,0.0,0.0,M,0.0,0.0,0.0,0.0,0.0,0.0,0.0,M,0.0,0.0,M,0.0,0.0,M,0.0,0.0,0.0
US1FLCT0007,"CRYSTAL RIVER 5.3 NNE","CITRUS",39,28.97,-82.56,0.0,0.0,M,0.0,0.0,0.0,0.0,0.0,0.0,0.0,0.0,0.0,0.0,M,0.0,0.0,0.0,0.0,0.0,0.0,0.0,0.0,0.0,0.0,0.0,0.0,0.0,0.0,0.0,0.0,M
US1FLMN0006,"CUDJOE KEY 0.9 SSW","MONROE",16,24.66,-81.51,M,M,M,M,0.0,0.0,M,M,0.0,0.0,M,0.0,0.0,M,0.0,0.0,M,M,M,M,M,M,0.0,M,M,0.0,0.0,0.0,0.0,0.0,0.0
US1FLMD0051,"CUTLER RIDGE 1.5 SSW","MIAMI-DADE",7,25.56,-80.35,0.0,0.0,0.0,0.0,0.0,0.0,M,M,0.0,0.0,0.0,M,M,M,0.0,0.0,0.0,0.0,0.0,0.0,0.0,0.0,0.0,M,0.0,M,0.0,0.0,0.0,0.0,M
US1FLMD0049,"CUTLER RIDGE 1.7 SSW","MIAMI-DADE",7,25.56,-80.36,0.0,0.0,0.0,0.0,0.0,0.0,M,0.0,0.0,0.0,0.0,M,M,M,0.0,0.0,0.0,0.0,0.0,0.0,0.0,0.0,0.0,M,M,M,M,M,M,M,M
US1FLPS0010,"DADE CITY 1.8 WSW","PASCO",132,28.35,-82.22,0.0,0.0,0.0,0.0,0.0,0.0,0.0,0.0,0.0,0.0,0.0,0.0,0.0,M,0.0,0.0,0.0,0.0,0.0,0.0,0.0,0.0,0.0,M,0.0,0.0,0.0,0.0,0.0,0.0,0.0
US1FLPS0015,"DADE CITY 4.3 N","PASCO",125,28.42,-82.21,0.0,0.0,0.0,0.0,0.0,0.0,0.0,0.0,0.0,0.0,0.0,0.0,0.0,M,0.0,0.0,0.0,0.0,0.0,0.0,0.0,0.0,0.0,0.0,0.0,0.0,0.0,0.0,0.0,0.0,0.0
US1FLBW0067,"DAVIE 2.6 WSW","BROWARD",8,26.06,-80.33,0.0,0.0,0.0,0.0,0.0,0.0,M,M,0.0,0.0,0.0,0.0,M,M,0.0,0.0,0.0,0.0,0.0,0.0,0.0,0.0,0.0,M,0.0,M,M,0.0,0.0,0.0,0.0
USW00012834,"DAYTONA BEACH INTL AP","VOLUSIA",31,29.18,-81.05,0.0,0.0,0.0,0.0,0.0,0.0,0.0,0.0,0.0,0.0,0.0,0.0,0.0,0.0,0.0,0.0,0.0,0.0,0.0,0.0,0.0,0.0,0.0,0.0,0.0,0.0,0.0,0.0,0.0,0.0,0.0
US1FLVL0042,"DAYTONA BEACH SHORES 1.8 SSE","VOLUSIA",8,29.15,-80.97,0.0,0.0,M,0.0,M,M,M,0.0,0.0,0.0,0.0,0.0,M,M,0.0,0.0,0.0,0.0,0.0,0.0,0.0,0.0,M,M,M,0.0,0.0,0.0,0.0,0.0,0.0
US1FLVL0017,"DE BARY 2.5 W","VOLUSIA",22,28.89,-81.35,0.0,0.0,M,0.0,0.0,M,0.0,0.0,M,M,M,M,M,M,M,0.0,0.0,0.0,0.0,M,M,M,0.0,M,M,M,0.0,M,0.0,0.0,M
US1FLWT0005,"DE FUNIAK SPRINGS 12.5 NW","WALTON",262,30.84,-86.28,0.0,M,0.0,0.0,0.0,0.0,0.0,M,0.0,M,0.0,M,0.0,M,0.0,0.0,0.0,0.0,0.0,0.0,0.0,0.0,0.0,0.0,0.0,M,M,0.0,0.0,0.0,M
US1FLWT0013,"DE FUNIAK SPRINGS 5.3 NW","WALTON",194,30.78,-86.18,0.0,M,0.0,0.0,0.0,0.0,0.0,M,0.0,0.0,M,M,M,M,0.0,0.0,0.0,0.0,0.0,0.0,0.0,0.0,0.0,0.0,0.0,M,0.0,0.0,0.0,0.0,M
US1FLVL0009,"DE LAND 5.7 NW","VOLUSIA",69,29.10,-81.36,M,M,M,M,M,0.0,M,M,0.0,0.0,M,M,M,M,M,M,M,M,0.0,M,0.0,M,M,M,M,M,M,M,M,M,M
US1FLVL0024,"DE LEON SPRINGS 1.3 NNW","VOLUSIA",3,29.13,-81.36,0.0,0.0,M,0.0,0.0,0.0,0.0,0.0,0.0,0.0,0.0,M,0.0,0.0,0.0,M,0.0,0.0,0.0,0.0,0.0,0.0,0.0,0.0,0.0,0.0,0.0,0.0,0.0,0.0,0.0
US1FLBW0026,"DEERFIELD BEACH 2.5 ESE","BROWARD",1,26.30,-80.08,0.0,0.0,M,M,0.0,0.0,M,M,0.0,0.0,0.0,0.0,0.0,M,0.0,0.0,0.0,0.0,0.0,0.0,0.0,0.0,0.0,M,M,M,0.0,0.0,0.0,0.0,0.0
US1FLWT0006,"DEFUNIAK SPRINGS 3.6 NW","WALTON",247,30.76,-86.16,0.0,M,0.0,0.0,0.0,0.0,0.0,M,M,M,0.0,M,M,M,0.0,0.0,0.0,0.0,0.0,0.0,0.0,0.0,0.0,0.0,0.0,M,M,0.0,0.0,0.0,M
US1FLVL0021,"DELAND 2.0 W","VOLUSIA",84,29.04,-81.33,0.0,0.0,M,0.0,M,0.0,0.0,0.0,0.0,0.0,0.0,0.0,M,M,0.0,0.0,0.0,0.0,0.0,0.0,0.0,0.0,0.0,M,M,0.0,0.0,0.0,0.0,0.0,M
US1FLPB0063,"DELRAY BEACH 1.9 SSE","PALM BEACH",14,26.43,-80.08,M,0.0,M,0.0,0.0,0.0,0.0,M,0.0,0.0,0.0,0.0,M,M,0.0,0.0,0.0,0.0,0.0,0.0,0.0,0.0,0.0,M,M,M,0.0,0.0,0.0,0.0,M
US1FLOK0033,"DESTIN 1.3 NW","OKALOOSA",14,30.40,-86.49,M,0.0,0.0,0.0,M,0.0,0.0,M,M,M,M,M,M,M,M,M,M,M,0.0,0.0,M,0.0,0.0,M,M,M,M,M,M,M,M
US1FLPK0009,"DUNDEE 0.3 NW","POLK",158,28.02,-81.62,0.0,0.0,0.0,0.0,0.0,0.0,0.0,0.0,0.0,0.0,0.0,0.0,M,M,0.0,0.0,0.0,0.0,0.0,0.0,0.0,0.0,M,0.0,0.0,0.0,0.0,0.0,0.0,0.0,0.0
US1FLPN0036,"DUNEDIN 2.8 ESE","PINELLAS",66,28.03,-82.76,0.0,0.0,0.0,0.0,0.0,0.0,0.0,0.0,0.0,0.0,0.0,0.0,0.0,M,0.0,0.0,0.0,0.0,0.0,0.0,0.0,0.0,0.0,0.0,0.0,0.0,0.0,0.0,0.0,0.0,M
US1FLPN0051,"DUNEDIN 3.0 SE","PINELLAS",0,28.01,-82.78,0.0,0.0,M,0.0,0.0,0.0,0.0,0.0,0.0,0.0,0.0,0.0,M,M,0.0,0.0,0.0,0.0,0.0,0.0,0.0,0.0,0.0,0.0,0.0,0.0,0.0,0.0,0.0,0.0,M
US1FLLV0001,"DUNNELLON 10.1 NW","LEVY",62,29.16,-82.56,0.0,0.0,M,0.0,0.0,0.0,0.0,0.0,0.0,0.0,0.0,0.0,0.0,M,0.0,0.0,0.0,0.0,0.0,0.0,0.0,0.0,0.0,0.0,0.0,0.0,0.0,M,0.0,M,0.0
US1FLPK0015,"EAGLE LAKE 2.0 WNW","POLK",148,27.99,-81.79,0.0,0.0,0.0,0.0,0.0,0.0,0.0,0.0,0.0,0.0,0.0,0.0,0.0,0.0,0.0,0.0,0.0,0.0,0.0,0.0,0.0,0.0,0.0,0.0,0.0,0.0,0.0,0.0,0.0,0.0,0.0
US1FLPT0008,"EAST PALATKA 3.5 NNW","PUTNAM",7,29.70,-81.63,0.0,0.0,M,0.0,M,0.0,0.0,0.0,0.0,0.0,0.0,0.0,M,M,0.0,0.0,0.0,0.0,0.0,0.0,0.0,0.0,0.0,0.0,0.0,0.0,0.0,0.0,0.0,0.0,0.0
US1FLVL0040,"EDGEWATER 0.1 SW","VOLUSIA",0,28.97,-80.91,0.0,0.0,M,0.0,0.0,0.0,M,0.0,0.0,0.0,0.0,M,M,M,M,M,M,M,0.0,M,0.0,0.0,M,M,M,0.0,M,0.0,0.0,0.0,0.0
US1FLVL0006,"EDGEWATER 2.4 N","VOLUSIA",7,29.00,-80.91,M,M,0.0,0.0,0.0,0.0,M,0.0,0.0,0.0,0.0,0.0,M,M,0.0,0.0,0.0,0.0,0.0,0.0,0.0,0.0,M,M,M,M,0.0,0.0,0.0,0.0,M
US1FLVL0002,"EDGEWATER 3.3 SE","VOLUSIA",16,28.93,-80.87,0.0,0.0,0.0,M,0.0,0.0,M,0.0,0.0,M,0.0,0.0,M,M,0.0,0.0,0.0,M,0.0,0.0,0.0,0.0,M,M,0.0,0.0,0.0,0.0,0.0,0.0,0.0
US1FLOK0002,"EGLIN AFB 5.6 NE","OKALOOSA",62,30.52,-86.49,0.0,M,0.0,0.0,0.0,0.0,0.0,M,0.0,0.0,0.0,M,M,M,0.0,0.0,0.0,0.0,0.0,0.0,0.0,0.0,0.0,0.0,0.0,M,0.0,0.0,0.0,0.0,M
US1FLPS0002,"ELFERS 4.4 ESE","PASCO",56,28.18,-82.66,M,M,M,M,M,0.0,M,M,M,M,M,M,M,M,M,M,M,M,M,0.0,0.0,M,M,0.0,0.0,M,M,M,M,0.0,M
US1FLMA0006,"ELLENTON 6.6 E","MANATEE",33,27.54,-82.42,M,0.0,0.0,0.0,0.0,0.0,0.0,0.0,0.0,0.0,0.0,0.0,0.0,M,0.0,0.0,0.0,0.0,0.0,0.0,0.0,0.0,0.0,0.0,0.0,0.0,0.0,0.0,0.0,0.0,M
US1FLSS0022,"ENGLEWOOD 2.0 NNW","SARASOTA",10,26.99,-82.37,0.0,M,M,0.0,M,0.0,0.0,0.0,0.0,0.0,0.0,0.0,0.0,M,0.0,0.0,0.0,0.0,0.0,0.0,0.0,0.0,0.0,0.0,0.0,0.0,0.0,0.0,0.0,0.0,M
US1FLSS0005,"ENGLEWOOD 2.5 WNW","SARASOTA",20,26.97,-82.39,0.0,M,0.0,M,M,M,0.0,0.0,M,0.0,M,0.0,M,M,M,0.0,0.0,0.0,0.0,0.0,M,M,M,M,0.0,0.0,0.0,0.0,0.0,M,M
USC00082944,"FERNANDINA BEACH","NASSAU",49,30.67,-81.45,M,0.0,M,M,0.0,0.0,M,0.0,M,M,0.0,0.0,M,0.0,M,M,0.0,0.0,M,0.0,0.0,M,M,M,M,0.0,M,M,0.0,M,M
US1FLNS0012,"FERNANDINA BEACH 0.6 S","NASSAU",20,30.65,-81.45,M,0.0,M,M,0.0,M,0.0,M,0.0,0.0,0.0,M,M,M,M,0.0,0.0,0.0,0.0,0.0,0.0,0.0,0.0,0.0,M,M,0.0,0.0,0.0,0.0,0.0
US1FLNS0014,"FERNANDINA BEACH 6.3 SW","NASSAU",21,30.60,-81.53,0.0,0.0,M,0.0,0.0,0.0,0.0,0.0,0.0,0.0,0.0,0.0,M,M,0.0,0.0,0.0,0.0,0.0,0.0,0.0,0.0,0.0,0.0,0.0,0.0,0.0,0.0,0.0,M,0.0
US1FLCY0001,"FLEMING ISLAND 1.7 SE","CLAY",10,30.08,-81.70,0.0,0.0,M,0.0,0.0,0.0,0.0,0.0,0.0,0.0,0.0,0.0,M,M,0.0,0.0,0.0,0.0,0.0,0.0,0.0,0.0,0.0,0.0,0.0,0.0,0.0,0.0,0.0,0.0,0.0
US1FLCY0037,"FLEMING ISLAND 2.2 S","CLAY",16,30.06,-81.71,0.0,M,0.0,M,M,0.0,M,M,0.0,M,0.0,0.0,M,M,M,0.0,M,0.0,M,0.0,0.0,0.0,0.0,M,M,0.0,M,M,M,0.0,M
US1FLPT0012,"FLORAHOME 4.1 NNE","PUTNAM",98,29.78,-81.85,0.0,M,M,0.0,M,0.0,M,0.0,M,0.0,M,0.0,M,M,M,0.0,0.0,0.0,0.0,0.0,0.0,0.0,0.0,0.0,0.0,0.0,0.0,0.0,0.0,0.0,M
US1FLBW0040,"FORT LAUDERDALE 0.2 WNW","BROWARD",5,26.14,-80.14,0.0,M,M,M,M,M,M,M,M,M,M,M,M,M,M,M,M,M,M,M,M,M,M,M,M,M,M,0.0,M,M,M
US1FLBW0090,"FORT LAUDERDALE 0.5 NNE","BROWARD",5,26.15,-80.14,0.0,M,M,M,M,M,M,M,M,M,M,M,M,M,M,M,M,M,M,M,M,M,M,M,0.0,M,M,M,M,M,M
US1FLBW0016,"FORT LAUDERDALE 1.9 SSW","BROWARD",3,26.12,-80.15,0.0,0.0,M,0.0,M,M,M,0.0,0.0,0.0,0.0,0.0,M,M,0.0,0.0,0.0,M,0.0,0.0,0.0,0.0,0.0,M,0.0,M,M,M,0.0,0.0,0.0
USW00012885,"FORT LAUDERDALE EXECUTIVE AP","BROWARD",14,26.20,-80.17,0.0,0.0,0.0,0.0,0.0,0.0,0.0,0.0,0.0,0.0,0.0,0.0,0.0,0.0,0.0,0.0,0.0,0.0,0.0,0.0,0.0,0.0,0.0,0.0,0.0,0.0,0.0,0.0,0.0,0.0,0.0
USW00012849,"FORT LAUDERDALE HOLLYWOOD INTL AP","BROWARD",11,26.07,-80.15,0.0,0.0,0.0,0.0,0.0,0.0,0.0,0.0,0.0,0.0,0.0,0.0,0.0,0.0,0.0,0.0,0.0,0.0,0.0,0.0,0.0,0.0,0.0,0.0,0.0,0.0,0.0,0.0,0.0,0.0,0.0
US1FLLE0037,"FORT MYERS 0.8 N","LEE",12,26.64,-81.85,0.0,0.0,M,0.0,0.0,0.0,0.0,0.0,0.0,0.0,0.0,0.0,0.0,M,0.0,0.0,0.0,0.0,0.0,0.0,0.0,0.0,0.0,M,0.0,0.0,0.0,0.0,0.0,0.0,0.0
US1FLLE0039,"FORT MYERS 4.5 SE","LEE",20,26.58,-81.80,0.0,0.0,M,0.0,M,0.0,0.0,0.0,0.0,0.0,0.0,0.0,0.0,M,0.0,0.0,0.0,0.0,0.0,0.0,0.0,0.0,0.0,M,0.0,0.0,0.0,M,M,M,M
USW00012835,"FORT MYERS PAGE FIELD AP","LEE",15,26.58,-81.86,0.0,0.0,0.0,0.0,0.0,0.0,0.0,0.0,0.0,0.0,0.0,0.0,0.0,0.0,0.0,0.0,0.0,0.0,0.0,0.0,0.0,0.0,0.0,0.0,0.0,0.0,0.0,0.0,0.0,0.0,0.0
USW00012894,"FORT MYERS SW FLORIDA REGIONAL AP","LEE",31,26.54,-81.75,0.0,0.0,0.0,0.0,0.0,0.0,0.0,0.0,0.0,0.0,0.0,0.0,0.0,0.0,0.0,0.0,0.0,0.0,0.0,0.0,0.0,0.0,0.0,0.0,0.0,0.0,0.0,0.0,0.0,0.0,0.0
US1FLSL0011,"FORT PIERCE 2.8 SSE","ST. LUCIE",10,27.39,-80.33,M,M,M,0.0,M,M,M,M,M,0.0,0.0,0.0,M,M,0.0,M,0.0,0.0,0.0,0.0,M,0.0,M,M,M,0.0,0.0,M,M,0.0,0.0
US1FLSL0015,"FORT PIERCE 3.4 NNE","ST. LUCIE",1,27.49,-80.30,0.0,0.0,M,M,M,M,0.0,M,M,0.0,0.0,0.0,M,M,0.0,0.0,0.0,M,M,M,0.0,0.0,0.0,M,0.0,0.0,0.0,0.0,0.0,0.0,0.0
US1FLSL0033,"FORT PIERCE 5.1 SSW","ST. LUCIE",5,27.37,-80.34,M,0.0,M,0.0,0.0,0.0,M,M,0.0,0.0,0.0,0.0,M,M,0.0,0.0,0.0,0.0,0.0,0.0,0.0,0.0,0.0,M,M,0.0,0.0,0.0,0.0,0.0,0.0
USW00012895,"FORT PIERCE ST LUCIE COUNTY INTL","ST. LUCIE",24,27.50,-80.38,0.0,0.0,0.0,0.0,0.0,0.0,0.0,0.0,0.0,0.0,0.0,0.0,0.0,0.0,0.0,0.0,0.0,0.0,0.0,0.0,0.0,0.0,0.0,0.0,0.0,0.0,0.0,0.0,0.0,0.0,0.0
US1FLPK0035,"FROSTPROOF 4.6 SW","POLK",158,27.70,-81.59,0.0,0.0,0.0,0.0,0.0,0.0,0.0,0.0,0.0,0.0,0.0,0.0,M,M,0.0,0.0,0.0,0.0,M,M,M,M,M,M,M,M,M,M,0.0,0.0,0.0
US1FLAL0026,"GAINESVILLE 1.7 SE","ALACHUA",175,29.66,-82.32,0.0,0.0,M,0.0,0.0,0.0,0.0,0.0,0.0,0.0,0.0,0.0,M,M,M,0.0,0.0,0.0,0.0,0.0,0.0,0.0,0.0,0.0,0.0,0.0,0.0,0.0,0.0,0.0,0.0
US1FLAL0043,"GAINESVILLE 1.8 SW","ALACHUA",136,29.65,-82.36,0.0,0.0,M,0.0,0.0,0.0,0.0,0.0,0.0,0.0,0.0,0.0,M,M,0.0,0.0,0.0,0.0,0.0,0.0,0.0,0.0,0.0,0.0,0.0,0.0,0.0,0.0,0.0,0.0,0.0
US1FLAL0010,"GAINESVILLE 3.8 W","ALACHUA",125,29.68,-82.40,M,M,M,M,M,M,M,M,M,0.0,0.0,0.0,M,M,0.0,M,M,M,M,M,M,M,0.0,M,M,M,M,M,M,M,0.0
US1FLAL0048,"GAINESVILLE 5.4 W","ALACHUA",163,29.68,-82.43,0.0,0.0,M,0.0,0.0,0.0,0.0,0.0,0.0,0.0,0.0,0.0,M,M,0.0,0.0,0.0,0.0,0.0,0.0,0.0,0.0,0.0,0.0,0.0,0.0,0.0,0.0,0.0,0.0,0.0
US1FLAL0031,"GAINESVILLE 6.5 NW","ALACHUA",181,29.74,-82.42,0.0,0.0,M,0.0,M,0.0,0.0,0.0,0.0,M,0.0,M,M,M,M,M,0.0,M,0.0,M,0.0,0.0,0.0,M,M,0.0,M,0.0,0.0,0.0,0.0
US1FLAL0007,"GAINESVILLE 8.1 SW","ALACHUA",121,29.59,-82.43,0.0,0.0,M,0.0,0.0,0.0,0.0,0.0,0.0,0.0,0.0,0.0,M,M,0.0,0.0,0.0,0.0,0.0,0.0,0.0,0.0,0.0,0.0,M,0.0,0.0,0.0,0.0,0.0,0.0
USW00012816,"GAINESVILLE REGIONAL AP","ALACHUA",123,29.69,-82.28,0.0,0.0,0.0,0.0,0.0,0.0,0.0,0.0,0.0,0.0,0.0,0.0,0.0,0.0,0.0,0.0,0.0,0.0,0.0,0.0,0.0,0.0,0.0,0.0,0.0,0.0,0.0,0.0,0.0,0.0,0.0
US1FLBK0006,"GLEN ST. MARY 1.7 N","BAKER",119,30.30,-82.16,0.0,M,M,0.0,0.0,0.0,0.0,0.0,0.0,0.0,0.0,M,0.0,M,0.0,0.0,0.0,0.0,M,0.0,0.0,0.0,0.0,0.0,0.0,0.0,0.0,0.0,0.0,0.0,0.0
US1FLES0015,"GONZALEZ 2.1 E","ESCAMBIA",72,30.57,-87.25,M,M,0.0,0.0,0.0,0.0,0.0,M,M,0.0,0.0,M,M,M,0.0,0.0,0.0,0.0,0.0,0.0,0.0,0.0,0.0,0.0,0.0,M,0.0,0.0,0.0,0.0,M
US1FLES0004,"GONZALEZ 2.5 NNW","ESCAMBIA",158,30.60,-87.31,0.0,M,0.0,0.0,0.0,0.0,0.0,M,0.0,0.0,0.0,M,M,M,M,0.0,0.0,0.0,0.0,0.0,0.0,0.0,0.0,0.0,M,M,0.0,0.0,0.0,0.0,M
US1FLHB0048,"GREATER NORTHDALE 0.4 ENE","HILLSBOROUGH",85,28.11,-82.51,0.0,0.0,0.0,0.0,0.0,0.0,0.0,0.0,0.0,0.0,0.0,0.0,0.0,M,0.0,0.0,0.0,0.0,0.0,0.0,0.0,0.0,0.0,0.0,0.0,0.0,0.0,0.0,0.0,0.0,0.0
US1FLCY0019,"GREEN COVE SPRINGS 6.8 SSE","CLAY",2,29.90,-81.63,0.0,0.0,M,0.0,M,0.0,0.0,0.0,0.0,0.0,0.0,0.0,M,M,0.0,0.0,0.0,0.0,0.0,0.0,0.0,0.0,0.0,M,0.0,M,0.0,0.0,0.0,0.0,0.0
US1FLLK0003,"GROVELAND 1.7 E","LAKE",112,28.57,-81.82,M,M,M,0.0,0.0,0.0,0.0,0.0,0.0,0.0,0.0,0.0,0.0,M,0.0,0.0,0.0,0.0,0.0,0.0,0.0,M,M,M,M,M,M,M,M,M,M
US1FLPN0035,"GULFPORT 0.9 NNW","PINELLAS",19,27.76,-82.72,0.0,0.0,M,0.0,0.0,M,M,0.0,M,0.0,0.0,M,M,M,0.0,0.0,0.0,0.0,M,0.0,M,0.0,M,0.0,0.0,0.0,0.0,0.0,M,0.0,M
US1FLMD0022,"HAMMOCKS 0.5 SSE","MIAMI-DADE",9,25.67,-80.44,M,M,0.0,0.0,0.0,M,0.0,M,0.0,M,0.0,0.0,M,M,0.0,M,0.0,M,M,0.0,0.0,0.0,M,M,0.0,0.0,M,0.0,M,0.0,0.0
USC00083874,"HASTINGS 4NE","ST. JOHNS",10,29.77,-81.47,0.0,0.0,0.0,0.0,0.0,0.0,0.0,0.0,0.0,0.0,0.0,0.0,0.0,0.0,0.0,0.0,0.0,0.0,0.0,0.0,0.0,0.0,0.0,0.0,0.0,0.0,0.0,0.0,0.0,0.0,0.0
US1FLGD0002,"HAVANA 4.2 SW","GADSDEN",279,30.58,-84.47,0.0,M,0.0,0.0,0.0,0.0,0.0,M,0.0,0.0,0.0,0.0,0.0,M,0.0,0.0,0.0,0.0,M,0.0,0.0,0.0,0.0,0.0,0.0,0.0,0.0,0.0,M,0.0,M
US1FLCT0011,"HERNANDO 1.6 N","CITRUS",76,28.93,-82.37,0.0,0.0,0.0,0.0,0.0,0.0,0.0,0.0,0.0,0.0,M,M,M,M,0.0,0.0,0.0,0.0,0.0,0.0,0.0,0.0,0.0,0.0,0.0,0.0,0.0,0.0,0.0,0.0,0.0
US1FLHN0009,"HIGH POINT 0.2 E","HERNANDO",85,28.55,-82.52,0.0,0.0,0.0,0.0,0.0,M,0.0,0.0,0.0,0.0,0.0,0.0,0.0,M,M,0.0,0.0,0.0,0.0,0.0,0.0,0.0,M,M,M,M,M,M,M,M,M
US1FLPS0051,"HOLIDAY 0.6 E","PASCO",10,28.19,-82.73,0.0,0.0,0.0,0.0,0.0,0.0,0.0,0.0,0.0,0.0,0.0,0.0,0.0,M,0.0,0.0,M,0.0,M,M,M,M,M,M,0.0,M,M,M,M,0.0,M
USW00092809,"HOLLYWOOD NORTH PERRY AP","BROWARD",9,26.00,-80.24,0.0,0.0,0.0,0.0,0.0,0.0,0.0,0.0,0.0,0.0,0.0,0.0,0.0,0.0,0.0,0.0,0.0,0.0,0.0,0.0,0.0,0.0,0.0,0.0,0.0,0.0,0.0,0.0,0.0,0.0,0.0
US1FLLB0003,"HOSFORD 2.7 SW","LIBERTY",112,30.35,-84.82,0.0,M,0.0,0.0,0.0,0.0,0.0,M,0.0,0.0,0.0,0.0,0.0,M,0.0,0.0,0.0,0.0,0.0,0.0,0.0,0.0,0.0,0.0,0.0,0.0,0.0,0.0,0.0,0.0,M
US1FLBV0052,"INDIALANTIC 3.3 NNW","BREVARD",11,28.13,-80.59,0.0,0.0,0.0,0.0,0.0,0.0,M,0.0,0.0,0.0,0.0,0.0,M,M,0.0,0.0,0.0,0.0,0.0,0.0,0.0,0.0,M,M,M,0.0,0.0,0.0,0.0,0.0,0.0
US1FLWT0014,"INLET BEACH 0.7 E","WALTON",14,30.28,-86.00,0.0,M,0.0,0.0,0.0,0.0,0.0,M,0.0,0.0,0.0,M,M,M,0.0,0.0,0.0,0.0,0.0,0.0,0.0,0.0,0.0,0.0,0.0,M,M,0.0,0.0,0.0,M
US1FLPT0001,"INTERLACHEN 10.4 NNE","PUTNAM",128,29.76,-81.84,0.0,0.0,M,0.0,0.0,0.0,0.0,0.0,0.0,0.0,0.0,0.0,0.0,M,0.0,0.0,0.0,0.0,0.0,0.0,0.0,0.0,0.0,0.0,0.0,0.0,0.0,0.0,0.0,0.0,0.0
US1FLPT0009,"INTERLACHEN 2.8 NNE","PUTNAM",98,29.65,-81.87,0.0,0.0,M,0.0,0.0,0.0,0.0,0.0,M,0.0,0.0,0.0,M,M,0.0,0.0,0.0,0.0,0.0,0.0,0.0,0.0,0.0,0.0,0.0,0.0,0.0,0.0,0.0,0.0,0.0
US1FLMR0046,"INTERLACHEN 8.8 S","MARION",94,29.49,-81.90,0.0,0.0,0.0,0.0,0.0,0.0,0.0,0.0,0.0,0.0,0.0,0.0,0.0,M,0.0,0.0,0.0,0.0,0.0,0.0,0.0,0.0,0.0,M,0.0,0.0,0.0,0.0,0.0,0.0,0.0
US1FLCT0015,"INVERNESS 2.6 ENE","CITRUS",41,28.86,-82.31,0.0,M,M,0.0,0.0,0.0,0.0,0.0,0.0,0.0,0.0,0.0,M,M,0.0,0.0,0.0,0.0,0.0,0.0,0.0,0.0,0.0,0.0,0.0,0.0,M,0.0,0.0,0.0,0.0
US1FLMN0008,"ISLAMORADA 7.8 SW","MONROE",23,24.85,-80.74,0.0,0.0,0.0,0.0,0.0,0.0,M,M,0.0,0.0,0.0,0.0,0.0,M,0.0,0.0,0.0,0.0,0.0,0.0,0.0,0.0,0.0,M,M,0.0,0.0,0.0,0.0,0.0,0.0
US1FLDV0033,"JACKSONVILLE 10.0 WSW","DUVAL",87,30.30,-81.82,0.0,M,M,0.0,0.0,0.0,0.0,0.0,0.0,0.0,0.0,0.0,0.0,0.0,0.0,0.0,0.0,0.0,0.0,0.0,0.0,0.0,0.0,0.0,0.0,0.0,0.0,0.0,0.0,0.0,0.0
US1FLDV0042,"JACKSONVILLE 10.3 SW","DUVAL",69,30.24,-81.79,0.0,0.0,M,0.0,0.0,0.0,0.0,0.0,0.0,0.0,0.0,0.0,0.0,M,0.0,0.0,0.0,0.0,0.0,0.0,0.0,0.0,0.0,M,0.0,M,0.0,M,0.0,0.0,M
US1FLDV0032,"JACKSONVILLE 11.4 ESE","DUVAL",23,30.31,-81.47,0.0,0.0,M,0.0,0.0,0.0,0.0,0.0,0.0,0.0,0.0,0.0,0.0,M,0.0,0.0,0.0,0.0,0.0,0.0,0.0,0.0,0.0,0.0,0.0,0.0,0.0,0.0,0.0,0.0,0.0
US1FLDV0037,"JACKSONVILLE 11.9 N","DUVAL",34,30.50,-81.62,0.0,M,M,0.0,0.0,0.0,0.0,0.0,0.0,0.0,0.0,0.0,M,M,0.0,0.0,0.0,0.0,0.0,0.0,0.0,0.0,0.0,0.0,0.0,0.0,0.0,0.0,0.0,0.0,0.0
US1FLDV0047,"JACKSONVILLE 12.0 SSE","DUVAL",24,30.17,-81.58,0.0,0.0,M,0.0,0.0,0.0,0.0,0.0,0.0,0.0,0.0,0.0,0.0,M,0.0,0.0,0.0,0.0,0.0,0.0,M,0.0,0.0,0.0,0.0,0.0,0.0,0.0,0.0,0.0,M
US1FLDV0056,"JACKSONVILLE 14.0 NE","DUVAL",12,30.47,-81.49,0.0,M,M,M,M,M,0.0,0.0,M,M,M,0.0,M,M,M,0.0,M,0.0,M,M,M,M,M,M,0.0,0.0,0.0,0.0,M,0.0,M
US1FLDV0028,"JACKSONVILLE 3.8 ESE","DUVAL",16,30.32,-81.60,0.0,0.0,M,M,0.0,0.0,M,M,M,M,M,M,M,M,M,0.0,M,M,0.0,0.0,M,0.0,0.0,M,0.0,0.0,0.0,M,0.0,0.0,M
US1FLDV0066,"JACKSONVILLE 4.2 ESE","DUVAL",23,30.30,-81.60,0.0,0.0,M,0.0,0.0,0.0,0.0,0.0,0.0,0.0,0.0,0.0,0.0,M,0.0,0.0,0.0,0.0,0.0,0.0,0.0,0.0,M,M,0.0,0.0,0.0,0.0,M,0.0,0.0
US1FLDV0059,"JACKSONVILLE 4.2 NE","DUVAL",28,30.38,-81.60,0.0,M,M,0.0,0.0,M,0.0,M,0.0,M,M,0.0,M,M,M,M,M,M,0.0,0.0,0.0,0.0,0.0,0.0,0.0,0.0,0.0,0.0,0.0,0.0,0.0
US1FLDV0003,"JACKSONVILLE 5.9 SW","DUVAL",23,30.28,-81.73,0.0,0.0,M,0.0,0.0,0.0,0.0,0.0,0.0,0.0,0.0,0.0,0.0,M,0.0,0.0,0.0,0.0,0.0,0.0,0.0,M,M,M,0.0,M,M,M,0.0,0.0,0.0
US1FLDV0069,"JACKSONVILLE 6.7 WSW","DUVAL",28,30.30,-81.76,M,0.0,M,0.0,0.0,0.0,0.0,0.0,0.0,0.0,0.0,0.0,0.0,M,0.0,0.0,0.0,0.0,0.0,0.0,0.0,M,0.0,0.0,0.0,0.0,0.0,0.0,0.0,0.0,0.0
US1FLDV0063,"JACKSONVILLE 7.8 SW","DUVAL",32,30.26,-81.75,0.0,0.0,M,0.0,0.0,0.0,0.0,0.0,0.0,0.0,0.0,0.0,0.0,M,0.0,0.0,0.0,0.0,0.0,0.0,0.0,0.0,0.0,M,0.0,0.0,0.0,0.0,0.0,0.0,0.0
US1FLDV0021,"JACKSONVILLE 8.8 E","DUVAL",59,30.36,-81.51,M,M,M,0.0,M,M,M,M,M,M,M,M,0.0,M,M,M,M,M,M,M,M,M,0.0,M,M,M,M,M,M,M,M
US1FLDV0050,"JACKSONVILLE 8.9 ENE","DUVAL",9,30.38,-81.52,M,0.0,M,0.0,0.0,0.0,0.0,0.0,0.0,0.0,0.0,0.0,M,M,0.0,0.0,0.0,0.0,0.0,0.0,0.0,0.0,M,M,M,0.0,0.0,0.0,0.0,0.0,0.0
USW00053860,"JACKSONVILLE CRAIG MUNICIPAL AP","DUVAL",41,30.34,-81.51,0.0,0.0,0.0,0.0,0.0,0.0,0.0,0.0,0.0,0.0,0.0,0.0,0.0,0.0,0.0,0.0,0.0,0.0,0.0,0.0,0.0,0.0,0.0,0.0,0.0,0.0,0.0,0.0,0.0,0.0,0.0
USW00013889,"JACKSONVILLE INTL AP","DUVAL",26,30.50,-81.69,0.0,0.0,0.0,0.0,0.0,0.0,0.0,0.0,0.0,0.0,0.0,0.0,0.0,0.0,0.0,0.0,0.0,0.0,0.0,0.0,0.0,0.0,0.0,0.0,0.0,0.0,0.0,0.0,0.0,0.0,0.0
US1FLPB0043,"JUPITER 2.0 SW","PALM BEACH",15,26.90,-80.12,0.0,0.0,0.0,0.0,0.0,0.0,0.0,M,M,M,M,0.0,M,M,0.0,0.0,0.0,0.0,M,0.0,0.0,0.0,0.0,0.0,M,0.0,0.0,M,0.0,0.0,0.0
US1FLPB0009,"JUPITER 7.9 W","PALM BEACH",30,26.95,-80.23,0.0,0.0,0.0,M,0.0,0.0,0.0,M,M,0.0,0.0,0.0,M,M,0.0,0.0,0.0,0.0,0.0,0.0,0.0,0.0,M,M,M,M,0.0,0.0,0.0,0.0,M
US1FLMN0021,"KEY LARGO 0.9 SE","MONROE",2,25.10,-80.43,M,0.0,0.0,M,0.0,0.0,M,M,0.0,M,0.0,M,M,M,0.0,0.0,0.0,0.0,0.0,M,0.0,0.0,0.0,M,M,M,0.0,0.0,0.0,0.0,0.0
US1FLMN0004,"KEY LARGO 5.3 SW","MONROE",2,25.05,-80.49,0.0,0.0,0.0,M,0.0,M,M,M,0.0,0.0,M,M,M,0.0,0.0,M,M,M,M,M,0.0,0.0,0.0,M,M,0.0,M,0.0,0.0,0.0,0.0
US1FLMN0025,"KEY LARGO 6.2 NE","MONROE",6,25.17,-80.37,0.0,0.0,0.0,M,0.0,0.0,0.0,0.0,0.0,0.0,0.0,M,M,M,0.0,0.0,0.0,0.0,0.0,M,0.0,0.0,0.0,M,M,M,0.0,0.0,0.0,0.0,M
US1FLMN0024,"KEY WEST 0.5 SW","MONROE",2,24.56,-81.78,M,M,M,M,0.0,0.0,M,M,M,0.0,0.0,0.0,0.0,M,M,0.0,0.0,0.0,0.0,0.0,0.0,0.0,0.0,0.0,M,0.0,0.0,0.0,0.0,0.0,0.0
US1FLMN0022,"KEY WEST 1.0 SSW","MONROE",1,24.55,-81.78,M,M,M,M,0.0,0.0,M,M,M,0.0,0.0,0.0,0.0,M,M,M,0.0,0.0,0.0,0.0,0.0,0.0,0.0,0.0,0.0,M,M,M,M,0.0,0.0
US1FLMN0016,"KEY WEST 1.3 ENE","MONROE",1,24.57,-81.76,0.0,0.0,0.0,0.0,0.0,0.0,0.0,0.0,0.0,0.0,0.0,0.0,0.0,0.0,0.0,0.0,0.0,0.0,0.0,0.0,0.0,0.0,0.0,0.0,0.0,0.0,0.0,0.0,0.0,0.0,0.0
USW00012836,"KEY WEST INTL AP","MONROE",4,24.56,-81.75,0.0,0.0,0.0,0.0,0.0,0.0,0.0,0.0,0.0,0.0,0.0,0.0,0.0,0.0,0.0,0.0,0.0,0.0,0.0,0.0,0.0,0.0,0.0,0.0,0.0,0.0,0.0,0.0,0.0,0.0,0.0
USC00084571,"KEY WEST WFO","MONROE",6,24.55,-81.78,0.0,0.0,0.0,0.0,0.0,0.0,0.0,0.0,0.0,0.0,0.0,0.0,0.0,0.0,0.0,0.0,0.0,0.0,0.0,0.0,0.0,0.0,0.0,0.0,0.0,0.0,0.0,0.0,0.0,0.0,0.0
US1FLCY0007,"KEYSTONE HEIGHTS 3.5 ENE","CLAY",128,29.80,-81.98,0.0,0.0,M,0.0,0.0,0.0,0.0,0.0,0.0,0.0,0.0,0.0,0.0,M,0.0,0.0,0.0,0.0,0.0,0.0,0.0,0.0,0.0,0.0,0.0,0.0,0.0,0.0,0.0,0.0,0.0
US1FLCY0003,"KEYSTONE HEIGHTS 6.9 ENE","CLAY",115,29.82,-81.93,0.0,0.0,M,0.0,0.0,0.0,0.0,0.0,0.0,0.0,0.0,0.0,0.0,M,0.0,0.0,0.0,0.0,0.0,0.0,0.0,0.0,0.0,0.0,0.0,0.0,0.0,0.0,0.0,0.0,0.0
US1FLCY0005,"KEYSTONE HEIGHTS 7.6 ENE","CLAY",190,29.84,-81.92,0.0,0.0,M,0.0,0.0,0.0,0.0,0.0,0.0,0.0,0.0,0.0,0.0,M,0.0,0.0,0.0,0.0,0.0,0.0,0.0,0.0,0.0,M,0.0,0.0,0.0,0.0,0.0,M,0.0
US1FLCY0014,"KEYSTONE HEIGHTS 9.1 NE","CLAY",161,29.87,-81.92,0.0,0.0,M,0.0,0.0,M,M,0.0,0.0,0.0,0.0,M,0.0,M,0.0,0.0,0.0,0.0,0.0,0.0,0.0,0.0,0.0,0.0,0.0,0.0,0.0,0.0,0.0,0.0,0.0
US1FLHY0003,"LA BELLE 2.3 WNW","HENDRY",16,26.76,-81.47,0.0,M,0.0,0.0,0.0,M,M,0.0,0.0,0.0,0.0,0.0,0.0,M,M,0.0,0.0,0.0,0.0,0.0,0.0,0.0,0.0,M,0.0,0.0,0.0,0.0,0.0,0.0,M
US1FLGL0007,"LA BELLE 4.5 NNW","GLADES",39,26.82,-81.45,0.0,0.0,0.0,M,0.0,0.0,0.0,0.0,0.0,0.0,0.0,0.0,0.0,M,0.0,0.0,0.0,0.0,0.0,0.0,0.0,0.0,0.0,0.0,0.0,0.0,0.0,0.0,0.0,0.0,0.0
US1FLLK0021,"LADY LAKE 1.2 ESE","LAKE",89,28.92,-81.91,0.0,0.0,M,M,0.0,0.0,0.0,0.0,0.0,0.0,0.0,0.0,M,M,0.0,0.0,0.0,0.0,0.0,0.0,0.0,0.0,0.0,0.0,0.0,0.0,0.0,0.0,0.0,0.0,0.0
US1FLLK0016,"LADY LAKE 2.5 SSW","LAKE",79,28.89,-81.94,M,0.0,M,0.0,M,0.0,0.0,0.0,M,0.0,0.0,0.0,0.0,M,0.0,M,M,0.0,0.0,M,0.0,0.0,0.0,0.0,M,M,0.0,0.0,M,0.0,M
US1FLST0009,"LADY LAKE 4.3 SSW","SUMTER",66,28.87,-81.95,0.0,0.0,M,0.0,0.0,0.0,0.0,0.0,0.0,0.0,0.0,0.0,0.0,M,0.0,0.0,0.0,0.0,0.0,0.0,0.0,0.0,0.0,0.0,0.0,0.0,0.0,0.0,0.0,0.0,0.0
US1FLMR0004,"LADY LAKE 4.8 WNW","MARION",92,28.96,-82.00,0.0,0.0,M,0.0,0.0,0.0,0.0,0.0,0.0,0.0,0.0,0.0,0.0,M,0.0,0.0,0.0,0.0,0.0,0.0,0.0,0.0,0.0,M,0.0,0.0,0.0,0.0,0.0,0.0,0.0
US1FLST0007,"LADY LAKE 5.0 W","SUMTER",69,28.92,-82.01,0.0,0.0,M,M,M,0.0,0.0,0.0,M,0.0,0.0,M,0.0,M,0.0,M,M,M,M,0.0,M,0.0,0.0,M,0.0,0.0,0.0,0.0,0.0,0.0,0.0
US1FLCB0012,"LAKE CITY 7.9 SSW","COLUMBIA",83,30.08,-82.67,M,M,M,M,M,M,M,M,M,M,M,M,M,M,0.0,0.0,0.0,0.0,0.0,M,M,M,M,M,M,M,M,M,M,M,M
US1FLHL0003,"LAKE PLACID 1.1 WSW","HIGHLANDS",108,27.29,-81.39,M,0.0,0.0,0.0,0.0,0.0,0.0,0.0,0.0,0.0,0.0,0.0,M,M,M,0.0,0.0,0.0,0.0,0.0,0.0,0.0,0.0,M,0.0,0.0,M,0.0,0.0,0.0,0.0
US1FLHL0018,"LAKE PLACID 2.5 S","HIGHLANDS",100,27.26,-81.37,0.0,0.0,0.0,0.0,0.0,0.0,0.0,0.0,0.0,0.0,0.0,0.0,M,0.0,0.0,0.0,0.0,0.0,0.0,0.0,0.0,0.0,0.0,0.0,0.0,0.0,M,0.0,0.0,0.0,0.0
US1FLHL0016,"LAKE PLACID 3.9 WNW","HIGHLANDS",89,27.32,-81.43,M,M,M,M,M,0.0,0.0,0.0,0.0,0.0,M,M,M,M,M,M,M,M,M,M,M,0.0,M,0.0,0.0,0.0,M,M,M,0.0,M
US1FLHL0001,"LAKE PLACID 9.4 SE","HIGHLANDS",39,27.21,-81.26,0.0,0.0,0.0,0.0,0.0,0.0,0.0,M,M,M,M,M,M,M,0.0,0.0,0.0,0.0,0.0,0.0,0.0,0.0,0.0,M,0.0,0.0,0.0,0.0,0.0,0.0,0.0
US1FLPK0021,"LAKE WALES 5.8 NNE","POLK",98,27.97,-81.54,0.0,0.0,0.0,0.0,0.0,0.0,0.0,0.0,0.0,0.0,0.0,0.0,M,M,0.0,0.0,0.0,0.0,0.0,0.0,0.0,0.0,0.0,M,0.0,0.0,0.0,0.0,0.0,0.0,0.0
US1FLPB0013,"LAKE WORTH 1.0 NNW","PALM BEACH",52,26.63,-80.07,M,0.0,0.0,0.0,0.0,0.0,0.0,M,0.0,0.0,0.0,0.0,M,M,M,0.0,0.0,0.0,0.0,0.0,0.0,0.0,0.0,M,M,0.0,0.0,0.0,0.0,0.0,0.0
US1FLPB0019,"LAKE WORTH 1.2 N","PALM BEACH",15,26.64,-80.06,0.0,M,M,M,M,M,M,M,M,0.0,M,0.0,M,M,M,0.0,M,M,0.0,M,M,M,M,M,M,M,M,0.0,M,M,M
USC00084802,"LAKELAND 2","POLK",137,27.99,-82.01,M,M,M,M,M,M,M,M,M,M,M,M,M,M,M,M,M,M,M,0.0,M,M,M,M,M,M,M,M,M,M,M
US1FLPK0032,"LAKELAND 5.3 WNW","POLK",112,28.07,-82.04,0.0,0.0,0.0,0.0,0.0,0.0,0.0,0.0,0.0,0.0,0.0,0.0,0.0,M,0.0,0.0,0.0,0.0,0.0,0.0,0.0,0.0,0.0,M,0.0,0.0,0.0,0.0,0.0,0.0,0.0
US1FLPK0034,"LAKELAND 6.9 SW","POLK",108,27.96,-82.00,0.0,0.0,0.0,0.0,0.0,0.0,0.0,0.0,0.0,0.0,0.0,0.0,0.0,M,0.0,0.0,0.0,0.0,0.0,0.0,0.0,0.0,0.0,M,0.0,0.0,0.0,0.0,0.0,0.0,0.0
US1FLPK0037,"LAKELAND 8.7 SW","POLK",119,27.95,-82.04,0.0,0.0,0.0,0.0,0.0,0.0,0.0,0.0,0.0,0.0,0.0,0.0,0.0,M,0.0,0.0,0.0,0.0,0.0,0.0,0.0,0.0,0.0,M,0.0,0.0,0.0,0.0,0.0,0.0,0.0
US1FLPK0018,"LAKELAND HIGHLANDS 0.3 SE","POLK",230,27.96,-81.95,0.0,0.0,M,0.0,0.0,M,0.0,0.0,M,0.0,0.0,0.0,M,M,M,0.0,0.0,0.0,0.0,0.0,0.0,0.0,0.0,M,0.0,0.0,M,0.0,0.0,0.0,M
US1FLCY0004,"LAKESIDE 2.9 S","CLAY",23,30.09,-81.76,M,M,M,M,M,M,M,M,M,M,M,M,M,M,0.0,0.0,0.0,0.0,0.0,0.0,0.0,0.0,M,M,M,M,M,M,M,M,M
US1FLSL0004,"LAKEWOOD PARK 0.5 SW","ST. LUCIE",43,27.53,-80.40,0.0,0.0,0.0,0.0,0.0,M,M,M,0.0,0.0,0.0,0.0,M,M,M,0.0,0.0,0.0,0.0,0.0,0.0,0.0,0.0,M,M,0.0,0.0,0.0,0.0,0.0,0.0
US1FLJF0007,"LAMONT 7.7 SW","JEFFERSON",37,30.29,-83.90,0.0,M,0.0,0.0,0.0,0.0,0.0,0.0,0.0,0.0,0.0,0.0,0.0,M,0.0,0.0,0.0,0.0,0.0,0.0,0.0,0.0,0.0,0.0,0.0,0.0,0.0,0.0,0.0,0.0,0.0
US1FLPS0043,"LAND O LAKES 1.5 SSE","PASCO",88,28.20,-82.44,0.0,0.0,0.0,0.0,0.0,0.0,0.0,0.0,0.0,0.0,0.0,0.0,0.0,M,0.0,0.0,0.0,0.0,0.0,0.0,0.0,0.0,0.0,M,0.0,0.0,0.0,0.0,0.0,0.0,0.0
US1FLPN0047,"LARGO 0.7 W","PINELLAS",67,27.91,-82.79,M,0.0,M,M,0.0,0.0,0.0,M,0.0,0.0,M,0.0,0.0,M,M,0.0,0.0,0.0,0.0,0.0,0.0,M,0.0,M,0.0,0.0,M,0.0,0.0,0.0,M
US1FLPN0001,"LARGO 2.2 ESE","PINELLAS",17,27.90,-82.75,0.0,0.0,0.0,0.0,0.0,0.0,0.0,0.0,0.0,0.0,0.0,0.0,0.0,M,0.0,0.0,0.0,0.0,0.0,0.0,0.0,0.0,0.0,0.0,0.0,0.0,0.0,0.0,0.0,0.0,M
USW00012819,"LEESBURG MUNICIPAL AP","LAKE",77,28.82,-81.81,0.0,0.0,0.0,0.0,0.0,0.0,0.0,0.0,0.0,0.0,0.0,0.0,0.0,0.0,0.0,0.0,0.0,0.0,0.0,0.0,0.0,0.0,0.0,0.0,0.0,0.0,0.0,0.0,0.0,0.0,0.0
US1FLMD0003,"LINDGREN ACRES 0.5 WSW","MIAMI-DADE",26,25.67,-80.41,0.0,M,M,M,M,0.0,0.0,0.0,0.0,0.0,0.0,M,M,M,0.0,0.0,0.0,M,0.0,M,0.0,0.0,0.0,M,0.0,M,M,0.0,0.0,0.0,0.0
US1FLMD0041,"LINDGREN ACRES 0.7 SW","MIAMI-DADE",8,25.66,-80.41,0.0,0.0,0.0,0.0,0.0,M,M,0.0,0.0,0.0,M,M,M,M,0.0,0.0,M,M,M,0.0,M,M,M,M,M,M,M,M,M,0.0,0.0
US1FLSW0001,"LIVE OAK 0.4 NE","SUWANNEE",108,30.30,-82.98,0.0,M,M,0.0,0.0,M,M,0.0,0.0,M,0.0,M,0.0,M,0.0,0.0,0.0,M,M,0.0,0.0,0.0,0.0,0.0,M,M,M,0.0,M,0.0,0.0
US1FLSW0008,"LIVE OAK 10.0 W","SUWANNEE",80,30.31,-83.15,M,M,0.0,0.0,0.0,0.0,0.0,0.0,0.0,0.0,0.0,0.0,M,M,M,M,0.0,0.0,0.0,0.0,0.0,0.0,0.0,0.0,0.0,0.0,0.0,0.0,0.0,0.0,0.0
US1FLSW0002,"LIVE OAK 9.1 NW","SUWANNEE",125,30.39,-83.09,0.0,M,0.0,0.0,0.0,0.0,0.0,M,M,M,0.0,0.0,M,M,0.0,0.0,0.0,0.0,0.0,0.0,0.0,0.0,M,M,0.0,0.0,0.0,M,M,M,0.0
US1FLHB0027,"LUTZ 1.3 SSE","HILLSBOROUGH",85,28.12,-82.45,M,M,M,M,M,M,0.0,0.0,0.0,0.0,0.0,0.0,0.0,M,0.0,0.0,0.0,0.0,0.0,0.0,0.0,0.0,0.0,0.0,0.0,0.0,0.0,0.0,M,0.0,M
US1FLHB0026,"LUTZ 2.1 NE","HILLSBOROUGH",89,28.16,-82.44,0.0,0.0,0.0,0.0,0.0,0.0,0.0,0.0,0.0,M,M,M,M,M,M,M,M,M,0.0,0.0,M,0.0,M,M,0.0,0.0,0.0,0.0,0.0,0.0,0.0
US1FLHB0051,"LUTZ 2.2 SSE","HILLSBOROUGH",85,28.11,-82.45,0.0,0.0,0.0,0.0,0.0,0.0,0.0,0.0,0.0,0.0,0.0,0.0,0.0,M,0.0,0.0,0.0,0.0,0.0,0.0,0.0,0.0,0.0,0.0,0.0,0.0,0.0,0.0,0.0,0.0,M
US1FLPS0006,"LUTZ 3.4 NE","PASCO",85,28.17,-82.42,M,0.0,M,M,M,M,M,0.0,M,M,M,M,M,M,0.0,0.0,0.0,0.0,M,0.0,M,M,0.0,0.0,M,M,0.0,0.0,0.0,0.0,M
US1FLBK0007,"MACCLENNY 4.9 SSW","BAKER",132,30.22,-82.16,0.0,M,0.0,0.0,0.0,0.0,0.0,0.0,0.0,0.0,0.0,0.0,M,M,0.0,0.0,0.0,0.0,0.0,0.0,0.0,0.0,0.0,0.0,0.0,0.0,0.0,0.0,0.0,0.0,0.0
US1FLMS0003,"MADISON 1.2 ENE","MADISON",158,30.47,-83.40,M,M,0.0,M,M,M,M,M,M,M,M,M,M,M,M,0.0,0.0,M,M,M,0.0,M,M,M,M,M,M,M,M,M,M
US1FLMS0002,"MADISON 8.3 NNE","MADISON",131,30.58,-83.38,0.0,M,M,M,M,M,M,M,M,M,M,M,M,M,M,M,M,M,M,M,M,M,M,M,M,M,M,M,M,M,M
US1FLMN0023,"MARATHON 6.8 ENE","MONROE",1,24.74,-80.98,0.0,0.0,0.0,M,0.0,0.0,M,0.0,0.0,M,0.0,0.0,M,M,0.0,0.0,0.0,0.0,M,M,0.0,0.0,0.0,M,M,0.0,0.0,0.0,0.0,0.0,0.0
USW00012896,"MARATHON AP","MONROE",8,24.73,-81.05,0.0,0.0,0.0,0.0,0.0,0.0,0.0,0.0,0.0,0.0,0.0,0.0,0.0,0.0,0.0,0.0,0.0,0.0,0.0,0.0,0.0,0.0,0.0,0.0,0.0,0.0,0.0,0.0,0.0,0.0,0.0
US1FLJK0003,"MARIANNA 3.9 E","JACKSON",118,30.77,-85.17,M,M,M,M,M,0.0,0.0,M,0.0,0.0,M,0.0,M,M,M,0.0,0.0,0.0,M,0.0,0.0,0.0,0.0,0.0,M,M,M,0.0,M,0.0,M
USW00003818,"MARIANNA MUNICIPAL AP","JACKSON",113,30.84,-85.18,0.0,0.0,0.0,0.0,0.0,0.0,0.0,0.0,0.0,0.0,0.0,M,0.0,0.0,M,M,M,M,M,M,M,M,M,M,M,M,M,M,M,M,M
US1FLOK0029,"MARY ESTHER 0.6 E","OKALOOSA",16,30.41,-86.65,0.0,M,0.0,0.0,0.0,0.0,0.0,M,0.0,0.0,0.0,M,M,M,0.0,0.0,0.0,0.0,0.0,0.0,0.0,0.0,0.0,0.0,0.0,M,0.0,0.0,0.0,0.0,M
US1FLBV0006,"MELBOURNE 1.1 N","BREVARD",30,28.13,-80.64,0.0,M,M,M,0.0,M,M,M,0.0,M,M,M,M,M,0.0,0.0,0.0,0.0,M,M,0.0,0.0,0.0,M,M,0.0,0.0,0.0,0.0,0.0,0.0
US1FLBV0039,"MELBOURNE 12.5 NNW","BREVARD",15,28.25,-80.69,0.0,0.0,0.0,0.0,0.0,0.0,0.0,0.0,0.0,0.0,0.0,0.0,0.0,M,0.0,0.0,0.0,0.0,0.0,0.0,0.0,0.0,0.0,0.0,0.0,0.0,0.0,0.0,0.0,0.0,M
US1FLBV0050,"MELBOURNE 4.7 N","BREVARD",18,28.18,-80.65,M,M,0.0,M,M,M,M,M,M,0.0,M,0.0,0.0,M,M,M,M,M,M,M,0.0,0.0,0.0,M,M,M,0.0,M,M,M,0.0
USW00012838,"MELBOURNE INTERNATIONAL AIRPORT","BREVARD",27,28.10,-80.64,0.0,0.0,0.0,0.0,0.0,0.0,0.0,0.0,0.0,0.0,0.0,0.0,0.0,0.0,0.0,0.0,0.0,0.0,0.0,0.0,0.0,0.0,0.0,0.0,0.0,0.0,0.0,0.0,0.0,0.0,0.0
US1FLBV0036,"MERRIT ISLAND 9.1 N","BREVARD",4,28.48,-80.71,M,M,M,M,0.0,0.0,0.0,0.0,0.0,M,0.0,0.0,0.0,0.0,0.0,0.0,0.0,0.0,0.0,0.0,0.0,0.0,0.0,0.0,0.0,0.0,0.0,0.0,0.0,0.0,0.0
US1FLBV0058,"MERRITT ISLAND 3.6 N","BREVARD",0,28.36,-80.67,0.0,0.0,0.0,0.0,0.0,0.0,0.0,M,0.0,0.0,0.0,0.0,0.0,M,0.0,0.0,M,0.0,M,M,M,0.0,0.0,M,M,M,0.0,0.0,0.0,0.0,M
US1FLBV0054,"MERRITT ISLAND 3.8 N","BREVARD",1,28.37,-80.66,M,M,M,0.0,0.0,0.0,0.0,M,0.0,0.0,M,0.0,0.0,M,0.0,0.0,0.0,0.0,0.0,0.0,0.0,0.0,0.0,M,0.0,0.0,0.0,0.0,0.0,0.0,0.0
US1FLMD0061,"MIAMI 15.1 WSW","MIAMI-DADE",8,25.74,-80.44,0.0,M,M,M,M,M,M,M,M,M,M,M,M,M,0.0,0.0,0.0,M,M,M,M,M,M,M,M,M,M,0.0,M,0.0,M
US1FLMD0023,"MIAMI 4.1 SE","MIAMI-DADE",4,25.73,-80.16,0.0,0.0,M,0.0,0.0,0.0,0.0,0.0,0.0,0.0,0.0,0.0,M,M,0.0,0.0,0.0,0.0,0.0,0.0,0.0,0.0,0.0,M,M,M,M,0.0,0.0,0.0,0.0
US1FLMD0040,"MIAMI 6.7 WSW","MIAMI-DADE",6,25.74,-80.32,0.0,0.0,M,M,0.0,0.0,M,0.0,0.0,0.0,M,M,M,M,0.0,0.0,0.0,0.0,0.0,0.0,0.0,0.0,0.0,M,M,M,M,0.0,0.0,0.0,0.0
USW00012839,"MIAMI INTL AP","MIAMI-DADE",29,25.79,-80.32,0.0,0.0,0.0,0.0,0.0,0.0,0.0,0.0,0.0,0.0,0.0,0.0,0.0,0.0,0.0,0.0,0.0,0.0,0.0,0.0,0.0,0.0,0.0,0.0,0.0,0.0,0.0,0.0,0.0,0.0,0.0
USW00012888,"MIAMI KENDALL TAMIAMI EXEC AP","DADE",10,25.65,-80.43,0.0,0.0,0.0,0.0,0.0,0.0,0.0,0.0,0.0,0.0,0.0,0.0,0.0,0.0,0.0,0.0,0.0,0.0,0.0,0.0,0.0,0.0,0.0,0.0,0.0,0.0,0.0,0.0,0.0,0.0,0.0
US1FLMD0026,"MIAMI LAKES 0.3 NNW","MIAMI-DADE",3,25.91,-80.32,0.0,0.0,0.0,0.0,0.0,0.0,0.0,0.0,0.0,0.0,0.0,0.0,M,M,0.0,0.0,0.0,0.0,0.0,0.0,0.0,0.0,0.0,M,0.0,M,0.0,0.0,0.0,0.0,0.0
USC00085667,"MIAMI NWSFO","MIAMI-DADE",14,25.76,-80.38,0.0,0.0,0.0,0.0,0.0,0.0,0.0,0.0,0.0,0.0,0.0,0.0,M,M,0.0,0.0,0.0,0.0,0.0,0.0,0.0,0.0,0.0,M,M,M,M,0.0,0.0,0.0,0.0
USW00012882,"MIAMI OPA LOCKA AP","DADE",10,25.91,-80.28,0.0,0.0,0.0,0.0,0.0,0.0,0.0,0.0,0.0,0.0,0.0,0.0,0.0,M,0.0,0.0,0.0,0.0,0.0,0.0,0.0,0.0,0.0,M,0.0,0.0,0.0,0.0,0.0,0.0,0.0
US1FLAL0051,"MICANOPY 2.1 NNE","ALACHUA",68,29.53,-82.27,0.0,0.0,M,0.0,0.0,0.0,0.0,0.0,0.0,0.0,0.0,0.0,0.0,M,0.0,0.0,0.0,0.0,M,0.0,0.0,0.0,0.0,0.0,M,0.0,0.0,0.0,0.0,0.0,0.0
US1FLMR0013,"MICANOPY 3.6 SSW","MARION",197,29.46,-82.30,0.0,0.0,M,0.0,0.0,0.0,0.0,0.0,0.0,0.0,0.0,0.0,0.0,M,0.0,0.0,0.0,0.0,0.0,0.0,0.0,0.0,0.0,0.0,0.0,0.0,0.0,0.0,0.0,0.0,0.0
US1FLAL0018,"MICANOPY 8.5 W","ALACHUA",71,29.51,-82.42,0.0,0.0,M,0.0,0.0,0.0,0.0,0.0,0.0,0.0,0.0,0.0,0.0,M,0.0,0.0,0.0,0.0,0.0,0.0,0.0,0.0,0.0,0.0,0.0,0.0,M,0.0,0.0,0.0,0.0
US1FLBV0028,"MICCO 1.3 NW","BREVARD",19,27.89,-80.53,0.0,M,0.0,0.0,M,0.0,0.0,0.0,0.0,M,0.0,0.0,M,M,0.0,0.0,0.0,0.0,0.0,0.0,0.0,0.0,0.0,M,0.0,0.0,0.0,0.0,0.0,0.0,0.0
US1FLLN0018,"MIDWAY 6.9 SW","LEON",148,30.42,-84.54,0.0,M,0.0,0.0,0.0,0.0,0.0,0.0,0.0,0.0,0.0,0.0,M,M,0.0,0.0,M,0.0,0.0,0.0,0.0,0.0,0.0,0.0,0.0,0.0,0.0,0.0,M,0.0,M
US1FLBV0040,"MIMS 1.6 SW","BREVARD",19,28.67,-80.86,M,M,M,0.0,M,M,M,M,M,M,M,M,M,M,M,M,M,M,M,M,M,M,M,M,M,M,M,M,M,M,M
US1FLBW0013,"MIRAMAR 3.0 WNW","BROWARD",16,25.99,-80.38,0.0,0.0,0.0,0.0,0.0,M,M,M,0.0,0.0,M,0.0,M,M,0.0,0.0,0.0,0.0,0.0,0.0,0.0,0.0,0.0,M,M,M,M,0.0,0.0,0.0,0.0
US1FLWT0003,"MIRAMAR BEACH 9.5 ESE","WALTON",36,30.35,-86.20,M,M,M,M,M,M,0.0,M,M,M,M,M,M,M,M,0.0,0.0,M,0.0,0.0,M,M,M,0.0,M,M,M,M,M,M,M
US1FLJF0005,"MONTICELLO 3.6 WSW","JEFFERSON",180,30.52,-83.93,0.0,M,0.0,0.0,0.0,M,0.0,0.0,M,0.0,0.0,0.0,M,M,M,M,0.0,M,0.0,M,0.0,M,M,0.0,0.0,0.0,0.0,M,M,0.0,0.0
US1FLJF0009,"MONTICELLO 4.3 ENE","JEFFERSON",157,30.56,-83.80,0.0,M,0.0,0.0,0.0,0.0,0.0,0.0,0.0,0.0,0.0,0.0,0.0,M,0.0,0.0,0.0,0.0,0.0,0.0,0.0,0.0,0.0,0.0,0.0,0.0,0.0,0.0,0.0,0.0,0.0
US1FLGL0013,"MOORE HAVEN 10.4 N","GLADES",14,26.98,-81.10,0.0,M,0.0,0.0,0.0,0.0,0.0,0.0,M,0.0,0.0,0.0,0.0,M,0.0,0.0,0.0,0.0,0.0,0.0,M,M,M,M,M,M,M,M,M,M,M
US1FLGL0002,"MOORE HAVEN 12.2 WSW","GLADES",13,26.80,-81.29,0.0,0.0,0.0,0.0,0.0,0.0,0.0,0.0,0.0,0.0,0.0,0.0,0.0,0.0,M,0.0,0.0,0.0,0.0,0.0,0.0,0.0,0.0,M,0.0,0.0,0.0,0.0,0.0,0.0,0.0
US1FLLK0005,"MOUNT PLYMOUTH 0.2 WSW","LAKE",90,28.80,-81.54,0.0,0.0,M,0.0,0.0,0.0,0.0,0.0,0.0,0.0,0.0,0.0,M,M,0.0,0.0,0.0,0.0,0.0,0.0,0.0,0.0,M,M,0.0,M,0.0,0.0,0.0,0.0,0.0
US1FLCR0012,"NAPLES 5.7 SE","COLLIER",23,26.10,-81.72,0.0,0.0,0.0,0.0,0.0,0.0,0.0,0.0,0.0,0.0,0.0,M,0.0,M,0.0,0.0,0.0,0.0,0.0,0.0,0.0,0.0,0.0,M,0.0,0.0,M,0.0,M,0.0,0.0
US1FLCR0037,"NAPLES 7.7 NNE","COLLIER",12,26.24,-81.73,0.0,M,0.0,0.0,0.0,0.0,0.0,0.0,0.0,0.0,0.0,M,0.0,M,0.0,0.0,0.0,0.0,0.0,0.0,0.0,0.0,0.0,0.0,0.0,0.0,0.0,0.0,0.0,0.0,0.0
USW00012897,"NAPLES MUNICIPAL AP","COLLIER",9,26.15,-81.78,0.0,0.0,0.0,0.0,0.0,0.0,0.0,0.0,0.0,0.0,0.0,0.0,0.0,0.0,0.0,0.0,0.0,0.0,0.0,0.0,0.0,0.0,0.0,0.0,0.0,0.0,0.0,0.0,0.0,0.0,0.0
US1FLCR0013,"NAPLES PARK 3.7 ENE","COLLIER",9,26.28,-81.76,0.0,M,0.0,M,0.0,0.0,0.0,0.0,0.0,0.0,0.0,M,M,M,0.0,0.0,0.0,0.0,0.0,0.0,0.0,0.0,0.0,0.0,0.0,0.0,0.0,0.0,0.0,0.0,0.0
US1FLSR0012,"NAVARRE 2.1 WNW","SANTA ROSA",29,30.41,-86.90,0.0,M,0.0,0.0,0.0,0.0,0.0,M,0.0,0.0,0.0,M,M,M,0.0,0.0,0.0,0.0,0.0,0.0,0.0,0.0,0.0,0.0,0.0,M,0.0,M,0.0,M,M
US1FLDV0013,"NEPTUNE BEACH 0.5 NNW","DUVAL",0,30.32,-81.40,0.0,M,M,0.0,0.0,M,M,M,M,M,M,M,M,M,0.0,0.0,0.0,0.0,0.0,0.0,0.0,0.0,M,0.0,0.0,0.0,0.0,0.0,0.0,0.0,0.0
US1FLVL0001,"NEW SMYRNA BEACH 1.5 E","VOLUSIA",23,29.03,-80.89,0.0,0.0,M,0.0,0.0,0.0,M,0.0,0.0,0.0,0.0,0.0,M,M,0.0,0.0,0.0,0.0,0.0,0.0,0.0,0.0,M,M,0.0,0.0,0.0,0.0,0.0,0.0,0.0
US1FLVL0029,"NEW SMYRNA BEACH 2.3 N","VOLUSIA",5,29.07,-80.92,0.0,0.0,M,0.0,0.0,M,M,0.0,0.0,0.0,0.0,0.0,M,M,0.0,0.0,0.0,0.0,0.0,0.0,0.0,0.0,0.0,M,M,0.0,0.0,0.0,0.0,0.0,0.0
US1FLGC0003,"NEWBERRY 4.0 WNW","GILCHRIST",87,29.68,-82.67,0.0,0.0,M,0.0,0.0,0.0,0.0,0.0,0.0,0.0,M,M,0.0,M,0.0,M,0.0,0.0,0.0,0.0,0.0,M,M,0.0,0.0,M,M,0.0,0.0,0.0,0.0
US1FLOK0003,"NICEVILLE 2.3 SE","OKALOOSA",46,30.50,-86.46,M,M,0.0,0.0,0.0,0.0,0.0,M,0.0,0.0,0.0,M,M,M,0.0,0.0,0.0,0.0,0.0,0.0,0.0,0.0,0.0,0.0,0.0,M,M,M,M,M,M
US1FLOK0020,"NICEVILLE 3.4 ESE","OKALOOSA",79,30.51,-86.43,0.0,M,0.0,0.0,0.0,0.0,0.0,M,0.0,0.0,0.0,M,M,M,0.0,0.0,0.0,0.0,0.0,0.0,0.0,0.0,0.0,0.0,0.0,M,0.0,0.0,0.0,0.0,M
US1FLOK0001,"NICEVILLE 3.6 SE","OKALOOSA",36,30.49,-86.44,0.0,M,0.0,0.0,0.0,0.0,0.0,M,0.0,0.0,0.0,M,M,M,0.0,0.0,0.0,0.0,0.0,0.0,0.0,0.0,0.0,0.0,0.0,M,0.0,0.0,0.0,0.0,M
US1FLOK0015,"NICEVILLE 4.5 SE","OKALOOSA",30,30.48,-86.44,0.0,M,0.0,0.0,0.0,0.0,0.0,M,0.0,0.0,0.0,M,M,M,0.0,0.0,0.0,0.0,0.0,0.0,M,M,0.0,0.0,0.0,M,0.0,0.0,0.0,0.0,M
US1FLHN0011,"NORTH BROOKSVILLE 6.3 NE","HERNANDO",141,28.64,-82.34,0.0,0.0,0.0,0.0,0.0,0.0,0.0,0.0,0.0,0.0,0.0,0.0,0.0,M,0.0,0.0,0.0,0.0,0.0,0.0,0.0,0.0,M,M,M,M,M,M,M,M,M
US1FLMD0039,"NORTH MIAMI 1.4 W","MIAMI-DADE",5,25.90,-80.19,0.0,0.0,M,0.0,0.0,0.0,0.0,M,0.0,0.0,0.0,0.0,M,M,0.0,0.0,0.0,0.0,0.0,0.0,0.0,0.0,0.0,M,0.0,0.0,0.0,M,0.0,0.0,0.0
US1FLSS0034,"NORTH PORT 2.6 E","SARASOTA",19,27.05,-82.15,0.0,M,0.0,0.0,0.0,0.0,0.0,0.0,0.0,0.0,0.0,M,M,M,M,M,M,M,0.0,0.0,0.0,0.0,0.0,M,0.0,0.0,0.0,0.0,0.0,0.0,M
US1FLSS0015,"NORTH PORT 4.7 NNE","SARASOTA",56,27.11,-82.17,0.0,M,0.0,0.0,0.0,0.0,0.0,0.0,0.0,0.0,0.0,0.0,0.0,M,0.0,0.0,0.0,0.0,0.0,0.0,0.0,0.0,0.0,M,0.0,0.0,M,0.0,0.0,0.0,0.0
USW00073805,"NORTHWEST FLORIDA BEACHES INTL AP","BAY",57,30.35,-85.79,0.0,0.0,0.0,0.0,0.0,0.0,0.0,0.0,0.0,0.0,0.0,0.0,0.0,0.0,0.0,0.0,0.0,0.0,0.0,0.0,0.0,0.0,0.0,0.0,0.0,0.0,0.0,0.0,0.0,0.0,0.0
US1FLVL0038,"OAK HILL 2.8 WSW","VOLUSIA",6,28.86,-80.87,0.0,0.0,0.0,M,0.0,0.0,0.0,0.0,0.0,0.0,0.0,0.0,M,M,0.0,0.0,0.0,0.0,0.0,0.0,0.0,0.0,M,M,0.0,0.0,0.0,0.0,0.0,0.0,0.0
US1FLMR0036,"OCALA 14.3 S","MARION",80,28.98,-82.17,0.0,M,0.0,0.0,0.0,0.0,0.0,0.0,0.0,0.0,0.0,0.0,0.0,M,0.0,0.0,0.0,0.0,0.0,0.0,0.0,0.0,0.0,0.0,0.0,0.0,0.0,0.0,0.0,0.0,0.0
US1FLMR0016,"OCALA 2.8 SSE","MARION",135,29.15,-82.11,M,0.0,M,M,M,M,0.0,0.0,0.0,0.0,0.0,0.0,M,M,0.0,0.0,0.0,M,0.0,0.0,0.0,0.0,0.0,M,0.0,0.0,M,0.0,0.0,0.0,M
US1FLMR0043,"OCALA 9.8 SW","MARION",68,29.10,-82.26,0.0,0.0,M,0.0,0.0,0.0,0.0,0.0,0.0,0.0,0.0,0.0,M,M,M,0.0,0.0,0.0,0.0,0.0,0.0,0.0,0.0,0.0,0.0,M,M,M,M,M,0.0
US1FLMR0012,"OCALA WEATHER SERVICE","MARION",92,29.08,-82.17,0.0,M,0.0,0.0,0.0,0.0,0.0,0.0,0.0,0.0,0.0,0.0,M,M,0.0,0.0,0.0,0.0,0.0,0.0,0.0,0.0,0.0,0.0,0.0,0.0,0.0,0.0,0.0,0.0,0.0
US1FLOB0005,"OKEECHOBEE 18.0 NNW","OKEECHOBEE",64,27.47,-80.98,0.0,M,0.0,0.0,M,M,0.0,0.0,0.0,0.0,0.0,0.0,M,M,0.0,0.0,0.0,0.0,0.0,0.0,0.0,0.0,0.0,M,M,0.0,M,0.0,0.0,0.0,0.0
US1FLOR0023,"ORANGE 11.2 NE","ORANGE",70,28.59,-81.11,0.0,0.0,0.0,0.0,M,0.0,0.0,0.0,0.0,0.0,0.0,0.0,0.0,M,0.0,0.0,0.0,0.0,0.0,0.0,0.0,0.0,0.0,M,0.0,0.0,0.0,0.0,0.0,0.0,0.0
US1FLCY0010,"ORANGE PARK 0.7 NNE","CLAY",13,30.18,-81.70,0.0,0.0,M,M,M,0.0,0.0,0.0,0.0,0.0,0.0,0.0,0.0,M,0.0,0.0,0.0,0.0,0.0,0.0,0.0,0.0,0.0,0.0,0.0,0.0,0.0,0.0,0.0,0.0,0.0
US1FLCY0039,"ORANGE PARK 2.5 WSW","CLAY",66,30.15,-81.74,0.0,0.0,M,0.0,0.0,0.0,0.0,0.0,0.0,0.0,0.0,0.0,0.0,0.0,0.0,0.0,0.0,0.0,0.0,0.0,0.0,0.0,0.0,0.0,0.0,0.0,0.0,0.0,0.0,0.0,0.0
US1FLCY0025,"ORANGE PARK 4.1 WSW","CLAY",80,30.14,-81.77,0.0,0.0,M,0.0,0.0,0.0,0.0,0.0,0.0,0.0,0.0,0.0,0.0,M,M,0.0,0.0,0.0,0.0,0.0,0.0,0.0,0.0,M,0.0,0.0,0.0,M,M,M,M
US1FLCY0002,"ORANGE PARK 4.8 SSW","CLAY",43,30.10,-81.74,0.0,0.0,M,0.0,0.0,0.0,0.0,0.0,0.0,0.0,0.0,0.0,0.0,M,0.0,0.0,0.0,0.0,0.0,0.0,0.0,0.0,0.0,0.0,0.0,0.0,0.0,0.0,0.0,0.0,0.0
US1FLOR0030,"ORLANDO 12.0 S","ORANGE",88,28.36,-81.41,0.0,0.0,0.0,0.0,0.0,0.0,M,0.0,0.0,0.0,0.0,0.0,M,0.0,0.0,0.0,0.0,0.0,0.0,0.0,0.0,0.0,0.0,M,0.0,0.0,0.0,0.0,0.0,0.0,M
US1FLOR0026,"ORLANDO 4.8 NNW","ORANGE",99,28.57,-81.40,0.0,0.0,0.0,0.0,0.0,0.0,0.0,0.0,0.0,0.0,0.0,0.0,0.0,M,0.0,0.0,0.0,0.0,0.0,0.0,0.0,0.0,M,0.0,0.0,0.0,0.0,0.0,0.0,0.0,M
US1FLOR0025,"ORLANDO 7.4 WNW","ORANGE",100,28.57,-81.50,0.0,0.0,M,0.0,0.0,0.0,0.0,0.0,0.0,0.0,0.0,0.0,0.0,M,0.0,0.0,0.0,0.0,0.0,0.0,0.0,0.0,0.0,M,0.0,0.0,0.0,0.0,0.0,0.0,0.0
USW00012841,"ORLANDO EXECUTIVE AP","ORANGE",108,28.55,-81.33,0.0,0.0,0.0,0.0,0.0,0.0,0.0,0.0,0.0,0.0,0.0,0.0,0.0,0.0,0.0,0.0,0.0,0.0,0.0,0.0,0.0,0.0,0.0,0.0,0.0,0.0,0.0,0.0,0.0,0.0,0.0
USW00012815,"ORLANDO INTL AP","ORANGE",90,28.43,-81.32,0.0,0.0,0.0,0.0,0.0,0.0,0.0,0.0,0.0,0.0,0.0,0.0,0.0,0.0,0.0,0.0,0.0,0.0,0.0,0.0,0.0,0.0,0.0,0.0,0.0,0.0,0.0,0.0,0.0,0.0,0.0
USW00012854,"ORLANDO SANFORD AP","SEMINOLE",55,28.78,-81.24,0.0,0.0,0.0,0.0,0.0,0.0,0.0,0.0,0.0,0.0,0.0,0.0,0.0,0.0,0.0,0.0,0.0,0.0,0.0,0.0,0.0,0.0,0.0,0.0,0.0,0.0,0.0,0.0,0.0,0.0,0.0
US1FLVL0005,"ORMOND BEACH 3.5 SE","VOLUSIA",23,29.26,-81.05,0.0,0.0,0.0,0.0,0.0,0.0,0.0,0.0,0.0,0.0,0.0,0.0,0.0,0.0,0.0,0.0,0.0,0.0,0.0,0.0,0.0,0.0,0.0,0.0,0.0,0.0,0.0,0.0,0.0,0.0,0.0
US1FLSM0012,"OVIEDO 4.0 W","SEMINOLE",51,28.66,-81.25,0.0,0.0,M,0.0,0.0,0.0,0.0,0.0,0.0,0.0,0.0,0.0,0.0,M,0.0,0.0,0.0,0.0,0.0,0.0,0.0,0.0,M,M,0.0,0.0,0.0,0.0,0.0,0.0,0.0
US1FLSR0004,"PACE 2.4 N","SANTA ROSA",187,30.63,-87.16,M,M,0.0,0.0,0.0,0.0,0.0,M,0.0,0.0,0.0,M,M,M,0.0,0.0,0.0,0.0,0.0,0.0,0.0,0.0,0.0,0.0,0.0,M,0.0,M,M,0.0,M
US1FLPB0034,"PAHOKEE 1.6 NE","PALM BEACH",14,26.84,-80.65,0.0,M,0.0,M,0.0,M,0.0,0.0,M,M,0.0,0.0,0.0,M,0.0,0.0,0.0,0.0,0.0,0.0,0.0,0.0,0.0,M,M,M,0.0,0.0,0.0,0.0,0.0
US1FLBV0014,"PALM BAY 1.0 NE","BREVARD",36,27.99,-80.64,0.0,M,0.0,0.0,M,M,0.0,0.0,M,0.0,0.0,0.0,M,M,0.0,0.0,0.0,0.0,0.0,0.0,0.0,0.0,0.0,M,0.0,0.0,0.0,0.0,0.0,0.0,0.0
US1FLBV0001,"PALM BAY 2.6 SSE","BREVARD",39,27.95,-80.64,0.0,M,0.0,0.0,0.0,M,M,M,0.0,0.0,0.0,0.0,M,M,0.0,0.0,0.0,0.0,0.0,0.0,0.0,0.0,0.0,M,0.0,M,0.0,0.0,0.0,0.0,0.0
US1FLBV0059,"PALM BAY 2.7 SSE","BREVARD",27,27.95,-80.64,0.0,M,0.0,0.0,0.0,M,0.0,0.0,0.0,0.0,0.0,0.0,M,M,0.0,0.0,0.0,0.0,0.0,0.0,0.0,0.0,0.0,M,0.0,0.0,0.0,0.0,0.0,0.0,0.0
US1FLBV0005,"PALM BAY 3.1 NNW","BREVARD",39,28.02,-80.69,0.0,0.0,M,0.0,M,M,M,0.0,0.0,0.0,0.0,0.0,M,M,0.0,M,0.0,0.0,0.0,0.0,0.0,0.0,0.0,M,0.0,0.0,0.0,0.0,0.0,0.0,0.0
US1FLMT0021,"PALM CITY 3.1 NW","MARTIN",13,27.20,-80.30,M,0.0,M,0.0,0.0,0.0,0.0,M,M,0.0,0.0,0.0,M,0.0,0.0,0.0,0.0,0.0,0.0,0.0,0.0,0.0,0.0,M,0.0,0.0,0.0,0.0,0.0,0.0,0.0
US1FLMT0001,"PALM CITY 4.0 SW","MARTIN",39,27.12,-80.32,M,0.0,0.0,0.0,0.0,0.0,0.0,M,M,M,0.0,0.0,0.0,0.0,0.0,0.0,0.0,0.0,0.0,0.0,0.0,0.0,0.0,M,M,0.0,0.0,0.0,0.0,0.0,0.0
USC00086767,"PALM COAST 6NE","FLAGLER",5,29.63,-81.21,M,M,M,M,M,M,M,M,M,M,M,M,M,M,M,M,M,0.0,0.0,M,M,M,0.0,M,M,M,M,M,M,M,M
US1FLBV0002,"PALM SHORES 1.4 W","BREVARD",39,28.19,-80.68,0.0,M,0.0,0.0,M,0.0,0.0,0.0,0.0,0.0,0.0,0.0,0.0,M,0.0,0.0,0.0,0.0,0.0,0.0,0.0,0.0,0.0,M,0.0,0.0,0.0,0.0,0.0,0.0,0.0
US1FLBV0049,"PALM SHORES 4.0 NNW","BREVARD",33,28.24,-80.69,0.0,0.0,0.0,0.0,0.0,0.0,M,M,M,M,0.0,0.0,M,M,0.0,0.0,0.0,0.0,M,0.0,M,M,M,M,M,M,M,M,M,0.0,0.0
US1FLBV0020,"PALM SHORES 4.3 NNW","BREVARD",20,28.24,-80.68,0.0,0.0,0.0,0.0,0.0,0.0,M,0.0,0.0,0.0,0.0,0.0,0.0,M,0.0,0.0,0.0,0.0,0.0,0.0,0.0,0.0,0.0,M,0.0,0.0,0.0,0.0,0.0,0.0,0.0
US1FLMA0003,"PALMETTO 1.2 W","MANATEE",16,27.52,-82.60,0.0,M,0.0,0.0,0.0,0.0,0.0,0.0,0.0,0.0,0.0,0.0,0.0,M,0.0,0.0,0.0,0.0,0.0,0.0,0.0,0.0,0.0,0.0,0.0,0.0,0.0,0.0,0.0,0.0,0.0
US1FLBY0007,"PANAMA CITY BEACH 0.3 SW","BAY",30,30.21,-85.86,0.0,0.0,0.0,0.0,0.0,0.0,0.0,M,0.0,0.0,M,M,M,M,0.0,0.0,0.0,0.0,0.0,0.0,0.0,0.0,0.0,M,0.0,M,0.0,0.0,0.0,0.0,M
US1FLBY0011,"PANAMA CITY BEACH 1.2 ESE","BAY",21,30.20,-85.83,0.0,0.0,0.0,0.0,0.0,0.0,0.0,M,0.0,0.0,0.0,0.0,M,M,0.0,0.0,0.0,0.0,0.0,0.0,0.0,0.0,0.0,M,0.0,M,0.0,0.0,0.0,0.0,M
US1FLBY0010,"PANAMA CITY BEACH 5.9 WNW","BAY",44,30.25,-85.94,0.0,0.0,0.0,0.0,0.0,0.0,0.0,M,0.0,0.0,0.0,0.0,M,M,0.0,0.0,0.0,0.0,0.0,0.0,0.0,0.0,0.0,M,0.0,M,0.0,0.0,0.0,0.0,M
US1FLES0026,"PENSACOLA 1.9 NE","ESCAMBIA",82,30.47,-87.17,0.0,M,0.0,0.0,0.0,0.0,0.0,M,0.0,M,0.0,M,M,M,0.0,0.0,0.0,0.0,0.0,0.0,0.0,0.0,0.0,0.0,0.0,M,0.0,0.0,0.0,0.0,M
US1FLES0024,"PENSACOLA 18.9 WSW","ESCAMBIA",13,30.31,-87.47,0.0,0.0,0.0,0.0,0.0,0.0,0.0,M,0.0,0.0,0.0,M,0.0,M,0.0,0.0,0.0,0.0,0.0,0.0,0.0,0.0,0.0,0.0,0.0,M,0.0,0.0,0.0,0.0,M
US1FLES0016,"PENSACOLA 4.8 N","ESCAMBIA",75,30.51,-87.18,M,M,M,M,M,M,M,M,M,M,M,M,M,M,M,M,M,M,M,M,M,M,M,M,M,M,0.0,M,M,M,0.0
USW00013899,"PENSACOLA REGIONAL AP","ESCAMBIA",112,30.48,-87.19,0.0,0.0,0.0,0.0,0.0,0.0,0.0,0.0,0.0,0.0,0.0,0.0,0.0,0.0,0.0,0.0,0.0,0.0,0.0,0.0,0.0,0.0,0.0,0.0,0.0,0.0,0.0,0.0,0.0,0.0,0.0
USC00087205,"PLANT CITY","HILLSBOROUGH",120,28.02,-82.14,M,M,0.0,M,M,M,M,M,0.0,M,M,M,M,M,0.0,M,M,0.0,M,M,M,M,M,0.0,M,M,M,M,M,0.0,M
US1FLHB0001,"PLANT CITY 6.4 NW","HILLSBOROUGH",102,28.07,-82.21,0.0,0.0,0.0,0.0,0.0,0.0,0.0,0.0,0.0,0.0,0.0,0.0,0.0,M,0.0,0.0,0.0,0.0,0.0,0.0,0.0,0.0,0.0,M,0.0,0.0,0.0,0.0,0.0,0.0,0.0
US1FLBW0076,"PLANTATION 3.4 E","BROWARD",8,26.12,-80.21,0.0,0.0,0.0,0.0,0.0,M,M,M,0.0,0.0,0.0,0.0,M,M,0.0,0.0,0.0,0.0,0.0,0.0,0.0,0.0,M,M,M,M,M,0.0,0.0,0.0,0.0
US1FLOS0020,"POINCIANA PLACE 0.5 ENE","OSCEOLA",70,28.16,-81.48,M,M,M,M,M,0.0,M,M,M,M,M,M,M,M,M,M,M,M,M,M,M,M,M,M,M,M,M,M,M,M,M
US1FLOS0001,"POINCIANA PLACE 2.6 NNW","OSCEOLA",89,28.19,-81.50,0.0,0.0,0.0,0.0,0.0,0.0,0.0,0.0,0.0,0.0,M,0.0,0.0,M,M,0.0,0.0,0.0,0.0,0.0,0.0,0.0,0.0,M,0.0,0.0,0.0,0.0,0.0,0.0,0.0
USW00092805,"POMPANO BEACH AIRPARK","BROWARD",21,26.25,-80.11,0.0,0.0,0.0,0.0,0.0,0.0,0.0,0.0,0.0,0.0,0.0,0.0,0.0,0.0,0.0,0.0,0.0,0.0,0.0,0.0,0.0,0.0,0.0,0.0,0.0,0.0,0.0,0.0,0.0,0.0,0.0
US1FLBW0007,"POMPANO BEACH HIGHLANDS 0.7 E","BROWARD",16,26.29,-80.10,M,0.0,M,M,0.0,M,M,0.0,0.0,0.0,0.0,0.0,M,M,0.0,0.0,0.0,0.0,0.0,0.0,0.0,0.0,0.0,M,M,M,M,0.0,0.0,M,0.0
US1FLVL0032,"PONCE INLET 0.5 S","VOLUSIA",14,29.09,-80.93,0.0,0.0,M,0.0,M,0.0,M,0.0,0.0,0.0,0.0,0.0,M,M,0.0,0.0,0.0,0.0,M,M,M,M,M,M,M,M,M,M,M,M,M
US1FLSJ0014,"PONTE VEDRA BEACH 2.1 SSE","ST. JOHNS",11,30.21,-81.38,0.0,0.0,M,0.0,0.0,0.0,M,0.0,0.0,0.0,0.0,0.0,M,M,0.0,0.0,0.0,0.0,0.0,0.0,0.0,0.0,0.0,M,0.0,M,M,0.0,0.0,0.0,M
US1FLCH0015,"PORT CHARLOTTE 3.3 E","CHARLOTTE",10,26.98,-82.06,0.0,0.0,0.0,0.0,0.0,0.0,0.0,0.0,0.0,0.0,0.0,M,0.0,M,0.0,0.0,0.0,0.0,0.0,0.0,M,0.0,0.0,0.0,0.0,0.0,M,0.0,M,0.0,0.0
US1FLVL0044,"PORT ORANGE 2.9 WSW","VOLUSIA",24,29.10,-81.05,0.0,0.0,M,0.0,M,0.0,0.0,M,0.0,0.0,0.0,0.0,M,M,0.0,0.0,0.0,0.0,0.0,0.0,0.0,0.0,M,M,0.0,0.0,0.0,0.0,0.0,0.0,0.0
US1FLVL0037,"PORT ORANGE 3.4 SSW","VOLUSIA",23,29.07,-81.03,0.0,0.0,M,0.0,M,0.0,M,0.0,M,0.0,0.0,0.0,M,M,0.0,0.0,0.0,0.0,0.0,M,0.0,0.0,M,M,M,M,0.0,0.0,0.0,M,0.0
US1FLPS0004,"PORT RICHEY 2.0 NNE","PASCO",13,28.30,-82.71,0.0,0.0,0.0,0.0,M,0.0,0.0,0.0,M,0.0,0.0,0.0,0.0,M,M,0.0,0.0,0.0,0.0,0.0,0.0,0.0,0.0,M,0.0,0.0,0.0,0.0,0.0,0.0,M
US1FLSL0022,"PORT ST. LUCIE 2.4 N","ST. LUCIE",16,27.31,-80.36,0.0,0.0,M,0.0,M,0.0,0.0,0.0,M,M,M,M,M,M,M,0.0,0.0,0.0,0.0,0.0,0.0,0.0,0.0,M,M,0.0,0.0,0.0,0.0,0.0,0.0
US1FLSL0013,"PORT ST. LUCIE 2.4 SSW","ST. LUCIE",36,27.25,-80.37,M,M,M,M,M,M,M,M,M,M,M,0.0,M,M,M,M,M,M,M,M,M,M,0.0,M,M,M,M,M,M,M,M
US1FLSL0019,"PORT ST. LUCIE 4.0 NE","ST. LUCIE",14,27.32,-80.31,M,0.0,M,0.0,M,0.0,0.0,M,M,0.0,0.0,0.0,M,M,0.0,0.0,0.0,0.0,0.0,0.0,0.0,0.0,M,M,M,0.0,0.0,M,0.0,0.0,0.0
US1FLSL0031,"PORT ST. LUCIE 4.4 NNW","ST. LUCIE",19,27.34,-80.38,0.0,0.0,M,0.0,0.0,0.0,0.0,M,0.0,0.0,0.0,0.0,M,M,0.0,0.0,0.0,0.0,0.0,0.0,0.0,0.0,0.0,M,M,0.0,0.0,0.0,0.0,0.0,0.0
US1FLCH0019,"PUNTA GORDA 1.4 NNW","CHARLOTTE",1,26.92,-82.07,0.0,0.0,0.0,0.0,0.0,0.0,0.0,0.0,0.0,0.0,0.0,0.0,0.0,M,M,0.0,0.0,0.0,0.0,0.0,0.0,0.0,0.0,0.0,0.0,0.0,0.0,0.0,0.0,M,M
US1FLCH0017,"PUNTA GORDA 1.6 NNW","CHARLOTTE",1,26.92,-82.07,0.0,0.0,0.0,0.0,0.0,0.0,0.0,0.0,0.0,0.0,0.0,0.0,0.0,M,0.0,0.0,0.0,0.0,0.0,0.0,0.0,0.0,0.0,0.0,0.0,0.0,M,0.0,0.0,0.0,0.0
USC00087397,"PUNTA GORDA 4 ESE","CHARLOTTE",20,26.92,-82.00,M,M,M,M,M,M,M,M,M,M,M,M,0.0,M,M,M,M,M,M,M,M,M,M,M,M,M,M,M,M,M,0.0
USW00012812,"PUNTA GORDA CHARLOTTE COUNTY AP","CHARLOTTE",25,26.92,-81.99,0.0,0.0,0.0,0.0,0.0,0.0,0.0,0.0,0.0,0.0,0.0,0.0,0.0,0.0,0.0,0.0,0.0,0.0,0.0,0.0,0.0,0.0,0.0,0.0,0.0,0.0,0.0,0.0,0.0,0.0,0.0
USC00087429,"QUINCY 3 SSW","GADSDEN",245,30.55,-84.58,0.0,0.0,0.0,M,M,0.0,0.0,M,0.0,0.0,M,M,M,M,M,0.0,0.0,M,M,0.0,0.0,0.0,0.0,0.0,M,M,M,0.0,0.0,0.0,0.0
US1FLGD0003,"QUINCY 6.0 SW","GADSDEN",240,30.53,-84.66,M,M,M,0.0,0.0,0.0,0.0,M,M,M,0.0,0.0,0.0,M,0.0,M,M,M,M,M,0.0,0.0,M,M,0.0,0.0,0.0,0.0,M,M,M
US1FLGD0004,"QUINCY 7.5 SSW","GADSDEN",190,30.48,-84.62,0.0,M,0.0,0.0,0.0,0.0,0.0,M,0.0,0.0,M,0.0,0.0,M,0.0,0.0,0.0,0.0,0.0,0.0,0.0,0.0,0.0,0.0,0.0,0.0,0.0,0.0,M,0.0,M
US1FLHB0114,"RIVERVIEW 0.9 ENE","HILLSBOROUGH",23,27.87,-82.30,0.0,0.0,0.0,0.0,0.0,0.0,0.0,0.0,0.0,0.0,0.0,0.0,0.0,M,0.0,0.0,0.0,0.0,0.0,0.0,0.0,0.0,0.0,0.0,0.0,0.0,0.0,0.0,0.0,0.0,0.0
US1FLHB0097,"RIVERVIEW 4.4 SSW","HILLSBOROUGH",47,27.81,-82.34,M,M,M,M,M,M,M,M,M,M,M,M,M,M,M,M,M,M,M,M,M,M,M,M,M,M,M,M,M,0.0,M
US1FLBV0013,"ROCKLEDGE 1.1 WSW","BREVARD",39,28.31,-80.75,0.0,0.0,0.0,0.0,0.0,0.0,0.0,M,0.0,0.0,0.0,0.0,0.0,M,0.0,0.0,0.0,0.0,0.0,0.0,0.0,0.0,0.0,M,0.0,0.0,0.0,0.0,0.0,0.0,0.0
US1FLBV0047,"ROCKLEDGE 1.3 NE","BREVARD",7,28.33,-80.72,0.0,0.0,0.0,0.0,0.0,0.0,M,M,0.0,0.0,0.0,0.0,0.0,M,0.0,0.0,0.0,0.0,0.0,0.0,0.0,0.0,0.0,M,0.0,0.0,0.0,0.0,0.0,0.0,0.0
US1FLPB0031,"ROYAL PALM BEACH 5.0 W","PALM BEACH",17,26.71,-80.31,0.0,M,0.0,0.0,0.0,0.0,M,M,0.0,M,0.0,0.0,M,M,0.0,0.0,M,M,M,M,M,M,M,M,M,M,M,M,0.0,M,M
US1FLHB0044,"RUSKIN 1.8 ESE","HILLSBOROUGH",56,27.71,-82.40,0.0,0.0,0.0,0.0,M,0.0,0.0,0.0,0.0,0.0,0.0,0.0,0.0,M,0.0,0.0,0.0,0.0,0.0,0.0,0.0,0.0,0.0,M,0.0,0.0,0.0,0.0,0.0,0.0,0.0
US1FLLE0022,"SAINT JAMES CITY 0.4 SSE","LEE",0,26.49,-82.08,0.0,0.0,0.0,0.0,0.0,0.0,0.0,0.0,0.0,0.0,0.0,0.0,0.0,0.0,0.0,0.0,0.0,0.0,0.0,0.0,0.0,0.0,0.0,0.0,0.0,0.0,0.0,0.0,0.0,0.0,0.0
US1FLBK0003,"SANDERSON 4.9 NNW","BAKER",132,30.32,-82.28,0.0,M,M,0.0,0.0,0.0,0.0,0.0,0.0,0.0,0.0,0.0,M,0.0,0.0,M,M,M,M,M,M,M,M,M,M,M,M,M,M,M,M
US1FLSM0018,"SANFORD 1.9 WNW","SEMINOLE",34,28.80,-81.31,0.0,0.0,M,M,M,M,M,M,M,M,M,M,M,M,M,0.0,0.0,0.0,0.0,0.0,0.0,0.0,0.0,M,0.0,0.0,0.0,0.0,0.0,0.0,0.0
US1FLSS0047,"SARASOTA 1.4 E","SARASOTA",29,27.34,-82.52,0.0,0.0,0.0,0.0,0.0,0.0,0.0,0.0,0.0,0.0,M,M,0.0,M,0.0,M,0.0,M,M,0.0,0.0,0.0,0.0,0.0,0.0,0.0,0.0,0.0,0.0,0.0,M
US1FLSS0010,"SARASOTA 5.8 SE","SARASOTA",36,27.26,-82.49,0.0,0.0,0.0,0.0,0.0,0.0,0.0,0.0,0.0,0.0,0.0,0.0,0.0,M,0.0,0.0,0.0,0.0,0.0,0.0,0.0,0.0,M,0.0,0.0,0.0,0.0,0.0,0.0,0.0,0.0
USW00012871,"SARASOTA BRADENTON AP","SARASOTA",28,27.40,-82.56,0.0,0.0,0.0,0.0,0.0,0.0,0.0,0.0,0.0,0.0,0.0,0.0,0.0,0.0,0.0,0.0,0.0,0.0,0.0,0.0,0.0,0.0,0.0,0.0,0.0,0.0,0.0,0.0,0.0,0.0,0.0
US1FLPT0004,"SATSUMA 0.2 WSW","PUTNAM",92,29.55,-81.66,0.0,0.0,M,0.0,0.0,0.0,M,0.0,M,M,M,M,M,M,0.0,0.0,0.0,0.0,0.0,0.0,0.0,0.0,0.0,0.0,0.0,0.0,0.0,0.0,0.0,0.0,0.0
US1FLPT0007,"SATSUMA 4.0 NE","PUTNAM",10,29.59,-81.61,0.0,0.0,M,0.0,0.0,0.0,M,0.0,M,0.0,0.0,0.0,0.0,M,M,0.0,0.0,0.0,0.0,0.0,0.0,0.0,0.0,0.0,0.0,0.0,0.0,0.0,0.0,0.0,M
US1FLIR0004,"SEBASTIAN 1.1 NE","INDIAN RIVER",43,27.80,-80.47,M,M,M,M,M,M,M,M,M,M,M,M,M,M,M,M,M,M,M,M,M,M,M,M,M,M,0.0,0.0,M,M,M
US1FLIR0022,"SEBASTIAN 1.7 SSE","INDIAN RIVER",20,27.76,-80.47,0.0,M,0.0,0.0,M,0.0,M,M,M,0.0,0.0,0.0,M,M,0.0,0.0,0.0,0.0,0.0,0.0,0.0,0.0,0.0,M,0.0,0.0,0.0,0.0,0.0,0.0,0.0
US1FLIR0019,"SEBASTIAN 2.0 SSW","INDIAN RIVER",26,27.76,-80.49,0.0,M,0.0,0.0,M,0.0,0.0,M,0.0,0.0,0.0,0.0,M,M,0.0,0.0,0.0,0.0,0.0,0.0,0.0,0.0,0.0,M,M,0.0,0.0,0.0,0.0,0.0,0.0
US1FLHL0030,"SEBRING 2.8 WNW","HIGHLANDS",158,27.50,-81.50,0.0,M,0.0,0.0,M,0.0,0.0,0.0,M,0.0,0.0,0.0,M,M,0.0,0.0,0.0,0.0,0.0,0.0,0.0,0.0,0.0,0.0,0.0,0.0,0.0,0.0,M,0.0,0.0
US1FLHL0013,"SEBRING 4.7 WNW","HIGHLANDS",184,27.52,-81.53,M,M,0.0,0.0,0.0,0.0,0.0,0.0,0.0,0.0,0.0,0.0,M,M,0.0,0.0,0.0,0.0,0.0,0.0,0.0,0.0,0.0,0.0,0.0,0.0,0.0,0.0,0.0,0.0,0.0
US1FLOK0016,"SHALIMAR 1.0 N","OKALOOSA",56,30.46,-86.58,0.0,M,0.0,0.0,0.0,0.0,0.0,M,0.0,0.0,0.0,M,M,M,0.0,0.0,0.0,0.0,0.0,0.0,0.0,0.0,0.0,0.0,0.0,M,M,0.0,0.0,0.0,M
US1FLMD0030,"SOUTH MIAMI 0.5 N","MIAMI-DADE",4,25.72,-80.30,0.0,0.0,M,0.0,0.0,0.0,0.0,0.0,0.0,0.0,0.0,0.0,M,M,0.0,0.0,0.0,0.0,0.0,0.0,0.0,0.0,0.0,M,M,M,M,M,M,M,M
US1FLMD0042,"SOUTH MIAMI 0.9 SSE","MIAMI-DADE",8,25.70,-80.29,M,M,M,M,M,M,M,M,M,M,M,M,M,M,M,M,M,M,M,M,M,M,M,M,0.0,M,M,M,M,M,M
US1FLMD0059,"SOUTH MIAMI HEIGHTS 6.4 W","MIAMI-DADE",7,25.58,-80.49,M,M,M,M,M,M,M,M,M,M,M,M,M,M,0.0,M,M,M,M,M,M,M,M,M,M,M,M,M,M,0.0,M
US1FLPN0017,"SOUTH PASADENA 0.6 E","PINELLAS",2,27.75,-82.73,0.0,0.0,0.0,0.0,0.0,0.0,0.0,0.0,0.0,0.0,0.0,0.0,0.0,M,M,M,M,M,M,M,M,M,M,M,M,M,M,M,M,M,M
US1FLHN0014,"SPRING HILL 2.4 NW","HERNANDO",16,28.50,-82.60,0.0,0.0,M,0.0,0.0,0.0,0.0,0.0,0.0,0.0,0.0,0.0,0.0,M,0.0,0.0,0.0,0.0,0.0,0.0,0.0,0.0,0.0,M,0.0,0.0,0.0,0.0,0.0,0.0,M
US1FLHN0026,"SPRING HILL 2.4 WSW","HERNANDO",48,28.47,-82.60,0.0,0.0,0.0,0.0,0.0,0.0,0.0,0.0,0.0,0.0,0.0,0.0,0.0,M,M,0.0,0.0,0.0,0.0,0.0,0.0,0.0,0.0,M,0.0,0.0,0.0,0.0,0.0,0.0,M
US1FLHN0007,"SPRING HILL 3.3 SE","HERNANDO",82,28.45,-82.52,0.0,0.0,0.0,0.0,0.0,0.0,0.0,0.0,0.0,0.0,0.0,0.0,0.0,M,0.0,0.0,0.0,0.0,0.0,0.0,0.0,0.0,M,0.0,0.0,0.0,0.0,0.0,0.0,0.0,0.0
USW00092806,"ST PETERSBURG ALBERT WHITTED AP","PINELLAS",8,27.76,-82.63,0.0,0.0,0.0,0.0,0.0,0.0,0.0,0.0,0.0,0.0,0.0,0.0,0.0,0.0,0.0,0.0,0.0,0.0,0.0,0.0,0.0,0.0,0.0,0.0,0.0,0.0,0.0,0.0,0.0,0.0,0.0
USW00012873,"ST PETERSBURG CLEARWATER INTL AP","PINELLAS",11,27.91,-82.69,0.0,0.0,0.0,0.0,0.0,0.0,0.0,0.0,0.0,0.0,0.0,0.0,0.0,0.0,0.0,0.0,0.0,0.0,0.0,0.0,0.0,0.0,0.0,0.0,0.0,0.0,0.0,0.0,0.0,0.0,0.0
US1FLSJ0016,"ST. AUGUSTINE 12.2 WNW","ST. JOHNS",0,29.94,-81.51,0.0,0.0,M,0.0,0.0,0.0,0.0,0.0,0.0,0.0,0.0,0.0,M,M,0.0,0.0,0.0,0.0,0.0,0.0,0.0,0.0,0.0,M,0.0,0.0,0.0,0.0,0.0,0.0,0.0
US1FLSJ0020,"ST. AUGUSTINE 3.1 SSE","ST. JOHNS",10,29.85,-81.29,0.0,0.0,M,0.0,M,0.0,0.0,0.0,M,M,0.0,M,M,M,0.0,0.0,0.0,0.0,M,0.0,0.0,0.0,M,0.0,0.0,0.0,0.0,0.0,0.0,0.0,0.0
US1FLSJ0004,"ST. AUGUSTINE SOUTH 2.1 SSW","ST. JOHNS",52,29.81,-81.33,0.0,0.0,M,0.0,M,0.0,0.0,0.0,0.0,0.0,0.0,0.0,M,M,0.0,0.0,0.0,0.0,0.0,0.0,0.0,0.0,M,0.0,0.0,0.0,0.0,0.0,0.0,0.0,0.0
US1FLPN0009,"ST. PETERSBURG 2.3 SSE","PINELLAS",23,27.73,-82.63,0.0,0.0,0.0,0.0,0.0,0.0,0.0,0.0,0.0,0.0,0.0,0.0,0.0,M,0.0,0.0,0.0,0.0,0.0,0.0,0.0,0.0,0.0,0.0,0.0,0.0,0.0,0.0,0.0,0.0,M
US1FLPN0013,"ST. PETERSBURG 2.3 SSW","PINELLAS",36,27.73,-82.66,0.0,0.0,0.0,0.0,0.0,0.0,0.0,0.0,0.0,0.0,0.0,0.0,0.0,M,0.0,0.0,0.0,0.0,0.0,0.0,0.0,0.0,0.0,0.0,0.0,0.0,0.0,0.0,0.0,0.0,M
US1FLPN0058,"ST. PETERSBURG 2.4 N","PINELLAS",31,27.79,-82.64,0.0,M,M,M,0.0,M,M,M,M,M,0.0,M,0.0,M,M,M,0.0,0.0,M,0.0,M,M,0.0,M,M,M,M,M,M,M,M
US1FLPN0033,"ST. PETERSBURG 2.4 NW","PINELLAS",41,27.78,-82.67,0.0,0.0,0.0,0.0,0.0,M,0.0,0.0,M,0.0,0.0,0.0,0.0,M,0.0,0.0,0.0,0.0,0.0,0.0,0.0,0.0,0.0,0.0,0.0,0.0,0.0,0.0,0.0,0.0,M
US1FLPN0034,"ST. PETERSBURG 3.2 NNW","PINELLAS",50,27.80,-82.65,0.0,0.0,0.0,0.0,0.0,0.0,0.0,0.0,0.0,0.0,0.0,0.0,0.0,M,0.0,0.0,0.0,0.0,0.0,0.0,0.0,0.0,0.0,0.0,0.0,0.0,0.0,0.0,0.0,0.0,M
US1FLPN0055,"ST. PETERSBURG 4.0 N","PINELLAS",15,27.82,-82.64,0.0,0.0,0.0,0.0,0.0,0.0,0.0,0.0,0.0,M,M,0.0,0.0,M,0.0,0.0,0.0,0.0,0.0,0.0,0.0,0.0,0.0,0.0,0.0,0.0,0.0,M,M,0.0,0.0
US1FLPN0060,"ST. PETERSBURG 4.5 NW","PINELLAS",51,27.80,-82.70,0.0,0.0,0.0,0.0,0.0,0.0,0.0,0.0,0.0,0.0,0.0,0.0,0.0,M,0.0,0.0,0.0,0.0,0.0,0.0,0.0,0.0,0.0,0.0,0.0,0.0,0.0,0.0,0.0,0.0,M
US1FLMT0018,"STUART 1.0 ESE","MARTIN",13,27.19,-80.23,M,0.0,0.0,0.0,M,M,M,M,M,M,M,M,M,M,M,M,M,M,M,M,M,M,M,M,M,M,M,M,M,M,M
US1FLMT0007,"STUART 3.7 SW","MARTIN",14,27.13,-80.21,M,0.0,M,0.0,0.0,M,0.0,M,M,0.0,0.0,0.0,M,M,0.0,0.0,0.0,0.0,0.0,0.0,0.0,0.0,0.0,M,M,0.0,0.0,0.0,0.0,0.0,0.0
US1FLMR0032,"SUMMERFIELD 3.0 NE","MARION",93,29.04,-82.00,0.0,0.0,M,0.0,0.0,0.0,0.0,0.0,0.0,0.0,0.0,0.0,M,M,0.0,0.0,0.0,0.0,0.0,0.0,0.0,0.0,0.0,M,0.0,0.0,0.0,0.0,0.0,0.0,0.0
US1FLHB0107,"SUN CITY CENTER 0.9 SSE","HILLSBOROUGH",62,27.71,-82.35,0.0,0.0,0.0,0.0,0.0,0.0,0.0,0.0,0.0,0.0,0.0,0.0,0.0,M,0.0,0.0,0.0,0.0,0.0,0.0,0.0,0.0,0.0,M,0.0,0.0,0.0,0.0,0.0,0.0,M
US1FLHB0017,"SUN CITY CENTER 1.0 NE","HILLSBOROUGH",69,27.73,-82.34,0.0,0.0,0.0,0.0,0.0,0.0,0.0,0.0,0.0,0.0,0.0,0.0,0.0,M,0.0,0.0,0.0,0.0,0.0,0.0,0.0,0.0,0.0,M,0.0,0.0,0.0,0.0,0.0,0.0,M
US1FLPB0007,"SUN VALLEY 0.8 SW","PALM BEACH",19,26.52,-80.14,M,0.0,0.0,0.0,0.0,0.0,0.0,M,0.0,0.0,0.0,0.0,M,M,0.0,0.0,0.0,0.0,0.0,0.0,0.0,0.0,0.0,M,0.0,M,0.0,0.0,0.0,0.0,0.0
US1FLWS0003,"SUNNY HILLS 3.3 N","WASHINGTON",271,30.59,-85.58,M,M,M,M,M,M,M,M,M,M,0.0,0.0,M,M,M,M,M,M,0.0,M,M,M,0.0,M,0.0,M,M,0.0,M,0.0,M
US1FLBW0102,"SUNRISE 0.6 NE","BROWARD",8,26.16,-80.29,0.0,M,M,M,0.0,M,M,0.0,M,M,M,M,M,M,M,M,M,M,M,M,M,M,M,M,M,M,M,0.0,M,M,M
US1FLMD0036,"SUNSET 1.1 NE","MIAMI-DADE",8,25.72,-80.34,M,M,M,M,M,M,M,M,M,M,M,0.0,M,M,M,M,M,M,M,0.0,0.0,0.0,0.0,M,M,M,M,M,M,M,0.0
US1FLMD0007,"SUNSET 2.4 SW","MIAMI-DADE",36,25.68,-80.38,0.0,0.0,M,0.0,0.0,0.0,M,0.0,0.0,0.0,M,M,M,M,M,M,M,0.0,0.0,0.0,0.0,0.0,0.0,M,M,M,M,M,M,M,M
US1FLHL0012,"SYLVAN SHORES 8.5 NE","HIGHLANDS",85,27.41,-81.25,0.0,0.0,0.0,0.0,0.0,0.0,0.0,0.0,0.0,0.0,0.0,0.0,0.0,M,0.0,0.0,0.0,0.0,0.0,0.0,0.0,0.0,0.0,0.0,0.0,0.0,0.0,0.0,0.0,0.0,0.0
US1FLLN0023,"TALLAHASSEE 0.6 SE","LEON",167,30.45,-84.28,M,M,M,M,0.0,M,M,M,M,M,M,M,M,M,M,M,M,M,M,0.0,M,M,M,M,M,M,M,M,M,M,M
US1FLLN0010,"TALLAHASSEE 1.3 SW","LEON",171,30.45,-84.30,0.0,M,0.0,0.0,0.0,0.0,0.0,M,0.0,0.0,M,0.0,0.0,M,0.0,0.0,0.0,0.0,0.0,0.0,0.0,0.0,0.0,0.0,0.0,0.0,0.0,0.0,0.0,0.0,0.0
US1FLLN0041,"TALLAHASSEE 10.8 N","LEON",161,30.61,-84.26,0.0,M,0.0,0.0,0.0,0.0,0.0,0.0,0.0,0.0,0.0,0.0,0.0,M,0.0,0.0,0.0,0.0,0.0,0.0,0.0,0.0,0.0,0.0,0.0,0.0,M,M,M,M,M
US1FLLN0005,"TALLAHASSEE 10.8 SE","LEON",62,30.37,-84.13,0.0,M,0.0,0.0,0.0,0.0,0.0,M,0.0,M,0.0,0.0,0.0,M,M,M,M,M,M,M,M,M,M,M,M,M,M,M,0.0,0.0,M
US1FLLN0031,"TALLAHASSEE 14.2 NE","LEON",144,30.60,-84.11,0.0,M,0.0,0.0,0.0,0.0,0.0,0.0,0.0,0.0,0.0,0.0,0.0,M,0.0,0.0,0.0,0.0,0.0,0.0,0.0,0.0,0.0,0.0,0.0,0.0,0.0,0.0,0.0,0.0,M
US1FLLN0028,"TALLAHASSEE 3.3 SSE","LEON",79,30.41,-84.26,0.0,M,0.0,M,M,0.0,0.0,M,0.0,0.0,0.0,0.0,0.0,M,0.0,0.0,0.0,M,M,0.0,0.0,0.0,0.0,0.0,0.0,M,0.0,0.0,0.0,0.0,0.0
US1FLLN0025,"TALLAHASSEE 3.5 N","LEON",98,30.51,-84.28,0.0,M,0.0,0.0,0.0,0.0,0.0,M,0.0,0.0,0.0,0.0,0.0,M,0.0,0.0,0.0,0.0,0.0,0.0,0.0,0.0,0.0,0.0,0.0,M,0.0,0.0,0.0,0.0,M
US1FLLN0043,"TALLAHASSEE 4.2 N","LEON",114,30.52,-84.28,M,M,M,M,M,M,M,0.0,M,M,M,M,M,M,M,M,M,M,M,M,M,M,M,M,M,M,M,M,M,M,M
US1FLLN0051,"TALLAHASSEE 5.1 NE","LEON",161,30.51,-84.22,M,M,0.0,M,M,M,0.0,M,M,M,M,M,M,M,M,M,M,M,M,M,M,0.0,0.0,0.0,M,M,M,M,M,M,M
US1FLLN0047,"TALLAHASSEE 5.2 E","LEON",104,30.44,-84.19,M,M,0.0,0.0,0.0,0.0,0.0,M,0.0,0.0,0.0,0.0,0.0,0.0,0.0,0.0,0.0,0.0,0.0,0.0,0.0,0.0,0.0,0.0,0.0,0.0,0.0,0.0,0.0,0.0,0.0
US1FLLN0055,"TALLAHASSEE 5.5 ENE","LEON",119,30.48,-84.19,0.0,M,0.0,0.0,0.0,0.0,0.0,M,0.0,0.0,0.0,0.0,0.0,M,0.0,0.0,0.0,0.0,0.0,0.0,0.0,0.0,0.0,0.0,0.0,0.0,0.0,0.0,0.0,0.0,M
US1FLLN0004,"TALLAHASSEE 5.7 SE","LEON",98,30.39,-84.22,0.0,M,0.0,0.0,0.0,0.0,0.0,M,0.0,0.0,M,0.0,0.0,M,0.0,0.0,0.0,0.0,0.0,0.0,0.0,0.0,0.0,0.0,0.0,0.0,0.0,0.0,0.0,0.0,M
USC00088756,"TALLAHASSEE AIRPORT","LEON",55,30.40,-84.36,M,0.0,0.0,0.0,0.0,M,M,0.0,0.0,0.0,0.0,0.0,M,M,M,M,M,M,M,M,M,0.0,0.0,0.0,0.0,0.0,M,M,0.0,0.0,0.0
USW00093805,"TALLAHASSEE REGIONAL AP","LEON",55,30.39,-84.35,0.0,0.0,0.0,0.0,0.0,0.0,0.0,0.0,0.0,0.0,0.0,0.0,0.0,0.0,0.0,0.0,0.0,0.0,0.0,0.0,0.0,0.0,0.0,0.0,0.0,0.0,0.0,0.0,0.0,0.0,0.0
US1FLBW0059,"TAMARAC 1.7 NNW","BROWARD",11,26.23,-80.26,0.0,M,M,0.0,0.0,0.0,M,0.0,0.0,0.0,0.0,M,0.0,M,0.0,M,0.0,M,M,M,M,M,M,M,M,M,M,M,0.0,0.0,0.0
US1FLHB0036,"TAMPA 4.4 SSW","HILLSBOROUGH",39,27.90,-82.52,M,M,M,M,M,M,0.0,M,M,M,M,M,M,M,M,M,M,M,M,M,M,M,M,M,M,M,M,M,M,M,M
US1FLHB0112,"TAMPA 4.8 SW","HILLSBOROUGH",10,27.89,-82.49,0.0,0.0,0.0,0.0,0.0,0.0,0.0,0.0,0.0,0.0,0.0,0.0,0.0,M,0.0,0.0,0.0,0.0,0.0,0.0,0.0,0.0,0.0,0.0,0.0,0.0,0.0,0.0,0.0,0.0,M
US1FLHB0055,"TAMPA 5.0 NNE","HILLSBOROUGH",52,28.01,-82.42,0.0,0.0,0.0,0.0,0.0,0.0,0.0,0.0,0.0,0.0,0.0,0.0,0.0,M,0.0,0.0,0.0,0.0,0.0,0.0,0.0,0.0,0.0,0.0,0.0,0.0,0.0,0.0,0.0,0.0,0.0
US1FLHB0010,"TAMPA 5.1 S","HILLSBOROUGH",7,27.89,-82.49,0.0,0.0,0.0,0.0,0.0,0.0,0.0,0.0,0.0,0.0,0.0,0.0,0.0,M,0.0,0.0,0.0,0.0,0.0,0.0,0.0,0.0,0.0,0.0,0.0,0.0,0.0,0.0,0.0,0.0,0.0
US1FLHB0115,"TAMPA 6.1 WNW","HILLSBOROUGH",7,28.00,-82.57,M,M,M,M,M,M,M,M,M,M,M,M,M,M,M,M,0.0,0.0,0.0,0.0,0.0,0.0,0.0,0.0,0.0,0.0,0.0,M,M,M,M
US1FLHB0029,"TAMPA 6.5 NNE","HILLSBOROUGH",89,28.03,-82.41,0.0,0.0,0.0,0.0,0.0,0.0,0.0,0.0,M,0.0,0.0,0.0,0.0,M,0.0,0.0,0.0,0.0,0.0,0.0,0.0,0.0,0.0,0.0,0.0,0.0,0.0,0.0,0.0,0.0,M
USW00012842,"TAMPA INTL AP","HILLSBOROUGH",19,27.96,-82.54,0.0,0.0,0.0,0.0,0.0,0.0,0.0,0.0,0.0,0.0,0.0,0.0,0.0,0.0,0.0,0.0,0.0,0.0,0.0,0.0,0.0,0.0,0.0,0.0,0.0,0.0,0.0,0.0,0.0,0.0,0.0
US1FLPN0057,"TARPON SPRINGS 2.6 E","PINELLAS",0,28.14,-82.74,M,M,M,M,M,M,M,M,M,M,M,M,M,M,M,M,M,M,M,M,M,M,M,M,M,M,M,0.0,0.0,0.0,0.0
US1FLHB0093,"TEMPLE TERRACE 1.5 SE","HILLSBOROUGH",40,28.03,-82.37,0.0,0.0,0.0,0.0,0.0,0.0,0.0,0.0,0.0,0.0,0.0,0.0,0.0,M,0.0,0.0,0.0,0.0,0.0,0.0,0.0,0.0,0.0,0.0,0.0,0.0,0.0,0.0,0.0,0.0,M
US1FLST0013,"THE VILLAGES 2.7 NNW","SUMTER",93,28.90,-81.97,0.0,0.0,M,0.0,0.0,0.0,0.0,0.0,0.0,0.0,0.0,0.0,0.0,M,0.0,0.0,0.0,0.0,0.0,0.0,0.0,0.0,0.0,M,0.0,0.0,0.0,0.0,0.0,0.0,0.0
US1FLST0026,"THE VILLAGES 2.8 ESE","SUMTER",73,28.90,-81.97,0.0,0.0,0.0,0.0,0.0,0.0,0.0,0.0,0.0,0.0,0.0,0.0,0.0,M,0.0,0.0,0.0,0.0,0.0,0.0,0.0,0.0,0.0,0.0,0.0,0.0,0.0,0.0,0.0,0.0,0.0
US1FLST0014,"THE VILLAGES 3.3 SSE","SUMTER",69,28.89,-81.97,M,M,M,M,M,M,M,M,M,M,M,M,M,M,M,M,M,M,M,0.0,M,M,0.0,M,M,M,M,M,M,M,M
US1FLST0008,"THE VILLAGES 3.5 WSW","SUMTER",95,28.93,-82.01,M,M,M,M,M,M,0.0,0.0,0.0,0.0,M,M,M,0.0,M,M,M,M,0.0,0.0,0.0,0.0,0.0,0.0,0.0,0.0,0.0,0.0,0.0,0.0,0.0
US1FLST0012,"THE VILLAGES 4.8 SSW","SUMTER",77,28.87,-81.98,0.0,0.0,M,0.0,0.0,0.0,0.0,0.0,0.0,0.0,0.0,0.0,0.0,M,0.0,0.0,0.0,0.0,0.0,0.0,0.0,0.0,0.0,0.0,0.0,0.0,0.0,0.0,0.0,0.0,0.0
US1FLBV0038,"TITUSVILLE 3.5 NW","BREVARD",40,28.63,-80.86,M,M,M,M,M,M,M,M,M,M,M,M,M,M,M,M,M,M,M,M,M,M,M,M,M,M,M,M,M,0.0,0.0
US1FLSL0017,"TRADITION 5.6 W","ST. LUCIE",23,27.27,-80.45,M,0.0,0.0,0.0,0.0,0.0,0.0,M,M,0.0,0.0,0.0,0.0,M,0.0,0.0,0.0,0.0,0.0,0.0,0.0,0.0,M,M,M,0.0,0.0,0.0,0.0,0.0,0.0
US1FLGC0008,"TRENTON 4.0 NW","GILCHRIST",49,29.66,-82.86,0.0,M,M,0.0,0.0,0.0,0.0,0.0,0.0,0.0,M,0.0,M,M,0.0,0.0,0.0,0.0,0.0,M,M,M,M,0.0,0.0,0.0,0.0,M,0.0,0.0,M
US1FLOR0019,"UNION PARK 1.1 E","ORANGE",65,28.56,-81.22,0.0,0.0,0.0,0.0,0.0,0.0,0.0,0.0,0.0,0.0,0.0,0.0,M,M,0.0,0.0,0.0,0.0,0.0,0.0,0.0,M,M,M,M,M,M,M,M,M,M
US1FLOR0001,"UNION PARK 2.9 SSE","ORANGE",85,28.52,-81.23,0.0,0.0,M,0.0,M,0.0,0.0,M,M,0.0,M,0.0,M,M,0.0,0.0,0.0,0.0,0.0,0.0,0.0,0.0,M,M,M,0.0,0.0,0.0,0.0,0.0,0.0
US1FLOR0031,"UNION PARK 3.8 ESE","ORANGE",63,28.54,-81.18,0.0,0.0,M,0.0,M,M,0.0,0.0,0.0,M,0.0,M,M,M,M,M,M,M,0.0,M,M,0.0,M,M,0.0,M,M,M,M,M,M
US1FLHB0040,"UNIVERSITY WEST 2.0 WNW","HILLSBOROUGH",85,28.08,-82.46,0.0,0.0,0.0,0.0,0.0,0.0,0.0,0.0,0.0,0.0,0.0,0.0,0.0,M,0.0,0.0,0.0,0.0,M,0.0,0.0,0.0,0.0,M,0.0,M,0.0,0.0,0.0,0.0,M
USC00089120,"USHER TOWER","LEVY",33,29.41,-82.82,M,M,0.0,M,M,M,M,M,M,M,M,M,M,M,M,M,M,M,M,M,M,M,M,M,M,M,M,M,M,M,M
US1FLHB0003,"VALRICO 1.1 SE","HILLSBOROUGH",53,27.93,-82.23,0.0,0.0,0.0,0.0,0.0,0.0,M,0.0,0.0,0.0,0.0,0.0,0.0,M,0.0,0.0,0.0,0.0,0.0,0.0,0.0,0.0,0.0,0.0,0.0,0.0,0.0,0.0,0.0,0.0,0.0
US1FLHB0004,"VALRICO 2.2 SE","HILLSBOROUGH",108,27.91,-82.23,0.0,0.0,0.0,0.0,0.0,0.0,0.0,0.0,0.0,0.0,0.0,0.0,0.0,0.0,0.0,0.0,0.0,0.0,0.0,0.0,0.0,0.0,0.0,0.0,0.0,0.0,0.0,0.0,0.0,0.0,0.0
US1FLHB0060,"VALRICO 2.8 SSE","HILLSBOROUGH",76,27.91,-82.24,M,M,M,0.0,M,M,M,M,M,M,M,M,M,M,M,M,M,M,M,M,M,M,M,M,M,M,M,M,M,M,M
US1FLSS0040,"VENICE 4.8 SSE","SARASOTA",8,27.03,-82.41,0.0,0.0,0.0,0.0,0.0,0.0,0.0,0.0,0.0,0.0,0.0,0.0,0.0,M,M,0.0,0.0,0.0,0.0,0.0,0.0,0.0,M,0.0,0.0,0.0,0.0,0.0,0.0,0.0,M
US1FLWS0001,"VERNON 10.6 WSW","WASHINGTON",66,30.57,-85.87,0.0,M,0.0,0.0,0.0,0.0,M,M,0.0,0.0,0.0,M,M,M,0.0,0.0,0.0,0.0,0.0,0.0,0.0,0.0,0.0,0.0,0.0,M,M,0.0,0.0,0.0,M
US1FLIR0015,"VERO BEACH 1.5 WSW","INDIAN RIVER",39,27.64,-80.42,0.0,M,0.0,0.0,0.0,0.0,0.0,M,M,0.0,0.0,0.0,M,0.0,0.0,0.0,0.0,0.0,0.0,0.0,0.0,0.0,0.0,M,0.0,0.0,0.0,0.0,0.0,0.0,0.0
US1FLIR0006,"VERO BEACH 2.4 W","INDIAN RIVER",20,27.64,-80.43,M,M,0.0,0.0,M,0.0,0.0,M,M,M,0.0,0.0,M,M,0.0,0.0,0.0,0.0,0.0,0.0,0.0,0.0,0.0,M,M,0.0,0.0,0.0,0.0,0.0,0.0
US1FLIR0027,"VERO BEACH 2.5 S","INDIAN RIVER",21,27.61,-80.39,0.0,0.0,0.0,0.0,0.0,0.0,M,M,M,M,0.0,0.0,0.0,M,0.0,0.0,0.0,0.0,0.0,0.0,0.0,0.0,0.0,M,M,0.0,0.0,0.0,0.0,0.0,0.0
US1FLIR0024,"VERO BEACH 3.4 W","INDIAN RIVER",19,27.64,-80.45,M,M,M,M,M,M,M,M,M,M,M,M,M,M,M,M,M,M,0.0,0.0,0.0,0.0,M,M,M,0.0,0.0,M,0.0,0.0,0.0
US1FLIR0026,"VERO BEACH 3.5 SSW","INDIAN RIVER",19,27.60,-80.42,M,0.0,0.0,0.0,0.0,M,M,M,M,0.0,0.0,0.0,M,M,0.0,0.0,0.0,0.0,0.0,0.0,0.0,0.0,0.0,M,M,0.0,0.0,0.0,0.0,0.0,0.0
US1FLIR0036,"VERO BEACH 5.3 W","INDIAN RIVER",18,27.64,-80.48,0.0,M,0.0,0.0,M,0.0,0.0,M,0.0,0.0,0.0,0.0,M,M,0.0,0.0,0.0,0.0,0.0,0.0,0.0,0.0,0.0,M,0.0,0.0,0.0,0.0,0.0,0.0,0.0
US1FLIR0029,"VERO BEACH 6.0 SSE","INDIAN RIVER",19,27.56,-80.39,0.0,0.0,0.0,0.0,0.0,M,0.0,M,0.0,0.0,0.0,0.0,M,M,M,0.0,0.0,0.0,0.0,0.0,0.0,0.0,0.0,M,M,0.0,0.0,0.0,0.0,0.0,M
USW00012843,"VERO BEACH INTL AP","INDIAN RIVER",28,27.65,-80.42,0.0,0.0,0.0,0.0,0.0,0.0,0.0,0.0,0.0,0.0,0.0,0.0,0.0,0.0,0.0,0.0,0.0,0.0,0.0,0.0,0.0,0.0,0.0,0.0,0.0,0.0,0.0,0.0,0.0,0.0,0.0
US1FLIR0031,"VERO BEACH SOUTH 3.4 SSW","INDIAN RIVER",36,27.57,-80.44,0.0,M,0.0,0.0,0.0,0.0,M,M,M,0.0,0.0,0.0,M,M,0.0,0.0,0.0,0.0,0.0,0.0,0.0,0.0,0.0,M,M,0.0,0.0,0.0,0.0,0.0,0.0
US1FLJF0003,"WACISSA 1.1 SW","JEFFERSON",33,30.34,-84.00,0.0,M,0.0,0.0,0.0,0.0,0.0,0.0,0.0,0.0,0.0,0.0,0.0,M,M,0.0,0.0,0.0,0.0,0.0,0.0,0.0,0.0,0.0,0.0,0.0,0.0,0.0,0.0,0.0,M
US1FLHN0024,"WEEKI WACHEE 7.1 NNE","HERNANDO",38,28.61,-82.54,0.0,M,0.0,M,0.0,0.0,0.0,0.0,0.0,0.0,0.0,0.0,0.0,M,0.0,0.0,0.0,0.0,0.0,0.0,0.0,0.0,0.0,M,0.0,0.0,0.0,0.0,0.0,0.0,0.0
US1FLPB0037,"WELLINGTON 0.7 SE","PALM BEACH",15,26.65,-80.25,0.0,M,M,M,M,M,M,M,M,M,M,M,M,M,M,M,M,M,M,M,M,M,M,M,M,M,M,M,M,M,M
US1FLPB0069,"WEST PALM BEACH 6.0 WNW","PALM BEACH",31,26.78,-80.22,0.0,M,M,0.0,0.0,0.0,0.0,M,0.0,0.0,0.0,0.0,M,M,0.0,0.0,0.0,0.0,0.0,0.0,0.0,0.0,0.0,M,0.0,M,0.0,0.0,0.0,0.0,0.0
USW00012844,"WEST PALM BEACH INTL AP","PALM BEACH",19,26.68,-80.10,0.0,0.0,0.0,0.0,0.0,0.0,0.0,0.0,0.0,0.0,0.0,0.0,0.0,0.0,0.0,0.0,0.0,0.0,0.0,0.0,0.0,0.0,0.0,0.0,0.0,0.0,0.0,0.0,0.0,0.0,0.0
US1FLBW0099,"WESTON 2.8 SE","BROWARD",0,26.07,-80.37,M,M,M,M,M,M,M,M,M,M,M,M,M,M,M,M,M,M,M,M,M,M,M,M,0.0,M,M,0.0,M,M,0.0
US1FLCB0010,"WHITE SPRINGS 1.0 SSE","COLUMBIA",100,30.32,-82.75,0.0,M,M,0.0,0.0,0.0,0.0,0.0,0.0,0.0,0.0,0.0,M,M,0.0,0.0,0.0,0.0,0.0,M,0.0,0.0,0.0,0.0,0.0,0.0,0.0,M,0.0,0.0,0.0
USW00012876,"WINTER HAVEN GILBERT AP","POLK",146,28.06,-81.75,0.0,0.0,0.0,0.0,0.0,0.0,0.0,0.0,0.0,0.0,0.0,0.0,0.0,0.0,0.0,0.0,0.0,0.0,0.0,0.0,0.0,0.0,0.0,0.0,0.0,0.0,0.0,0.0,0.0,0.0,0.0
US1FLPS0008,"ZEPHYRHILLS 0.9 ENE","PASCO",105,28.24,-82.16,0.0,0.0,0.0,0.0,0.0,0.0,0.0,0.0,0.0,M,0.0,0.0,M,M,0.0,0.0,0.0,0.0,0.0,0.0,0.0,0.0,0.0,0.0,0.0,0.0,0.0,0.0,0.0,0.0,0.0
US1FLPS0007,"ZEPHYRHILLS 2.6 NNW","PASCO",155,28.27,-82.19,0.0,0.0,0.0,0.0,0.0,0.0,0.0,0.0,M,0.0,0.0,0.0,M,M,0.0,0.0,0.0,0.0,0.0,0.0,0.0,0.0,0.0,M,0.0,0.0,0.0,0.0,0.0,0.0,M
