South Carolina Snowfall, October 2017
"GHCN ID","Station Name",County,Elevation,Latitude,Longitude,"Oct 1","Oct 2","Oct 3","Oct 4","Oct 5","Oct 6","Oct 7","Oct 8","Oct 9","Oct 10","Oct 11","Oct 12","Oct 13","Oct 14","Oct 15","Oct 16","Oct 17","Oct 18","Oct 19","Oct 20","Oct 21","Oct 22","Oct 23","Oct 24","Oct 25","Oct 26","Oct 27","Oct 28","Oct 29","Oct 30","Oct 31"
US1SCAB0009,"ABBEVILLE 1.2 NW","ABBEVILLE",625,34.19,-82.39,0.0,0.0,0.0,0.0,0.0,0.0,0.0,0.0,M,M,M,0.0,0.0,0.0,0.0,M,0.0,0.0,0.0,0.0,0.0,0.0,M,M,0.0,0.0,0.0,0.0,M,0.0,0.0
US1SCAK0023,"AIKEN 1.0 SSW","AIKEN",430,33.53,-81.74,0.0,0.0,0.0,M,0.0,0.0,0.0,M,M,M,0.0,M,0.0,0.0,M,0.0,M,0.0,0.0,0.0,0.0,0.0,M,M,0.0,0.0,M,0.0,0.0,0.0,0.0
US1SCAK0074,"AIKEN 1.1 N","AIKEN",431,33.56,-81.73,M,M,0.0,0.0,M,M,M,M,M,M,M,M,M,M,M,M,M,M,M,M,M,M,M,M,M,M,M,M,M,M,M
US1SCAK0020,"AIKEN 1.1 S","AIKEN",483,33.52,-81.73,0.0,0.0,0.0,0.0,M,M,0.0,M,M,M,0.0,0.0,M,0.0,M,M,M,0.0,0.0,0.0,M,0.0,M,M,0.0,M,0.0,M,0.0,0.0,0.0
US1SCAK0032,"AIKEN 1.6 NNW","AIKEN",469,33.56,-81.74,M,M,M,M,M,M,0.0,M,M,0.0,M,M,0.0,0.0,0.0,0.0,M,0.0,0.0,0.0,0.0,0.0,M,M,0.0,0.0,0.0,0.0,0.0,0.0,0.0
US1SCAK0026,"AIKEN 2.3 S","AIKEN",499,33.51,-81.73,0.0,0.0,0.0,0.0,0.0,0.0,M,0.0,M,M,0.0,0.0,0.0,0.0,0.0,0.0,M,0.0,0.0,0.0,0.0,0.0,M,0.0,0.0,0.0,0.0,0.0,M,0.0,0.0
US1SCAK0041,"AIKEN 2.5 S","AIKEN",474,33.50,-81.73,0.0,0.0,0.0,0.0,0.0,0.0,0.0,0.0,M,M,0.0,M,0.0,0.0,0.0,0.0,M,0.0,0.0,M,0.0,0.0,M,M,0.0,0.0,0.0,0.0,0.0,0.0,0.0
US1SCAK0031,"AIKEN 3.5 SSE","AIKEN",435,33.49,-81.71,0.0,0.0,0.0,M,M,M,M,M,M,M,0.0,M,0.0,0.0,0.0,0.0,M,0.0,0.0,0.0,0.0,0.0,M,M,0.0,0.0,M,0.0,0.0,0.0,0.0
US1SCAK0053,"AIKEN 3.9 S","AIKEN",422,33.48,-81.73,0.0,0.0,0.0,0.0,0.0,0.0,0.0,M,M,M,M,M,0.0,0.0,0.0,0.0,M,M,0.0,0.0,0.0,0.0,M,M,0.0,M,M,0.0,M,M,0.0
US1SCAK0047,"AIKEN 4.3 SSW","AIKEN",390,33.48,-81.74,0.0,0.0,0.0,0.0,M,M,M,M,M,M,M,M,M,M,0.0,0.0,M,0.0,0.0,0.0,M,M,M,M,M,M,M,M,M,0.0,0.0
US1SCAK0014,"AIKEN 7.8 SSE","AIKEN",336,33.44,-81.66,0.0,0.0,0.0,0.0,0.0,0.0,0.0,M,M,0.0,0.0,0.0,0.0,M,0.0,0.0,M,0.0,0.0,0.0,0.0,0.0,M,M,0.0,0.0,0.0,M,M,0.0,0.0
US1SCAK0016,"AIKEN 8.1 SSE","AIKEN",372,33.44,-81.66,M,M,0.0,0.0,0.0,0.0,0.0,M,M,0.0,0.0,0.0,0.0,0.0,0.0,0.0,M,0.0,0.0,0.0,0.0,0.0,M,M,0.0,0.0,0.0,0.0,M,0.0,0.0
US1SCAK0033,"AIKEN 8.3 E","AIKEN",331,33.56,-81.59,0.0,0.0,0.0,M,M,M,0.0,M,M,M,0.0,M,0.0,0.0,M,0.0,M,0.0,0.0,0.0,0.0,0.0,M,M,M,0.0,M,0.0,M,0.0,0.0
US1SCAK0051,"AIKEN 8.6 SE","AIKEN",298,33.44,-81.64,0.0,0.0,0.0,M,M,M,M,M,M,M,M,M,M,M,M,M,M,M,M,M,M,M,M,M,0.0,0.0,0.0,0.0,M,0.0,0.0
USC00380165,"ANDERSON","ANDERSON",800,34.53,-82.66,0.0,0.0,0.0,0.0,0.0,0.0,0.0,0.0,0.0,0.0,0.0,0.0,0.0,0.0,0.0,0.0,0.0,0.0,0.0,0.0,0.0,0.0,0.0,0.0,0.0,0.0,0.0,0.0,0.0,0.0,0.0
US1SCAN0038,"ANDERSON 10.4 WNW","ANDERSON",766,34.55,-82.82,0.0,0.0,0.0,0.0,0.0,0.0,0.0,M,M,M,M,0.0,0.0,0.0,0.0,M,0.0,0.0,0.0,0.0,0.0,0.0,M,M,0.0,0.0,0.0,0.0,M,0.0,0.0
US1SCAN0021,"ANDERSON 10.5 SE","ANDERSON",618,34.38,-82.56,0.0,M,M,M,M,M,M,M,M,M,M,M,M,M,0.0,M,M,M,M,M,M,M,M,M,M,M,M,M,M,M,M
US1SCAN0023,"ANDERSON 3.7 NW","ANDERSON",725,34.56,-82.68,0.0,0.0,0.0,0.0,0.0,0.0,0.0,M,M,M,M,0.0,0.0,0.0,0.0,M,0.0,0.0,0.0,0.0,0.0,0.0,M,M,0.0,0.0,0.0,0.0,M,0.0,0.0
US1SCAN0033,"ANDERSON 4.8 N","ANDERSON",721,34.59,-82.66,M,M,M,M,M,M,M,M,M,M,M,0.0,M,M,M,M,0.0,M,M,M,0.0,0.0,M,M,0.0,M,M,M,M,M,M
USW00093846,"ANDERSON FAA AIRPORT","ANDERSON",760,34.50,-82.71,M,M,M,0.0,0.0,M,0.0,M,M,M,M,M,M,M,M,M,M,M,M,M,M,M,M,M,M,M,M,M,M,M,M
USC00380204,"ANTREVILLE","ABBEVILLE",695,34.29,-82.53,0.0,0.0,0.0,0.0,0.0,0.0,0.0,0.0,0.0,0.0,0.0,0.0,0.0,0.0,0.0,0.0,0.0,0.0,0.0,0.0,0.0,0.0,0.0,0.0,0.0,0.0,0.0,0.0,0.0,0.0,0.0
USC00380448,"BAMBERG","BAMBERG",165,33.30,-81.03,0.0,0.0,M,M,M,M,M,M,M,M,M,M,M,M,M,M,M,M,0.0,0.0,0.0,M,M,M,M,0.0,0.0,0.0,0.0,0.0,0.0
US1SCBW0003,"BARNWELL 1.2 WSW","BARNWELL",198,33.24,-81.39,0.0,0.0,0.0,0.0,0.0,0.0,M,M,M,0.0,0.0,M,M,M,M,M,M,M,M,M,M,M,M,M,0.0,0.0,0.0,0.0,0.0,0.0,0.0
USC00380490,"BARNWELL 5 ENE","BARNWELL",245,33.26,-81.24,0.0,0.0,0.0,0.0,0.0,M,0.0,0.0,0.0,0.0,0.0,0.0,M,0.0,0.0,0.0,0.0,0.0,0.0,0.0,0.0,M,M,M,M,0.0,0.0,0.0,0.0,0.0,0.0
USC00380506,"BATESBURG","LEXINGTON",660,33.90,-81.54,0.0,M,M,0.0,0.0,M,0.0,M,M,0.0,0.0,0.0,M,0.0,0.0,0.0,0.0,0.0,0.0,0.0,0.0,M,M,M,M,0.0,0.0,M,0.0,0.0,0.0
US1SCBF0035,"BEAUFORT 3.6 NNE","BEAUFORT",32,32.48,-80.67,M,M,M,M,M,M,M,M,M,M,0.0,0.0,0.0,M,M,M,M,M,M,M,M,0.0,M,M,M,M,M,M,M,M,M
US1SCAK0046,"BEECH ISLAND 4.7 NE","AIKEN",468,33.48,-81.84,0.0,0.0,0.0,0.0,0.0,0.0,M,0.0,M,0.0,0.0,0.0,0.0,0.0,0.0,M,0.0,0.0,0.0,0.0,0.0,0.0,M,M,0.0,0.0,0.0,0.0,0.0,0.0,0.0
US1SCAN0025,"BELTON 4.1 SSW","ANDERSON",765,34.47,-82.51,0.0,0.0,0.0,0.0,0.0,0.0,0.0,M,M,M,M,M,0.0,0.0,0.0,M,M,0.0,0.0,0.0,0.0,0.0,M,M,0.0,0.0,M,M,M,M,M
US1SCMB0002,"BENNETTSVILLE 1.2 SE","MARLBORO",180,34.62,-79.67,0.0,0.0,0.0,0.0,0.0,0.0,M,M,M,M,0.0,0.0,0.0,0.0,M,M,M,0.0,0.0,0.0,0.0,0.0,M,M,M,M,M,M,M,0.0,0.0
USC00380736,"BISHOPVILLE 1ENE","LEE",203,34.21,-80.23,M,M,0.0,0.0,0.0,M,M,M,0.0,0.0,0.0,0.0,M,0.0,0.0,0.0,0.0,M,0.0,M,M,M,M,M,M,0.0,0.0,0.0,0.0,0.0,0.0
US1SCCK0011,"BLACKSBURG 2.5 ENE","CHEROKEE",719,35.13,-81.48,M,0.0,0.0,0.0,0.0,0.0,M,M,M,0.0,0.0,0.0,0.0,M,M,M,0.0,0.0,0.0,0.0,M,M,M,M,0.0,0.0,0.0,M,M,M,0.0
US1SCBF0004,"BLUFFTON 2.3 NNE","BEAUFORT",10,32.27,-80.85,0.0,0.0,0.0,0.0,0.0,0.0,M,0.0,0.0,M,M,0.0,0.0,M,0.0,M,M,0.0,0.0,0.0,0.0,0.0,M,M,0.0,0.0,0.0,M,M,0.0,0.0
US1SCBF0022,"BLUFFTON 2.9 ENE","BEAUFORT",9,32.25,-80.82,0.0,0.0,M,M,M,M,M,0.0,0.0,0.0,0.0,0.0,0.0,0.0,0.0,0.0,M,0.0,0.0,0.0,M,0.0,0.0,M,0.0,0.0,0.0,0.0,0.0,0.0,M
US1SCBF0015,"BLUFFTON 5.1 NW","BEAUFORT",16,32.27,-80.97,M,M,M,M,M,M,M,0.0,M,M,M,M,M,M,M,M,M,M,M,M,M,M,M,M,M,M,M,0.0,M,M,M
US1SCBF0010,"BLUFFTON 6.2 WNW","BEAUFORT",32,32.27,-80.96,0.0,0.0,M,M,0.0,0.0,M,0.0,0.0,M,M,0.0,0.0,M,0.0,0.0,M,0.0,0.0,0.0,0.0,0.0,M,M,0.0,0.0,0.0,0.0,0.0,0.0,0.0
US1SCBF0050,"BLUFFTON 7.0 W","BEAUFORT",26,32.22,-80.98,0.0,0.0,M,0.0,M,M,M,0.0,M,M,M,0.0,0.0,M,0.0,0.0,M,0.0,0.0,0.0,0.0,0.0,M,M,0.0,0.0,0.0,0.0,0.0,0.0,0.0
US1SCJS0009,"BLUFFTON 7.2 NW","JASPER",17,32.31,-80.95,0.0,0.0,0.0,M,0.0,0.0,M,M,M,M,M,0.0,M,M,0.0,0.0,M,M,M,M,M,M,M,M,M,M,M,0.0,0.0,0.0,0.0
US1SCRC0041,"BLYTHEWOOD 1.0 W","RICHLAND",531,34.22,-80.99,0.0,M,M,0.0,0.0,0.0,M,M,M,0.0,M,0.0,0.0,0.0,0.0,0.0,M,0.0,0.0,0.0,0.0,M,M,M,M,M,M,M,M,M,M
US1SCRC0050,"BLYTHEWOOD 3.8 ENE","RICHLAND",374,34.24,-80.91,M,0.0,0.0,0.0,0.0,0.0,0.0,M,M,M,M,0.0,M,M,M,M,0.0,M,M,0.0,M,0.0,M,M,0.0,M,0.0,M,0.0,0.0,M
US1SCHM0002,"BRUNSON 1.6 SSW","HAMPTON",135,32.90,-81.20,M,0.0,0.0,0.0,0.0,0.0,M,0.0,M,0.0,M,M,M,M,0.0,0.0,M,0.0,0.0,0.0,0.0,M,M,M,0.0,0.0,0.0,0.0,0.0,0.0,0.0
USC00381256,"CAESARS HEAD","GREENVILLE",3199,35.11,-82.63,0.0,0.0,0.0,0.0,0.0,0.0,0.0,0.0,0.0,0.0,0.0,0.0,0.0,0.0,0.0,0.0,0.0,0.0,0.0,0.0,0.0,0.0,0.0,0.0,0.0,0.0,0.0,0.0,0.0,0.0,0.0
USC00381277,"CALHOUN FALLS","ABBEVILLE",530,34.09,-82.59,0.0,0.0,0.0,0.0,0.0,0.0,0.0,0.0,0.0,0.0,0.0,0.0,0.0,0.0,0.0,0.0,0.0,0.0,0.0,0.0,0.0,0.0,0.0,0.0,0.0,0.0,0.0,0.0,0.0,0.0,0.0
US1SCKR0027,"CAMDEN 6.4 SE","KERSHAW",231,34.19,-80.55,0.0,0.0,0.0,0.0,0.0,0.0,0.0,M,M,0.0,M,0.0,0.0,0.0,0.0,0.0,M,0.0,0.0,0.0,0.0,0.0,M,M,0.0,0.0,0.0,0.0,0.0,0.0,0.0
US1SCKR0004,"CAMDEN 6.6 NE","KERSHAW",315,34.34,-80.54,0.0,0.0,0.0,0.0,0.0,0.0,0.0,M,M,0.0,M,0.0,M,0.0,0.0,0.0,M,0.0,0.0,0.0,0.0,0.0,M,M,0.0,0.0,0.0,0.0,0.0,0.0,0.0
US1SCSP0071,"CAMPOBELLO 2.7 WSW","SPARTANBURG",977,35.10,-82.19,0.0,0.0,0.0,0.0,0.0,0.0,0.0,M,M,M,0.0,0.0,M,0.0,0.0,M,0.0,0.0,0.0,0.0,0.0,0.0,M,M,0.0,0.0,0.0,0.0,M,0.0,0.0
US1SCCL0006,"CANADYS 0.4 NW","COLLETON",66,33.06,-80.63,M,M,M,M,M,M,M,M,M,M,M,M,M,M,M,M,M,M,M,M,M,M,M,M,M,M,M,M,M,M,0.0
USC00381462,"CATAWBA","YORK",575,34.86,-80.91,0.0,0.0,0.0,0.0,0.0,0.0,0.0,0.0,0.0,0.0,0.0,0.0,0.0,0.0,0.0,0.0,0.0,0.0,0.0,0.0,0.0,0.0,0.0,0.0,0.0,0.0,0.0,0.0,0.0,0.0,0.0
US1SCLX0103,"CAYCE 0.6 SE","LEXINGTON",152,33.95,-81.05,0.0,0.0,0.0,0.0,0.0,0.0,M,M,M,0.0,M,0.0,0.0,0.0,0.0,0.0,M,0.0,0.0,0.0,0.0,0.0,M,M,0.0,0.0,0.0,0.0,0.0,0.0,0.0
US1SCLX0096,"CAYCE 1.0 SSE","LEXINGTON",150,33.94,-81.06,0.0,0.0,0.0,0.0,0.0,0.0,M,M,M,0.0,M,0.0,0.0,0.0,0.0,M,M,0.0,0.0,0.0,0.0,0.0,M,M,0.0,0.0,0.0,0.0,0.0,0.0,0.0
US1SCLX0064,"CAYCE 1.2 SW","LEXINGTON",175,33.94,-81.07,0.0,0.0,0.0,0.0,0.0,0.0,0.0,M,M,0.0,0.0,0.0,0.0,M,0.0,0.0,M,0.0,0.0,0.0,M,0.0,M,M,0.0,0.0,0.0,M,0.0,0.0,0.0
US1SCPC0018,"CENTRAL 5.3 NW","PICKENS",956,34.79,-82.84,0.0,0.0,0.0,0.0,0.0,0.0,0.0,M,M,M,M,0.0,0.0,0.0,0.0,M,0.0,0.0,0.0,0.0,0.0,0.0,0.0,M,0.0,0.0,0.0,0.0,M,0.0,M
US1SCLX0049,"CHAPIN 1.3 SSE","LEXINGTON",408,34.15,-81.34,0.0,0.0,0.0,0.0,0.0,0.0,0.0,M,M,0.0,M,0.0,0.0,0.0,0.0,M,M,0.0,0.0,0.0,0.0,0.0,M,M,0.0,0.0,0.0,0.0,M,0.0,0.0
US1SCLX0051,"CHAPIN 1.4 S","LEXINGTON",398,34.15,-81.35,M,0.0,0.0,0.0,0.0,0.0,0.0,M,M,0.0,M,0.0,0.0,0.0,0.0,0.0,M,0.0,0.0,0.0,0.0,0.0,M,M,0.0,M,0.0,0.0,M,0.0,0.0
US1SCLX0028,"CHAPIN 2.8 SSE","LEXINGTON",402,34.13,-81.33,M,M,M,M,M,M,M,0.0,M,M,M,M,M,M,M,M,M,M,M,M,M,M,M,M,M,M,M,M,M,M,M
US1SCLR0006,"CHAPPELLS 5.0 NNW","LAURENS",561,34.24,-81.91,0.0,0.0,0.0,0.0,0.0,0.0,0.0,M,M,0.0,M,M,M,M,M,M,M,M,M,M,M,M,M,M,M,M,M,M,M,M,M
US1SCCR0082,"CHARLESTON 0.6 E","CHARLESTON",12,32.79,-79.98,M,M,M,M,M,M,M,M,M,M,M,0.0,M,0.0,M,M,M,M,M,0.0,M,M,M,M,M,M,M,M,M,M,0.0
US1SCCR0089,"CHARLESTON 1.7 SE","CHARLESTON",12,32.76,-79.98,0.0,0.0,0.0,M,0.0,0.0,M,M,M,M,0.0,0.0,0.0,0.0,0.0,0.0,M,0.0,0.0,0.0,0.0,0.0,M,M,0.0,0.0,0.0,0.0,M,0.0,0.0
US1SCCR0088,"CHARLESTON 2.0 S","CHARLESTON",15,32.76,-80.00,0.0,0.0,0.0,M,0.0,0.0,M,M,M,M,M,0.0,0.0,0.0,0.0,0.0,M,0.0,0.0,0.0,0.0,0.0,M,M,0.0,0.0,0.0,0.0,M,0.0,0.0
US1SCCR0042,"CHARLESTON 2.8 NE","CHARLESTON",15,32.81,-79.96,0.0,0.0,M,0.0,0.0,0.0,M,M,M,M,M,0.0,0.0,0.0,0.0,0.0,M,0.0,0.0,0.0,0.0,0.0,M,M,0.0,0.0,0.0,0.0,M,0.0,0.0
US1SCCR0087,"CHARLESTON 2.9 NNE","CHARLESTON",13,32.83,-79.98,0.0,M,M,M,0.0,M,M,M,M,M,0.0,M,M,0.0,M,0.0,M,M,M,0.0,M,M,M,M,M,M,0.0,M,M,M,M
US1SCCR0116,"CHARLESTON 3.2 W","CHARLESTON",15,32.79,-80.05,0.0,0.0,0.0,0.0,0.0,0.0,M,0.0,M,M,0.0,M,0.0,0.0,0.0,0.0,M,0.0,0.0,0.0,0.0,0.0,M,M,0.0,0.0,0.0,0.0,M,0.0,0.0
US1SCCR0013,"CHARLESTON 4.6 SSE","CHARLESTON",6,32.73,-79.96,M,0.0,M,M,0.0,0.0,M,M,M,M,0.0,M,M,M,M,0.0,M,0.0,M,0.0,M,M,M,M,M,M,M,M,M,0.0,M
US1SCCR0096,"CHARLESTON 5.2 ESE","CHARLESTON",27,32.74,-79.92,M,M,M,M,0.0,0.0,M,M,M,M,M,0.0,0.0,0.0,0.0,0.0,M,0.0,0.0,0.0,0.0,0.0,M,M,0.0,0.0,0.0,0.0,M,0.0,0.0
US1SCCR0022,"CHARLESTON 5.2 WNW","CHARLESTON",13,32.81,-80.08,M,M,M,M,M,M,M,M,M,M,M,M,0.0,0.0,0.0,0.0,M,0.0,0.0,0.0,0.0,0.0,M,M,0.0,0.0,0.0,0.0,M,0.0,0.0
US1SCCR0045,"CHARLESTON 5.7 NW","CHARLESTON",29,32.84,-80.07,0.0,0.0,0.0,0.0,0.0,M,M,M,M,M,M,0.0,0.0,0.0,0.0,0.0,M,0.0,0.0,0.0,M,M,M,M,M,M,M,M,M,M,M
US1SCCR0006,"CHARLESTON 6.4 NW","CHARLESTON",23,32.84,-80.08,M,M,M,M,M,M,M,M,M,M,M,M,M,M,M,M,M,M,M,M,M,M,M,M,M,M,M,M,M,M,0.0
USW00013880,"CHARLESTON INTL. AIRPORT","CHARLESTON",40,32.90,-80.04,0.0,0.0,0.0,0.0,0.0,0.0,0.0,0.0,0.0,0.0,0.0,0.0,0.0,0.0,0.0,0.0,0.0,0.0,0.0,0.0,0.0,0.0,0.0,0.0,0.0,0.0,0.0,0.0,0.0,0.0,0.0
US1SCCF0008,"CHERAW 1.2 ESE","CHESTERFIELD",120,34.69,-79.88,0.0,0.0,0.0,0.0,0.0,0.0,M,M,M,0.0,0.0,0.0,M,0.0,M,0.0,M,0.0,0.0,0.0,0.0,0.0,M,M,0.0,0.0,0.0,0.0,M,0.0,0.0
US1SCSP0031,"CHESNEE 3.9 SSW","SPARTANBURG",760,35.10,-81.89,0.0,0.0,0.0,0.0,0.0,0.0,0.0,0.0,M,M,M,M,M,0.0,0.0,M,M,M,M,0.0,0.0,0.0,M,M,0.0,0.0,M,M,M,M,0.0
US1SCSP0050,"CHESNEE 3.9 SW","SPARTANBURG",797,35.11,-81.91,0.0,M,0.0,0.0,0.0,0.0,0.0,M,M,M,0.0,0.0,0.0,M,0.0,M,M,0.0,0.0,M,0.0,0.0,M,M,0.0,0.0,0.0,0.0,M,0.0,0.0
US1SCSP0053,"CHESNEE 4.5 WNW","SPARTANBURG",912,35.17,-81.94,0.0,0.0,0.0,0.0,0.0,0.0,0.0,M,M,M,0.0,0.0,M,0.0,0.0,M,0.0,0.0,0.0,0.0,0.0,0.0,M,M,0.0,0.0,0.0,0.0,M,0.0,0.0
USC00381625,"CHESNEE 7 WSW","SPARTANBURG",748,35.11,-81.97,0.0,0.0,0.0,0.0,0.0,0.0,0.0,0.0,0.0,0.0,0.0,0.0,0.0,0.0,0.0,0.0,0.0,0.0,0.0,0.0,0.0,0.0,0.0,0.0,0.0,0.0,0.0,0.0,0.0,0.0,0.0
USC00381633,"CHESTER 1 SE","CHESTER",560,34.68,-81.20,0.0,0.0,0.0,0.0,0.0,0.0,0.0,0.0,0.0,0.0,0.0,0.0,0.0,0.0,0.0,0.0,0.0,0.0,0.0,0.0,0.0,0.0,0.0,0.0,0.0,0.0,0.0,0.0,0.0,0.0,0.0
USC00381645,"CHESTERFIELD 3 E","CHESTERFIELD",290,34.73,-80.04,M,M,0.0,0.0,0.0,M,M,0.0,0.0,0.0,0.0,0.0,0.0,0.0,0.0,0.0,0.0,0.0,M,0.0,0.0,0.0,0.0,0.0,0.0,0.0,M,M,M,0.0,0.0
US1SCPC0044,"CLEMSON 1.1 SSE","PICKENS",835,34.67,-82.80,M,M,M,M,M,M,M,M,M,M,M,0.0,0.0,0.0,0.0,0.0,M,M,M,M,M,M,M,M,0.0,M,M,M,M,M,M
US1SCPC0035,"CLEMSON 1.3 ENE","PICKENS",822,34.69,-82.79,0.0,0.0,0.0,0.0,0.0,0.0,0.0,M,M,M,M,0.0,M,0.0,0.0,M,M,0.0,0.0,M,M,M,M,M,M,M,M,M,M,M,0.0
USC00381770,"CLEMSON UNIVERSITY","PICKENS",824,34.66,-82.82,0.0,0.0,0.0,0.0,0.0,0.0,0.0,0.0,0.0,0.0,0.0,0.0,0.0,0.0,0.0,0.0,0.0,0.0,0.0,0.0,0.0,0.0,0.0,0.0,0.0,0.0,0.0,0.0,0.0,0.0,0.0
USC00381804,"CLEVELAND 3S","GREENVILLE",1135,35.03,-82.50,0.0,0.0,0.0,0.0,0.0,0.0,0.0,0.0,0.0,0.0,0.0,0.0,0.0,0.0,0.0,0.0,0.0,0.0,0.0,0.0,0.0,0.0,0.0,0.0,0.0,0.0,0.0,0.0,0.0,0.0,0.0
USC00381814,"CLINTON","LAURENS",630,34.47,-81.88,0.0,0.0,0.0,0.0,0.0,0.0,0.0,0.0,0.0,0.0,0.0,0.0,0.0,0.0,0.0,0.0,0.0,0.0,0.0,0.0,0.0,0.0,0.0,0.0,0.0,0.0,0.0,0.0,0.0,0.0,0.0
US1SCLR0019,"CLINTON 0.7 NW","LAURENS",660,34.49,-81.88,M,M,M,0.0,M,M,M,M,M,M,M,0.0,0.0,0.0,0.0,M,M,0.0,0.0,0.0,0.0,0.0,M,M,0.0,0.0,0.0,0.0,M,M,0.0
US1SCLR0018,"CLINTON 1.7 SSW","LAURENS",664,34.46,-81.88,M,M,M,M,M,M,M,M,M,M,0.0,0.0,0.0,0.0,0.0,M,0.0,0.0,M,M,M,M,M,M,M,M,0.0,0.0,M,0.0,0.0
US1SCRC0042,"COLUMBIA 3.1 E","RICHLAND",211,34.00,-80.98,0.0,0.0,0.0,0.0,0.0,0.0,M,M,M,0.0,M,0.0,0.0,0.0,0.0,0.0,M,0.0,0.0,0.0,0.0,0.0,M,M,0.0,0.0,0.0,0.0,M,0.0,0.0
US1SCRC0012,"COLUMBIA 6.7 N","RICHLAND",358,34.14,-80.89,0.0,0.0,0.0,0.0,0.0,0.0,0.0,0.0,0.0,0.0,0.0,0.0,0.0,0.0,0.0,0.0,0.0,0.0,0.0,0.0,0.0,0.0,0.0,0.0,0.0,0.0,0.0,0.0,0.0,0.0,0.0
US1SCRC0009,"COLUMBIA 6.8 NNE","RICHLAND",314,34.13,-80.83,0.0,0.0,0.0,0.0,0.0,0.0,0.0,M,M,0.0,M,0.0,M,M,0.0,0.0,M,0.0,0.0,0.0,0.0,0.0,M,M,0.0,0.0,0.0,0.0,M,0.0,0.0
US1SCRC0055,"COLUMBIA 8.4 NNW","RICHLAND",375,34.15,-80.94,0.0,0.0,0.0,0.0,0.0,0.0,M,M,M,0.0,0.0,0.0,0.0,0.0,0.0,0.0,M,0.0,0.0,0.0,0.0,0.0,M,M,0.0,0.0,0.0,0.0,0.0,0.0,0.0
USW00013883,"COLUMBIA METROPOLITAN AP","LEXINGTON",225,33.94,-81.12,0.0,0.0,0.0,0.0,0.0,0.0,0.0,0.0,0.0,0.0,0.0,0.0,0.0,0.0,0.0,0.0,0.0,0.0,0.0,0.0,0.0,0.0,0.0,0.0,0.0,0.0,0.0,0.0,0.0,0.0,M
US1SCHR0080,"CONWAY 4.4 SE","HORRY",49,33.79,-79.01,M,0.0,M,M,M,M,M,M,M,M,M,M,M,M,M,M,M,M,M,M,M,M,M,M,M,M,M,M,M,M,M
US1SCHR0061,"CONWAY 6.2 E","HORRY",28,33.83,-78.95,0.0,0.0,0.0,0.0,0.0,0.0,M,M,M,M,M,M,M,M,0.0,0.0,M,0.0,M,0.0,0.0,0.0,M,M,M,0.0,0.0,0.0,M,M,0.0
US1SCHR0071,"CONWAY 9.2 NNE","HORRY",81,33.97,-79.02,M,M,0.0,0.0,0.0,0.0,M,M,M,M,M,0.0,M,M,M,M,0.0,0.0,0.0,0.0,M,M,M,M,0.0,0.0,0.0,M,M,M,0.0
US1SCOR0025,"COPE 4.1 NE","ORANGEBURG",274,33.43,-80.97,0.0,0.0,0.0,0.0,0.0,0.0,M,M,M,M,M,0.0,M,M,M,M,M,0.0,M,M,M,0.0,M,M,0.0,M,0.0,0.0,M,0.0,M
US1SCCL0017,"COTTAGEVILLE 3.1 NNW","COLLETON",73,32.98,-80.49,0.0,0.0,0.0,0.0,0.0,0.0,M,0.0,M,M,M,0.0,0.0,0.0,0.0,0.0,M,0.0,0.0,0.0,0.0,0.0,M,M,0.0,0.0,0.0,0.0,0.0,0.0,0.0
US1SCCL0016,"COTTAGEVILLE 5.8 WSW","COLLETON",41,32.89,-80.57,0.0,0.0,M,M,M,M,M,M,M,M,M,M,0.0,M,M,M,M,0.0,0.0,0.0,0.0,0.0,M,M,0.0,0.0,0.0,0.0,0.0,0.0,0.0
US1SCFL0012,"COWARD 5.1 NNW","FLORENCE",143,34.04,-79.79,0.0,M,M,0.0,0.0,0.0,0.0,M,M,M,M,0.0,M,M,M,M,M,0.0,M,M,M,0.0,M,M,M,M,0.0,M,M,M,M
US1SCBK0040,"DANIEL ISLAND 0.7 SSW","BERKELEY",19,32.86,-79.92,M,M,M,M,M,M,M,M,M,M,M,0.0,0.0,0.0,M,0.0,M,0.0,0.0,0.0,0.0,0.0,M,M,M,M,M,M,M,M,M
US1SCBK0048,"DANIEL ISLAND 1.0 SE","BERKELEY",14,32.85,-79.90,0.0,0.0,M,M,M,M,M,M,M,M,M,M,M,M,M,M,M,M,M,M,M,M,M,M,M,M,M,M,M,M,M
US1SCBK0049,"DANIEL ISLAND 1.0 SW","BERKELEY",16,32.85,-79.90,M,M,M,M,M,M,M,M,M,M,M,0.0,M,0.0,0.0,0.0,M,0.0,0.0,0.0,0.0,0.0,M,M,0.0,0.0,M,M,M,0.0,0.0
US1SCDR0004,"DARLINGTON 7.3 SSW","DARLINGTON",144,34.20,-79.91,0.0,M,M,M,M,M,M,M,M,M,M,M,M,M,M,M,M,M,M,M,M,M,M,M,M,0.0,M,M,M,M,M
US1SCBF0023,"DAUFUSKIE ISLAND 1.7 SW","BEAUFORT",12,32.10,-80.88,0.0,0.0,0.0,M,M,0.0,M,0.0,M,0.0,0.0,0.0,0.0,M,0.0,0.0,M,0.0,0.0,0.0,0.0,0.0,M,M,0.0,0.0,0.0,0.0,0.0,0.0,0.0
US1SCBM0001,"DENMARK 2.8 WNW","BAMBERG",249,33.34,-81.18,0.0,0.0,0.0,0.0,0.0,0.0,M,0.0,M,0.0,M,M,0.0,0.0,0.0,0.0,0.0,0.0,0.0,0.0,0.0,0.0,M,M,0.0,0.0,0.0,0.0,0.0,0.0,0.0
US1SCAB0003,"DUE WEST 0.6 SE","ABBEVILLE",607,34.33,-82.38,0.0,0.0,0.0,0.0,0.0,0.0,0.0,0.0,M,M,0.0,0.0,0.0,0.0,0.0,0.0,M,0.0,0.0,0.0,0.0,0.0,M,M,0.0,0.0,0.0,0.0,M,0.0,0.0
US1SCAB0004,"DUE WEST 2.5 S","ABBEVILLE",581,34.30,-82.40,0.0,0.0,M,0.0,0.0,M,0.0,0.0,M,M,0.0,M,0.0,M,0.0,M,0.0,0.0,0.0,0.0,0.0,0.0,M,M,0.0,0.0,0.0,0.0,M,0.0,0.0
US1SCSP0018,"DUNCAN 5.1 SE","SPARTANBURG",779,34.88,-82.08,0.0,M,M,0.0,0.0,0.0,0.0,M,M,M,M,0.0,0.0,M,M,M,M,M,M,M,M,M,M,0.0,0.0,0.0,0.0,0.0,M,M,M
US1SCCR0115,"EDISTO ISLAND 3.6 E","CHARLESTON",10,32.55,-80.23,0.0,0.0,M,0.0,0.0,0.0,M,0.0,M,M,0.0,0.0,0.0,0.0,0.0,0.0,M,0.0,0.0,0.0,0.0,0.0,M,M,0.0,0.0,0.0,0.0,0.0,0.0,0.0
US1SCBM0006,"EHRHARDT 0.2 SE","BAMBERG",142,33.10,-81.01,0.0,0.0,0.0,0.0,0.0,0.0,M,0.0,M,0.0,0.0,M,M,M,M,0.0,0.0,0.0,0.0,0.0,0.0,0.0,M,M,0.0,0.0,0.0,0.0,0.0,0.0,0.0
US1SCKR0016,"ELGIN 1.9 NE","KERSHAW",332,34.19,-80.77,0.0,M,0.0,0.0,0.0,0.0,M,M,M,M,M,M,M,M,M,M,0.0,M,0.0,0.0,0.0,M,M,M,M,M,M,M,M,M,M
US1SCRC0048,"ELGIN 3.8 SW","RICHLAND",409,34.13,-80.84,M,M,M,M,M,M,M,M,M,M,M,M,M,M,M,M,M,M,M,M,M,M,M,M,M,M,M,M,M,M,0.0
US1SCGV0013,"FIVE FORKS 1.0 W","GREENVILLE",873,34.81,-82.24,0.0,0.0,0.0,0.0,0.0,0.0,M,M,M,M,M,0.0,0.0,0.0,0.0,M,0.0,0.0,0.0,0.0,0.0,0.0,M,M,0.0,M,0.0,0.0,M,0.0,0.0
US1SCGV0084,"FIVE FORKS 2.1 WSW","GREENVILLE",837,34.79,-82.26,M,M,M,M,M,M,M,M,M,M,M,M,M,M,M,M,M,M,M,M,0.0,M,M,M,M,M,M,M,M,M,M
US1SCFL0006,"FLORENCE 5.1 W","FLORENCE",143,34.19,-79.86,M,M,M,M,M,0.0,M,M,M,M,0.0,0.0,M,0.0,M,M,M,M,M,M,M,M,M,M,M,M,M,M,M,0.0,0.0
US1SCYR0052,"FORT MILL 0.3 NE","YORK",648,35.01,-80.94,0.0,0.0,0.0,0.0,0.0,0.0,0.0,M,M,M,0.0,0.0,M,0.0,0.0,M,M,0.0,0.0,0.0,0.0,0.0,M,M,0.0,0.0,0.0,0.0,M,0.0,0.0
US1SCLN0002,"FORT MILL 3.5 ENE","LANCASTER",600,35.03,-80.89,0.0,0.0,0.0,0.0,0.0,0.0,M,M,M,0.0,M,M,M,0.0,0.0,M,M,0.0,0.0,0.0,0.0,M,M,M,0.0,0.0,0.0,M,M,0.0,M
US1SCYR0051,"FORT MILL 4.2 NW","YORK",657,35.06,-80.99,0.0,0.0,0.0,0.0,0.0,0.0,0.0,M,0.0,M,M,0.0,M,M,0.0,M,M,0.0,0.0,0.0,0.0,0.0,M,M,0.0,0.0,0.0,0.0,M,0.0,0.0
USC00383145,"FOUNTAIN INN 2 SW","GREENVILLE",830,34.67,-82.23,0.0,0.0,0.0,0.0,0.0,0.0,0.0,0.0,0.0,0.0,0.0,0.0,0.0,0.0,0.0,0.0,0.0,0.0,0.0,0.0,0.0,0.0,0.0,0.0,0.0,0.0,0.0,0.0,0.0,0.0,0.0
US1SCGV0028,"FOUNTAIN INN 5.4 SW","GREENVILLE",816,34.64,-82.26,0.0,0.0,0.0,0.0,0.0,0.0,0.0,0.0,M,M,M,M,M,M,M,M,M,M,M,M,M,M,M,M,M,0.0,0.0,M,M,M,0.0
US1SCCK0013,"GAFFNEY 1.0 SE","CHEROKEE",846,35.06,-81.64,M,M,M,M,M,M,M,M,M,M,M,M,M,M,M,M,M,M,M,M,M,M,M,M,M,0.0,M,M,M,M,M
US1SCCK0017,"GAFFNEY 4.9 WNW","CHEROKEE",735,35.10,-81.74,M,M,M,M,0.0,0.0,M,M,M,M,M,0.0,M,M,M,M,0.0,M,0.0,0.0,M,M,M,M,0.0,M,0.0,M,M,0.0,M
US1SCGT0027,"GEORGETOWN 1.0 E","GEORGETOWN",9,33.37,-79.28,M,M,M,M,M,M,M,M,M,M,M,M,M,M,M,M,M,M,M,0.0,0.0,0.0,M,M,M,M,M,M,M,M,M
US1SCGT0001,"GEORGETOWN 5.3 NNE","GEORGETOWN",5,33.43,-79.25,0.0,0.0,0.0,0.0,0.0,0.0,M,M,M,M,M,M,M,M,M,M,M,0.0,0.0,0.0,0.0,0.0,M,M,0.0,0.0,0.0,0.0,M,M,0.0
US1SCGT0004,"GEORGETOWN 6.0 S","GEORGETOWN",12,33.28,-79.29,0.0,0.0,0.0,0.0,0.0,0.0,0.0,M,M,M,M,M,0.0,0.0,0.0,0.0,0.0,0.0,0.0,0.0,0.0,0.0,0.0,0.0,0.0,0.0,0.0,0.0,M,0.0,0.0
US1SCLX0093,"GILBERT 1.0 SE","LEXINGTON",493,33.92,-81.38,0.0,0.0,0.0,0.0,0.0,0.0,M,M,M,M,M,M,M,M,M,M,M,M,M,M,0.0,M,M,M,M,M,M,M,M,0.0,0.0
US1SCLX0039,"GILBERT 1.2 SSW","LEXINGTON",486,33.91,-81.40,0.0,0.0,0.0,0.0,0.0,0.0,M,M,M,M,M,M,M,M,0.0,M,0.0,0.0,0.0,0.0,0.0,0.0,M,M,0.0,0.0,0.0,0.0,M,0.0,0.0
US1SCLX0105,"GILBERT 6.2 NNW","LEXINGTON",371,34.01,-81.43,0.0,0.0,0.0,M,M,0.0,M,0.0,M,0.0,M,0.0,0.0,0.0,0.0,M,M,M,0.0,0.0,0.0,0.0,M,M,M,M,0.0,0.0,0.0,0.0,M
US1SCLX0107,"GILBERT 9.5 NNE","LEXINGTON",367,34.05,-81.35,M,0.0,0.0,0.0,0.0,0.0,0.0,M,M,0.0,M,0.0,0.0,0.0,0.0,0.0,M,0.0,0.0,0.0,0.0,0.0,M,M,0.0,0.0,0.0,0.0,0.0,0.0,0.0
US1SCBK0017,"GOOSE CREEK 4.6 WNW","BERKELEY",56,33.00,-80.08,0.0,0.0,M,0.0,0.0,0.0,M,M,M,M,0.0,0.0,0.0,0.0,0.0,0.0,M,0.0,0.0,0.0,0.0,0.0,M,M,0.0,0.0,0.0,0.0,0.0,0.0,0.0
US1SCAK0075,"GRANITEVILLE 1.3 NE","AIKEN",297,33.58,-81.79,0.0,M,M,M,M,0.0,M,M,M,M,M,M,M,M,M,M,M,M,M,M,M,M,M,M,M,M,M,M,M,M,M
US1SCGV0097,"GREENVILLE 0.8 WNW","GREENVILLE",978,34.84,-82.38,M,M,M,M,M,M,M,M,M,M,M,M,M,M,M,M,M,0.0,M,M,M,M,M,M,0.0,M,M,M,M,M,0.0
US1SCGV0040,"GREENVILLE 1.2 SSE","GREENVILLE",907,34.82,-82.36,M,M,M,M,M,M,M,M,M,0.0,M,M,M,M,M,M,M,M,M,M,M,M,M,M,M,M,M,M,M,M,M
US1SCGV0061,"GREENVILLE 1.7 NW","GREENVILLE",975,34.86,-82.39,0.0,0.0,0.0,0.0,0.0,0.0,0.0,0.0,M,M,M,M,M,M,M,M,M,M,M,M,M,M,M,M,M,M,M,M,M,M,M
US1SCGV0015,"GREENVILLE 4.1 NE","GREENVILLE",922,34.88,-82.32,0.0,0.0,0.0,0.0,0.0,0.0,0.0,M,M,M,M,M,0.0,0.0,0.0,M,0.0,0.0,0.0,M,0.0,0.0,M,M,0.0,0.0,0.0,0.0,M,M,0.0
US1SCGV0035,"GREENVILLE 5.4 WNW","GREENVILLE",948,34.87,-82.49,0.0,0.0,0.0,0.0,0.0,0.0,0.0,0.0,0.0,0.0,0.0,0.0,0.0,0.0,0.0,0.0,0.0,0.0,0.0,0.0,0.0,0.0,0.0,0.0,0.0,0.0,0.0,0.0,0.0,0.0,0.0
US1SCGV0064,"GREENVILLE 6.4 NNW","GREENVILLE",1096,34.92,-82.43,0.0,0.0,0.0,0.0,0.0,0.0,0.0,M,M,M,M,M,M,0.0,0.0,M,M,0.0,0.0,0.0,0.0,M,M,M,M,0.0,0.0,0.0,M,0.0,0.0
US1SCGW0023,"GREENWOOD 1.4 N","GREENWOOD",624,34.21,-82.16,0.0,0.0,0.0,0.0,0.0,0.0,0.0,M,M,M,0.0,0.0,0.0,0.0,0.0,M,0.0,0.0,0.0,0.0,0.0,0.0,M,M,0.0,0.0,0.0,0.0,M,0.0,0.0
US1SCGW0016,"GREENWOOD 3.4 NNW","GREENWOOD",559,34.24,-82.17,0.0,0.0,0.0,0.0,0.0,0.0,0.0,0.0,M,M,0.0,M,M,M,M,M,M,M,M,M,M,M,M,M,M,M,M,M,M,M,M
US1SCGW0021,"GREENWOOD 3.6 W","GREENWOOD",570,34.18,-82.21,0.0,0.0,0.0,0.0,0.0,0.0,M,M,M,0.0,0.0,0.0,0.0,0.0,0.0,M,0.0,0.0,0.0,0.0,0.0,0.0,M,M,0.0,0.0,0.0,0.0,M,0.0,0.0
US1SCGW0019,"GREENWOOD 4.1 WSW","GREENWOOD",517,34.17,-82.22,0.0,0.0,0.0,0.0,0.0,0.0,0.0,M,M,M,0.0,0.0,0.0,0.0,0.0,M,M,0.0,0.0,0.0,0.0,0.0,M,M,0.0,0.0,0.0,0.0,M,M,M
US1SCGW0001,"GREENWOOD 5.0 W","GREENWOOD",544,34.20,-82.24,M,M,M,M,M,M,M,M,M,M,M,M,M,M,M,M,M,M,M,M,M,M,M,M,M,M,M,M,M,0.0,M
USC00383758,"GREENWOOD 8NE","GREENWOOD",530,34.25,-82.03,0.0,0.0,0.0,0.0,0.0,0.0,0.0,0.0,0.0,0.0,0.0,0.0,0.0,0.0,0.0,0.0,0.0,0.0,0.0,0.0,0.0,0.0,0.0,0.0,0.0,0.0,0.0,0.0,0.0,0.0,0.0
US1SCSP0040,"GREER 3.0 NNE","SPARTANBURG",923,34.98,-82.21,0.0,0.0,0.0,0.0,0.0,0.0,0.0,M,M,M,M,0.0,0.0,0.0,0.0,M,0.0,0.0,0.0,0.0,0.0,0.0,M,0.0,0.0,0.0,0.0,0.0,M,0.0,0.0
US1SCGV0019,"GREER 3.8 SW","GREENVILLE",923,34.90,-82.27,0.0,0.0,0.0,0.0,0.0,0.0,0.0,M,M,M,M,0.0,0.0,0.0,0.0,M,M,M,M,M,M,M,M,M,M,M,M,M,M,0.0,0.0
US1SCGV0093,"GREER 6.6 N","GREENVILLE",912,35.03,-82.23,M,M,M,M,M,M,M,M,M,M,M,M,M,0.0,0.0,M,M,M,M,M,M,M,M,M,M,M,M,M,M,M,M
USW00003870,"GRNVL SPART INTL AP","SPARTANBURG",943,34.88,-82.22,0.0,0.0,0.0,0.0,0.0,0.0,0.0,0.0,0.0,0.0,0.0,0.0,0.0,0.0,0.0,0.0,0.0,0.0,0.0,0.0,0.0,0.0,0.0,0.0,0.0,0.0,0.0,0.0,0.0,0.0,0.0
US1SCHM0007,"HAMPTON 0.8 SW","HAMPTON",80,32.86,-81.12,0.0,0.0,M,M,M,M,M,M,M,0.0,M,M,M,M,0.0,M,M,M,M,M,0.0,M,M,M,0.0,M,0.0,M,0.0,M,0.0
US1SCBK0041,"HANAHAN 0.7 SSE","BERKELEY",16,32.92,-80.01,0.0,0.0,0.0,0.0,0.0,M,M,M,M,M,M,0.0,0.0,0.0,0.0,0.0,M,0.0,0.0,0.0,0.0,0.0,M,M,0.0,0.0,0.0,0.0,M,0.0,0.0
US1SCDR0007,"HARTSVILLE 1.7 NW","DARLINGTON",231,34.39,-80.10,0.0,0.0,0.0,0.0,0.0,0.0,M,M,M,M,M,0.0,M,0.0,0.0,0.0,M,M,0.0,0.0,0.0,0.0,M,M,0.0,0.0,0.0,0.0,0.0,M,0.0
US1SCDR0010,"HARTSVILLE 1.8 W","DARLINGTON",233,34.37,-80.12,M,M,0.0,M,0.0,0.0,M,M,M,M,0.0,M,0.0,M,M,M,M,0.0,0.0,0.0,M,M,M,M,0.0,0.0,0.0,M,M,M,0.0
US1SCDR0020,"HARTSVILLE 5.4 WSW","DARLINGTON",303,34.35,-80.17,0.0,0.0,0.0,0.0,0.0,0.0,M,M,M,0.0,M,0.0,0.0,0.0,0.0,0.0,M,M,M,M,M,M,M,M,M,0.0,0.0,0.0,M,0.0,0.0
US1SCBF0055,"HILTON HEAD ISLAND 1.2 WNW","BEAUFORT",5,32.20,-80.77,0.0,0.0,0.0,0.0,0.0,0.0,M,0.0,M,M,0.0,M,0.0,0.0,0.0,0.0,M,0.0,0.0,0.0,0.0,0.0,M,M,M,M,M,M,M,M,M
US1SCBF0044,"HILTON HEAD ISLAND 1.4 S","BEAUFORT",27,32.18,-80.75,0.0,0.0,0.0,0.0,M,0.0,M,0.0,M,M,0.0,0.0,0.0,0.0,0.0,0.0,M,0.0,0.0,0.0,0.0,0.0,M,M,0.0,0.0,0.0,0.0,0.0,0.0,M
US1SCBF0052,"HILTON HEAD ISLAND 2.7 E","BEAUFORT",8,32.19,-80.70,0.0,M,0.0,0.0,0.0,M,M,M,M,0.0,0.0,0.0,0.0,0.0,0.0,M,0.0,0.0,0.0,0.0,0.0,M,M,0.0,0.0,0.0,0.0,0.0,0.0,0.0,0.0
US1SCBF0002,"HILTON HEAD ISLAND 4.0 N","BEAUFORT",10,32.25,-80.74,0.0,0.0,0.0,0.0,0.0,0.0,0.0,0.0,0.0,0.0,0.0,0.0,0.0,0.0,0.0,0.0,0.0,0.0,0.0,0.0,0.0,0.0,0.0,0.0,0.0,0.0,0.0,0.0,0.0,0.0,0.0
US1SCGW0008,"HODGES 5.5 NE","GREENWOOD",442,34.34,-82.17,0.0,0.0,0.0,0.0,0.0,0.0,0.0,0.0,M,M,0.0,0.0,0.0,0.0,M,M,0.0,0.0,0.0,0.0,0.0,0.0,M,M,0.0,0.0,0.0,0.0,M,0.0,0.0
US1SCGW0014,"HODGES 6.5 ENE","GREENWOOD",463,34.32,-82.14,0.0,0.0,0.0,0.0,0.0,0.0,M,M,M,M,0.0,0.0,0.0,M,M,M,M,M,M,M,M,M,M,M,M,M,M,M,M,M,M
USC00384205,"HOLLY HILL 1 SW","ORANGEBURG",95,33.32,-80.42,0.0,0.0,0.0,0.0,0.0,M,0.0,0.0,0.0,0.0,0.0,0.0,M,0.0,0.0,0.0,0.0,0.0,0.0,0.0,0.0,M,M,M,M,0.0,0.0,0.0,0.0,0.0,0.0
US1SCCR0105,"HOLLYWOOD 2.3 W","CHARLESTON",41,32.75,-80.24,0.0,0.0,0.0,M,0.0,0.0,M,M,M,M,M,M,0.0,M,M,M,M,M,0.0,0.0,0.0,0.0,M,M,0.0,0.0,0.0,0.0,0.0,0.0,0.0
US1SCRC0030,"HOPKINS 3.9 NNE","RICHLAND",420,33.96,-80.86,0.0,0.0,0.0,0.0,0.0,0.0,0.0,M,0.0,0.0,M,0.0,0.0,0.0,0.0,0.0,0.0,0.0,0.0,0.0,0.0,0.0,0.0,M,0.0,0.0,0.0,0.0,0.0,0.0,0.0
US1SCSP0016,"INMAN 2.6 N","SPARTANBURG",1010,35.09,-82.10,0.0,0.0,M,0.0,0.0,M,0.0,0.0,M,M,M,M,0.0,0.0,0.0,M,M,0.0,0.0,0.0,0.0,0.0,M,M,M,M,M,M,M,0.0,0.0
US1SCSP0049,"INMAN 6.5 ENE","SPARTANBURG",878,35.09,-81.99,0.0,0.0,0.0,0.0,0.0,0.0,M,M,M,M,0.0,0.0,0.0,M,M,M,0.0,0.0,0.0,M,M,M,M,M,M,M,M,M,M,M,M
US1SCLX0114,"IRMO 1.0 WNW","LEXINGTON",327,34.10,-81.21,0.0,0.0,0.0,0.0,0.0,0.0,0.0,M,M,0.0,0.0,0.0,0.0,0.0,0.0,M,M,0.0,0.0,0.0,0.0,0.0,M,M,0.0,0.0,0.0,0.0,M,0.0,0.0
US1SCRC0040,"IRMO 1.5 NW","RICHLAND",365,34.11,-81.21,M,0.0,M,0.0,0.0,0.0,M,M,M,0.0,0.0,0.0,0.0,M,0.0,0.0,M,0.0,0.0,M,M,M,M,M,M,M,M,M,M,M,0.0
US1SCLX0061,"IRMO 2.1 SW","LEXINGTON",243,34.07,-81.21,0.0,M,M,M,M,M,M,M,M,M,0.0,0.0,0.0,M,M,0.0,M,0.0,M,M,M,0.0,M,M,0.0,0.0,M,0.0,M,M,M
US1SCRC0073,"IRMO 2.5 NE","RICHLAND",254,34.12,-81.16,0.0,0.0,0.0,0.0,0.0,0.0,0.0,M,M,0.0,0.0,0.0,0.0,0.0,0.0,0.0,0.0,0.0,0.0,0.0,0.0,0.0,M,0.0,0.0,M,M,M,M,M,M
US1SCRC0004,"IRMO 3.3 NW","RICHLAND",417,34.13,-81.23,0.0,0.0,0.0,0.0,0.0,0.0,0.0,M,M,0.0,0.0,0.0,0.0,0.0,0.0,M,M,M,0.0,0.0,0.0,0.0,M,M,0.0,0.0,0.0,0.0,M,0.0,0.0
US1SCRC0005,"IRMO 4.2 NNW","RICHLAND",355,34.15,-81.22,M,0.0,0.0,0.0,0.0,0.0,M,M,M,0.0,0.0,0.0,0.0,M,0.0,M,M,0.0,0.0,0.0,0.0,0.0,M,M,0.0,0.0,0.0,0.0,0.0,0.0,0.0
US1SCAB0016,"IVA 6.4 SSW","ABBEVILLE",606,34.23,-82.72,0.0,0.0,0.0,0.0,0.0,0.0,0.0,M,M,M,0.0,0.0,0.0,0.0,0.0,M,0.0,0.0,0.0,0.0,0.0,0.0,M,M,0.0,0.0,0.0,M,M,0.0,0.0
USC00384581,"JOCASSEE 8 WNW","OCONEE",2499,34.98,-83.07,0.0,0.0,0.0,0.0,0.0,0.0,0.0,0.0,0.0,0.0,0.0,0.0,0.0,0.0,0.0,0.0,0.0,0.0,0.0,0.0,0.0,0.0,0.0,0.0,0.0,0.0,0.0,0.0,0.0,0.0,0.0
US1SCCR0074,"JOHNS ISLAND 1.8 NE","CHARLESTON",8,32.72,-80.01,0.0,0.0,M,M,0.0,0.0,M,M,M,M,0.0,0.0,0.0,0.0,0.0,0.0,M,0.0,0.0,0.0,0.0,0.0,M,M,0.0,0.0,0.0,0.0,M,0.0,0.0
USC00384607,"JOHNSTON 4 SW","EDGEFIELD",620,33.78,-81.85,M,M,M,M,M,M,0.0,0.0,0.0,0.0,0.0,0.0,M,0.0,0.0,0.0,0.0,0.0,0.0,0.0,0.0,M,M,M,M,0.0,0.0,0.0,0.0,0.0,0.0
US1SCOC0058,"KEOWEE KEY 0.3 NE","OCONEE",932,34.85,-82.91,M,M,0.0,0.0,0.0,M,M,M,M,M,M,M,0.0,0.0,0.0,M,0.0,0.0,M,M,M,0.0,M,M,0.0,M,0.0,M,M,M,M
US1SCOC0037,"KEOWEE KEY 1.3 WNW","OCONEE",832,34.84,-82.94,M,M,M,M,M,M,M,M,M,M,M,M,M,M,M,M,M,M,M,M,M,M,M,M,0.0,M,M,M,M,M,M
US1SCOC0038,"KEOWEE KEY 1.4 WNW","OCONEE",817,34.84,-82.94,0.0,0.0,0.0,0.0,0.0,0.0,0.0,M,M,M,M,0.0,0.0,M,M,M,M,0.0,0.0,0.0,0.0,0.0,M,M,0.0,0.0,0.0,0.0,M,M,0.0
US1SCOC0045,"KEOWEE KEY 1.5 WNW","OCONEE",825,34.84,-82.94,0.0,0.0,0.0,0.0,0.0,0.0,0.0,M,M,M,0.0,0.0,0.0,0.0,0.0,M,M,M,0.0,0.0,M,M,M,M,0.0,0.0,0.0,0.0,M,M,0.0
US1SCCR0083,"KIAWAH ISLAND 1.5 NE","CHARLESTON",9,32.63,-80.04,0.0,0.0,M,M,M,M,M,M,M,M,0.0,M,M,M,M,M,M,0.0,M,M,M,M,M,M,0.0,M,0.0,0.0,M,M,0.0
US1SCWL0011,"KINGSTREE 6.9 SE","WILLIAMSBURG",58,33.60,-79.74,M,M,M,0.0,M,0.0,M,M,M,M,M,M,M,M,M,M,M,M,0.0,0.0,0.0,0.0,M,M,M,M,0.0,0.0,0.0,0.0,0.0
US1SCWL0002,"KINGSTREE 7.9 NW","WILLIAMSBURG",71,33.74,-79.93,0.0,0.0,0.0,0.0,0.0,0.0,M,M,M,M,M,M,M,0.0,0.0,0.0,0.0,0.0,0.0,0.0,0.0,0.0,M,M,0.0,0.0,0.0,0.0,M,0.0,0.0
US1SCYR0043,"LAKE WYLIE 0.9 WSW","YORK",658,35.11,-81.07,0.0,0.0,0.0,0.0,0.0,0.0,0.0,M,M,M,M,M,M,M,M,M,M,M,M,M,M,M,M,M,M,M,M,M,M,M,M
US1SCYR0003,"LAKE WYLIE 2.3 SW","YORK",654,35.08,-81.08,0.0,0.0,0.0,0.0,0.0,0.0,0.0,M,M,0.0,0.0,0.0,M,0.0,0.0,M,0.0,0.0,0.0,0.0,0.0,0.0,M,M,0.0,0.0,0.0,0.0,M,0.0,0.0
US1SCLN0008,"LANCASTER 0.4 WSW","LANCASTER",460,34.72,-80.79,0.0,0.0,0.0,0.0,0.0,0.0,0.0,M,M,0.0,0.0,0.0,M,0.0,M,M,M,0.0,0.0,0.0,0.0,0.0,M,M,0.0,0.0,0.0,0.0,0.0,0.0,0.0
US1SCLN0004,"LANCASTER 2.0 NNW","LANCASTER",456,34.75,-80.79,0.0,0.0,0.0,0.0,0.0,0.0,0.0,M,M,M,0.0,0.0,M,0.0,0.0,0.0,M,0.0,0.0,0.0,0.0,0.0,M,M,0.0,0.0,0.0,0.0,0.0,M,0.0
US1SCLN0015,"LANCASTER 3.6 NNW","LANCASTER",568,34.77,-80.79,0.0,0.0,0.0,0.0,0.0,0.0,0.0,M,M,M,0.0,M,M,M,0.0,0.0,M,0.0,0.0,0.0,0.0,0.0,M,M,0.0,0.0,0.0,0.0,M,0.0,0.0
USC00385017,"LAURENS","LAURENS",589,34.50,-82.02,0.0,0.0,0.0,0.0,0.0,0.0,0.0,0.0,0.0,0.0,0.0,0.0,0.0,0.0,0.0,0.0,0.0,0.0,0.0,0.0,0.0,0.0,0.0,0.0,0.0,0.0,0.0,0.0,0.0,0.0,0.0
US1SCLR0021,"LAURENS 8.4 WSW","LAURENS",599,34.47,-82.17,0.0,0.0,0.0,0.0,0.0,0.0,0.0,M,M,M,0.0,0.0,0.0,0.0,0.0,M,0.0,0.0,0.0,0.0,0.0,0.0,M,M,0.0,0.0,0.0,0.0,M,0.0,0.0
US1SCLX0043,"LEXINGTON 1.2 SW","LEXINGTON",370,33.97,-81.24,0.0,0.0,0.0,0.0,0.0,0.0,M,M,M,M,M,M,M,M,M,M,M,0.0,0.0,0.0,0.0,0.0,M,0.0,0.0,0.0,0.0,0.0,M,0.0,0.0
US1SCLX0106,"LEXINGTON 2.5 E","LEXINGTON",370,33.98,-81.19,0.0,0.0,0.0,0.0,0.0,0.0,0.0,M,M,0.0,M,0.0,0.0,M,0.0,0.0,M,0.0,0.0,0.0,0.0,0.0,M,M,0.0,0.0,0.0,0.0,0.0,0.0,0.0
US1SCLX0035,"LEXINGTON 2.9 NE","LEXINGTON",259,34.02,-81.19,0.0,0.0,0.0,0.0,0.0,0.0,0.0,0.0,0.0,0.0,0.0,0.0,0.0,0.0,0.0,0.0,0.0,0.0,0.0,0.0,0.0,0.0,0.0,0.0,0.0,0.0,0.0,0.0,0.0,0.0,0.0
US1SCLX0069,"LEXINGTON 3.0 WSW","LEXINGTON",422,33.96,-81.27,0.0,0.0,0.0,0.0,0.0,0.0,0.0,M,M,0.0,0.0,0.0,0.0,0.0,0.0,0.0,M,0.0,0.0,0.0,0.0,0.0,M,M,0.0,0.0,0.0,0.0,M,0.0,0.0
US1SCLX0026,"LEXINGTON 3.4 SSE","LEXINGTON",364,33.94,-81.20,0.0,0.0,0.0,0.0,0.0,0.0,0.0,M,M,0.0,M,0.0,0.0,M,0.0,0.0,M,0.0,0.0,0.0,0.0,M,M,M,M,M,M,M,0.0,0.0,0.0
US1SCLX0108,"LEXINGTON 5.6 SW","LEXINGTON",479,33.94,-81.31,0.0,0.0,0.0,0.0,0.0,0.0,0.0,M,M,M,0.0,0.0,0.0,0.0,0.0,M,M,0.0,0.0,0.0,0.0,0.0,M,M,0.0,0.0,0.0,0.0,M,0.0,0.0
US1SCLX0022,"LEXINGTON 5.9 SW","LEXINGTON",402,33.93,-81.31,0.0,0.0,0.0,0.0,0.0,0.0,0.0,M,M,M,M,0.0,0.0,M,0.0,0.0,0.0,0.0,0.0,0.0,0.0,0.0,M,M,0.0,0.0,0.0,0.0,M,0.0,0.0
USC00385200,"LITTLE MOUNTAIN","NEWBERRY",711,34.20,-81.41,0.0,0.0,0.0,0.0,0.0,M,0.0,0.0,0.0,0.0,0.0,0.0,M,0.0,0.0,0.0,0.0,M,0.0,0.0,0.0,M,M,M,M,0.0,0.0,0.0,0.0,0.0,0.0
US1SCRC0061,"LITTLE MOUNTAIN 8.2 E","RICHLAND",411,34.21,-81.27,0.0,0.0,0.0,0.0,0.0,0.0,0.0,M,M,0.0,0.0,0.0,0.0,0.0,0.0,0.0,M,0.0,0.0,0.0,M,0.0,M,0.0,0.0,0.0,0.0,0.0,0.0,0.0,0.0
US1SCCK0008,"LOCKHART 5.4 N","CHEROKEE",557,34.87,-81.48,0.0,0.0,0.0,0.0,0.0,M,0.0,M,M,0.0,M,M,0.0,0.0,0.0,M,M,0.0,0.0,0.0,0.0,0.0,M,M,0.0,0.0,0.0,0.0,M,0.0,0.0
US1SCCL0009,"LODGE 3.4 SW","COLLETON",100,33.03,-80.99,0.0,0.0,0.0,0.0,0.0,0.0,M,0.0,M,0.0,0.0,0.0,M,0.0,0.0,0.0,M,0.0,0.0,0.0,0.0,0.0,M,M,0.0,0.0,0.0,0.0,0.0,0.0,0.0
USC00385290,"LONGTOWN","FAIRFIELD",538,34.35,-80.83,0.0,0.0,0.0,0.0,M,M,M,M,M,M,M,M,M,M,M,M,0.0,M,M,M,M,M,M,M,M,0.0,M,M,M,0.0,M
US1SCHR0019,"LORIS 1.4 ENE","HORRY",109,34.07,-78.87,0.0,0.0,0.0,0.0,0.0,M,0.0,M,M,M,M,M,M,M,M,0.0,M,0.0,0.0,0.0,0.0,0.0,M,M,0.0,0.0,0.0,0.0,M,M,0.0
US1SCHR0033,"LORIS 2.9 WSW","HORRY",109,34.04,-78.94,0.0,0.0,0.0,0.0,0.0,0.0,0.0,M,M,M,M,0.0,M,0.0,0.0,0.0,M,0.0,0.0,0.0,0.0,0.0,M,M,0.0,0.0,0.0,0.0,M,M,0.0
USC00385362,"LUGOFF 2NE","KERSHAW",188,34.25,-80.69,M,0.0,M,0.0,0.0,M,0.0,0.0,0.0,0.0,M,0.0,M,0.0,0.0,M,M,M,M,M,M,M,M,M,M,M,M,M,M,M,M
US1SCSP0011,"LYMAN 4.1 WNW","SPARTANBURG",935,34.96,-82.19,0.0,0.0,0.0,0.0,0.0,0.0,M,M,M,M,M,0.0,0.0,M,0.0,M,M,0.0,0.0,0.0,0.0,0.0,M,M,0.0,0.0,M,M,M,0.0,0.0
US1SCSP0023,"LYMAN 5.3 WNW","SPARTANBURG",879,34.99,-82.21,0.0,0.0,0.0,0.0,0.0,0.0,0.0,M,M,M,M,0.0,0.0,0.0,0.0,M,M,0.0,0.0,0.0,0.0,0.0,M,M,0.0,0.0,0.0,0.0,M,0.0,0.0
US1SCCD0006,"MANNING 1.9 SSE","CLARENDON",123,33.67,-80.20,0.0,0.0,0.0,0.0,0.0,0.0,M,M,M,0.0,0.0,M,M,0.0,0.0,0.0,M,0.0,M,0.0,0.0,0.0,M,M,M,0.0,0.0,0.0,0.0,0.0,M
US1SCCR0010,"MCCLELLANVILLE 0.2 ESE","CHARLESTON",6,33.08,-79.46,0.0,0.0,0.0,0.0,0.0,0.0,0.0,M,0.0,M,0.0,0.0,0.0,0.0,0.0,0.0,0.0,0.0,0.0,0.0,0.0,M,M,M,0.0,0.0,0.0,0.0,M,0.0,0.0
US1SCCR0033,"MCCLELLANVILLE 0.5 ESE","CHARLESTON",7,33.08,-79.46,0.0,0.0,0.0,0.0,0.0,0.0,M,M,0.0,M,0.0,0.0,0.0,0.0,0.0,0.0,M,0.0,0.0,M,0.0,0.0,0.0,M,0.0,0.0,0.0,0.0,M,0.0,0.0
USC00385660,"MCCORMICK","EDGEFIELD",507,33.91,-82.29,0.0,0.0,0.0,0.0,0.0,M,0.0,0.0,0.0,0.0,0.0,0.0,M,0.0,0.0,0.0,0.0,0.0,0.0,0.0,0.0,M,M,M,M,0.0,0.0,0.0,0.0,0.0,0.0
US1SCMC0005,"MCCORMICK 2.3 W","MCCORMICK",468,33.91,-82.33,0.0,0.0,0.0,0.0,0.0,0.0,0.0,M,M,M,M,0.0,0.0,0.0,M,M,0.0,0.0,0.0,0.0,0.0,0.0,M,M,0.0,0.0,0.0,0.0,M,0.0,0.0
US1SCCR0032,"MEGGETT 1.8 W","CHARLESTON",31,32.70,-80.29,M,0.0,M,M,M,M,M,M,M,M,M,M,M,M,M,0.0,M,M,0.0,M,M,M,M,M,0.0,M,M,M,M,M,M
US1SCBK0038,"MONCKS CORNER 3.6 E","BERKELEY",34,33.20,-79.94,0.0,0.0,M,M,0.0,0.0,M,M,M,M,M,0.0,0.0,0.0,M,M,M,0.0,0.0,M,M,M,M,M,0.0,0.0,0.0,0.0,M,M,M
US1SCBK0025,"MONCKS CORNER 7.2 SW","BERKELEY",93,33.11,-80.07,0.0,0.0,0.0,0.0,0.0,0.0,M,M,M,M,M,0.0,0.0,0.0,0.0,0.0,M,0.0,0.0,0.0,0.0,0.0,M,M,0.0,0.0,0.0,0.0,0.0,0.0,0.0
US1SCSP0010,"MOORE 4.9 NW","SPARTANBURG",764,34.88,-82.06,0.0,0.0,0.0,0.0,0.0,0.0,0.0,M,M,M,M,M,M,M,0.0,M,M,0.0,0.0,0.0,0.0,0.0,M,M,0.0,0.0,0.0,0.0,M,0.0,0.0
US1SCCR0099,"MOUNT PLEASANT 1.0 WSW","CHARLESTON",22,32.82,-79.88,0.0,0.0,M,0.0,0.0,M,M,M,M,M,0.0,0.0,0.0,0.0,0.0,0.0,M,0.0,0.0,0.0,0.0,0.0,M,M,0.0,0.0,0.0,0.0,M,0.0,0.0
US1SCCR0094,"MOUNT PLEASANT 2.1 S","CHARLESTON",23,32.79,-79.86,0.0,0.0,M,0.0,0.0,0.0,M,M,M,M,0.0,0.0,0.0,0.0,0.0,0.0,0.0,0.0,0.0,0.0,M,M,M,M,0.0,0.0,0.0,0.0,M,0.0,0.0
US1SCCR0026,"MOUNT PLEASANT 4.1 NE","CHARLESTON",24,32.86,-79.81,M,0.0,M,0.0,0.0,M,M,M,M,M,0.0,M,M,M,M,0.0,M,0.0,0.0,M,0.0,0.0,M,M,0.0,M,M,M,M,0.0,0.0
US1SCCR0113,"MOUNT PLEASANT 4.6 NNE","CHARLESTON",11,32.88,-79.83,M,M,M,M,M,M,M,M,M,M,0.0,M,M,M,M,M,M,M,M,M,M,M,M,M,M,M,0.0,M,M,M,M
US1SCCR0069,"MOUNT PLEASANT 6.4 NE","CHARLESTON",6,32.90,-79.80,0.0,0.0,0.0,0.0,0.0,M,M,M,M,M,M,0.0,0.0,0.0,0.0,0.0,M,0.0,0.0,0.0,0.0,0.0,M,M,0.0,0.0,0.0,0.0,M,0.0,0.0
US1SCCR0106,"MOUNT PLEASANT 6.7 NNE","CHARLESTON",11,32.91,-79.82,0.0,0.0,0.0,0.0,M,M,M,M,M,M,M,M,M,0.0,0.0,0.0,M,0.0,0.0,0.0,0.0,0.0,M,M,0.0,0.0,0.0,0.0,M,0.0,0.0
US1SCLR0007,"MOUNTVILLE 1.6 SE","LAURENS",626,34.35,-81.95,0.0,0.0,0.0,0.0,0.0,0.0,0.0,M,M,M,M,0.0,0.0,0.0,0.0,M,M,0.0,0.0,0.0,0.0,0.0,M,M,0.0,0.0,0.0,0.0,M,M,0.0
US1SCGT0002,"MURRELLS INLET 0.3 SSW","GEORGETOWN",24,33.55,-79.05,0.0,0.0,0.0,0.0,0.0,0.0,M,M,M,M,M,M,0.0,M,M,0.0,M,0.0,M,0.0,M,0.0,M,M,M,0.0,0.0,M,M,M,0.0
US1SCHR0063,"MURRELLS INLET 1.7 N","HORRY",21,33.58,-79.05,0.0,0.0,0.0,0.0,0.0,0.0,M,M,M,M,M,M,M,M,0.0,0.0,M,0.0,0.0,M,M,M,M,M,M,M,M,M,M,M,0.0
US1SCHR0062,"MURRELLS INLET 4.1 N","HORRY",17,33.61,-79.04,0.0,0.0,0.0,0.0,0.0,0.0,M,M,M,M,M,M,M,0.0,0.0,0.0,M,0.0,0.0,0.0,0.0,0.0,M,M,0.0,0.0,0.0,M,M,M,M
US1SCHR0064,"MYRTLE BEACH 2.4 ENE","HORRY",31,33.72,-78.86,0.0,0.0,0.0,0.0,M,M,M,M,M,M,M,0.0,M,0.0,0.0,0.0,M,0.0,0.0,0.0,0.0,0.0,M,M,0.0,0.0,0.0,0.0,M,M,0.0
US1SCHR0020,"MYRTLE BEACH 5.0 NNW","HORRY",35,33.77,-78.91,0.0,0.0,0.0,0.0,0.0,0.0,M,M,M,M,M,0.0,M,0.0,0.0,0.0,M,M,M,0.0,M,0.0,M,M,0.0,0.0,0.0,0.0,M,M,0.0
US1SCHR0046,"MYRTLE BEACH 5.0 WNW","HORRY",29,33.73,-78.97,0.0,M,0.0,0.0,0.0,0.0,M,M,M,M,M,M,M,0.0,0.0,0.0,M,0.0,0.0,0.0,0.0,0.0,M,M,M,0.0,M,0.0,M,M,0.0
US1SCHR0073,"MYRTLE BEACH 5.2 SW","HORRY",30,33.64,-78.96,0.0,0.0,0.0,0.0,0.0,0.0,M,M,M,M,M,0.0,0.0,0.0,M,0.0,M,0.0,0.0,0.0,0.0,0.0,M,M,0.0,0.0,0.0,0.0,M,M,0.0
US1SCHR0067,"MYRTLE BEACH 8.4 WNW","HORRY",16,33.75,-79.02,0.0,0.0,0.0,0.0,0.0,0.0,M,M,M,M,M,0.0,M,0.0,0.0,0.0,M,0.0,0.0,0.0,0.0,0.0,0.0,M,0.0,0.0,0.0,0.0,M,M,0.0
US1SCOR0026,"NEESES 4.0 ESE","ORANGEBURG",335,33.52,-81.06,0.0,0.0,0.0,0.0,0.0,0.0,M,M,M,M,M,M,M,0.0,0.0,M,M,0.0,0.0,0.0,0.0,M,M,M,0.0,0.0,0.0,0.0,0.0,0.0,0.0
US1SCNW0013,"NEWBERRY 1.0 N","NEWBERRY",506,34.29,-81.61,M,0.0,0.0,M,M,M,M,M,M,M,M,M,0.0,M,M,M,M,M,0.0,M,0.0,0.0,M,M,0.0,0.0,0.0,0.0,M,M,M
US1SCOR0035,"NORTH 5.1 NE","ORANGEBURG",324,33.66,-81.03,0.0,0.0,0.0,0.0,0.0,0.0,M,M,M,0.0,M,M,0.0,M,M,0.0,M,0.0,0.0,0.0,0.0,0.0,M,M,0.0,0.0,0.0,0.0,M,0.0,0.0
US1SCAK0039,"NORTH AUGUSTA 1.5 WSW","AIKEN",274,33.51,-81.98,0.0,0.0,0.0,0.0,0.0,0.0,0.0,M,M,0.0,M,0.0,0.0,0.0,0.0,0.0,0.0,0.0,0.0,0.0,0.0,0.0,M,M,0.0,0.0,0.0,M,0.0,0.0,0.0
US1SCAK0071,"NORTH AUGUSTA 3.5 ENE","AIKEN",400,33.54,-81.90,0.0,0.0,0.0,0.0,0.0,M,0.0,M,M,M,M,M,0.0,0.0,M,0.0,0.0,0.0,0.0,M,M,M,M,M,0.0,0.0,M,M,M,0.0,0.0
US1SCCR0034,"NORTH CHARLESTON 2.6 NW","CHARLESTON",36,32.93,-80.07,0.0,0.0,0.0,0.0,0.0,0.0,M,M,M,M,M,0.0,0.0,0.0,0.0,0.0,M,0.0,0.0,0.0,0.0,0.0,M,M,0.0,0.0,0.0,0.0,M,0.0,0.0
US1SCDC0003,"NORTH CHARLESTON 2.9 WNW","DORCHESTER",34,32.93,-80.08,0.0,0.0,0.0,0.0,0.0,0.0,M,M,M,M,M,0.0,0.0,0.0,0.0,0.0,M,0.0,0.0,0.0,0.0,0.0,M,M,0.0,0.0,0.0,0.0,M,0.0,0.0
US1SCCR0078,"NORTH CHARLESTON 3.1 ESE","CHARLESTON",13,32.89,-79.99,0.0,0.0,0.0,0.0,0.0,0.0,M,M,M,M,M,M,0.0,0.0,0.0,0.0,M,0.0,0.0,0.0,0.0,0.0,M,M,0.0,0.0,0.0,0.0,M,0.0,0.0
US1SCCR0030,"NORTH CHARLESTON 3.5 N","CHARLESTON",46,32.96,-80.06,0.0,0.0,0.0,0.0,0.0,M,M,M,M,M,M,0.0,0.0,0.0,0.0,0.0,M,0.0,0.0,0.0,0.0,0.0,M,M,0.0,0.0,0.0,M,M,0.0,0.0
US1SCCR0049,"NWS CHARLESTON SC","CHARLESTON",53,32.89,-80.03,0.0,0.0,0.0,0.0,0.0,0.0,M,M,M,M,M,0.0,0.0,0.0,0.0,0.0,M,0.0,0.0,0.0,0.0,0.0,M,M,0.0,0.0,0.0,0.0,M,0.0,0.0
US1SCLX0007,"OAK GROVE 1.4 N","LEXINGTON",328,34.00,-81.14,0.0,0.0,0.0,M,0.0,M,M,M,M,M,M,M,M,M,M,M,M,0.0,0.0,0.0,0.0,0.0,M,M,0.0,0.0,0.0,0.0,M,0.0,0.0
US1SCBF0039,"OKATIE 6.9 ENE","BEAUFORT",6,32.33,-80.84,0.0,0.0,M,M,0.0,0.0,M,M,M,M,M,0.0,0.0,0.0,0.0,0.0,0.0,0.0,0.0,0.0,0.0,M,M,M,M,M,0.0,0.0,0.0,0.0,0.0
US1SCBF0032,"OKATIE 7.2 ENE","BEAUFORT",16,32.34,-80.84,0.0,0.0,0.0,0.0,0.0,0.0,M,0.0,M,M,M,0.0,0.0,0.0,0.0,0.0,M,0.0,0.0,0.0,0.0,0.0,M,M,0.0,0.0,0.0,0.0,0.0,0.0,0.0
US1SCBF0036,"OKATIE 7.6 NE","BEAUFORT",14,32.37,-80.85,0.0,0.0,0.0,0.0,0.0,0.0,M,0.0,M,M,M,0.0,0.0,0.0,0.0,0.0,M,0.0,0.0,0.0,0.0,0.0,M,M,0.0,0.0,0.0,0.0,0.0,0.0,0.0
US1SCOR0009,"ORANGEBURG 0.3 ENE","ORANGEBURG",210,33.50,-80.86,0.0,0.0,0.0,0.0,0.0,0.0,M,M,M,M,M,0.0,0.0,0.0,0.0,0.0,0.0,0.0,0.0,0.0,0.0,M,M,M,0.0,0.0,0.0,0.0,0.0,0.0,0.0
US1SCOR0037,"ORANGEBURG 0.4 NNW","ORANGEBURG",214,33.50,-80.87,0.0,0.0,0.0,0.0,0.0,0.0,0.0,M,M,0.0,M,0.0,0.0,0.0,0.0,0.0,M,0.0,0.0,0.0,0.0,0.0,M,M,0.0,0.0,0.0,0.0,M,0.0,0.0
US1SCOR0027,"ORANGEBURG 1.7 NW","ORANGEBURG",215,33.51,-80.88,M,M,M,M,M,M,M,M,0.0,M,M,M,M,M,M,M,M,M,M,M,M,M,M,M,M,M,M,M,M,M,M
USC00386527,"ORANGEBURG 2","ORANGEBURG",180,33.49,-80.87,M,M,M,M,M,M,M,0.0,0.0,M,M,M,M,M,M,M,0.0,0.0,M,M,M,M,M,0.0,0.0,0.0,M,M,M,M,M
US1SCOR0017,"ORANGEBURG 3.2 NW","ORANGEBURG",205,33.52,-80.91,M,M,M,M,M,M,M,M,M,M,M,M,M,M,M,M,M,M,0.0,0.0,0.0,0.0,M,M,0.0,0.0,0.0,0.0,M,0.0,0.0
US1SCBF0053,"PARRIS ISLAND 1.7 N","BEAUFORT",13,32.35,-80.69,0.0,0.0,0.0,M,0.0,0.0,M,M,M,M,0.0,0.0,0.0,M,0.0,0.0,M,0.0,0.0,0.0,0.0,0.0,M,M,0.0,0.0,0.0,0.0,0.0,0.0,0.0
US1SCSP0054,"PAULINE 4.5 SSE","SPARTANBURG",682,34.77,-81.86,0.0,0.0,0.0,M,M,0.0,0.0,M,M,M,0.0,0.0,0.0,0.0,M,M,M,M,M,M,0.0,0.0,M,M,M,M,M,0.0,M,0.0,0.0
US1SCGT0024,"PAWLEYS ISLAND 2.6 N","GEORGETOWN",19,33.46,-79.12,0.0,0.0,0.0,0.0,0.0,0.0,M,M,M,M,M,0.0,0.0,0.0,0.0,0.0,M,0.0,0.0,0.0,0.0,0.0,M,M,0.0,0.0,M,M,M,0.0,0.0
US1SCGT0018,"PAWLEYS ISLAND 2.7 W","GEORGETOWN",22,33.43,-79.17,0.0,0.0,0.0,0.0,M,M,M,M,0.0,M,M,M,M,M,0.0,0.0,M,0.0,0.0,0.0,0.0,0.0,M,M,0.0,0.0,0.0,0.0,M,M,0.0
US1SCGT0009,"PAWLEYS ISLAND 5.6 NNE","GEORGETOWN",9,33.49,-79.08,0.0,0.0,0.0,0.0,0.0,0.0,M,M,M,M,M,0.0,M,M,0.0,0.0,M,0.0,0.0,0.0,0.0,0.0,M,M,0.0,0.0,0.0,0.0,M,M,0.0
US1SCLX0122,"PELION 4.7 W","LEXINGTON",417,33.79,-81.33,0.0,0.0,0.0,M,0.0,0.0,0.0,M,M,M,M,0.0,0.0,0.0,0.0,0.0,M,0.0,0.0,0.0,0.0,0.0,M,M,0.0,0.0,0.0,0.0,0.0,0.0,0.0
US1SCAN0043,"PENDLETON 0.8 NNW","ANDERSON",830,34.66,-82.79,M,M,M,M,M,M,M,M,M,M,M,0.0,0.0,M,M,M,M,0.0,0.0,0.0,0.0,0.0,M,M,M,M,M,0.0,M,M,M
USC00386831,"PICKENS","PICKENS",1162,34.88,-82.72,0.0,0.0,0.0,0.0,0.0,0.0,0.0,0.0,0.0,0.0,0.0,0.0,0.0,0.0,0.0,0.0,0.0,0.0,0.0,0.0,0.0,0.0,0.0,0.0,0.0,0.0,0.0,0.0,0.0,0.0,0.0
US1SCPC0001,"PICKENS 6.9 W","PICKENS",1065,34.90,-82.83,0.0,0.0,0.0,0.0,0.0,0.0,0.0,M,M,M,M,0.0,0.0,0.0,0.0,M,0.0,0.0,0.0,0.0,0.0,0.0,M,M,0.0,0.0,0.0,M,M,M,0.0
US1SCBK0029,"PINEVILLE 0.3 SSE","BERKELEY",77,33.42,-80.03,0.0,0.0,0.0,0.0,0.0,0.0,0.0,M,M,M,0.0,0.0,M,0.0,0.0,0.0,M,0.0,0.0,0.0,0.0,0.0,M,M,0.0,0.0,0.0,0.0,M,0.0,0.0
US1SCAN0020,"POWDERSVILLE 0.5 SSE","ANDERSON",984,34.78,-82.49,0.0,0.0,0.0,0.0,0.0,0.0,0.0,0.0,M,M,0.0,0.0,0.0,0.0,0.0,M,0.0,0.0,0.0,0.0,0.0,0.0,M,M,0.0,0.0,0.0,0.0,M,0.0,0.0
US1SCNW0008,"PROSPERITY 2.8 SE","NEWBERRY",596,34.18,-81.50,M,M,M,M,M,M,M,0.0,M,M,M,M,M,M,M,M,M,M,M,M,M,M,M,M,M,M,M,M,M,M,M
US1SCCR0092,"RAVENEL 2.0 WNW","CHARLESTON",48,32.79,-80.26,0.0,0.0,0.0,M,0.0,0.0,M,0.0,M,M,M,M,0.0,0.0,0.0,0.0,M,0.0,0.0,0.0,0.0,0.0,M,M,0.0,0.0,0.0,M,M,M,0.0
US1SCDC0018,"REEVESVILLE 1.0 SSE","DORCHESTER",91,33.19,-80.64,0.0,0.0,0.0,0.0,0.0,0.0,M,0.0,M,0.0,M,0.0,M,0.0,0.0,0.0,0.0,0.0,0.0,0.0,0.0,0.0,M,M,0.0,0.0,0.0,0.0,0.0,0.0,0.0
US1SCSL0010,"RIDGE SPRING 0.4 SSW","SALUDA",633,33.84,-81.67,M,M,M,M,M,0.0,M,M,M,M,M,M,M,M,M,M,M,M,M,M,M,M,M,M,M,M,M,M,M,M,M
US1SCJS0003,"RIDGELAND 5.8 ESE","JASPER",10,32.45,-80.89,0.0,0.0,0.0,0.0,0.0,0.0,M,0.0,M,M,M,0.0,0.0,M,0.0,0.0,M,0.0,0.0,0.0,0.0,0.0,M,M,0.0,0.0,0.0,0.0,0.0,0.0,0.0
US1SCYR0031,"ROCK HILL 2.8 W","YORK",639,34.94,-81.08,0.0,0.0,0.0,0.0,0.0,0.0,0.0,M,M,M,M,M,M,M,M,M,0.0,0.0,0.0,0.0,0.0,0.0,M,M,M,M,0.0,0.0,M,M,0.0
US1SCYR0026,"ROCK HILL 3.1 N","YORK",594,34.98,-81.03,M,M,M,M,M,M,M,M,M,M,M,M,M,M,M,M,M,M,M,M,M,M,M,M,0.0,M,M,M,M,M,M
US1SCYR0045,"ROCK HILL 3.5 NNW","YORK",652,34.99,-81.05,M,0.0,0.0,0.0,0.0,0.0,M,M,M,M,M,0.0,M,0.0,M,M,M,0.0,0.0,0.0,M,M,M,M,0.0,M,M,M,M,M,0.0
US1SCYR0007,"ROCK HILL 4.1 WNW","YORK",660,34.97,-81.09,0.0,0.0,0.0,0.0,0.0,M,0.0,M,M,0.0,M,0.0,M,0.0,0.0,M,M,0.0,0.0,0.0,0.0,0.0,M,M,0.0,0.0,0.0,0.0,M,M,0.0
US1SCYR0040,"ROCK HILL 5.8 WNW","YORK",708,34.99,-81.11,0.0,0.0,0.0,0.0,0.0,0.0,0.0,M,M,M,0.0,0.0,M,0.0,0.0,M,0.0,0.0,0.0,0.0,0.0,0.0,M,M,0.0,0.0,0.0,0.0,0.0,0.0,0.0
US1SCOC0004,"SALEM 3.1 WNW","OCONEE",1123,34.91,-83.03,0.0,0.0,0.0,0.0,0.0,0.0,0.0,0.0,0.0,0.0,0.0,0.0,0.0,0.0,0.0,0.0,0.0,0.0,0.0,0.0,0.0,0.0,0.0,0.0,0.0,0.0,0.0,0.0,M,0.0,0.0
US1SCOC0060,"SALEM 3.8 E","OCONEE",880,34.89,-82.91,M,M,0.0,0.0,0.0,0.0,0.0,M,M,M,M,0.0,0.0,M,M,M,M,M,M,M,0.0,0.0,M,M,0.0,0.0,0.0,M,M,M,0.0
US1SCOC0047,"SALEM 4.3 ENE","OCONEE",849,34.91,-82.91,0.0,0.0,0.0,0.0,0.0,0.0,0.0,M,M,M,0.0,0.0,0.0,0.0,0.0,M,0.0,0.0,0.0,0.0,0.0,0.0,M,M,0.0,0.0,0.0,0.0,M,M,0.0
US1SCOC0040,"SALEM 5.0 SSE","OCONEE",881,34.83,-82.94,0.0,0.0,0.0,0.0,0.0,0.0,0.0,M,M,M,0.0,0.0,0.0,0.0,0.0,M,0.0,0.0,0.0,0.0,0.0,0.0,M,0.0,0.0,0.0,0.0,M,M,0.0,0.0
US1SCOC0052,"SALEM 5.8 SSE","OCONEE",842,34.82,-82.92,0.0,0.0,0.0,0.0,0.0,0.0,0.0,M,M,0.0,0.0,0.0,0.0,0.0,M,0.0,0.0,0.0,0.0,0.0,0.0,0.0,M,0.0,0.0,0.0,0.0,M,0.0,0.0,0.0
US1SCOC0063,"SALEM 6.9 SSE","OCONEE",816,34.81,-82.91,M,M,0.0,0.0,0.0,0.0,0.0,M,M,M,0.0,0.0,0.0,M,0.0,M,0.0,0.0,0.0,0.0,0.0,0.0,M,M,0.0,0.0,0.0,M,M,0.0,0.0
US1SCAK0073,"SALLEY 4.9 NNE","AIKEN",388,33.63,-81.28,0.0,0.0,0.0,0.0,0.0,0.0,M,M,M,M,M,M,0.0,M,M,M,0.0,0.0,0.0,0.0,0.0,0.0,M,M,M,0.0,0.0,0.0,0.0,0.0,0.0
USC00387631,"SALUDA","SALUDA",480,34.00,-81.77,0.0,0.0,0.0,0.0,0.0,M,0.0,M,0.0,0.0,0.0,0.0,M,0.0,0.0,0.0,0.0,0.0,0.0,0.0,0.0,M,M,M,M,0.0,0.0,0.0,0.0,0.0,0.0
US1SCSL0006,"SALUDA 3.5 ENE","SALUDA",406,34.02,-81.72,M,0.0,0.0,0.0,0.0,0.0,0.0,M,M,M,0.0,0.0,0.0,0.0,0.0,0.0,M,0.0,0.0,0.0,0.0,0.0,M,M,0.0,0.0,0.0,0.0,M,M,0.0
US1SCSL0002,"SALUDA 6.1 SW","SALUDA",525,33.95,-81.86,0.0,0.0,0.0,0.0,0.0,0.0,0.0,M,M,0.0,0.0,0.0,0.0,M,0.0,M,M,0.0,0.0,0.0,0.0,0.0,M,M,0.0,0.0,0.0,0.0,M,0.0,0.0
USC00387666,"SANDHILL RESEARCH - ELGIN","RICHLAND",440,34.13,-80.87,M,0.0,M,M,0.0,M,M,M,0.0,0.0,0.0,0.0,M,M,M,0.0,0.0,0.0,0.0,0.0,M,M,M,M,M,0.0,0.0,M,M,0.0,0.0
USC00387687,"SANDY SPRINGS 2 NE","ANDERSON",765,34.61,-82.73,0.0,0.0,0.0,0.0,0.0,0.0,0.0,0.0,0.0,0.0,0.0,0.0,0.0,0.0,0.0,0.0,0.0,0.0,0.0,0.0,0.0,0.0,0.0,0.0,0.0,0.0,0.0,0.0,0.0,0.0,0.0
US1SCGV0027,"SANS SOUCI 3.3 ENE","GREENVILLE",1185,34.92,-82.38,0.0,0.0,0.0,0.0,0.0,0.0,0.0,M,M,M,M,M,0.0,0.0,0.0,M,0.0,0.0,0.0,0.0,0.0,0.0,M,M,0.0,0.0,0.0,0.0,M,0.0,0.0
USC00387722,"SANTUCK","UNION",520,34.63,-81.52,0.0,0.0,0.0,0.0,0.0,0.0,0.0,0.0,0.0,0.0,0.0,0.0,0.0,0.0,0.0,0.0,0.0,0.0,0.0,0.0,0.0,0.0,0.0,0.0,0.0,0.0,0.0,0.0,0.0,0.0,0.0
US1SCOC0020,"SENECA 1.4 E","OCONEE",982,34.69,-82.93,0.0,0.0,0.0,0.0,0.0,0.0,0.0,M,M,M,M,M,M,M,M,M,M,M,M,M,M,M,M,M,M,M,M,M,M,M,M
US1SCOC0046,"SENECA 2.2 NNE","OCONEE",849,34.71,-82.94,0.0,0.0,0.0,0.0,0.0,M,0.0,M,M,M,0.0,0.0,0.0,0.0,0.0,M,0.0,0.0,0.0,0.0,0.0,0.0,M,M,0.0,0.0,0.0,M,M,0.0,0.0
US1SCOC0041,"SENECA 2.3 NNW","OCONEE",835,34.72,-82.97,M,0.0,0.0,0.0,0.0,0.0,M,0.0,0.0,M,M,M,M,M,0.0,M,M,0.0,0.0,M,0.0,M,M,M,0.0,0.0,M,0.0,M,M,0.0
US1SCOC0053,"SENECA 2.5 NNW","OCONEE",888,34.72,-82.98,0.0,0.0,0.0,0.0,0.0,0.0,0.0,M,M,M,M,0.0,0.0,0.0,0.0,M,0.0,0.0,0.0,0.0,0.0,0.0,M,M,M,0.0,0.0,M,M,M,0.0
US1SCOC0030,"SENECA 2.6 WSW","OCONEE",905,34.67,-83.00,0.0,M,M,0.0,0.0,0.0,M,M,M,M,M,M,M,M,0.0,M,M,0.0,M,M,0.0,M,M,M,0.0,M,M,M,M,M,M
US1SCOC0023,"SENECA 3.7 NNW","OCONEE",870,34.73,-82.99,0.0,0.0,0.0,0.0,0.0,0.0,0.0,M,M,0.0,0.0,0.0,M,0.0,0.0,M,0.0,0.0,0.0,0.0,0.0,0.0,M,M,0.0,0.0,M,M,M,M,M
US1SCOC0050,"SENECA 4.2 N","OCONEE",853,34.75,-82.95,0.0,0.0,M,M,M,M,M,M,M,M,0.0,0.0,M,0.0,0.0,M,0.0,0.0,0.0,0.0,0.0,0.0,M,M,M,M,M,M,M,M,M
US1SCOC0007,"SENECA 4.9 N","OCONEE",919,34.76,-82.96,0.0,0.0,0.0,0.0,0.0,0.0,0.0,M,M,M,0.0,0.0,0.0,0.0,0.0,M,0.0,0.0,0.0,0.0,0.0,0.0,M,M,0.0,0.0,0.0,0.0,M,M,M
US1SCOC0032,"SENECA 5.7 ENE","OCONEE",868,34.73,-82.87,0.0,0.0,0.0,0.0,0.0,0.0,0.0,M,M,M,M,0.0,0.0,0.0,0.0,M,0.0,0.0,0.0,0.0,0.0,0.0,M,M,0.0,0.0,0.0,0.0,M,0.0,0.0
US1SCOC0056,"SENECA 6.1 N","OCONEE",853,34.77,-82.97,M,M,0.0,M,M,M,M,M,M,M,0.0,M,M,M,M,M,M,M,M,M,M,M,M,M,M,M,M,M,M,M,M
US1SCGV0051,"SIMPSONVILLE 2.7 W","GREENVILLE",848,34.74,-82.31,0.0,M,M,M,M,M,M,M,M,M,M,M,M,M,M,M,M,M,M,M,M,M,M,M,M,M,M,M,M,M,M
US1SCGV0020,"SIMPSONVILLE 5.4 N","GREENVILLE",892,34.81,-82.26,0.0,0.0,0.0,0.0,0.0,0.0,0.0,0.0,M,M,M,0.0,0.0,0.0,0.0,M,M,0.0,0.0,0.0,0.0,0.0,M,M,0.0,0.0,0.0,0.0,M,0.0,0.0
US1SCPC0033,"SIX MILE 3.4 WNW","PICKENS",842,34.82,-82.88,0.0,0.0,0.0,0.0,M,M,0.0,M,M,M,M,0.0,0.0,0.0,0.0,M,0.0,0.0,0.0,0.0,M,0.0,M,M,M,0.0,0.0,0.0,M,0.0,M
US1SCPC0034,"SIX MILE 3.5 W","PICKENS",823,34.82,-82.88,M,M,M,M,M,M,M,M,M,M,M,M,M,M,M,M,0.0,0.0,0.0,0.0,0.0,0.0,M,M,0.0,0.0,0.0,0.0,M,M,0.0
US1SCPC0032,"SIX MILE 4.3 NW","PICKENS",816,34.85,-82.87,0.0,0.0,0.0,0.0,0.0,0.0,0.0,M,M,M,0.0,0.0,0.0,M,M,M,0.0,0.0,0.0,0.0,0.0,0.0,M,M,0.0,0.0,0.0,0.0,M,0.0,0.0
US1SCGV0081,"SLATER-MARIETTA 6.4 NW","GREENVILLE",1080,35.11,-82.56,0.0,0.0,0.0,0.0,0.0,0.0,0.0,M,M,M,M,0.0,M,M,0.0,M,0.0,0.0,0.0,0.0,0.0,0.0,M,0.0,0.0,0.0,0.0,0.0,M,0.0,0.0
US1SCCL0005,"SMOAKS 0.1 ESE","COLLETON",115,33.09,-80.81,0.0,0.0,0.0,0.0,0.0,0.0,0.0,M,M,0.0,0.0,0.0,M,0.0,0.0,0.0,0.0,0.0,0.0,0.0,0.0,0.0,M,M,0.0,0.0,0.0,0.0,0.0,0.0,0.0
US1SCSP0026,"SPARTANBURG 2.6 ENE","SPARTANBURG",756,34.96,-81.89,M,M,M,M,M,M,M,M,M,M,M,M,M,M,M,M,M,M,M,M,M,M,M,M,M,M,M,M,M,M,0.0
USC00388188,"SPARTANBURG 3 SSE","SPARTANBURG",610,34.91,-81.91,0.0,0.0,0.0,0.0,0.0,0.0,0.0,0.0,0.0,0.0,0.0,0.0,0.0,0.0,0.0,0.0,0.0,0.0,0.0,0.0,0.0,0.0,0.0,0.0,0.0,0.0,0.0,0.0,0.0,0.0,0.0
US1SCSP0025,"SPARTANBURG 3.4 ENE","SPARTANBURG",702,34.96,-81.87,0.0,0.0,0.0,0.0,0.0,0.0,0.0,M,M,M,M,0.0,0.0,M,M,M,M,0.0,0.0,0.0,0.0,0.0,M,M,0.0,0.0,0.0,M,M,0.0,0.0
US1SCSP0028,"SPARTANBURG 5.1 WSW","SPARTANBURG",829,34.93,-82.02,0.0,0.0,0.0,0.0,0.0,0.0,0.0,M,M,M,M,0.0,0.0,M,0.0,M,0.0,0.0,0.0,0.0,0.0,0.0,M,M,0.0,0.0,0.0,0.0,M,M,0.0
US1SCAN0022,"STARR 2.0 SSE","ANDERSON",738,34.35,-82.68,0.0,0.0,0.0,0.0,0.0,0.0,0.0,0.0,M,M,M,M,0.0,0.0,0.0,M,0.0,0.0,0.0,0.0,0.0,0.0,M,M,0.0,0.0,0.0,0.0,M,0.0,0.0
US1SCCD0001,"SUMMERTON 8.4 SE","CLARENDON",77,33.53,-80.24,0.0,0.0,0.0,0.0,0.0,0.0,0.0,M,M,M,M,0.0,M,0.0,0.0,0.0,M,0.0,0.0,0.0,0.0,0.0,0.0,M,0.0,0.0,0.0,0.0,0.0,0.0,0.0
US1SCDC0036,"SUMMERVILLE 1.4 SSW","DORCHESTER",46,32.99,-80.18,0.0,0.0,0.0,0.0,0.0,0.0,M,M,M,M,0.0,M,0.0,0.0,0.0,0.0,M,0.0,0.0,0.0,0.0,0.0,M,M,0.0,0.0,0.0,0.0,0.0,0.0,0.0
US1SCDC0041,"SUMMERVILLE 1.9 N","DORCHESTER",80,33.03,-80.17,0.0,M,M,M,0.0,0.0,M,M,M,M,M,M,0.0,0.0,0.0,M,M,M,M,M,M,M,M,M,M,0.0,M,M,M,M,0.0
US1SCBK0016,"SUMMERVILLE 3.3 NE","BERKELEY",79,33.03,-80.14,0.0,0.0,0.0,0.0,M,M,M,M,M,M,M,M,0.0,0.0,0.0,0.0,M,M,0.0,0.0,0.0,0.0,M,M,M,0.0,0.0,0.0,M,0.0,0.0
US1SCDC0042,"SUMMERVILLE 4.8 WSW","DORCHESTER",64,32.98,-80.26,0.0,0.0,M,M,M,M,M,M,M,M,M,M,M,M,M,M,M,M,0.0,0.0,0.0,M,M,M,0.0,0.0,0.0,0.0,0.0,0.0,0.0
US1SCBK0046,"SUMMERVILLE 5.5 NNW","BERKELEY",61,33.08,-80.22,0.0,0.0,0.0,0.0,0.0,0.0,M,M,M,M,M,M,0.0,0.0,0.0,0.0,M,0.0,0.0,0.0,0.0,0.0,M,M,0.0,0.0,0.0,0.0,0.0,0.0,0.0
US1SCBK0030,"SUMMERVILLE 9.1 NNE","BERKELEY",98,33.12,-80.10,0.0,0.0,0.0,0.0,0.0,0.0,M,M,M,M,M,0.0,0.0,0.0,0.0,0.0,M,0.0,M,M,0.0,0.0,M,M,M,M,0.0,0.0,0.0,0.0,M
US1SCSM0001,"SUMTER 1.3 SE","SUMTER",184,33.93,-80.37,0.0,0.0,0.0,0.0,0.0,0.0,0.0,M,M,M,M,M,0.0,M,0.0,0.0,M,0.0,0.0,0.0,0.0,0.0,M,M,0.0,0.0,0.0,0.0,M,0.0,0.0
US1SCSM0016,"SUMTER 6.8 NNE","SUMTER",166,34.03,-80.33,0.0,0.0,0.0,0.0,0.0,0.0,0.0,M,M,M,M,0.0,M,M,0.0,0.0,M,0.0,0.0,0.0,0.0,0.0,M,M,0.0,0.0,0.0,0.0,0.0,0.0,0.0
US1SCHR0039,"SURFSIDE BEACH 1.0 NE","HORRY",15,33.62,-78.97,0.0,0.0,0.0,0.0,0.0,0.0,0.0,M,M,M,0.0,0.0,0.0,0.0,0.0,0.0,M,0.0,0.0,0.0,0.0,0.0,M,M,0.0,0.0,0.0,0.0,M,M,0.0
US1SCLX0081,"SWANSEA 5.8 ENE","LEXINGTON",388,33.76,-81.01,M,M,M,M,M,M,M,M,M,M,M,0.0,M,M,M,M,M,M,M,M,M,M,M,M,M,M,M,M,M,M,M
USC00388472,"TABLE ROCK","PICKENS",1020,35.02,-82.69,0.0,0.0,0.0,0.0,0.0,0.0,0.0,0.0,0.0,0.0,0.0,0.0,0.0,0.0,0.0,0.0,0.0,0.0,0.0,0.0,0.0,0.0,0.0,0.0,0.0,0.0,0.0,0.0,0.0,0.0,0.0
US1SCGV0006,"TAYLORS 2.8 NNW","GREENVILLE",945,34.95,-82.34,M,0.0,0.0,M,0.0,0.0,M,M,M,M,M,0.0,0.0,0.0,0.0,M,M,0.0,0.0,0.0,M,M,M,M,M,M,M,M,M,0.0,0.0
US1SCGV0009,"TAYLORS 4.6 N","GREENVILLE",994,34.98,-82.30,0.0,0.0,0.0,0.0,0.0,0.0,0.0,0.0,0.0,0.0,0.0,0.0,0.0,0.0,0.0,0.0,0.0,0.0,0.0,0.0,0.0,0.0,0.0,0.0,0.0,0.0,0.0,0.0,0.0,0.0,0.0
US1SCGV0060,"TAYLORS 6.1 NNW","GREENVILLE",1013,35.00,-82.35,M,M,M,M,M,M,M,M,M,M,M,M,M,0.0,0.0,M,M,M,M,M,M,M,M,M,M,M,M,M,M,0.0,M
US1SCYR0013,"TEGA CAY 1.6 ESE","YORK",566,35.03,-80.99,0.0,0.0,0.0,0.0,0.0,0.0,0.0,M,M,M,0.0,0.0,M,0.0,0.0,0.0,M,0.0,0.0,0.0,0.0,0.0,M,M,0.0,0.0,0.0,0.0,M,M,M
US1SCAN0013,"TOWNVILLE 2.7 ESE","ANDERSON",747,34.55,-82.85,0.0,0.0,0.0,0.0,0.0,0.0,0.0,M,M,M,M,0.0,0.0,M,M,M,0.0,0.0,0.0,0.0,0.0,0.0,M,M,0.0,0.0,0.0,M,M,0.0,0.0
USC00388706,"TRAVELERS REST 2NE","GREENVILLE",1050,34.98,-82.40,0.0,0.0,0.0,0.0,0.0,0.0,0.0,0.0,0.0,0.0,0.0,0.0,0.0,0.0,0.0,0.0,0.0,0.0,0.0,0.0,0.0,0.0,0.0,0.0,0.0,0.0,0.0,0.0,0.0,0.0,0.0
US1SCGV0080,"TRAVELERS REST 7.6 N","GREENVILLE",1161,35.08,-82.43,0.0,0.0,M,M,M,M,M,M,M,M,M,M,0.0,0.0,0.0,M,M,0.0,0.0,0.0,0.0,0.0,M,M,M,M,M,M,M,M,0.0
US1SCGV0007,"TRAVELERS REST 8.9 N","GREENVILLE",1219,35.09,-82.41,0.0,0.0,0.0,0.0,0.0,0.0,0.0,M,M,M,M,0.0,0.0,0.0,0.0,M,0.0,0.0,0.0,0.0,0.0,0.0,M,M,0.0,0.0,0.0,0.0,M,0.0,0.0
US1SCED0002,"TRENTON 6.3 SSW","EDGEFIELD",558,33.65,-81.87,0.0,0.0,0.0,0.0,0.0,0.0,0.0,M,M,0.0,M,0.0,0.0,0.0,M,0.0,M,0.0,0.0,0.0,0.0,0.0,M,M,0.0,M,0.0,M,M,0.0,M
US1SCED0013,"TRENTON 6.5 SSW","EDGEFIELD",559,33.66,-81.89,0.0,0.0,0.0,0.0,0.0,0.0,M,M,M,0.0,M,M,M,M,M,M,M,0.0,M,M,M,0.0,M,M,0.0,M,0.0,0.0,M,0.0,0.0
US1SCUN0001,"UNION 2.3 NNE","UNION",623,34.76,-81.61,0.0,0.0,0.0,0.0,0.0,0.0,0.0,M,M,M,0.0,M,0.0,M,M,M,M,0.0,0.0,0.0,0.0,0.0,M,M,0.0,0.0,0.0,0.0,M,0.0,0.0
USC00388786,"UNION 8 S","UNION",480,34.61,-81.66,0.0,0.0,0.0,0.0,0.0,0.0,0.0,0.0,0.0,0.0,0.0,0.0,0.0,0.0,0.0,0.0,0.0,0.0,0.0,0.0,0.0,0.0,0.0,0.0,0.0,0.0,0.0,0.0,0.0,0.0,0.0
US1SCHM0006,"VARNVILLE 6.7 SW","HAMPTON",106,32.78,-81.15,0.0,0.0,0.0,0.0,0.0,0.0,0.0,0.0,0.0,0.0,M,0.0,0.0,0.0,0.0,0.0,0.0,0.0,0.0,0.0,0.0,0.0,0.0,M,0.0,0.0,0.0,0.0,0.0,0.0,0.0
US1SCCR0098,"WADMALAW ISLAND 2.3 SSW","CHARLESTON",18,32.63,-80.20,0.0,0.0,M,M,M,M,M,M,M,M,M,0.0,0.0,0.0,0.0,0.0,M,0.0,0.0,0.0,0.0,0.0,M,M,0.0,0.0,0.0,0.0,0.0,0.0,0.0
USC00388887,"WALHALLA","OCONEE",980,34.75,-83.08,0.0,0.0,0.0,0.0,0.0,0.0,0.0,0.0,0.0,0.0,0.0,0.0,0.0,0.0,0.0,0.0,0.0,0.0,0.0,0.0,0.0,0.0,0.0,0.0,0.0,0.0,0.0,0.0,0.0,0.0,0.0
US1SCCL0003,"WALTERBORO 3.0 NNW","COLLETON",65,32.94,-80.68,0.0,0.0,0.0,0.0,0.0,0.0,M,M,M,M,0.0,0.0,0.0,0.0,0.0,0.0,M,0.0,0.0,0.0,0.0,0.0,M,M,M,M,0.0,0.0,0.0,0.0,0.0
USC00388951,"WARE SHOALS 2","GREENWOOD",620,34.40,-82.25,0.0,0.0,0.0,0.0,0.0,0.0,0.0,0.0,0.0,0.0,0.0,0.0,0.0,0.0,0.0,0.0,0.0,0.0,0.0,0.0,0.0,0.0,0.0,0.0,0.0,0.0,0.0,0.0,0.0,0.0,0.0
US1SCSP0066,"WELLFORD 2.8 ENE","SPARTANBURG",883,34.98,-82.05,0.0,0.0,0.0,0.0,0.0,0.0,0.0,M,M,M,M,0.0,0.0,M,0.0,M,0.0,0.0,0.0,0.0,0.0,0.0,M,M,0.0,0.0,0.0,0.0,M,M,0.0
US1SCLX0098,"WEST COLUMBIA 5.9 WSW","LEXINGTON",325,33.95,-81.17,0.0,0.0,0.0,0.0,0.0,0.0,0.0,M,M,0.0,0.0,0.0,0.0,0.0,0.0,M,0.0,0.0,0.0,0.0,0.0,0.0,M,M,0.0,0.0,0.0,0.0,0.0,0.0,0.0
US1SCLX0054,"WEST COLUMBIA 6.5 WSW","LEXINGTON",313,33.95,-81.18,0.0,0.0,0.0,0.0,0.0,0.0,0.0,M,M,0.0,M,0.0,0.0,0.0,0.0,0.0,M,0.0,0.0,0.0,0.0,0.0,M,M,0.0,0.0,0.0,0.0,0.0,0.0,0.0
USC00389122,"WEST PELZER","ANDERSON",735,34.64,-82.45,0.0,0.0,0.0,0.0,0.0,0.0,0.0,0.0,0.0,0.0,0.0,0.0,0.0,0.0,0.0,0.0,0.0,0.0,0.0,0.0,0.0,0.0,0.0,0.0,0.0,0.0,0.0,0.0,0.0,0.0,0.0
US1SCOC0070,"WESTMINSTER 6.0 WNW","OCONEE",1014,34.70,-83.19,0.0,0.0,0.0,0.0,0.0,0.0,0.0,M,M,M,0.0,0.0,0.0,0.0,M,0.0,0.0,0.0,0.0,0.0,0.0,0.0,M,M,0.0,0.0,0.0,M,M,0.0,0.0
US1SCAN0004,"WILLIAMSTON 5.4 W","ANDERSON",822,34.61,-82.57,0.0,0.0,0.0,0.0,0.0,0.0,0.0,M,M,M,M,0.0,0.0,0.0,0.0,M,0.0,0.0,0.0,0.0,0.0,0.0,M,M,0.0,M,0.0,0.0,M,M,0.0
US1SCAK0027,"WILLISTON 4.3 NNW","AIKEN",322,33.46,-81.45,0.0,0.0,0.0,0.0,0.0,0.0,M,0.0,M,M,0.0,0.0,0.0,0.0,0.0,0.0,M,0.0,0.0,0.0,0.0,0.0,M,M,0.0,0.0,0.0,0.0,0.0,0.0,0.0
US1SCSP0038,"WOODRUFF 3.0 ESE","SPARTANBURG",661,34.73,-81.98,M,M,M,M,M,M,M,M,M,M,M,M,M,M,M,M,M,M,M,M,M,M,M,0.0,M,M,M,M,M,0.0,M
USC00389412,"WOODRUFF 5 NW","SPARTANBURG",740,34.76,-82.11,0.0,0.0,0.0,0.0,0.0,0.0,0.0,0.0,0.0,0.0,0.0,0.0,0.0,0.0,0.0,0.0,0.0,0.0,0.0,0.0,0.0,0.0,0.0,0.0,0.0,0.0,0.0,0.0,0.0,0.0,0.0
US1SCYR0010,"YORK 1.8 ESE","YORK",711,34.99,-81.20,0.0,0.0,0.0,0.0,0.0,0.0,0.0,M,M,M,0.0,0.0,M,0.0,0.0,M,M,0.0,0.0,M,M,M,M,M,M,0.0,M,M,M,M,M
USC00389625,"YORK 4 S","YORK",725,34.94,-81.22,0.0,0.0,0.0,0.0,0.0,0.0,0.0,0.0,0.0,0.0,0.0,0.0,0.0,0.0,0.0,0.0,0.0,0.0,0.0,0.0,0.0,0.0,0.0,0.0,0.0,0.0,0.0,0.0,0.0,M,M
US1SCYR0021,"YORK 4.1 NW","YORK",753,35.04,-81.28,0.0,0.0,0.0,0.0,0.0,0.0,0.0,M,M,M,0.0,0.0,M,0.0,0.0,M,0.0,0.0,0.0,0.0,0.0,0.0,0.0,M,0.0,0.0,0.0,0.0,M,0.0,0.0
US1SCYR0006,"YORK 6.3 E","YORK",670,34.98,-81.13,0.0,0.0,0.0,0.0,0.0,0.0,0.0,M,M,0.0,0.0,0.0,0.0,0.0,0.0,M,M,0.0,0.0,0.0,0.0,M,M,M,M,M,M,M,M,M,0.0
