Oregon Snowfall, September 2016
"GHCN ID","Station Name",County,Elevation,Latitude,Longitude,"Sep 1","Sep 2","Sep 3","Sep 4","Sep 5","Sep 6","Sep 7","Sep 8","Sep 9","Sep 10","Sep 11","Sep 12","Sep 13","Sep 14","Sep 15","Sep 16","Sep 17","Sep 18","Sep 19","Sep 20","Sep 21","Sep 22","Sep 23","Sep 24","Sep 25","Sep 26","Sep 27","Sep 28","Sep 29","Sep 30"
US1ORLN0003,"ALBANY 0.5 SE","LINN",228,44.61,-123.09,0.0,0.0,0.0,0.0,0.0,0.0,0.0,0.0,0.0,0.0,0.0,0.0,0.0,0.0,0.0,0.0,0.0,0.0,0.0,0.0,0.0,0.0,0.0,0.0,0.0,0.0,0.0,0.0,0.0,0.0
US1ORLN0044,"ALBANY 0.7 NE","LINN",228,44.62,-123.08,M,M,0.0,M,0.0,M,M,0.0,0.0,0.0,0.0,0.0,0.0,0.0,M,M,M,M,M,0.0,M,M,M,M,0.0,0.0,M,0.0,0.0,0.0
US1ORLN0042,"ALBANY 1.1 SSE","LINN",238,44.60,-123.08,0.0,0.0,0.0,0.0,0.0,0.0,0.0,0.0,0.0,0.0,0.0,0.0,0.0,0.0,0.0,0.0,0.0,0.0,0.0,0.0,0.0,0.0,0.0,0.0,0.0,0.0,0.0,0.0,0.0,0.0
US1ORLN0047,"ALBANY 2.1 S","LINN",239,44.59,-123.10,M,M,M,0.0,0.0,M,M,0.0,0.0,0.0,0.0,0.0,0.0,0.0,0.0,0.0,0.0,M,M,0.0,0.0,0.0,M,M,0.0,0.0,0.0,0.0,0.0,0.0
US1ORLN0033,"ALBANY 2.7 NE","LINN",221,44.65,-123.05,M,M,M,M,0.0,M,M,0.0,0.0,M,M,0.0,0.0,0.0,0.0,0.0,0.0,M,M,0.0,0.0,0.0,M,M,0.0,0.0,0.0,0.0,0.0,0.0
US1ORBN0053,"ALBANY 3.1 NNW","BENTON",353,44.66,-123.13,M,M,0.0,0.0,0.0,M,M,0.0,0.0,0.0,0.0,0.0,0.0,0.0,0.0,0.0,0.0,M,M,0.0,0.0,0.0,M,M,0.0,0.0,0.0,0.0,0.0,0.0
US1ORBN0076,"ALBANY 3.2 NW","BENTON",360,44.65,-123.14,M,M,M,0.0,0.0,M,M,0.0,0.0,0.0,0.0,0.0,M,0.0,0.0,0.0,M,M,M,0.0,0.0,0.0,M,M,0.0,M,M,M,M,0.0
US1ORBN0002,"ALBANY 3.6 NW","BENTON",302,44.65,-123.14,M,M,M,M,0.0,M,M,0.0,0.0,M,M,M,0.0,0.0,0.0,0.0,0.0,M,M,0.0,0.0,0.0,M,M,0.0,0.0,M,M,M,0.0
US1ORLN0043,"ALBANY 4.9 NNE","LINN",243,44.68,-123.06,M,M,M,M,M,M,0.0,0.0,0.0,0.0,0.0,0.0,0.0,0.0,0.0,0.0,0.0,M,M,0.0,0.0,M,M,M,M,M,M,M,M,M
US1ORLN0050,"ALBANY 5.0 WSW","LINN",233,44.58,-123.18,0.0,M,0.0,0.0,0.0,M,M,0.0,0.0,0.0,0.0,0.0,0.0,0.0,0.0,0.0,0.0,M,M,M,M,0.0,M,0.0,0.0,0.0,0.0,0.0,0.0,0.0
US1ORBN0086,"ALBANY 5.4 NNW","BENTON",424,44.68,-123.15,M,M,M,0.0,M,0.0,M,0.0,0.0,0.0,0.0,0.0,0.0,0.0,0.0,0.0,0.0,M,M,0.0,0.0,0.0,M,M,M,0.0,0.0,0.0,0.0,0.0
USC00350145,"ALSEA FH (FALL CREEK)","LINCOLN",230,44.40,-123.75,0.0,0.0,0.0,0.0,0.0,0.0,0.0,0.0,0.0,0.0,0.0,0.0,0.0,0.0,0.0,0.0,0.0,0.0,0.0,0.0,0.0,0.0,0.0,0.0,0.0,0.0,0.0,0.0,0.0,0.0
US1ORJS0018,"APPLEGATE 8.3 SSW","JOSEPHINE",2333,42.14,-123.24,0.0,0.0,M,M,0.0,0.0,0.0,0.0,0.0,0.0,0.0,0.0,0.0,0.0,0.0,0.0,0.0,0.0,0.0,0.0,0.0,M,M,M,0.0,0.0,0.0,0.0,M,0.0
US1ORJC0088,"ASHLAND 0.5 N","JACKSON",1865,42.20,-122.70,0.0,0.0,0.0,0.0,0.0,0.0,0.0,0.0,0.0,0.0,0.0,0.0,0.0,0.0,0.0,0.0,0.0,0.0,0.0,0.0,0.0,M,M,M,0.0,0.0,0.0,0.0,0.0,0.0
US1ORJC0069,"ASHLAND 0.7 SSE","JACKSON",2305,42.18,-122.70,0.0,0.0,0.0,0.0,0.0,0.0,0.0,0.0,0.0,0.0,0.0,0.0,0.0,0.0,0.0,0.0,0.0,0.0,0.0,0.0,0.0,M,M,M,0.0,0.0,0.0,0.0,0.0,0.0
US1ORJC0057,"ASHLAND 0.8 S","JACKSON",2376,42.18,-122.70,M,M,M,M,M,0.0,M,0.0,0.0,M,M,0.0,M,M,M,0.0,0.0,0.0,0.0,M,M,M,M,M,M,0.0,0.0,0.0,M,M
US1ORJC0077,"ASHLAND 0.9 N","JACKSON",1765,42.20,-122.70,0.0,0.0,0.0,0.0,0.0,0.0,0.0,0.0,0.0,0.0,0.0,0.0,0.0,0.0,0.0,0.0,M,M,M,M,0.0,M,0.0,M,0.0,0.0,0.0,M,0.0,0.0
US1ORJC0005,"ASHLAND 1 SE","JACKSON",2189,42.18,-122.69,0.0,0.0,M,M,M,0.0,M,0.0,0.0,0.0,0.0,M,0.0,0.0,0.0,0.0,0.0,0.0,0.0,0.0,M,M,M,M,0.0,0.0,0.0,0.0,0.0,0.0
US1ORJC0013,"ASHLAND 1 WNW","JACKSON",1978,42.19,-122.72,M,0.0,0.0,0.0,0.0,0.0,0.0,0.0,0.0,0.0,0.0,0.0,M,0.0,0.0,0.0,0.0,M,0.0,0.0,0.0,M,M,M,0.0,M,M,M,0.0,0.0
US1ORJC0064,"ASHLAND 1.2 NNW","JACKSON",1782,42.21,-122.71,M,M,M,M,M,M,M,M,M,M,M,M,M,M,M,M,M,M,M,M,M,M,M,M,M,0.0,M,M,M,M
US1ORJC0002,"ASHLAND 1.4 ESE","JACKSON",2081,42.18,-122.68,M,0.0,0.0,M,0.0,M,0.0,0.0,0.0,0.0,0.0,0.0,0.0,0.0,M,0.0,0.0,0.0,0.0,0.0,0.0,M,M,M,0.0,0.0,0.0,0.0,M,0.0
US1ORJC0025,"ASHLAND 2.4 ESE","JACKSON",2030,42.18,-122.66,0.0,0.0,0.0,0.0,0.0,0.0,0.0,0.0,0.0,0.0,0.0,0.0,0.0,0.0,0.0,0.0,0.0,0.0,0.0,0.0,0.0,0.0,0.0,M,0.0,M,M,M,M,M
US1ORCT0010,"ASTORIA 11.6 E","CLATSOP",122,46.17,-123.58,M,M,M,M,M,M,M,M,M,M,M,M,M,M,M,0.0,M,0.0,0.0,0.0,0.0,M,M,M,M,M,M,M,M,M
USW00094224,"ASTORIA REGIONAL AIRPORT","CLATSOP",9,46.16,-123.88,0.0,0.0,0.0,0.0,0.0,0.0,0.0,0.0,0.0,0.0,0.0,0.0,0.0,0.0,0.0,0.0,0.0,0.0,0.0,0.0,0.0,0.0,0.0,0.0,0.0,0.0,0.0,0.0,0.0,0.0
US1ORMN0037,"AUMSVILLE 1.4 N","MARION",429,44.87,-122.87,M,M,0.0,M,0.0,M,M,0.0,0.0,0.0,0.0,0.0,0.0,0.0,0.0,0.0,0.0,M,M,M,0.0,M,M,M,0.0,0.0,0.0,0.0,0.0,0.0
US1ORMN0001,"AUMSVILLE 2.5 N","MARION",469,44.88,-122.88,M,M,0.0,0.0,0.0,M,M,0.0,0.0,0.0,0.0,0.0,0.0,0.0,0.0,0.0,0.0,M,M,0.0,0.0,0.0,M,M,0.0,0.0,0.0,0.0,0.0,0.0
USW00094281,"AURORA STATE AP","MARION",196,45.25,-122.77,0.0,0.0,0.0,0.0,0.0,0.0,0.0,0.0,0.0,0.0,0.0,0.0,0.0,0.0,0.0,0.0,0.0,0.0,0.0,0.0,0.0,0.0,0.0,0.0,0.0,0.0,0.0,0.0,0.0,0.0
US1ORCS0008,"BANDON 1.5 NNE","COOS",23,43.13,-124.40,M,M,M,0.0,0.0,0.0,M,0.0,M,M,M,M,0.0,0.0,0.0,0.0,0.0,M,M,M,0.0,M,M,M,M,M,M,M,M,0.0
US1ORCY0003,"BANDON 11.4 S","CURRY",87,42.94,-124.45,M,M,0.0,0.0,0.0,0.0,M,0.0,0.0,0.0,0.0,0.0,0.0,0.0,0.0,0.0,0.0,M,M,0.0,0.0,M,0.0,M,0.0,0.0,0.0,0.0,0.0,0.0
US1ORCS0010,"BANDON 6.2 S","COOS",125,43.03,-124.41,M,M,M,M,M,M,M,M,M,M,M,M,M,M,M,M,M,M,M,0.0,M,M,M,M,M,M,M,M,M,M
US1ORCS0011,"BANDON 7.1 NNE","COOS",169,43.21,-124.37,M,M,0.0,0.0,0.0,0.0,M,0.0,0.0,0.0,0.0,0.0,0.0,0.0,0.0,0.0,0.0,M,0.0,0.0,0.0,0.0,0.0,M,0.0,0.0,0.0,0.0,0.0,0.0
USC00350501,"BARNES STATION","CROOK",3969,43.95,-120.22,0.0,0.0,0.0,0.0,0.0,0.0,0.0,0.0,0.0,0.0,0.0,0.0,0.0,0.0,0.0,0.0,0.0,0.0,0.0,0.0,0.0,0.0,0.0,0.0,0.0,0.0,0.0,0.0,0.0,0.0
US1ORWS0031,"BEAVERTON 0.7 SSE","WASHINGTON",289,45.47,-122.81,0.0,0.0,0.0,0.0,0.0,0.0,0.0,0.0,0.0,0.0,0.0,0.0,0.0,0.0,0.0,0.0,0.0,0.0,0.0,0.0,0.0,0.0,0.0,0.0,0.0,0.0,0.0,0.0,0.0,0.0
US1ORWS0005,"BEAVERTON 1.9 NNE","WASHINGTON",249,45.50,-122.80,M,M,M,M,0.0,M,M,M,0.0,0.0,0.0,0.0,0.0,0.0,0.0,0.0,M,M,M,M,M,M,M,M,0.0,0.0,0.0,0.0,0.0,0.0
US1ORWS0011,"BEAVERTON 2.8 SSW","WASHINGTON",443,45.44,-122.84,M,M,M,0.0,0.0,M,M,M,0.0,0.0,0.0,0.0,0.0,0.0,0.0,0.0,0.0,M,M,0.0,0.0,0.0,M,M,0.0,0.0,0.0,0.0,0.0,0.0
US1ORWS0060,"BEAVERTON 5.6 SSW","WASHINGTON",125,45.41,-122.88,0.0,0.0,M,M,M,0.0,0.0,0.0,0.0,0.0,0.0,0.0,0.0,0.0,0.0,0.0,M,M,0.0,0.0,0.0,0.0,0.0,0.0,0.0,0.0,0.0,0.0,0.0,0.0
USC00350652,"BELKNAP SPRINGS 8 N","LINN",2151,44.29,-122.04,0.0,0.0,0.0,0.0,0.0,0.0,0.0,0.0,0.0,0.0,0.0,0.0,0.0,0.0,0.0,0.0,0.0,0.0,0.0,0.0,0.0,0.0,0.0,0.0,0.0,0.0,0.0,0.0,0.0,0.0
USC00350694,"BEND","DESCHUTES",3659,44.06,-121.29,0.0,0.0,0.0,0.0,0.0,0.0,0.0,0.0,0.0,0.0,0.0,0.0,0.0,0.0,0.0,0.0,0.0,0.0,0.0,0.0,0.0,0.0,0.0,0.0,0.0,0.0,0.0,0.0,0.0,0.0
US1ORDS0029,"BEND 1.5 WSW","DESCHUTES",3698,44.06,-121.34,0.0,0.0,0.0,0.0,0.0,0.0,M,0.0,0.0,0.0,0.0,0.0,0.0,0.0,0.0,0.0,0.0,0.0,0.0,0.0,0.0,M,M,0.0,0.0,0.0,0.0,0.0,0.0,0.0
US1ORDS0033,"BEND 1.8 S","DESCHUTES",3695,44.04,-121.31,0.0,0.0,M,0.0,0.0,0.0,M,M,M,M,0.0,M,M,M,0.0,M,M,0.0,0.0,0.0,0.0,M,M,M,0.0,0.0,0.0,0.0,0.0,M
US1ORDS0017,"BEND 2.3 WNW","DESCHUTES",3785,44.07,-121.36,0.0,0.0,0.0,0.0,0.0,0.0,0.0,0.0,0.0,0.0,0.0,0.0,0.0,0.0,0.0,0.0,0.0,0.0,0.0,0.0,0.0,0.0,0.0,0.0,0.0,0.0,0.0,0.0,0.0,0.0
US1ORDS0047,"BEND 2.5 NW","DESCHUTES",3678,44.09,-121.35,0.0,0.0,0.0,M,0.0,0.0,0.0,0.0,0.0,0.0,0.0,0.0,0.0,0.0,0.0,0.0,0.0,0.0,0.0,0.0,0.0,0.0,0.0,0.0,0.0,0.0,0.0,0.0,M,M
US1ORDS0018,"BEND 3.0 NNE","DESCHUTES",3478,44.11,-121.29,0.0,M,0.0,M,M,0.0,M,M,0.0,M,0.0,M,0.0,0.0,M,0.0,M,0.0,M,M,M,M,M,M,M,M,M,M,M,M
US1ORDS0044,"BEND 3.5 ESE","DESCHUTES",3697,44.04,-121.25,M,M,M,M,M,M,M,M,M,M,M,M,M,M,M,M,M,M,M,M,M,M,M,M,M,0.0,0.0,0.0,0.0,M
US1ORDS0039,"BEND 5.1 NNW","DESCHUTES",3374,44.14,-121.34,0.0,0.0,0.0,M,0.0,0.0,0.0,0.0,0.0,0.0,0.0,0.0,0.0,0.0,0.0,0.0,0.0,0.0,0.0,0.0,0.0,0.0,0.0,0.0,0.0,0.0,0.0,0.0,0.0,0.0
USC00350699,"BEND 7 NE","DESCHUTES",3357,44.12,-121.21,0.0,0.0,0.0,0.0,M,M,0.0,M,0.0,0.0,M,M,0.0,0.0,M,0.0,0.0,M,0.0,M,0.0,0.0,0.0,M,M,0.0,M,0.0,0.0,M
US1ORBN0042,"BLODGETT 0.6 ENE","BENTON",618,44.60,-123.51,M,M,0.0,M,M,M,M,0.0,0.0,0.0,0.0,0.0,0.0,0.0,0.0,0.0,0.0,M,M,0.0,0.0,0.0,M,M,0.0,0.0,0.0,0.0,M,0.0
US1ORBN0013,"BLODGETT 1 N","BENTON",863,44.64,-123.58,0.0,0.0,0.0,0.0,0.0,0.0,0.0,0.0,0.0,0.0,0.0,0.0,0.0,0.0,0.0,0.0,0.0,0.0,0.0,0.0,0.0,0.0,0.0,0.0,0.0,0.0,0.0,M,0.0,M
US1ORBN0056,"BLODGETT 2.1 NNE","BENTON",664,44.63,-123.51,M,M,M,M,0.0,M,M,M,M,M,M,M,M,M,M,0.0,0.0,M,M,M,0.0,M,0.0,M,M,M,M,M,M,0.0
US1ORKL0014,"BONANZA 7.0 N","KLAMATH",4457,42.30,-121.41,0.0,0.0,0.0,0.0,0.0,0.0,0.0,0.0,0.0,0.0,0.0,0.0,0.0,0.0,0.0,0.0,0.0,0.0,0.0,0.0,0.0,0.0,M,M,0.0,0.0,0.0,0.0,0.0,0.0
USC00350897,"BONNEVILLE DAM","MULTNOMAH",62,45.64,-121.95,0.0,0.0,0.0,0.0,0.0,0.0,0.0,0.0,0.0,0.0,0.0,0.0,0.0,0.0,0.0,0.0,0.0,0.0,0.0,0.0,0.0,0.0,0.0,0.0,0.0,0.0,0.0,0.0,0.0,0.0
US1ORMH0003,"BROGAN 0.9 NW","MALHEUR",2659,44.26,-117.53,0.0,0.0,0.0,0.0,M,0.0,M,0.0,0.0,0.0,0.0,0.0,0.0,M,0.0,0.0,0.0,0.0,M,0.0,0.0,M,M,M,0.0,0.0,0.0,M,0.0,0.0
US1ORCY0015,"BROOKINGS 3.2 NNW","CURRY",692,42.10,-124.31,0.0,M,0.0,0.0,0.0,0.0,0.0,0.0,0.0,0.0,0.0,0.0,0.0,0.0,0.0,0.0,0.0,M,0.0,0.0,0.0,M,M,M,M,M,M,M,M,M
US1ORCY0016,"BROOKINGS 3.4 N","CURRY",878,42.11,-124.30,M,M,M,M,M,M,M,M,M,M,M,0.0,0.0,0.0,0.0,0.0,0.0,0.0,0.0,0.0,0.0,0.0,0.0,0.0,0.0,0.0,0.0,0.0,0.0,0.0
US1ORCY0001,"BROOKINGS 4.2 ENE","CURRY",67,42.07,-124.21,0.0,0.0,0.0,0.0,0.0,0.0,0.0,0.0,0.0,0.0,0.0,0.0,0.0,0.0,0.0,0.0,0.0,0.0,M,0.0,0.0,0.0,0.0,0.0,0.0,0.0,0.0,0.0,0.0,0.0
US1ORLN0008,"BROWNSVILLE 3.0 NW","LINN",404,44.42,-123.03,M,M,M,0.0,0.0,0.0,M,0.0,0.0,0.0,0.0,0.0,0.0,0.0,0.0,0.0,0.0,M,M,M,0.0,0.0,M,M,0.0,0.0,0.0,0.0,0.0,0.0
US1ORJC0074,"BUTTE FALLS 4.5 NNW","JACKSON",2227,42.60,-122.61,0.0,0.0,0.0,0.0,0.0,0.0,0.0,0.0,0.0,0.0,0.0,0.0,0.0,0.0,0.0,0.0,0.0,0.0,0.0,0.0,0.0,0.0,0.0,0.0,0.0,0.0,0.0,0.0,0.0,0.0
US1ORCC0027,"CANBY 0.2 N","CLACKAMAS",149,45.27,-122.69,M,M,M,0.0,M,0.0,0.0,0.0,0.0,0.0,0.0,0.0,0.0,0.0,0.0,0.0,0.0,M,M,M,M,M,M,M,M,M,M,M,M,M
US1ORCC0003,"CANBY 0.2 S","CLACKAMAS",188,45.20,-122.64,M,M,M,0.0,M,M,M,M,0.0,0.0,M,M,M,M,0.0,M,0.0,M,M,0.0,M,0.0,M,M,0.0,0.0,0.0,M,0.0,M
US1ORGR0004,"CANYON CITY 12.6 SSW","GRANT",4798,44.24,-119.09,0.0,0.0,0.0,0.0,0.0,0.0,M,0.0,0.0,0.0,0.0,0.0,0.0,0.0,0.0,0.0,0.0,M,0.0,0.0,0.0,M,M,M,M,M,M,M,M,M
USC00351354,"CANYONVILLE 2S","DOUGLAS",700,42.94,-123.28,0.0,M,0.0,0.0,0.0,0.0,0.0,0.0,0.0,0.0,0.0,0.0,0.0,0.0,M,0.0,0.0,0.0,0.0,0.0,0.0,0.0,0.0,0.0,0.0,0.0,0.0,0.0,0.0,0.0
USC00351407,"CASCADE LOCKS","HOOD RIVER",142,45.68,-121.87,0.0,0.0,0.0,0.0,0.0,0.0,0.0,0.0,0.0,0.0,0.0,0.0,0.0,0.0,0.0,0.0,0.0,0.0,0.0,0.0,0.0,0.0,0.0,0.0,0.0,0.0,0.0,0.0,0.0,0.0
US1ORJS0005,"CAVE JUNCTION 3.7 E","JOSEPHINE",1526,42.16,-123.57,0.0,0.0,0.0,0.0,0.0,0.0,0.0,0.0,0.0,0.0,M,0.0,0.0,0.0,0.0,0.0,0.0,0.0,0.0,0.0,0.0,0.0,0.0,0.0,0.0,0.0,0.0,0.0,0.0,0.0
US1ORJC0008,"CENTRAL POINT 10 N","JACKSON",1282,42.49,-122.95,0.0,0.0,0.0,0.0,0.0,0.0,0.0,0.0,0.0,0.0,0.0,0.0,0.0,0.0,0.0,0.0,0.0,0.0,0.0,0.0,0.0,0.0,M,M,0.0,0.0,0.0,0.0,0.0,0.0
US1ORJC0078,"CENTRAL POINT 2.5 WSW","JACKSON",1645,42.36,-122.96,0.0,0.0,0.0,M,0.0,0.0,0.0,0.0,0.0,0.0,0.0,M,0.0,0.0,M,0.0,M,M,M,M,M,M,M,M,0.0,0.0,0.0,0.0,0.0,M
US1ORJC0026,"CENTRAL POINT 5.7 NW","JACKSON",1417,42.43,-122.99,0.0,0.0,0.0,0.0,0.0,0.0,0.0,0.0,0.0,0.0,0.0,0.0,0.0,0.0,0.0,0.0,0.0,0.0,0.0,0.0,0.0,0.0,0.0,0.0,0.0,0.0,0.0,0.0,0.0,0.0
US1ORLK0009,"CHRISTMAS VALLEY 9.1 NW","LAKE",4360,43.33,-120.79,0.0,0.0,0.0,0.0,0.0,0.0,M,0.0,0.0,0.0,0.0,0.0,0.0,0.0,0.0,0.0,0.0,0.0,0.0,0.0,0.0,M,M,M,M,M,M,0.0,0.0,0.0
US1ORCC0006,"CLACKAMAS 1.9 NNE","CLACKAMAS",411,45.44,-122.54,M,M,M,M,M,M,M,M,0.0,0.0,0.0,0.0,0.0,0.0,0.0,0.0,M,M,M,0.0,0.0,0.0,M,M,0.0,0.0,0.0,0.0,0.0,0.0
USC00351643,"CLATSKANIE","COLUMBIA",22,46.11,-123.21,0.0,0.0,0.0,0.0,0.0,0.0,0.0,0.0,0.0,0.0,0.0,0.0,0.0,0.0,0.0,0.0,0.0,0.0,0.0,0.0,0.0,0.0,0.0,0.0,0.0,0.0,0.0,0.0,0.0,0.0
US1ORCB0013,"CLATSKANIE 3.0 NE","COLUMBIA",146,46.13,-123.16,M,M,M,M,M,M,M,M,0.0,0.0,0.0,0.0,0.0,0.0,0.0,0.0,M,M,M,0.0,M,0.0,M,M,0.0,0.0,0.0,0.0,0.0,0.0
USC00351682,"CLOVERDALE","TILLAMOOK",12,45.21,-123.89,0.0,0.0,0.0,0.0,0.0,0.0,0.0,0.0,0.0,0.0,0.0,0.0,0.0,0.0,0.0,0.0,0.0,0.0,0.0,0.0,0.0,0.0,0.0,0.0,0.0,0.0,0.0,0.0,0.0,0.0
US1ORLA0103,"COBURG 0.3 SSW","LANE",404,44.13,-123.06,M,M,M,M,M,M,M,M,M,M,M,M,M,M,M,M,M,M,M,M,0.0,0.0,M,M,M,M,0.0,0.0,0.0,0.0
US1ORCC0019,"COLTON 1 E","CLACKAMAS",702,45.17,-122.44,M,M,M,M,M,M,M,M,0.0,0.0,0.0,0.0,0.0,0.0,0.0,0.0,0.0,M,M,M,0.0,0.0,M,M,M,0.0,0.0,M,0.0,0.0
USC00351738,"COLTON 2SW","CLACKAMAS",990,45.13,-122.46,0.0,0.0,0.0,0.0,0.0,0.0,0.0,0.0,0.0,0.0,0.0,0.0,0.0,0.0,0.0,0.0,0.0,0.0,0.0,0.0,0.0,0.0,0.0,0.0,0.0,0.0,0.0,0.0,0.0,0.0
US1ORCB0025,"COLUMBIA CITY 0.5 S","COLUMBIA",78,45.89,-122.81,M,M,M,M,0.0,M,M,M,M,0.0,0.0,M,M,M,M,M,M,M,M,M,M,0.0,M,M,M,0.0,0.0,0.0,0.0,0.0
US1ORGL0002,"CONDON 1.8 NNE","GILLIAM",2761,45.26,-120.16,0.0,M,0.0,0.0,0.0,M,M,0.0,0.0,0.0,0.0,0.0,0.0,0.0,0.0,0.0,0.0,M,M,0.0,0.0,0.0,M,M,0.0,0.0,0.0,0.0,0.0,0.0
US1ORCS0022,"COOS BAY 0.5 SE","COOS",141,43.37,-124.22,M,M,0.0,0.0,0.0,M,M,0.0,M,0.0,M,0.0,0.0,0.0,0.0,0.0,0.0,M,M,M,M,M,M,M,M,0.0,M,0.0,0.0,0.0
US1ORCS0007,"COOS BAY 1 NNW","COOS",180,43.37,-124.23,M,M,0.0,0.0,0.0,M,M,0.0,0.0,0.0,0.0,0.0,0.0,0.0,0.0,0.0,0.0,M,M,M,0.0,0.0,M,M,0.0,0.0,0.0,0.0,0.0,0.0
US1ORCS0014,"COOS BAY 1.7 WNW","COOS",220,43.38,-124.26,M,M,M,0.0,0.0,0.0,M,M,0.0,0.0,0.0,0.0,0.0,0.0,0.0,0.0,0.0,M,M,M,0.0,M,M,M,M,M,M,0.0,0.0,0.0
US1ORCS0003,"COOS BAY 2.1 ESE","COOS",57,43.36,-124.19,M,M,0.0,0.0,0.0,0.0,M,0.0,0.0,0.0,0.0,0.0,0.0,0.0,0.0,0.0,0.0,M,M,0.0,0.0,0.0,M,M,0.0,0.0,M,0.0,0.0,0.0
US1ORBN0070,"CORVALLIS 0.4 ENE","BENTON",233,44.57,-123.27,M,M,M,M,M,M,M,M,0.0,0.0,0.0,M,M,M,M,M,M,M,M,M,M,0.0,M,M,M,M,M,M,M,M
US1ORBN0040,"CORVALLIS 0.6 ENE","BENTON",229,44.57,-123.27,M,M,0.0,0.0,0.0,M,M,0.0,0.0,0.0,0.0,0.0,0.0,0.0,0.0,0.0,0.0,M,M,0.0,0.0,0.0,M,M,0.0,0.0,0.0,0.0,0.0,0.0
US1ORBN0007,"CORVALLIS 1.5 NW","BENTON",506,44.59,-123.30,M,0.0,M,0.0,0.0,M,M,0.0,0.0,0.0,M,0.0,0.0,0.0,0.0,0.0,0.0,M,M,0.0,0.0,0.0,M,M,0.0,0.0,0.0,0.0,M,0.0
US1ORBN0091,"CORVALLIS 1.7 SW","BENTON",246,44.55,-123.30,M,M,M,M,M,M,M,0.0,0.0,0.0,0.0,0.0,0.0,0.0,0.0,0.0,M,M,M,M,0.0,0.0,M,M,M,M,0.0,0.0,0.0,M
US1ORBN0032,"CORVALLIS 1.9 SSE","BENTON",234,44.55,-123.26,0.0,0.0,0.0,0.0,0.0,0.0,0.0,0.0,0.0,0.0,0.0,0.0,0.0,0.0,0.0,0.0,0.0,0.0,0.0,0.0,0.0,0.0,0.0,0.0,0.0,0.0,0.0,0.0,0.0,0.0
US1ORBN0095,"CORVALLIS 2.4 SSE","BENTON",238,44.54,-123.26,M,M,M,M,M,M,M,M,M,M,M,M,0.0,M,M,M,0.0,M,M,M,M,M,M,M,M,M,M,M,M,M
US1ORBN0018,"CORVALLIS 2.5 NE","BENTON",212,44.59,-123.23,M,M,M,M,0.0,M,M,0.0,0.0,0.0,0.0,0.0,0.0,M,0.0,0.0,0.0,M,M,M,0.0,0.0,M,M,0.0,0.0,0.0,0.0,0.0,0.0
US1ORBN0085,"CORVALLIS 2.8 SSE","BENTON",239,44.53,-123.26,M,M,M,M,0.0,M,M,0.0,0.0,0.0,0.0,0.0,0.0,0.0,0.0,0.0,0.0,M,M,0.0,0.0,0.0,M,M,0.0,0.0,0.0,0.0,0.0,0.0
US1ORBN0058,"CORVALLIS 3.6 WNW","BENTON",566,44.59,-123.34,M,M,M,M,M,M,M,M,M,M,0.0,0.0,0.0,0.0,0.0,0.0,0.0,M,M,M,0.0,M,M,M,M,M,M,M,M,M
US1ORBN0041,"CORVALLIS 4.0 NNE","BENTON",267,44.62,-123.24,M,M,M,M,0.0,M,M,0.0,0.0,0.0,0.0,0.0,0.0,0.0,0.0,0.0,0.0,M,M,M,M,M,M,M,0.0,0.0,0.0,0.0,0.0,0.0
US1ORBN0096,"CORVALLIS 5.0 NNE","BENTON",473,44.64,-123.26,M,M,M,M,0.0,M,M,0.0,0.0,0.0,0.0,0.0,0.0,0.0,0.0,0.0,0.0,M,M,0.0,0.0,0.0,M,M,0.0,0.0,M,M,M,0.0
US1ORBN0062,"CORVALLIS 6.5 N","BENTON",476,44.66,-123.29,M,M,M,M,0.0,M,M,0.0,0.0,0.0,0.0,0.0,0.0,0.0,0.0,0.0,0.0,M,M,0.0,0.0,0.0,M,M,M,M,M,0.0,0.0,0.0
US1ORBN0022,"CORVALLIS 6.7 N","BENTON",376,44.67,-123.28,M,M,M,M,M,M,M,M,0.0,0.0,0.0,0.0,0.0,M,0.0,0.0,0.0,M,M,M,M,M,M,M,M,M,M,M,M,0.0
US1ORBN0078,"CORVALLIS 9.7 SW","BENTON",656,44.47,-123.42,M,M,M,M,0.0,0.0,M,0.0,0.0,M,0.0,0.0,M,M,M,0.0,0.0,M,M,M,0.0,M,M,M,0.0,M,0.0,0.0,0.0,M
USC00351862,"CORVALLIS STATE UNIVERSITY","BENTON",225,44.63,-123.19,0.0,0.0,0.0,0.0,0.0,0.0,0.0,0.0,0.0,0.0,0.0,0.0,0.0,0.0,0.0,0.0,0.0,0.0,0.0,0.0,0.0,0.0,0.0,0.0,0.0,0.0,0.0,0.0,0.0,0.0
USC00351877,"CORVALLIS WATER BUREAU","BENTON",592,44.51,-123.46,0.0,0.0,0.0,0.0,0.0,0.0,0.0,0.0,0.0,0.0,0.0,0.0,0.0,0.0,0.0,0.0,0.0,0.0,0.0,0.0,0.0,0.0,0.0,0.0,0.0,0.0,0.0,0.0,0.0,0.0
US1ORLA0114,"COTTAGE GROVE 2.6 E","LANE",811,43.80,-123.00,M,M,M,0.0,0.0,0.0,M,0.0,0.0,0.0,0.0,0.0,0.0,0.0,0.0,0.0,0.0,M,M,0.0,0.0,M,M,M,0.0,0.0,0.0,0.0,0.0,0.0
USC00351897,"COTTAGE GROVE 2E","LANE",595,43.79,-123.03,0.0,0.0,0.0,0.0,0.0,0.0,0.0,0.0,0.0,0.0,0.0,0.0,0.0,0.0,0.0,0.0,0.0,0.0,0.0,0.0,0.0,0.0,0.0,0.0,0.0,0.0,0.0,0.0,0.0,0.0
US1ORLA0068,"COTTAGE GROVE 6.8 SSE","LANE",898,43.71,-122.98,M,M,0.0,0.0,0.0,M,M,M,0.0,M,M,M,M,M,M,M,M,M,M,0.0,0.0,M,M,M,0.0,0.0,0.0,0.0,0.0,0.0
US1ORLA0167,"COTTAGE GROVE 7.0 SSE","LANE",845,43.71,-122.98,M,M,0.0,0.0,0.0,0.0,M,0.0,0.0,0.0,0.0,0.0,0.0,0.0,0.0,0.0,0.0,M,M,0.0,0.0,0.0,M,M,0.0,0.0,0.0,0.0,0.0,0.0
US1ORLA0163,"COTTAGE GROVE 7.4 SSE","LANE",853,43.71,-122.98,M,M,0.0,0.0,0.0,0.0,M,M,M,M,M,0.0,0.0,0.0,0.0,0.0,0.0,M,M,0.0,0.0,M,M,M,0.0,0.0,0.0,0.0,0.0,0.0
USC00351902,"COTTAGE GROVE DAM","LANE",831,43.72,-123.06,0.0,0.0,0.0,0.0,0.0,0.0,0.0,0.0,0.0,0.0,0.0,0.0,0.0,0.0,0.0,0.0,0.0,0.0,0.0,0.0,0.0,0.0,0.0,0.0,0.0,0.0,0.0,0.0,0.0,0.0
USC00351914,"COUGAR DAM","LANE",1260,44.13,-122.24,0.0,0.0,0.0,0.0,0.0,0.0,0.0,0.0,0.0,0.0,0.0,0.0,0.0,0.0,0.0,0.0,0.0,0.0,0.0,0.0,0.0,0.0,0.0,0.0,0.0,0.0,0.0,0.0,0.0,0.0
USC00351946,"CRATER LAKE NPS HQ","KLAMATH",6473,42.90,-122.13,0.0,0.0,0.0,0.0,0.0,0.0,0.0,0.0,0.0,0.0,0.0,0.0,0.0,0.0,0.0,0.0,0.0,0.0,0.0,0.0,0.0,0.0,0.0,0.0,0.0,0.0,0.0,0.0,0.0,0.0
US1ORLA0036,"CRESWELL 0.4 SE","LANE",543,43.91,-123.01,M,M,0.0,0.0,0.0,M,M,0.0,0.0,0.0,0.0,0.0,0.0,0.0,0.0,0.0,M,M,0.0,0.0,0.0,M,M,0.0,0.0,0.0,0.0,0.0,0.0,0.0
US1ORLA0084,"CRESWELL 1 SE","LANE",544,43.91,-123.01,0.0,M,M,0.0,0.0,M,M,M,0.0,0.0,0.0,0.0,0.0,0.0,0.0,0.0,M,M,M,0.0,0.0,0.0,M,M,0.0,0.0,M,0.0,0.0,0.0
US1ORLA0021,"CRESWELL 2.4 N","LANE",516,43.95,-123.02,0.0,M,M,M,M,M,M,M,M,M,M,M,M,0.0,0.0,0.0,M,M,M,0.0,0.0,0.0,M,0.0,0.0,0.0,0.0,0.0,0.0,0.0
US1ORLA0057,"CRESWELL 3.2 NE","LANE",548,43.93,-122.96,M,M,M,M,M,M,M,M,M,M,M,M,M,0.0,M,M,0.0,M,M,M,M,M,M,M,M,M,0.0,M,M,0.0
US1ORPK0021,"DALLAS 0.3 NE","POLK",334,44.92,-123.31,M,M,M,M,0.0,0.0,M,0.0,0.0,0.0,0.0,0.0,0.0,0.0,0.0,0.0,0.0,M,M,0.0,0.0,0.0,M,M,0.0,0.0,0.0,0.0,0.0,0.0
US1ORPK0023,"DALLAS 1.0 WSW","POLK",385,44.92,-123.33,M,M,M,M,M,M,M,M,0.0,0.0,0.0,0.0,0.0,0.0,0.0,0.0,0.0,M,M,0.0,M,0.0,M,M,M,0.0,0.0,0.0,0.0,0.0
USC00352112,"DALLAS 2 NE","POLK",290,44.95,-123.29,0.0,0.0,0.0,0.0,0.0,0.0,0.0,0.0,0.0,0.0,0.0,0.0,0.0,0.0,0.0,0.0,0.0,0.0,0.0,0.0,0.0,0.0,0.0,0.0,0.0,0.0,0.0,0.0,0.0,0.0
US1ORPK0019,"DALLAS 3.4 N","POLK",223,44.97,-123.30,M,M,M,M,0.0,M,M,0.0,M,0.0,M,0.0,0.0,0.0,0.0,0.0,0.0,M,M,0.0,0.0,0.0,M,M,0.0,0.0,0.0,0.0,0.0,0.0
US1ORDG0003,"DAYS CREEK 1 N","DOUGLAS",1021,42.94,-123.03,0.0,0.0,0.0,0.0,M,M,M,M,0.0,0.0,0.0,0.0,0.0,0.0,0.0,0.0,M,M,0.0,0.0,0.0,0.0,M,M,M,M,0.0,0.0,0.0,0.0
US1ORLC0007,"DEPOE BAY 0.2 NW","LINCOLN",106,44.81,-124.06,M,M,0.0,0.0,0.0,M,M,0.0,0.0,0.0,0.0,0.0,0.0,M,M,M,M,M,M,M,M,M,M,M,M,M,M,M,M,M
USC00352292,"DETROIT DAM","MARION",1220,44.72,-122.25,0.0,0.0,0.0,0.0,0.0,0.0,0.0,0.0,0.0,0.0,0.0,0.0,0.0,0.0,0.0,0.0,0.0,0.0,0.0,0.0,0.0,0.0,0.0,0.0,0.0,0.0,0.0,0.0,0.0,0.0
US1ORLA0019,"DEXTER 1 W","LANE",664,43.92,-122.82,0.0,0.0,0.0,0.0,0.0,0.0,0.0,0.0,0.0,0.0,0.0,0.0,0.0,0.0,0.0,0.0,0.0,0.0,0.0,0.0,0.0,0.0,0.0,0.0,0.0,0.0,0.0,0.0,0.0,0.0
US1ORDG0047,"DILLARD 0.3 N","DOUGLAS",515,43.11,-123.43,0.0,0.0,0.0,0.0,0.0,0.0,M,0.0,0.0,0.0,0.0,M,0.0,0.0,0.0,0.0,0.0,0.0,0.0,0.0,0.0,M,M,M,0.0,0.0,0.0,0.0,0.0,0.0
USC00352325,"DILLEY 2 S","WASHINGTON",194,45.46,-123.11,0.0,0.0,0.0,0.0,0.0,0.0,0.0,0.0,0.0,0.0,0.0,0.0,0.0,0.0,0.0,0.0,0.0,0.0,0.0,0.0,0.0,0.0,0.0,0.0,0.0,0.0,0.0,0.0,0.0,0.0
USC00352374,"DORENA","LANE",820,43.78,-122.96,0.0,0.0,0.0,0.0,0.0,0.0,0.0,0.0,0.0,0.0,0.0,0.0,0.0,0.0,0.0,0.0,0.0,0.0,0.0,0.0,0.0,0.0,0.0,0.0,0.0,0.0,0.0,0.0,0.0,0.0
USC00352493,"EAGLE CREEK 9 SE","CLACKAMAS",926,45.28,-122.20,0.0,0.0,0.0,0.0,0.0,0.0,0.0,0.0,0.0,0.0,0.0,0.0,0.0,0.0,0.0,0.0,0.0,0.0,0.0,0.0,0.0,0.0,0.0,0.0,0.0,0.0,0.0,0.0,0.0,0.0
USC00352632,"ELKTON 1SW","DOUGLAS",137,43.64,-123.58,0.0,0.0,0.0,0.0,0.0,0.0,0.0,0.0,0.0,0.0,0.0,0.0,0.0,0.0,0.0,0.0,0.0,0.0,0.0,0.0,0.0,0.0,0.0,0.0,0.0,0.0,0.0,0.0,0.0,0.0
US1ORLA0020,"ELMIRA 1.1 NNW","LANE",422,44.08,-123.36,M,M,0.0,M,0.0,M,M,M,0.0,M,0.0,M,M,M,M,M,M,M,M,0.0,0.0,M,M,M,0.0,M,M,0.0,0.0,0.0
US1ORLA0169,"ELMIRA 3.9 WNW","LANE",443,44.08,-123.43,0.0,0.0,0.0,0.0,0.0,0.0,0.0,0.0,0.0,0.0,M,0.0,0.0,0.0,0.0,0.0,0.0,0.0,0.0,0.0,0.0,0.0,0.0,0.0,0.0,0.0,0.0,0.0,0.0,0.0
USC00352693,"ESTACADA 2 SE","CLACKAMAS",450,45.27,-122.32,0.0,0.0,0.0,0.0,0.0,0.0,0.0,0.0,0.0,0.0,0.0,0.0,0.0,0.0,0.0,0.0,0.0,0.0,0.0,0.0,0.0,0.0,0.0,0.0,0.0,0.0,0.0,0.0,0.0,0.0
US1ORCC0076,"ESTACADA 5.2 WNW","CLACKAMAS",335,45.33,-122.43,M,M,M,M,0.0,M,M,M,0.0,0.0,0.0,0.0,0.0,0.0,0.0,0.0,0.0,M,M,0.0,0.0,0.0,0.0,M,0.0,0.0,0.0,0.0,0.0,0.0
US1ORLA0173,"EUGENE 1.9 SSE","LANE",501,44.03,-123.10,0.0,M,M,0.0,0.0,0.0,M,0.0,0.0,0.0,0.0,0.0,0.0,0.0,0.0,0.0,0.0,M,M,0.0,0.0,0.0,M,M,0.0,0.0,0.0,0.0,0.0,0.0
US1ORLA0179,"EUGENE 2.1 NNW","LANE",404,44.08,-123.12,M,M,M,0.0,0.0,M,M,0.0,0.0,0.0,0.0,0.0,0.0,0.0,0.0,M,M,M,M,M,M,0.0,M,M,0.0,0.0,M,M,M,M
US1ORLA0101,"EUGENE 2.4 NNW","LANE",400,44.08,-123.14,0.0,M,0.0,0.0,0.0,M,M,0.0,0.0,0.0,0.0,0.0,0.0,0.0,0.0,0.0,M,M,M,0.0,0.0,0.0,M,M,0.0,0.0,0.0,0.0,0.0,0.0
US1ORLA0118,"EUGENE 2.5 ENE","LANE",424,44.07,-123.07,M,M,M,M,M,M,M,M,M,M,M,M,M,M,M,M,M,M,M,M,M,M,M,0.0,M,M,M,M,M,M
US1ORLA0051,"EUGENE 2.5 SW","LANE",817,44.02,-123.14,0.0,0.0,0.0,0.0,0.0,0.0,0.0,0.0,0.0,0.0,0.0,0.0,0.0,0.0,0.0,0.0,0.0,0.0,0.0,0.0,0.0,0.0,0.0,0.0,0.0,0.0,0.0,0.0,0.0,0.0
US1ORLA0026,"EUGENE 2.6 ENE","LANE",425,44.07,-123.07,0.0,0.0,0.0,0.0,0.0,0.0,0.0,0.0,0.0,0.0,0.0,0.0,0.0,0.0,0.0,M,0.0,0.0,M,0.0,0.0,0.0,0.0,M,0.0,0.0,0.0,0.0,0.0,0.0
US1ORLA0112,"EUGENE 2.7","LANE",392,44.11,-123.27,M,M,0.0,0.0,0.0,M,M,0.0,0.0,0.0,0.0,0.0,0.0,0.0,0.0,0.0,M,M,M,0.0,0.0,0.0,M,M,0.0,0.0,0.0,0.0,0.0,0.0
US1ORLA0160,"EUGENE 2.7 ESE","LANE",601,44.03,-123.06,M,M,M,0.0,0.0,M,M,M,M,M,M,M,M,M,0.0,M,M,M,M,M,0.0,M,M,M,0.0,0.0,0.0,0.0,0.0,0.0
US1ORLA0054,"EUGENE 3 SW","LANE",1066,44.02,-123.16,M,M,M,0.0,0.0,0.0,M,M,0.0,0.0,0.0,0.0,0.0,0.0,0.0,0.0,0.0,M,M,M,0.0,0.0,M,M,0.0,0.0,0.0,0.0,0.0,0.0
US1ORLA0013,"EUGENE 3.2 N","LANE",398,44.10,-123.12,0.0,M,M,0.0,0.0,0.0,M,0.0,0.0,0.0,0.0,0.0,0.0,M,0.0,0.0,0.0,M,M,0.0,0.0,0.0,M,M,0.0,0.0,0.0,0.0,M,0.0
US1ORLA0007,"EUGENE 3.2 NNE","LANE",391,44.10,-123.09,0.0,0.0,M,0.0,0.0,0.0,0.0,M,0.0,0.0,0.0,0.0,0.0,M,0.0,0.0,M,M,M,0.0,0.0,0.0,M,M,0.0,0.0,0.0,0.0,0.0,0.0
US1ORLA0154,"EUGENE 3.5 ESE","LANE",637,44.03,-123.05,0.0,M,M,0.0,M,M,M,M,M,M,M,0.0,0.0,M,0.0,0.0,0.0,M,M,0.0,0.0,0.0,M,M,0.0,M,0.0,M,M,0.0
US1ORLA0087,"EUGENE 4.0 SE","LANE",852,44.01,-123.06,M,M,0.0,0.0,0.0,M,M,0.0,0.0,0.0,0.0,0.0,M,M,M,M,M,M,M,M,M,M,M,M,M,M,M,M,M,M
US1ORLA0069,"EUGENE 4.5 NNW","LANE",383,44.11,-123.15,M,M,M,M,M,M,M,0.0,M,M,M,0.0,0.0,M,M,M,M,M,M,M,M,M,M,M,M,M,M,M,M,M
US1ORLA0085,"EUGENE 5 ESE","LANE",495,44.00,-123.01,M,M,M,0.0,0.0,0.0,M,0.0,0.0,0.0,0.0,0.0,0.0,0.0,0.0,0.0,0.0,M,M,0.0,0.0,0.0,M,M,0.0,0.0,0.0,0.0,0.0,0.0
US1ORLA0044,"EUGENE 5.9 SW","LANE",502,43.99,-123.20,0.0,M,M,M,M,0.0,M,0.0,0.0,M,0.0,0.0,0.0,M,0.0,0.0,0.0,0.0,M,0.0,0.0,0.0,M,M,0.0,0.0,0.0,0.0,0.0,0.0
USW00024221,"EUGENE MAHLON SWEET AP","LANE",353,44.13,-123.22,0.0,0.0,0.0,0.0,0.0,0.0,0.0,0.0,0.0,0.0,0.0,0.0,0.0,0.0,0.0,0.0,0.0,0.0,0.0,0.0,0.0,0.0,0.0,0.0,0.0,0.0,0.0,0.0,0.0,0.0
USC00352800,"FALLS CITY 2 SSW","POLK",690,44.84,-123.45,0.0,0.0,0.0,0.0,0.0,0.0,0.0,0.0,0.0,0.0,0.0,0.0,0.0,0.0,0.0,0.0,0.0,0.0,0.0,0.0,0.0,0.0,0.0,0.0,0.0,0.0,0.0,0.0,0.0,0.0
USC00352867,"FERN RIDGE-VENETA","LANE",485,44.05,-123.37,0.0,0.0,0.0,0.0,0.0,0.0,0.0,0.0,0.0,0.0,0.0,0.0,0.0,0.0,0.0,0.0,0.0,0.0,0.0,0.0,0.0,0.0,0.0,0.0,0.0,0.0,0.0,0.0,0.0,0.0
USC00352972,"FLORENCE","LANE",12,43.97,-124.12,M,M,0.0,M,M,0.0,M,M,0.0,M,0.0,0.0,0.0,M,M,M,M,M,M,M,M,M,0.0,0.0,0.0,0.0,M,0.0,0.0,0.0
USC00352973,"FLORENCE #2","LANE",75,44.00,-124.09,0.0,0.0,0.0,0.0,0.0,0.0,0.0,0.0,0.0,0.0,0.0,0.0,0.0,0.0,0.0,0.0,0.0,0.0,0.0,0.0,0.0,0.0,0.0,0.0,0.0,0.0,0.0,0.0,0.0,0.0
US1ORLA0076,"FLORENCE 0.9 NW","LANE",68,44.00,-124.11,0.0,0.0,0.0,0.0,0.0,0.0,0.0,0.0,0.0,0.0,0.0,0.0,0.0,0.0,0.0,0.0,0.0,0.0,0.0,0.0,0.0,0.0,0.0,0.0,0.0,0.0,0.0,0.0,0.0,0.0
US1ORLA0003,"FLORENCE 1.8 NW","LANE",67,44.01,-124.12,M,M,M,M,M,M,M,0.0,0.0,0.0,0.0,0.0,0.0,0.0,0.0,0.0,0.0,M,M,M,0.0,0.0,M,M,0.0,0.0,0.0,0.0,0.0,0.0
US1ORLA0031,"FLORENCE 2.9 NNW","LANE",84,44.03,-124.12,M,M,M,M,M,M,M,M,M,M,M,M,M,0.0,0.0,M,0.0,M,M,M,0.0,0.0,M,M,0.0,0.0,0.0,0.0,M,M
US1ORLA0091,"FLORENCE 5.4 N","LANE",210,44.06,-124.10,M,M,M,0.0,M,M,M,M,M,M,M,M,M,M,M,M,M,M,M,M,M,M,M,M,M,M,M,M,M,M
US1ORLA0001,"FLORENCE 5.9 NNE","LANE",236,44.06,-124.05,M,M,0.0,0.0,0.0,M,M,0.0,0.0,0.0,0.0,0.0,0.0,0.0,0.0,0.0,0.0,M,M,0.0,0.0,0.0,M,M,0.0,0.0,M,0.0,0.0,0.0
USC00352997,"FOREST GROVE","WASHINGTON",180,45.52,-123.10,0.0,0.0,0.0,0.0,0.0,0.0,0.0,0.0,0.0,0.0,0.0,0.0,0.0,0.0,0.0,0.0,0.0,0.0,0.0,0.0,0.0,0.0,0.0,0.0,0.0,0.0,0.0,0.0,0.0,0.0
US1ORWS0009,"FOREST GROVE 9.8 NW","WASHINGTON",396,45.63,-123.23,M,M,M,M,0.0,M,M,M,M,M,M,M,M,M,M,M,M,M,M,M,M,M,M,M,M,M,M,M,M,M
USC00353047,"FOSTER DAM","LINN",550,44.41,-122.67,0.0,0.0,0.0,0.0,0.0,0.0,0.0,0.0,0.0,0.0,0.0,0.0,0.0,0.0,0.0,0.0,0.0,0.0,0.0,0.0,0.0,0.0,0.0,0.0,0.0,0.0,0.0,0.0,0.0,0.0
US1ORYM0001,"GASTON 3.2 SW","YAMHILL",295,45.40,-123.18,0.0,0.0,0.0,0.0,0.0,0.0,0.0,0.0,0.0,0.0,0.0,0.0,0.0,0.0,0.0,0.0,0.0,0.0,0.0,0.0,0.0,0.0,0.0,0.0,0.0,0.0,0.0,0.0,0.0,0.0
US1ORDG0026,"GLIDE 2.9 SSW","DOUGLAS",857,43.26,-123.10,0.0,0.0,0.0,0.0,0.0,0.0,M,0.0,0.0,0.0,0.0,0.0,0.0,0.0,0.0,0.0,0.0,0.0,0.0,0.0,0.0,0.0,M,M,0.0,0.0,0.0,0.0,0.0,0.0
US1ORCY0014,"GOLD BEACH 11.1 NNE","CURRY",106,42.57,-124.35,0.0,M,0.0,0.0,M,0.0,M,0.0,0.0,0.0,0.0,0.0,0.0,0.0,0.0,0.0,0.0,M,0.0,0.0,0.0,M,M,0.0,0.0,0.0,0.0,0.0,0.0,0.0
US1ORCY0007,"GOLD BEACH 4.8 NE","CURRY",331,42.50,-124.37,0.0,0.0,0.0,0.0,0.0,0.0,0.0,0.0,0.0,0.0,0.0,0.0,0.0,0.0,0.0,0.0,0.0,M,0.0,0.0,0.0,M,0.0,M,0.0,0.0,0.0,0.0,0.0,0.0
US1ORJC0029,"GOLD HILL 0.2 WSW","JACKSON",1134,42.43,-123.05,0.0,0.0,0.0,0.0,0.0,0.0,0.0,0.0,0.0,0.0,0.0,0.0,0.0,0.0,0.0,0.0,0.0,0.0,0.0,0.0,0.0,0.0,0.0,0.0,0.0,0.0,0.0,0.0,0.0,0.0
US1ORJC0062,"GOLD HILL 5.4 NNW","JACKSON",1962,42.51,-123.09,0.0,0.0,0.0,0.0,0.0,0.0,M,0.0,0.0,0.0,0.0,0.0,0.0,0.0,0.0,0.0,0.0,0.0,0.0,0.0,0.0,0.0,M,M,0.0,0.0,0.0,0.0,0.0,0.0
USC00353402,"GOVERNMENT CAMP","CLACKAMAS",3979,45.30,-121.74,0.0,0.0,0.0,0.0,0.0,0.0,0.0,0.0,0.0,0.0,0.0,0.0,0.0,0.0,0.0,0.0,0.0,0.0,0.0,0.0,0.0,0.0,0.0,0.0,0.0,0.0,0.0,0.0,0.0,0.0
US1ORYM0008,"GRAND RONDE 3.5 NW","YAMHILL",401,45.09,-123.67,M,M,M,M,M,M,M,0.0,0.0,0.0,0.0,0.0,0.0,0.0,0.0,0.0,0.0,M,M,M,0.0,M,M,M,0.0,0.0,M,0.0,0.0,0.0
US1ORJS0019,"GRANTS PASS 4.6 SSW","JOSEPHINE",1169,42.38,-123.36,M,M,M,M,M,M,M,0.0,M,M,M,M,M,M,M,M,M,M,M,M,M,M,M,M,M,M,M,M,M,M
US1ORJS0010,"GRANTS PASS 6.1 SSE","JOSEPHINE",1606,42.36,-123.29,M,0.0,0.0,0.0,0.0,0.0,0.0,0.0,M,0.0,M,0.0,0.0,0.0,0.0,M,0.0,0.0,0.0,0.0,0.0,M,M,M,0.0,0.0,0.0,0.0,0.0,0.0
US1ORJS0016,"GRANTS PASS 9.5 W","JOSEPHINE",1122,42.45,-123.51,0.0,0.0,0.0,0.0,0.0,0.0,0.0,0.0,0.0,0.0,0.0,M,0.0,0.0,0.0,0.0,0.0,0.0,0.0,0.0,0.0,0.0,0.0,0.0,0.0,0.0,0.0,0.0,0.0,0.0
US1ORJS0020,"GRANTS PASS 9.8 SSE","JOSEPHINE",1337,42.32,-123.23,M,M,M,M,M,M,M,M,M,M,M,M,M,M,M,M,M,M,M,M,M,M,M,M,M,M,M,0.0,0.0,M
USC00353522,"GRESHAM 2 SW","MULTNOMAH",450,45.48,-122.47,0.0,0.0,0.0,0.0,0.0,0.0,0.0,0.0,0.0,0.0,0.0,0.0,0.0,0.0,0.0,0.0,0.0,0.0,0.0,0.0,0.0,0.0,0.0,0.0,0.0,0.0,0.0,0.0,0.0,0.0
USC00353604,"HALFWAY","BAKER",2652,44.88,-117.11,0.0,0.0,0.0,0.0,0.0,0.0,M,M,0.0,0.0,0.0,0.0,0.0,0.0,0.0,0.0,0.0,0.0,0.0,0.0,0.0,0.0,0.0,0.0,0.0,0.0,0.0,0.0,0.0,0.0
US1ORCC0066,"HAPPY VALLEY 1.7 ESE","CLACKAMAS",592,45.43,-122.50,0.0,0.0,0.0,0.0,0.0,0.0,0.0,0.0,0.0,0.0,0.0,0.0,0.0,0.0,0.0,0.0,0.0,0.0,0.0,0.0,0.0,0.0,0.0,0.0,0.0,0.0,0.0,0.0,0.0,0.0
USC00353692,"HART MOUNTAIN REFUGE","LAKE",5615,42.55,-119.66,0.0,0.0,0.0,0.0,0.0,0.0,0.0,0.0,0.0,0.0,0.0,0.0,0.0,0.0,0.0,0.0,0.0,0.0,0.0,0.0,0.0,3.5,T,0.0,0.0,0.0,0.0,0.0,0.0,0.0
USC00353705,"HASKINS DAM","YAMHILL",756,45.31,-123.35,0.0,0.0,0.0,0.0,0.0,0.0,0.0,0.0,0.0,0.0,0.0,0.0,0.0,0.0,0.0,0.0,0.0,0.0,0.0,0.0,0.0,0.0,0.0,0.0,0.0,0.0,0.0,0.0,0.0,0.0
USC00353770,"HEADWORKS PORTLAND WTR B","CLACKAMAS",748,45.45,-122.15,0.0,0.0,0.0,0.0,0.0,0.0,0.0,0.0,0.0,0.0,0.0,0.0,0.0,0.0,0.0,0.0,0.0,0.0,0.0,0.0,0.0,0.0,0.0,0.0,0.0,0.0,0.0,0.0,0.0,0.0
USC00353827,"HEPPNER","MORROW",1884,45.37,-119.56,0.0,0.0,0.0,0.0,0.0,0.0,0.0,0.0,0.0,0.0,0.0,0.0,0.0,0.0,0.0,0.0,0.0,0.0,0.0,0.0,0.0,0.0,0.0,0.0,0.0,0.0,0.0,0.0,0.0,0.0
US1ORUM0018,"HERMISTON 5.8 NE","UMATILLA",461,45.89,-119.19,0.0,M,0.0,0.0,0.0,M,M,0.0,0.0,0.0,0.0,0.0,0.0,0.0,0.0,0.0,0.0,M,M,M,M,0.0,0.0,0.0,0.0,0.0,0.0,0.0,0.0,0.0
USW00004113,"HERMISTON MUNICIPAL AP","UMATILLA",641,45.83,-119.26,0.0,0.0,0.0,0.0,0.0,0.0,0.0,0.0,0.0,0.0,0.0,0.0,0.0,0.0,0.0,0.0,0.0,0.0,0.0,0.0,0.0,0.0,0.0,0.0,0.0,0.0,0.0,0.0,0.0,0.0
US1ORWS0036,"HILLSBORO 1.3 SSE","WASHINGTON",177,45.51,-122.93,M,M,M,M,M,0.0,0.0,0.0,0.0,0.0,0.0,0.0,0.0,0.0,0.0,M,M,0.0,0.0,0.0,0.0,0.0,0.0,0.0,M,0.0,0.0,0.0,0.0,0.0
US1ORWS0081,"HILLSBORO 1.3 W","WASHINGTON",183,45.53,-122.97,M,M,M,M,M,M,M,0.0,0.0,0.0,0.0,0.0,0.0,0.0,0.0,0.0,M,M,0.0,0.0,0.0,M,M,0.0,0.0,0.0,0.0,0.0,0.0,0.0
US1ORWS0097,"HILLSBORO 3.0 WNW","WASHINGTON",186,45.54,-123.00,M,M,M,M,M,M,M,0.0,0.0,0.0,0.0,0.0,0.0,0.0,0.0,M,M,M,M,M,M,M,M,M,M,0.0,0.0,0.0,0.0,M
USC00353971,"HOLLEY","LINN",610,44.35,-122.78,0.0,0.0,0.0,0.0,0.0,0.0,0.0,0.0,0.0,0.0,0.0,0.0,0.0,0.0,0.0,0.0,0.0,0.0,0.0,0.0,0.0,0.0,0.0,0.0,0.0,0.0,0.0,0.0,0.0,0.0
USC00353995,"HONEYMAN STATE PARK","LANE",115,43.93,-124.11,0.0,0.0,0.0,0.0,0.0,0.0,0.0,0.0,0.0,0.0,0.0,0.0,0.0,0.0,0.0,0.0,0.0,0.0,0.0,0.0,0.0,0.0,0.0,0.0,0.0,0.0,0.0,0.0,0.0,0.0
US1ORHR0007,"HOOD RIVER 0.8 SW","HOOD RIVER",527,45.70,-121.53,0.0,M,M,0.0,0.0,M,M,0.0,M,0.0,0.0,0.0,0.0,0.0,M,0.0,0.0,M,M,0.0,0.0,M,0.0,M,0.0,0.0,0.0,0.0,0.0,0.0
US1ORHR0004,"HOOD RIVER 3.1 SW","HOOD RIVER",740,45.68,-121.56,0.0,M,M,0.0,0.0,M,M,M,M,M,M,0.0,0.0,0.0,0.0,0.0,0.0,M,M,0.0,M,0.0,M,M,M,0.0,0.0,0.0,0.0,M
US1ORHR0005,"HOOD RIVER 9.8 S","HOOD RIVER",1548,45.57,-121.55,0.0,M,M,M,0.0,M,M,0.0,0.0,0.0,0.0,0.0,0.0,0.0,0.0,0.0,0.0,M,M,M,0.0,0.0,0.0,M,0.0,0.0,0.0,0.0,0.0,0.0
USC00354003,"HOOD RIVER EXPERIMENT STN","HOOD RIVER",500,45.68,-121.52,0.0,0.0,0.0,0.0,0.0,0.0,0.0,0.0,0.0,0.0,0.0,0.0,0.0,0.0,0.0,0.0,0.0,0.0,0.0,0.0,0.0,0.0,0.0,0.0,0.0,0.0,0.0,0.0,0.0,0.0
USC00354060,"HOWARD PRAIRIE DAM","JACKSON",4566,42.23,-122.38,0.0,0.0,0.0,0.0,0.0,0.0,0.0,0.0,0.0,0.0,0.0,0.0,0.0,0.0,0.0,0.0,0.0,0.0,0.0,0.0,0.0,0.0,0.0,0.0,0.0,0.0,0.0,0.0,0.0,0.0
US1ORDG0012,"IDLEYLD PARK 4 ESE","DOUGLAS",1628,43.31,-122.94,0.0,0.0,0.0,0.0,0.0,0.0,0.0,0.0,0.0,0.0,0.0,0.0,0.0,0.0,0.0,0.0,0.0,0.0,0.0,0.0,0.0,0.0,0.0,0.0,0.0,0.0,0.0,0.0,0.0,0.0
US1ORPK0014,"INDEPENDENCE 0.3 NNW","POLK",176,44.86,-123.19,M,M,M,M,0.0,M,0.0,M,0.0,M,0.0,0.0,0.0,0.0,0.0,0.0,M,M,0.0,0.0,0.0,0.0,0.0,0.0,0.0,0.0,0.0,0.0,0.0,M
US1ORPK0013,"INDEPENDENCE 5.2 SE","POLK",173,44.79,-123.13,M,M,M,M,0.0,M,M,0.0,0.0,0.0,0.0,0.0,0.0,0.0,0.0,0.0,0.0,M,M,M,0.0,M,M,M,0.0,0.0,0.0,0.0,0.0,0.0
US1ORJC0048,"JACKSONVILLE 0.4 NE","JACKSON",1524,42.32,-122.96,0.0,0.0,0.0,0.0,0.0,0.0,0.0,0.0,0.0,0.0,0.0,0.0,0.0,0.0,0.0,0.0,0.0,0.0,0.0,0.0,0.0,0.0,M,0.0,0.0,0.0,0.0,0.0,0.0,0.0
US1ORJC0011,"JACKSONVILLE 10 S","JACKSON",1915,42.17,-122.99,0.0,0.0,0.0,0.0,0.0,0.0,0.0,0.0,0.0,0.0,0.0,0.0,0.0,0.0,0.0,0.0,0.0,0.0,0.0,0.0,0.0,0.0,0.0,0.0,0.0,M,M,M,M,M
US1ORJC0027,"JACKSONVILLE 8.9 WSW","JACKSON",1709,42.28,-123.14,0.0,0.0,0.0,0.0,0.0,0.0,0.0,0.0,0.0,0.0,0.0,0.0,0.0,0.0,0.0,0.0,0.0,0.0,0.0,0.0,0.0,0.0,M,M,0.0,0.0,0.0,0.0,0.0,0.0
US1ORWL0001,"JOSEPH 0.2 SSE","WALLOWA",4231,45.35,-117.23,0.0,M,0.0,0.0,M,M,M,0.0,0.0,0.0,0.0,0.0,M,M,M,0.0,0.0,M,M,0.0,0.0,0.0,M,M,M,M,0.0,M,0.0,M
USC00354403,"KENO","KLAMATH",4115,42.09,-121.90,0.0,0.0,0.0,0.0,0.0,0.0,0.0,0.0,0.0,0.0,0.0,0.0,0.0,0.0,0.0,0.0,0.0,0.0,0.0,0.0,0.0,0.0,0.0,0.0,0.0,0.0,0.0,0.0,0.0,0.0
US1ORKL0018,"KENO 0.6 SSE","KLAMATH",4108,42.12,-121.92,0.0,0.0,0.0,0.0,0.0,0.0,0.0,0.0,0.0,0.0,0.0,0.0,0.0,0.0,0.0,0.0,0.0,0.0,0.0,0.0,0.0,M,M,M,0.0,0.0,0.0,0.0,0.0,0.0
US1ORBN0089,"KINGS VALLEY .3 SSE","BENTON",307,44.70,-123.43,M,M,M,M,0.0,M,M,0.0,0.0,M,0.0,0.0,0.0,0.0,0.0,0.0,0.0,M,M,0.0,M,0.0,M,M,0.0,0.0,0.0,M,0.0,0.0
US1ORKL0016,"KLAMATH FALLS 0.5 NNW","KLAMATH",4118,42.23,-121.77,0.0,0.0,0.0,0.0,0.0,0.0,0.0,0.0,0.0,0.0,0.0,0.0,0.0,0.0,0.0,0.0,0.0,0.0,0.0,0.0,0.0,M,M,M,0.0,0.0,0.0,0.0,0.0,0.0
US1ORKL0005,"KLAMATH FALLS 3.4 ESE","KLAMATH",4289,42.21,-121.71,0.0,0.0,0.0,0.0,0.0,0.0,0.0,0.0,0.0,0.0,0.0,0.0,0.0,0.0,0.0,0.0,0.0,0.0,0.0,0.0,0.0,M,M,M,0.0,0.0,0.0,0.0,0.0,0.0
US1ORKL0004,"KLAMATH FALLS 8 SE","KLAMATH",4105,42.16,-121.64,M,M,M,0.0,0.0,0.0,0.0,0.0,0.0,0.0,M,0.0,M,M,M,M,M,M,M,M,M,M,M,M,0.0,0.0,0.0,M,0.0,0.0
USC00354622,"LA GRANDE","UNION",2754,45.32,-118.07,0.0,0.0,M,M,M,0.0,0.0,0.0,0.0,M,M,0.0,0.0,0.0,0.0,M,M,M,0.0,0.0,0.0,0.0,0.0,M,M,0.0,0.0,0.0,0.0,0.0
USW00024148,"LA GRANDE MUNICIPAL AP","UNION",2712,45.28,-118.00,M,M,M,M,M,M,M,M,M,M,M,M,M,M,M,M,M,M,M,M,M,M,M,M,M,M,M,M,M,0.0
USC00354606,"LACOMB 3 NNE","LINN",520,44.63,-122.72,0.0,0.0,0.0,0.0,0.0,0.0,0.0,0.0,0.0,0.0,0.0,0.0,0.0,0.0,0.0,0.0,0.0,0.0,0.0,0.0,0.0,0.0,0.0,0.0,0.0,0.0,0.0,0.0,0.0,0.0
US1ORCC0077,"LAKE OSWEGO 0.6 N","CLACKAMAS",439,45.42,-122.70,M,M,M,0.0,M,M,M,M,0.0,0.0,0.0,M,M,M,M,M,M,M,M,M,M,M,M,M,M,M,0.0,M,0.0,M
US1ORCC0054,"LAKE OSWEGO 0.7 SE","CLACKAMAS",431,45.41,-122.69,M,M,M,M,0.0,M,M,M,M,M,M,M,M,M,M,0.0,0.0,M,M,0.0,0.0,0.0,M,M,0.0,0.0,0.0,0.0,0.0,0.0
USC00354776,"LAUREL MOUNTAIN","POLK",3588,44.92,-123.57,0.0,0.0,0.0,0.0,0.0,0.0,0.0,0.0,0.0,0.0,0.0,0.0,0.0,0.0,0.0,0.0,0.0,0.0,0.0,0.0,0.0,0.0,0.0,0.0,0.0,0.0,0.0,0.0,0.0,0.0
USC00354811,"LEABURG 1 SW","LANE",675,44.10,-122.69,0.0,0.0,0.0,0.0,0.0,0.0,0.0,0.0,0.0,0.0,0.0,0.0,0.0,0.0,0.0,0.0,0.0,0.0,0.0,0.0,0.0,0.0,0.0,0.0,0.0,0.0,0.0,0.0,0.0,0.0
US1ORLA0053,"LEABURG 2 E","LANE",730,44.11,-122.65,M,M,M,M,0.0,0.0,M,M,M,M,M,M,0.0,M,M,M,M,M,M,M,M,M,M,M,M,M,M,M,M,M
USC00354819,"LEBANON","LINN",330,44.53,-122.90,0.0,0.0,0.0,0.0,0.0,0.0,0.0,0.0,0.0,0.0,0.0,0.0,0.0,0.0,0.0,0.0,0.0,0.0,0.0,0.0,0.0,0.0,0.0,0.0,0.0,0.0,0.0,0.0,0.0,0.0
US1ORLN0045,"LEBANON 0.5 SE","LINN",360,44.53,-122.90,M,M,M,M,M,M,M,0.0,M,M,M,M,M,M,M,M,M,M,M,M,M,M,M,M,M,M,M,M,M,M
US1ORLN0016,"LEBANON 1.4 SSW","LINN",358,44.52,-122.92,0.0,M,0.0,0.0,0.0,0.0,0.0,0.0,0.0,0.0,0.0,0.0,0.0,0.0,0.0,0.0,0.0,M,M,0.0,0.0,0.0,0.0,0.0,0.0,0.0,0.0,0.0,0.0,0.0
US1ORLN0056,"LEBANON 10.6 ENE","LINN",857,44.59,-122.70,M,M,M,M,M,M,0.0,0.0,0.0,0.0,0.0,0.0,0.0,0.0,0.0,0.0,M,M,0.0,M,0.0,0.0,0.0,M,M,0.0,0.0,0.0,0.0,0.0
US1ORLN0060,"LEBANON 11.5 ESE","LINN",667,44.45,-122.70,M,M,M,M,0.0,M,M,0.0,0.0,0.0,0.0,0.0,0.0,M,0.0,0.0,M,M,M,0.0,0.0,M,M,M,0.0,0.0,0.0,0.0,0.0,M
US1ORLN0055,"LEBANON 2.3 E","LINN",493,44.53,-122.86,M,M,M,0.0,0.0,0.0,M,M,0.0,0.0,0.0,0.0,0.0,0.0,M,M,M,M,M,0.0,0.0,M,M,M,0.0,0.0,0.0,0.0,0.0,0.0
US1ORLN0001,"LEBANON 4.8 E","LINN",432,44.54,-122.81,M,M,M,0.0,0.0,0.0,M,0.0,0.0,0.0,0.0,0.0,0.0,0.0,0.0,0.0,0.0,M,M,0.0,0.0,0.0,M,M,0.0,0.0,0.0,0.0,0.0,0.0
US1ORLN0034,"LEBANON 5.2 SSE","LINN",767,44.46,-122.88,M,M,M,0.0,0.0,0.0,M,0.0,0.0,0.0,M,M,M,M,M,M,M,M,M,0.0,0.0,M,M,M,0.0,0.0,0.0,0.0,0.0,0.0
US1ORLN0054,"LEBANON 6.0 SE","LINN",415,44.48,-122.81,M,M,M,M,0.0,0.0,M,M,0.0,0.0,0.0,0.0,0.0,0.0,0.0,0.0,0.0,M,M,0.0,0.0,M,M,M,M,0.0,0.0,0.0,0.0,0.0
USC00354835,"LEMOLO LAKE 3 NNW","DOUGLAS",4076,43.36,-122.22,0.0,0.0,0.0,0.0,0.0,0.0,0.0,0.0,0.0,0.0,0.0,0.0,0.0,0.0,0.0,0.0,0.0,0.0,0.0,0.0,0.0,0.0,0.0,0.0,0.0,0.0,0.0,0.0,0.0,0.0
USC00355020,"LONG CREEK","GRANT",3739,44.71,-119.10,0.0,0.0,0.0,0.0,0.0,0.0,0.0,0.0,0.0,M,0.0,0.0,0.0,0.0,0.0,0.0,0.0,0.0,0.0,0.0,0.0,0.0,0.0,0.0,0.0,0.0,0.0,0.0,0.0,0.0
USC00355050,"LOOKOUT POINT DAM","LANE",712,43.91,-122.76,0.0,0.0,0.0,0.0,0.0,0.0,0.0,0.0,0.0,0.0,0.0,0.0,0.0,0.0,0.0,0.0,0.0,0.0,0.0,0.0,0.0,0.0,0.0,0.0,0.0,0.0,0.0,0.0,0.0,0.0
US1ORLA0171,"LORANE 5.1 W","LANE",589,43.83,-123.34,0.0,M,0.0,M,0.0,0.0,M,M,M,0.0,M,M,M,M,M,M,0.0,M,M,0.0,0.0,0.0,M,M,M,M,M,0.0,0.0,0.0
USC00355055,"LOST CREEK DAM","JACKSON",1580,42.67,-122.68,M,0.0,M,0.0,M,M,M,M,0.0,0.0,0.0,M,M,M,M,M,0.0,M,M,M,M,M,M,M,M,M,M,M,M,M
US1ORWL0006,"LOSTINE 2.4 ESE","WALLOWA",3436,45.47,-117.38,0.0,M,M,0.0,M,0.0,M,0.0,0.0,0.0,0.0,0.0,0.0,0.0,0.0,0.0,0.0,M,M,0.0,0.0,0.0,M,0.0,0.0,0.0,0.0,0.0,0.0,M
US1ORLA0093,"LOWELL 1 SE","LANE",764,43.92,-122.78,0.0,M,0.0,0.0,0.0,0.0,M,M,0.0,0.0,0.0,0.0,0.0,0.0,0.0,0.0,0.0,M,M,0.0,0.0,M,M,M,0.0,0.0,0.0,0.0,0.0,0.0
US1ORLN0012,"LYONS 1.6 SSW","LINN",1700,44.76,-122.62,M,M,M,0.0,0.0,M,M,M,0.0,0.0,0.0,0.0,0.0,0.0,0.0,0.0,0.0,M,M,M,0.0,M,M,M,0.0,0.0,0.0,0.0,0.0,0.0
US1ORLN0020,"LYONS 2.1 S","LINN",1666,44.75,-122.61,0.0,0.0,0.0,0.0,0.0,0.0,0.0,0.0,0.0,0.0,0.0,0.0,0.0,0.0,0.0,0.0,0.0,0.0,0.0,0.0,0.0,0.0,0.0,M,0.0,0.0,0.0,0.0,0.0,0.0
US1ORMN0036,"LYONS 3.4 ESE","MARION",750,44.77,-122.54,M,M,M,M,M,M,M,M,0.0,0.0,0.0,0.0,0.0,0.0,0.0,0.0,M,M,M,M,0.0,0.0,0.0,M,M,0.0,0.0,M,0.0,0.0
USC00355092,"LYONS 3N","MARION",780,44.79,-122.60,0.0,0.0,0.0,0.0,0.0,0.0,0.0,0.0,0.0,0.0,0.0,0.0,0.0,0.0,0.0,0.0,0.0,0.0,0.0,0.0,0.0,0.0,0.0,0.0,0.0,0.0,0.0,0.0,0.0,0.0
US1ORJF0001,"MADRAS 6.6 NNW","JEFFERSON",2386,44.72,-121.17,0.0,M,0.0,0.0,0.0,0.0,M,0.0,0.0,0.0,0.0,0.0,0.0,0.0,0.0,0.0,0.0,M,M,0.0,0.0,0.0,0.0,0.0,0.0,0.0,0.0,0.0,0.0,0.0
US1ORTL0004,"MANZANITA 0.5 NNW","TILLAMOOK",155,45.72,-123.94,M,M,M,M,0.0,M,M,M,0.0,0.0,0.0,0.0,0.0,0.0,0.0,0.0,M,M,M,M,M,0.0,M,M,0.0,0.0,0.0,0.0,0.0,0.0
USC00355204,"MAPLETON","LANE",17,44.04,-123.86,0.0,0.0,0.0,0.0,0.0,0.0,0.0,0.0,0.0,0.0,0.0,0.0,0.0,0.0,0.0,0.0,0.0,0.0,0.0,0.0,0.0,0.0,0.0,0.0,0.0,0.0,0.0,0.0,0.0,0.0
USC00355221,"MARION FORKS FISH HATCH.","LINN",2474,44.61,-121.95,0.0,0.0,0.0,0.0,0.0,0.0,0.0,0.0,0.0,0.0,0.0,0.0,0.0,0.0,0.0,0.0,0.0,0.0,0.0,0.0,0.0,0.0,0.0,0.0,0.0,0.0,0.0,0.0,0.0,0.0
US1ORLA0130,"MCKENZIE BRIDGE 1 N","LANE",1368,44.18,-122.16,0.0,M,M,0.0,0.0,0.0,M,0.0,0.0,0.0,0.0,0.0,0.0,0.0,0.0,0.0,0.0,M,M,0.0,0.0,M,M,M,0.0,0.0,0.0,0.0,0.0,M
USC00355362,"MCKENZIE BRIDGE RS","LANE",1478,44.18,-122.12,0.0,0.0,0.0,0.0,0.0,0.0,0.0,0.0,0.0,0.0,0.0,0.0,0.0,0.0,0.0,0.0,0.0,0.0,0.0,0.0,0.0,0.0,0.0,0.0,0.0,0.0,0.0,0.0,0.0,0.0
US1ORYM0013,"MCMINNVILLE 0.1 NW","YAMHILL",159,45.21,-123.19,0.0,M,0.0,0.0,M,M,0.0,0.0,0.0,0.0,0.0,0.0,0.0,0.0,0.0,0.0,0.0,M,M,0.0,0.0,0.0,M,M,0.0,0.0,0.0,0.0,0.0,0.0
US1ORYM0011,"MCMINNVILLE 0.3 E","YAMHILL",157,45.21,-123.18,0.0,0.0,M,0.0,M,0.0,M,M,0.0,0.0,0.0,0.0,0.0,0.0,0.0,M,M,M,M,M,M,M,M,M,M,M,M,M,M,M
US1ORYM0005,"MCMINNVILLE 0.6 W","YAMHILL",137,45.21,-123.20,M,M,0.0,M,M,M,M,0.0,0.0,0.0,0.0,0.0,0.0,0.0,0.0,0.0,0.0,M,M,0.0,M,0.0,M,M,0.0,0.0,0.0,0.0,0.0,0.0
US1ORYM0010,"MCMINNVILLE 1.0 WNW","YAMHILL",132,45.22,-123.21,M,0.0,M,M,M,M,M,M,M,M,M,M,M,M,M,M,M,M,M,0.0,M,0.0,M,M,M,0.0,0.0,0.0,0.0,M
US1ORYM0007,"MCMINNVILLE 4.3 WNW","YAMHILL",458,45.24,-123.27,M,M,M,M,M,M,M,0.0,0.0,0.0,0.0,0.0,0.0,0.0,0.0,0.0,0.0,M,M,0.0,M,0.0,M,M,0.0,M,M,M,M,M
US1ORYM0012,"MCMINNVILLE 6.5 W","YAMHILL",732,45.20,-123.32,M,M,M,M,M,M,M,M,M,M,M,M,M,M,M,M,M,M,M,M,M,M,M,M,M,M,M,0.0,M,M
USW00094273,"MCMINNVILLE MUNICIPAL AP","YAMHILL",159,45.19,-123.13,0.0,0.0,0.0,0.0,0.0,0.0,0.0,0.0,0.0,0.0,0.0,0.0,0.0,0.0,0.0,0.0,0.0,0.0,0.0,0.0,0.0,0.0,0.0,0.0,0.0,0.0,0.0,0.0,0.0,0.0
USC00355392,"MCNARY DAM NO. 2","UMATILLA",361,45.93,-119.30,0.0,0.0,M,M,M,M,M,M,M,M,M,M,M,M,M,M,M,M,M,M,M,M,M,M,M,M,M,M,M,M
USW00024152,"MEACHAM","UMATILLA",3722,45.51,-118.42,0.0,0.0,0.0,0.0,0.0,0.0,0.0,0.0,0.0,0.0,0.0,0.0,0.0,0.0,0.0,0.0,0.0,0.0,0.0,0.0,0.0,0.0,0.0,0.0,0.0,0.0,0.0,0.0,0.0,0.0
US1ORUM0007,"MEACHAM 4.0 NW","UMATILLA",3734,45.55,-118.47,M,M,0.0,0.0,0.0,0.0,M,0.0,0.0,0.0,0.0,0.0,0.0,0.0,0.0,0.0,0.0,M,M,0.0,0.0,0.0,M,M,0.0,0.0,0.0,0.0,0.0,0.0
US1ORJC0075,"MEDFORD 0.5 SSE","JACKSON",1483,42.33,-122.85,0.0,0.0,0.0,0.0,0.0,0.0,0.0,0.0,0.0,0.0,0.0,0.0,0.0,0.0,0.0,0.0,0.0,0.0,0.0,0.0,0.0,M,M,M,0.0,0.0,0.0,0.0,0.0,0.0
US1ORJC0053,"MEDFORD 2.5 ESE","JACKSON",1912,42.33,-122.81,0.0,0.0,0.0,0.0,0.0,0.0,0.0,0.0,0.0,0.0,0.0,0.0,0.0,0.0,0.0,0.0,0.0,0.0,0.0,0.0,0.0,M,M,M,M,0.0,0.0,0.0,0.0,0.0
US1ORJC0051,"MEDFORD 3.5 SSW","JACKSON",1496,42.30,-122.89,0.0,0.0,0.0,0.0,0.0,0.0,0.0,0.0,0.0,0.0,0.0,0.0,0.0,0.0,0.0,0.0,0.0,0.0,0.0,0.0,0.0,0.0,0.0,0.0,0.0,0.0,0.0,0.0,0.0,0.0
US1ORJC0086,"MEDFORD 4.7 SSW","JACKSON",1796,42.28,-122.89,0.0,0.0,0.0,0.0,0.0,0.0,0.0,0.0,0.0,0.0,0.0,0.0,0.0,0.0,0.0,0.0,0.0,0.0,0.0,0.0,0.0,M,0.0,M,0.0,0.0,0.0,0.0,0.0,0.0
US1ORJC0038,"MEDFORD 5.0 SSW","JACKSON",1702,42.27,-122.89,M,M,M,M,M,M,M,0.0,0.0,0.0,0.0,0.0,0.0,0.0,0.0,0.0,0.0,0.0,0.0,0.0,0.0,0.0,0.0,0.0,0.0,0.0,0.0,0.0,M,M
US1ORJC0089,"MEDFORD 5.1 SSW","JACKSON",1830,42.27,-122.88,0.0,0.0,0.0,0.0,0.0,0.0,0.0,0.0,0.0,0.0,0.0,0.0,0.0,0.0,0.0,0.0,0.0,0.0,0.0,0.0,0.0,M,M,M,0.0,0.0,0.0,0.0,0.0,0.0
US1ORJC0087,"MEDFORD 5.7 S","JACKSON",2029,42.26,-122.87,0.0,0.0,0.0,0.0,0.0,0.0,0.0,0.0,0.0,0.0,0.0,0.0,0.0,0.0,0.0,0.0,0.0,0.0,0.0,0.0,0.0,M,0.0,M,0.0,0.0,0.0,0.0,0.0,0.0
USW00024225,"MEDFORD ROGUE VALLEY INTL AP","JACKSON",1297,42.38,-122.87,0.0,0.0,0.0,0.0,0.0,0.0,0.0,0.0,0.0,0.0,0.0,0.0,0.0,0.0,0.0,0.0,0.0,0.0,0.0,0.0,0.0,0.0,0.0,0.0,0.0,0.0,0.0,0.0,0.0,0.0
US1ORMN0049,"MEHAMA 0.7 ESE","MARION",654,44.79,-122.60,M,M,0.0,M,0.0,M,M,0.0,0.0,0.0,M,0.0,0.0,0.0,0.0,0.0,0.0,M,M,0.0,M,M,M,M,0.0,0.0,0.0,0.0,0.0,0.0
US1ORJS0017,"MERLIN 1.7 N","JOSEPHINE",1065,42.54,-123.43,0.0,0.0,0.0,0.0,0.0,0.0,0.0,0.0,0.0,0.0,0.0,0.0,0.0,0.0,0.0,0.0,0.0,0.0,0.0,0.0,0.0,0.0,0.0,M,0.0,0.0,0.0,0.0,0.0,0.0
US1ORMT0021,"METZGER 2.0 ENE","MULTNOMAH",515,45.46,-122.72,M,M,M,M,M,M,M,M,M,0.0,0.0,0.0,0.0,0.0,M,0.0,0.0,M,M,M,M,0.0,M,M,M,M,M,0.0,0.0,0.0
US1ORMN0047,"MILL CITY 0.8 W","MARION",794,44.75,-122.49,M,M,M,0.0,0.0,M,M,M,M,M,M,0.0,0.0,0.0,0.0,0.0,0.0,M,M,0.0,0.0,M,M,M,M,M,M,M,M,M
US1ORCC0075,"MILWAUKIE 0.9 NNE","CLACKAMAS",161,45.46,-122.61,M,M,M,M,M,M,M,M,0.0,0.0,0.0,0.0,0.0,0.0,0.0,M,M,M,M,M,M,0.0,M,M,0.0,0.0,0.0,0.0,0.0,M
US1ORCC0035,"MILWAUKIE 1.3 WSW","CLACKAMAS",28,45.44,-122.64,M,M,M,M,M,M,M,M,M,0.0,0.0,0.0,M,M,M,M,M,M,M,M,M,0.0,M,M,M,0.0,M,M,M,M
US1ORCC0084,"MILWAUKIE 2.9 S","CLACKAMAS",205,45.40,-122.61,M,M,M,0.0,0.0,M,M,M,0.0,0.0,0.0,M,M,M,M,M,M,M,M,M,M,M,M,M,M,M,M,M,M,M
USC00355638,"MITCHELL 2 E","WHEELER",3319,44.57,-120.12,M,M,M,M,M,M,M,M,M,M,M,M,M,M,M,M,M,0.0,M,M,M,M,M,M,M,M,M,0.0,0.0,0.0
US1ORCC0080,"MOLALLA 7.4 S","CLACKAMAS",1023,45.04,-122.59,M,M,M,M,0.0,M,M,0.0,0.0,0.0,0.0,0.0,0.0,0.0,0.0,0.0,0.0,M,M,0.0,0.0,M,0.0,M,0.0,0.0,0.0,0.0,0.0,0.0
US1ORCC0067,"MOLALLA 7.5 S","CLACKAMAS",1011,45.04,-122.60,0.0,0.0,0.0,0.0,0.0,0.0,0.0,M,0.0,0.0,0.0,0.0,0.0,0.0,0.0,0.0,0.0,0.0,0.0,0.0,0.0,0.0,0.0,0.0,0.0,M,0.0,0.0,0.0,0.0
USC00355681,"MOLALLA 7NE","CLACKAMAS",647,45.18,-122.51,0.0,0.0,0.0,0.0,0.0,0.0,0.0,0.0,0.0,0.0,0.0,0.0,0.0,0.0,0.0,0.0,0.0,0.0,0.0,0.0,0.0,0.0,0.0,0.0,0.0,0.0,0.0,0.0,0.0,0.0
US1ORPK0033,"MONMOUTH 0.9 SE","POLK",188,44.84,-123.22,M,M,0.0,M,0.0,M,M,0.0,0.0,0.0,0.0,0.0,0.0,0.0,0.0,0.0,0.0,M,M,0.0,0.0,0.0,M,M,0.0,0.0,0.0,0.0,0.0,0.0
US1ORPK0020,"MONMOUTH 12.1 WSW","POLK",345,44.77,-123.45,M,M,M,M,0.0,M,0.0,0.0,0.0,0.0,0.0,0.0,0.0,0.0,0.0,0.0,0.0,M,M,0.0,M,0.0,0.0,0.0,0.0,0.0,0.0,0.0,0.0,0.0
US1ORPK0031,"MONMOUTH 6.3 S","POLK",352,44.76,-123.23,0.0,0.0,0.0,0.0,0.0,0.0,0.0,0.0,0.0,0.0,0.0,0.0,0.0,0.0,0.0,0.0,0.0,0.0,0.0,0.0,0.0,0.0,0.0,0.0,0.0,0.0,0.0,0.0,0.0,0.0
US1ORBN0100,"MONROE 0.5 SE","BENTON",283,44.31,-123.29,M,M,0.0,0.0,M,M,M,0.0,0.0,M,0.0,0.0,M,M,M,M,0.0,M,M,0.0,M,M,M,M,M,M,M,M,0.0,M
US1ORBN0030,"MONROE 5.7 WNW","BENTON",497,44.33,-123.41,M,M,0.0,M,0.0,M,M,0.0,0.0,0.0,0.0,0.0,0.0,0.0,0.0,0.0,0.0,M,M,0.0,0.0,0.0,M,M,0.0,0.0,0.0,0.0,0.0,0.0
US1ORCC0064,"MOUNT HOOD VILLAGE 1.7 ESE","CLACKAMAS",1379,45.35,-121.95,M,M,M,M,M,M,M,M,0.0,0.0,0.0,0.0,M,M,0.0,0.0,0.0,M,M,0.0,0.0,0.0,M,M,0.0,0.0,0.0,0.0,0.0,0.0
US1ORGR0005,"MOUNT VERNON 4.6 SSE","GRANT",4033,44.36,-119.07,M,M,M,M,M,M,M,M,M,M,M,0.0,M,M,M,M,M,M,0.0,M,0.0,M,M,M,M,M,M,M,M,M
USC00355945,"NATURE PARK-BEAVERTON","WASHINGTON",185,45.50,-122.84,0.0,0.0,0.0,0.0,0.0,0.0,0.0,0.0,0.0,0.0,0.0,0.0,0.0,0.0,0.0,0.0,0.0,0.0,0.0,0.0,0.0,0.0,0.0,0.0,0.0,0.0,0.0,0.0,0.0,0.0
US1ORTL0001,"NEHALEM 4.1 ESE","TILLAMOOK",75,45.69,-123.81,M,M,M,0.0,0.0,M,M,M,0.0,0.0,0.0,0.0,0.0,0.0,0.0,0.0,M,M,0.0,M,0.0,0.0,M,M,0.0,0.0,0.0,0.0,0.0,0.0
USC00355971,"NEHALEM 9 NE","CLATSOP",140,45.81,-123.78,0.0,0.0,0.0,0.0,0.0,0.0,0.0,0.0,0.0,0.0,0.0,0.0,0.0,0.0,0.0,0.0,0.0,0.0,0.0,0.0,0.0,0.0,0.0,0.0,0.0,0.0,0.0,0.0,0.0,0.0
US1ORWS0105,"NEWBERG 5.9 NNW","WASHINGTON",869,45.38,-123.01,M,M,M,M,M,M,0.0,0.0,0.0,0.0,0.0,0.0,0.0,0.0,0.0,0.0,M,M,M,0.0,0.0,M,M,M,0.0,0.0,0.0,0.0,0.0,0.0
USC00356033,"NEWPORT 1 SE","LINCOLN",8,44.62,-124.05,0.0,0.0,0.0,0.0,0.0,0.0,0.0,0.0,0.0,0.0,0.0,0.0,0.0,0.0,0.0,0.0,0.0,0.0,0.0,0.0,0.0,0.0,0.0,0.0,0.0,0.0,0.0,0.0,0.0,0.0
USC00356035,"NEWPORT 3N","LINCOLN",220,44.68,-124.06,0.0,0.0,0.0,0.0,0.0,0.0,0.0,0.0,0.0,0.0,0.0,0.0,0.0,0.0,0.0,0.0,0.0,0.0,0.0,0.0,0.0,0.0,0.0,0.0,0.0,0.0,0.0,0.0,0.0,0.0
US1ORLC0013,"NEWPORT 4.2 N","LINCOLN",181,44.68,-124.06,M,M,M,0.0,0.0,M,M,M,0.0,0.0,0.0,0.0,0.0,0.0,0.0,0.0,M,M,0.0,0.0,0.0,0.0,0.0,M,0.0,0.0,0.0,M,0.0,0.0
US1ORLC0001,"NEWPORT 5.1 N","LINCOLN",115,44.69,-124.07,M,M,0.0,0.0,0.0,M,M,0.0,0.0,0.0,0.0,0.0,0.0,0.0,0.0,0.0,0.0,M,0.0,M,0.0,0.0,M,M,0.0,0.0,0.0,M,M,0.0
US1ORBN0036,"NORTH ALBANY 2.7 NW","BENTON",239,44.69,-123.15,0.0,0.0,0.0,0.0,0.0,0.0,0.0,0.0,0.0,0.0,0.0,0.0,0.0,0.0,0.0,0.0,0.0,0.0,0.0,0.0,0.0,0.0,0.0,0.0,0.0,M,M,M,M,0.0
US1ORWS0002,"NORTH PLAINS 4.1 NNE","WASHINGTON",856,45.65,-122.96,M,M,M,M,M,M,M,0.0,0.0,0.0,0.0,0.0,0.0,0.0,0.0,0.0,0.0,M,M,M,M,0.0,M,M,0.0,0.0,0.0,0.0,0.0,0.0
US1ORWS0025,"NORTH PLAINS 7.5 NNE","WASHINGTON",1445,45.70,-122.94,M,M,M,M,0.0,M,M,0.0,0.0,0.0,0.0,0.0,0.0,0.0,0.0,0.0,M,M,M,M,0.0,0.0,M,M,0.0,0.0,0.0,0.0,0.0,0.0
US1ORJS0001,"O'BRIEN 2 SW","JOSEPHINE",1475,42.05,-123.71,0.0,0.0,0.0,0.0,0.0,0.0,0.0,0.0,0.0,0.0,0.0,0.0,0.0,0.0,0.0,0.0,0.0,0.0,0.0,0.0,0.0,M,0.0,0.0,0.0,0.0,0.0,0.0,0.0,0.0
US1ORDG0027,"OAKLAND 0.1 NNE","DOUGLAS",465,43.42,-123.29,0.0,0.0,0.0,0.0,0.0,0.0,M,0.0,0.0,0.0,0.0,0.0,0.0,0.0,0.0,0.0,0.0,0.0,M,0.0,0.0,0.0,0.0,M,0.0,0.0,0.0,0.0,0.0,0.0
US1ORDG0022,"OAKLAND 4.5 W","DOUGLAS",915,43.43,-123.39,0.0,M,0.0,M,0.0,0.0,M,0.0,0.0,0.0,0.0,0.0,0.0,0.0,0.0,0.0,0.0,M,M,0.0,0.0,0.0,M,M,0.0,0.0,0.0,0.0,0.0,0.0
US1ORLA0077,"OAKRIDGE 4.6 NE","LANE",2362,43.80,-122.42,M,0.0,0.0,0.0,0.0,0.0,M,0.0,0.0,0.0,0.0,0.0,0.0,0.0,0.0,0.0,0.0,M,0.0,0.0,0.0,M,M,M,0.0,0.0,0.0,0.0,0.0,0.0
USC00356213,"OAKRIDGE FISH HATCHERY","LANE",1275,43.74,-122.44,0.0,0.0,0.0,0.0,0.0,0.0,0.0,0.0,0.0,0.0,0.0,0.0,0.0,0.0,0.0,0.0,0.0,0.0,0.0,0.0,0.0,0.0,0.0,0.0,0.0,0.0,0.0,0.0,0.0,0.0
USC00356252,"ODELL LAKE-EAST","KLAMATH",4799,43.55,-121.96,0.0,0.0,0.0,M,0.0,0.0,0.0,M,0.0,0.0,0.0,0.0,0.0,0.0,M,0.0,M,M,0.0,0.0,0.0,0.0,0.0,0.0,0.0,0.0,M,M,0.0,M
USC00356334,"OREGON CITY","CLACKAMAS",167,45.36,-122.60,0.0,0.0,0.0,0.0,0.0,0.0,0.0,0.0,0.0,0.0,0.0,0.0,0.0,0.0,0.0,0.0,0.0,0.0,0.0,0.0,0.0,0.0,0.0,0.0,0.0,0.0,0.0,0.0,0.0,0.0
US1ORCC0008,"OREGON CITY 5.5 ESE","CLACKAMAS",427,45.31,-122.49,M,M,M,M,0.0,M,M,M,0.0,0.0,0.0,0.0,0.0,0.0,0.0,0.0,0.0,M,M,0.0,0.0,0.0,0.0,M,0.0,0.0,0.0,0.0,0.0,0.0
US1ORCC0072,"OREGON CITY 7.5 SSE","CLACKAMAS",704,45.25,-122.52,M,M,M,0.0,0.0,0.0,M,M,0.0,0.0,0.0,0.0,0.0,0.0,0.0,0.0,0.0,M,0.0,0.0,0.0,0.0,0.0,M,0.0,0.0,0.0,0.0,0.0,M
USC00356366,"OTIS 2 NE","LINCOLN",150,45.03,-123.92,0.0,0.0,0.0,0.0,0.0,0.0,0.0,0.0,0.0,0.0,0.0,0.0,0.0,0.0,0.0,0.0,0.0,0.0,0.0,0.0,0.0,0.0,0.0,0.0,0.0,0.0,0.0,0.0,0.0,0.0
USC00356426,"PAISLEY","LAKE",4359,42.69,-120.54,0.0,M,M,M,M,0.0,0.0,M,0.0,M,M,0.0,0.0,0.0,0.0,M,M,M,0.0,0.0,M,M,M,M,M,M,M,M,M,M
US1ORLK0007,"PAISLEY 0.2 WNW","LAKE",4381,42.69,-120.55,0.0,0.0,0.0,0.0,0.0,0.0,0.0,0.0,0.0,0.0,0.0,0.0,0.0,0.0,0.0,0.0,0.0,0.0,0.0,0.0,0.0,0.0,0.0,0.0,0.0,0.0,0.0,0.0,0.0,0.0
US1ORHR0002,"PARKDALE 3.5 NE","HOOD RIVER",1569,45.56,-121.55,0.0,M,M,0.0,0.0,M,M,0.0,0.0,0.0,0.0,0.0,0.0,0.0,0.0,0.0,0.0,M,M,0.0,0.0,0.0,0.0,M,0.0,0.0,0.0,0.0,0.0,M
US1ORCK0001,"PAULINA 6.0 ESE","CROOK",3951,44.12,-119.85,0.0,M,0.0,0.0,0.0,0.0,M,0.0,0.0,0.0,0.0,0.0,0.0,0.0,0.0,0.0,0.0,M,0.0,0.0,0.0,0.0,0.0,M,0.0,0.0,0.0,0.0,0.0,0.0
US1ORUM0001,"PENDLETON 0.5 SSW","UMATILLA",1226,45.66,-118.79,0.0,0.0,0.0,0.0,0.0,0.0,0.0,0.0,0.0,0.0,0.0,0.0,0.0,0.0,0.0,0.0,0.0,0.0,0.0,0.0,0.0,0.0,0.0,0.0,0.0,0.0,0.0,0.0,0.0,0.0
US1ORUM0011,"PENDLETON 1.0 WNW","UMATILLA",1146,45.67,-118.81,0.0,M,0.0,0.0,0.0,M,M,0.0,0.0,0.0,0.0,0.0,0.0,0.0,0.0,0.0,0.0,M,0.0,0.0,0.0,0.0,M,M,0.0,0.0,0.0,0.0,0.0,0.0
USC00356540,"PENDLETON BRANCH EXP STA","UMATILLA",1486,45.72,-118.63,M,M,M,M,M,M,M,M,M,0.0,0.0,M,M,M,M,0.0,0.0,0.0,0.0,M,M,M,M,0.0,0.0,M,M,M,M,M
USC00356541,"PENDLETON DOWNTOWN","UMATILLA",1040,45.67,-118.80,M,0.0,M,0.0,0.0,0.0,M,0.0,M,M,M,0.0,0.0,M,M,M,M,M,M,0.0,0.0,M,M,M,M,M,M,M,0.0,M
USW00024155,"PENDLETON E OR REGIONAL AP","UMATILLA",1486,45.70,-118.85,0.0,0.0,0.0,0.0,0.0,0.0,0.0,0.0,0.0,0.0,0.0,0.0,0.0,0.0,0.0,0.0,0.0,0.0,0.0,0.0,0.0,0.0,0.0,0.0,0.0,0.0,0.0,0.0,0.0,0.0
USC00356550,"PENDLETON WFO","UMATILLA",1509,45.69,-118.85,0.0,0.0,0.0,0.0,0.0,0.0,0.0,0.0,0.0,0.0,0.0,0.0,0.0,0.0,0.0,0.0,0.0,0.0,0.0,0.0,0.0,0.0,0.0,0.0,0.0,0.0,0.0,0.0,0.0,0.0
US1ORBN0028,"PHILOMATH 1.1 E","BENTON",381,44.54,-123.34,M,M,M,0.0,0.0,M,M,M,0.0,0.0,0.0,0.0,0.0,0.0,0.0,0.0,0.0,M,M,M,0.0,M,M,M,M,0.0,0.0,0.0,0.0,0.0
US1ORBN0084,"PHILOMATH 11.0 NNW","BENTON",366,44.69,-123.42,M,M,0.0,M,0.0,M,M,0.0,0.0,0.0,0.0,0.0,0.0,0.0,0.0,0.0,0.0,M,M,M,M,M,M,M,0.0,0.0,0.0,M,0.0,M
US1ORBN0065,"PHILOMATH 6.1 WSW","BENTON",683,44.49,-123.46,M,M,0.0,M,M,M,0.0,0.0,0.0,0.0,0.0,0.0,0.0,0.0,0.0,0.0,M,M,M,0.0,0.0,0.0,M,M,0.0,0.0,0.0,0.0,0.0,0.0
US1ORBN0033,"PHILOMATH 7.0 NNW","BENTON",850,44.63,-123.43,M,M,M,M,M,M,M,0.0,0.0,0.0,0.0,0.0,0.0,0.0,0.0,0.0,0.0,M,M,M,M,M,M,M,M,0.0,M,M,M,M
US1ORLA0024,"PLEASANT HILL 3 SE","LANE",654,43.95,-122.89,M,M,M,0.0,0.0,0.0,M,0.0,0.0,0.0,0.0,0.0,0.0,0.0,0.0,0.0,0.0,M,0.0,0.0,0.0,M,M,M,0.0,0.0,0.0,M,0.0,0.0
US1ORCY0004,"PORT ORFORD 5.0 E","CURRY",241,42.74,-124.40,M,0.0,0.0,0.0,0.0,0.0,M,0.0,0.0,0.0,0.0,M,M,M,0.0,0.0,M,M,M,M,M,M,M,M,M,0.0,0.0,0.0,M,M
US1ORMT0033,"PORTLAND 0.8 ENE","MULTNOMAH",158,45.54,-122.64,M,M,M,M,0.0,M,M,M,0.0,0.0,0.0,0.0,0.0,0.0,0.0,0.0,0.0,M,M,0.0,0.0,0.0,M,M,0.0,0.0,0.0,0.0,0.0,0.0
US1ORMT0081,"PORTLAND 12.6 NW","MULTNOMAH",850,45.63,-122.89,M,0.0,M,M,M,M,M,0.0,0.0,0.0,0.0,0.0,0.0,0.0,0.0,0.0,0.0,M,M,M,M,M,M,M,0.0,0.0,0.0,0.0,0.0,0.0
US1ORMT0058,"PORTLAND 2.1 E","MULTNOMAH",199,45.54,-122.61,M,0.0,M,M,0.0,M,M,M,0.0,M,M,M,M,M,M,M,0.0,M,M,0.0,0.0,0.0,M,M,M,0.0,0.0,0.0,0.0,0.0
US1ORMT0006,"PORTLAND 2.5 SE","MULTNOMAH",163,45.51,-122.62,M,M,M,M,0.0,M,M,M,0.0,0.0,0.0,0.0,0.0,0.0,0.0,0.0,0.0,M,M,M,0.0,0.0,M,M,0.0,0.0,0.0,0.0,0.0,0.0
US1ORMT0082,"PORTLAND 5.2 ESE","MULTNOMAH",276,45.51,-122.56,M,M,M,M,0.0,M,M,0.0,0.0,0.0,0.0,0.0,0.0,0.0,0.0,0.0,0.0,M,M,M,0.0,0.0,M,M,0.0,0.0,0.0,0.0,0.0,0.0
US1ORWS0104,"PORTLAND 5.8 W","WASHINGTON",334,45.52,-122.79,M,M,M,M,M,0.0,M,M,M,M,0.0,0.0,0.0,M,M,M,M,M,M,M,M,M,M,M,M,M,M,M,M,M
US1ORMT0015,"PORTLAND 7 SW","MULTNOMAH",323,45.47,-122.68,0.0,0.0,0.0,0.0,0.0,0.0,0.0,0.0,0.0,0.0,0.0,0.0,0.0,0.0,0.0,0.0,0.0,0.0,0.0,0.0,0.0,0.0,0.0,0.0,0.0,0.0,0.0,0.0,0.0,0.0
US1ORMT0089,"PORTLAND 9.8 ESE","MULTNOMAH",393,45.48,-122.49,M,M,M,M,0.0,M,M,M,0.0,M,0.0,0.0,0.0,0.0,0.0,0.0,M,M,M,M,0.0,0.0,M,M,0.0,0.0,0.0,0.0,M,0.0
USW00024229,"PORTLAND INTL AP","MULTNOMAH",19,45.60,-122.61,0.0,0.0,0.0,0.0,0.0,0.0,0.0,0.0,0.0,0.0,0.0,0.0,0.0,0.0,0.0,0.0,0.0,0.0,0.0,0.0,0.0,0.0,0.0,0.0,0.0,0.0,0.0,0.0,0.0,0.0
USC00356749,"PORTLAND KGW-TV","MULTNOMAH",159,45.52,-122.69,0.0,0.0,0.0,0.0,0.0,0.0,0.0,0.0,0.0,0.0,0.0,0.0,0.0,0.0,0.0,0.0,0.0,0.0,0.0,0.0,0.0,0.0,0.0,0.0,0.0,0.0,0.0,0.0,0.0,0.0
USW00024242,"PORTLAND TROUTDALE AP","MULTNOMAH",29,45.55,-122.41,0.0,0.0,0.0,0.0,0.0,0.0,0.0,0.0,0.0,0.0,0.0,0.0,0.0,0.0,0.0,0.0,0.0,0.0,0.0,0.0,0.0,0.0,0.0,0.0,0.0,0.0,0.0,0.0,0.0,0.0
USC00356750,"PORTLAND WFO","MULTNOMAH",21,45.56,-122.54,0.0,0.0,0.0,0.0,0.0,0.0,0.0,0.0,0.0,0.0,0.0,0.0,0.0,0.0,0.0,0.0,0.0,0.0,0.0,0.0,0.0,0.0,0.0,0.0,0.0,0.0,0.0,0.0,0.0,0.0
USW00094261,"PORTLAND-HILLSBORO AP","WASHINGTON",204,45.54,-122.95,0.0,0.0,0.0,0.0,0.0,0.0,0.0,0.0,0.0,0.0,0.0,0.0,0.0,0.0,0.0,0.0,0.0,0.0,0.0,0.0,0.0,0.0,0.0,0.0,0.0,0.0,0.0,0.0,0.0,0.0
USC00356820,"POWERS","COOS",230,42.89,-124.07,0.0,0.0,0.0,0.0,0.0,0.0,0.0,0.0,0.0,0.0,0.0,0.0,0.0,0.0,0.0,0.0,0.0,0.0,0.0,0.0,0.0,0.0,0.0,0.0,0.0,0.0,0.0,0.0,0.0,0.0
US1ORGR0001,"PRAIRIE CITY 0.2 NE","GRANT",3595,44.46,-118.71,0.0,M,0.0,0.0,0.0,0.0,M,0.0,M,0.0,0.0,0.0,0.0,0.0,0.0,0.0,M,0.0,0.0,M,M,M,0.0,0.0,M,M,M,0.0,M,M
USC00356883,"PRINEVILLE","CROOK",2914,44.30,-120.81,0.0,0.0,0.0,0.0,0.0,0.0,0.0,0.0,0.0,0.0,0.0,0.0,0.0,0.0,0.0,0.0,0.0,0.0,0.0,0.0,0.0,0.0,0.0,0.0,0.0,0.0,0.0,0.0,0.0,0.0
US1ORCK0005,"PRINEVILLE 2.6 ENE","CROOK",3007,44.32,-120.79,0.0,M,0.0,0.0,0.0,0.0,M,0.0,0.0,0.0,0.0,0.0,0.0,0.0,0.0,0.0,0.0,0.0,0.0,0.0,0.0,0.0,M,M,0.0,0.0,0.0,0.0,0.0,0.0
US1ORCK0004,"PRINEVILLE 4 NW","CROOK",2939,44.32,-120.91,0.0,0.0,M,M,M,M,M,0.0,0.0,0.0,0.0,0.0,0.0,0.0,0.0,0.0,0.0,0.0,0.0,0.0,0.0,0.0,0.0,M,M,0.0,0.0,0.0,0.0,0.0
US1ORJC0016,"PROSPECT 7 SW","JACKSON",2077,42.70,-122.62,0.0,0.0,0.0,0.0,0.0,0.0,0.0,0.0,0.0,0.0,0.0,0.0,0.0,0.0,0.0,0.0,0.0,0.0,0.0,0.0,0.0,0.0,M,0.0,0.0,0.0,0.0,0.0,0.0,0.0
US1ORCB0022,"RAINIER 0.4 WSW","COLUMBIA",359,46.09,-122.95,M,0.0,M,M,0.0,M,M,0.0,0.0,0.0,0.0,0.0,0.0,0.0,0.0,0.0,M,M,M,0.0,M,0.0,M,M,0.0,0.0,0.0,0.0,0.0,0.0
US1ORCB0030,"RAINIER 1.5 W","COLUMBIA",699,46.09,-122.98,M,M,M,M,0.0,M,M,M,0.0,0.0,0.0,0.0,0.0,0.0,0.0,0.0,M,M,M,M,M,M,M,M,0.0,0.0,0.0,0.0,0.0,0.0
US1ORCB0029,"RAINIER 4.9 WNW","COLUMBIA",562,46.11,-123.05,M,M,M,M,0.0,M,M,M,M,0.0,0.0,0.0,0.0,0.0,0.0,0.0,M,M,M,M,M,M,M,M,0.0,0.0,0.0,0.0,0.0,0.0
US1ORCB0018,"RAINIER 5.7 WNW","COLUMBIA",551,46.11,-123.06,M,M,M,M,M,M,M,M,M,M,M,M,M,M,M,M,M,M,M,M,M,M,M,M,M,0.0,M,M,M,M
US1ORCB0031,"RAINIER 6.2 W","COLUMBIA",628,46.11,-123.07,M,M,M,0.0,0.0,M,M,M,0.0,0.0,0.0,0.0,0.0,0.0,0.0,0.0,M,M,M,M,M,0.0,M,M,0.0,0.0,0.0,0.0,0.0,0.0
US1ORCB0036,"RAINIER 7.2 S","COLUMBIA",592,45.99,-122.96,M,M,M,M,0.0,M,M,0.0,0.0,0.0,0.0,0.0,0.0,0.0,0.0,0.0,M,M,M,M,M,0.0,M,M,0.0,0.0,0.0,M,0.0,0.0
US1ORWS0007,"RALEIGH HILLS 0.8 WSW","WASHINGTON",256,45.48,-122.77,0.0,0.0,0.0,0.0,0.0,0.0,0.0,0.0,0.0,0.0,0.0,0.0,0.0,0.0,0.0,0.0,0.0,0.0,0.0,0.0,0.0,0.0,0.0,0.0,0.0,0.0,0.0,0.0,0.0,0.0
US1ORWS0006,"RALEIGH HILLS 1.1 SW","WASHINGTON",246,45.47,-122.77,M,M,M,M,0.0,M,M,M,0.0,0.0,0.0,M,M,M,M,M,M,M,M,M,0.0,0.0,0.0,M,0.0,0.0,0.0,0.0,0.0,0.0
US1ORMT0024,"RALEIGH HILLS 2.1 ESE","MULTNOMAH",470,45.47,-122.72,M,M,M,M,0.0,M,M,M,0.0,0.0,0.0,0.0,0.0,0.0,0.0,0.0,0.0,M,M,M,0.0,0.0,0.0,0.0,0.0,0.0,0.0,0.0,0.0,0.0
US1ORDS0043,"REDMOND 1.8 WSW","DESCHUTES",3108,44.25,-121.21,0.0,M,0.0,0.0,M,0.0,0.0,0.0,0.0,0.0,0.0,0.0,0.0,0.0,0.0,0.0,0.0,0.0,0.0,0.0,0.0,M,0.0,0.0,0.0,0.0,0.0,0.0,0.0,M
US1ORDS0046,"REDMOND 2.1 N","DESCHUTES",2971,44.29,-121.18,0.0,M,M,M,M,M,M,M,M,M,M,M,M,M,M,M,M,M,M,M,M,M,M,M,M,M,M,M,M,M
US1ORDS0001,"REDMOND 5.4 NNW","DESCHUTES",2877,44.34,-121.20,M,M,M,M,M,M,M,M,M,M,M,M,M,0.0,0.0,0.0,0.0,M,0.0,0.0,0.0,0.0,0.0,M,0.0,0.0,0.0,0.0,0.0,M
USC00357050,"REDMOND AIR CENTER","DESCHUTES",3039,44.26,-121.15,0.0,0.0,M,M,M,0.0,0.0,0.0,0.0,M,M,0.0,0.0,0.0,0.0,0.0,M,M,0.0,0.0,0.0,0.0,0.0,M,M,0.0,0.0,0.0,0.0,0.0
USW00024230,"REDMOND ROBERTS FIELD","DESCHUTES",3042,44.26,-121.14,0.0,0.0,0.0,0.0,0.0,0.0,0.0,0.0,0.0,0.0,0.0,0.0,0.0,0.0,0.0,0.0,0.0,0.0,0.0,0.0,0.0,0.0,0.0,0.0,0.0,0.0,0.0,0.0,0.0,0.0
US1ORDG0044,"REEDSPORT 0.8 SW","DOUGLAS",70,43.69,-124.12,M,M,0.0,0.0,0.0,0.0,M,0.0,0.0,0.0,0.0,0.0,0.0,0.0,0.0,0.0,0.0,M,M,0.0,0.0,0.0,0.0,M,0.0,0.0,0.0,0.0,0.0,0.0
USC00357127,"REX 1 S","YAMHILL",515,45.30,-122.91,0.0,0.0,0.0,0.0,0.0,0.0,0.0,0.0,0.0,0.0,0.0,0.0,0.0,0.0,0.0,0.0,0.0,0.0,0.0,0.0,0.0,0.0,0.0,0.0,0.0,0.0,0.0,0.0,0.0,0.0
USC00357169,"RIDDLE","DOUGLAS",680,42.95,-123.36,0.0,0.0,0.0,0.0,0.0,0.0,0.0,0.0,0.0,0.0,0.0,0.0,0.0,0.0,0.0,0.0,0.0,0.0,0.0,0.0,0.0,0.0,0.0,0.0,0.0,0.0,0.0,0.0,0.0,0.0
US1ORJC0076,"ROGUE RIVER 11.0 N","JACKSON",1520,42.60,-123.18,M,M,M,M,M,M,M,M,M,M,M,M,M,M,M,M,M,M,M,M,M,0.0,M,M,M,M,M,M,M,M
US1ORJC0085,"ROGUE RIVER 4.1 NNW","JACKSON",1159,42.49,-123.19,0.0,0.0,0.0,0.0,0.0,0.0,M,0.0,0.0,0.0,0.0,0.0,0.0,0.0,0.0,0.0,0.0,0.0,0.0,M,0.0,0.0,M,M,0.0,0.0,0.0,0.0,0.0,0.0
US1ORDG0033,"ROSEBURG 1.2 WNW","DOUGLAS",422,43.22,-123.38,0.0,M,0.0,0.0,0.0,0.0,M,0.0,0.0,0.0,0.0,0.0,0.0,0.0,0.0,0.0,0.0,0.0,0.0,0.0,0.0,0.0,M,M,0.0,0.0,0.0,0.0,0.0,0.0
US1ORDG0046,"ROSEBURG 4.5 WSW","DOUGLAS",1040,43.19,-123.44,0.0,0.0,0.0,0.0,0.0,0.0,0.0,0.0,0.0,0.0,0.0,0.0,0.0,0.0,0.0,0.0,M,0.0,0.0,0.0,0.0,0.0,0.0,0.0,0.0,0.0,0.0,0.0,0.0,0.0
US1ORDG0030,"ROSEBURG 4.6 NNW","DOUGLAS",426,43.28,-123.39,0.0,0.0,0.0,0.0,0.0,0.0,M,0.0,0.0,0.0,0.0,0.0,0.0,0.0,0.0,0.0,0.0,0.0,0.0,0.0,0.0,0.0,M,M,0.0,0.0,0.0,0.0,0.0,0.0
US1ORDG0045,"ROSEBURG 6.6 WNW","DOUGLAS",720,43.27,-123.47,M,0.0,0.0,0.0,0.0,M,M,0.0,0.0,M,M,0.0,0.0,0.0,0.0,0.0,0.0,M,0.0,0.0,0.0,0.0,M,M,0.0,0.0,0.0,0.0,0.0,0.0
US1ORDG0048,"ROSEBURG 9.9 NE","DOUGLAS",677,43.31,-123.21,0.0,0.0,0.0,0.0,0.0,0.0,0.0,0.0,0.0,0.0,0.0,0.0,0.0,0.0,0.0,0.0,0.0,0.0,M,M,M,M,M,M,M,0.0,0.0,0.0,0.0,0.0
USC00357391,"RUCH","JACKSON",1549,42.22,-123.05,M,M,M,0.0,M,M,M,M,M,0.0,M,M,M,0.0,0.0,0.0,M,M,M,0.0,0.0,M,M,M,M,M,M,0.0,M,0.0
US1ORMN0012,"SALEM 1.1 WSW","MARION",338,44.92,-123.04,M,M,M,M,0.0,M,M,0.0,0.0,0.0,0.0,0.0,0.0,0.0,0.0,0.0,M,0.0,M,0.0,M,M,M,0.0,0.0,0.0,0.0,0.0,0.0,0.0
US1ORPK0032,"SALEM 2.9 NW","POLK",337,44.95,-123.07,M,M,M,M,M,M,M,M,0.0,0.0,M,0.0,0.0,0.0,0.0,0.0,0.0,M,M,0.0,M,M,M,M,M,0.0,0.0,0.0,0.0,0.0
US1ORMN0009,"SALEM 3.3 SSW","MARION",446,44.88,-123.04,M,M,M,M,0.0,M,M,0.0,0.0,0.0,0.0,0.0,0.0,0.0,0.0,0.0,0.0,M,M,0.0,0.0,M,M,M,0.0,0.0,0.0,0.0,0.0,0.0
US1ORMN0044,"SALEM 3.6 SSW","MARION",455,44.87,-123.04,0.0,0.0,0.0,0.0,0.0,M,0.0,0.0,0.0,0.0,0.0,0.0,0.0,0.0,0.0,0.0,0.0,0.0,0.0,0.0,0.0,0.0,0.0,0.0,M,M,0.0,0.0,0.0,0.0
US1ORMN0008,"SALEM 3.7 SSW","MARION",535,44.88,-123.06,0.0,0.0,0.0,0.0,0.0,0.0,0.0,0.0,0.0,0.0,0.0,0.0,0.0,0.0,0.0,0.0,0.0,0.0,0.0,M,0.0,0.0,0.0,0.0,0.0,0.0,0.0,0.0,0.0,0.0
US1ORMN0050,"SALEM 4.0 NE","MARION",193,44.96,-122.96,M,M,M,M,0.0,M,M,0.0,0.0,M,0.0,0.0,0.0,M,M,0.0,0.0,M,M,0.0,M,M,M,M,0.0,0.0,0.0,M,0.0,0.0
US1ORMN0058,"SALEM 4.0 SSW","MARION",570,44.87,-123.04,M,M,M,M,0.0,M,M,M,0.0,0.0,0.0,0.0,0.0,0.0,0.0,0.0,0.0,M,M,M,0.0,M,M,M,0.0,0.0,0.0,0.0,0.0,0.0
US1ORMN0019,"SALEM 5 NE","MARION",190,44.99,-122.99,M,M,M,0.0,0.0,M,M,0.0,0.0,0.0,0.0,0.0,0.0,0.0,0.0,0.0,M,M,0.0,0.0,M,M,M,M,M,M,0.0,0.0,0.0,0.0
USW00024232,"SALEM MCNARY FIELD","MARION",205,44.90,-123.00,0.0,0.0,0.0,0.0,0.0,0.0,0.0,0.0,0.0,0.0,0.0,0.0,0.0,0.0,0.0,0.0,0.0,0.0,0.0,0.0,0.0,0.0,0.0,0.0,0.0,0.0,0.0,0.0,0.0,0.0
US1ORCC0055,"SANDY 1.0 WSW","CLACKAMAS",865,45.39,-122.28,M,M,M,M,0.0,M,M,M,M,M,M,M,M,0.0,0.0,0.0,0.0,M,M,M,M,M,M,M,0.0,M,M,M,M,M
US1ORMT0016,"SANDY 6.6 NNE","MULTNOMAH",1248,45.48,-122.20,M,M,M,M,M,M,M,M,M,0.0,0.0,0.0,0.0,M,0.0,0.0,M,M,M,M,M,M,M,M,M,0.0,M,M,0.0,M
USC00357554,"SANTIAM JUNCTION","LINN",3749,44.44,-121.94,0.0,0.0,0.0,0.0,0.0,0.0,0.0,0.0,0.0,0.0,0.0,0.0,0.0,0.0,0.0,0.0,0.0,0.0,0.0,0.0,0.0,0.0,0.0,0.0,0.0,0.0,0.0,0.0,0.0,0.0
US1ORCB0019,"SCAPPOOSE 6.9 NNW","COLUMBIA",790,45.83,-122.96,M,M,M,M,0.0,M,M,M,0.0,M,M,0.0,0.0,0.0,0.0,M,M,M,M,M,M,M,M,M,M,0.0,0.0,M,0.0,0.0
USW00004201,"SCAPPOOSE INDUSTRIAL AP","COLUMBIA",55,45.77,-122.86,0.0,0.0,0.0,0.0,0.0,0.0,0.0,0.0,0.0,0.0,0.0,0.0,0.0,0.0,0.0,0.0,0.0,0.0,0.0,0.0,0.0,0.0,0.0,0.0,0.0,0.0,0.0,0.0,0.0,0.0
US1ORLN0005,"SCIO 2.3 SW","LINN",624,44.68,-122.88,M,M,M,M,0.0,M,M,0.0,0.0,0.0,0.0,0.0,0.0,0.0,0.0,0.0,0.0,M,M,0.0,0.0,0.0,M,M,0.0,0.0,0.0,0.0,0.0,0.0
US1ORLN0004,"SCIO 4.2 SW","LINN",281,44.67,-122.92,M,M,M,0.0,0.0,M,M,0.0,0.0,0.0,0.0,0.0,0.0,M,0.0,0.0,0.0,M,M,0.0,0.0,0.0,M,M,0.0,0.0,0.0,0.0,0.0,0.0
USC00357641,"SEASIDE","CLATSOP",10,45.99,-123.92,0.0,0.0,0.0,0.0,0.0,0.0,0.0,0.0,0.0,0.0,0.0,0.0,0.0,0.0,0.0,0.0,0.0,0.0,0.0,0.0,0.0,0.0,0.0,0.0,0.0,0.0,0.0,0.0,0.0,0.0
US1ORJS0021,"SELMA 0.6 NNW","JOSEPHINE",1439,42.29,-123.62,0.0,0.0,0.0,M,M,M,M,M,0.0,0.0,M,0.0,M,0.0,0.0,0.0,M,0.0,0.0,0.0,0.0,M,0.0,M,0.0,0.0,0.0,0.0,0.0,0.0
US1ORJS0013,"SELMA 6.8 SE","JOSEPHINE",1734,42.22,-123.51,0.0,0.0,0.0,0.0,0.0,0.0,0.0,0.0,0.0,0.0,0.0,0.0,0.0,0.0,0.0,0.0,M,M,M,M,M,M,0.0,M,M,M,M,M,0.0,0.0
US1ORJC0018,"SHADY COVE 0.2 S","JACKSON",1387,42.61,-122.82,0.0,0.0,0.0,0.0,0.0,0.0,0.0,0.0,0.0,0.0,0.0,0.0,0.0,0.0,0.0,0.0,0.0,0.0,0.0,0.0,0.0,0.0,0.0,0.0,0.0,0.0,0.0,0.0,0.0,0.0
US1ORYM0017,"SHERIDAN 2.1 NNW","YAMHILL",918,45.12,-123.41,M,M,M,M,0.0,M,M,0.0,0.0,0.0,0.0,0.0,0.0,0.0,0.0,0.0,0.0,M,M,M,M,0.0,M,M,0.0,0.0,0.0,0.0,0.0,0.0
US1ORPK0022,"SHERIDAN 4.6 SSW","POLK",335,45.03,-123.43,M,M,M,M,0.0,M,M,0.0,0.0,0.0,0.0,0.0,M,0.0,0.0,0.0,0.0,M,M,0.0,0.0,0.0,M,M,0.0,0.0,0.0,0.0,0.0,0.0
US1ORWS0096,"SHERWOOD 2.0 NW","WASHINGTON",285,45.38,-122.87,M,M,M,M,M,M,M,M,0.0,0.0,0.0,0.0,0.0,0.0,0.0,0.0,M,M,M,0.0,0.0,M,M,M,0.0,0.0,0.0,0.0,M,0.0
US1ORLC0023,"SILETZ 2.9 NNE","LINCOLN",78,44.76,-123.90,M,M,M,0.0,0.0,M,M,0.0,0.0,0.0,0.0,0.0,0.0,0.0,0.0,0.0,M,M,M,M,M,0.0,M,M,0.0,0.0,0.0,0.0,0.0,0.0
USC00357809,"SILVER CREEK FALLS","MARION",1350,44.87,-122.65,0.0,0.0,0.0,0.0,0.0,0.0,0.0,0.0,0.0,0.0,0.0,0.0,0.0,0.0,0.0,0.0,0.0,0.0,0.0,0.0,0.0,0.0,0.0,0.0,0.0,0.0,0.0,0.0,0.0,0.0
USC00357823,"SILVERTON","MARION",408,45.01,-122.77,0.0,0.0,0.0,0.0,0.0,0.0,0.0,0.0,0.0,0.0,0.0,0.0,0.0,0.0,0.0,0.0,0.0,0.0,0.0,0.0,0.0,0.0,0.0,0.0,0.0,0.0,0.0,0.0,0.0,0.0
US1ORMN0056,"SILVERTON 4.8 ESE","MARION",843,44.99,-122.68,M,M,M,M,M,M,M,M,M,M,M,M,M,M,M,M,M,M,M,0.0,M,M,M,M,0.0,M,M,M,0.0,M
US1ORDS0035,"SISTERS 2.0 WNW","DESCHUTES",3234,44.31,-121.58,0.0,0.0,0.0,0.0,0.0,0.0,0.0,0.0,0.0,0.0,0.0,0.0,0.0,0.0,0.0,0.0,0.0,M,0.0,0.0,0.0,0.0,0.0,M,0.0,0.0,0.0,0.0,0.0,0.0
US1ORDS0036,"SISTERS 3.2 ENE","DESCHUTES",3148,44.30,-121.48,0.0,0.0,M,0.0,M,M,0.0,0.0,0.0,0.0,0.0,0.0,0.0,0.0,0.0,0.0,0.0,0.0,0.0,0.0,0.0,0.0,0.0,0.0,0.0,0.0,0.0,0.0,0.0,0.0
US1ORLA0122,"SPRINGFIELD 1.5 SE","LANE",489,44.03,-122.96,M,M,M,0.0,0.0,0.0,M,0.0,0.0,0.0,0.0,0.0,0.0,0.0,0.0,0.0,0.0,M,M,0.0,0.0,M,M,M,0.0,0.0,0.0,0.0,0.0,0.0
US1ORLA0066,"SPRINGFIELD 1.8 WNW","LANE",456,44.07,-123.01,0.0,0.0,0.0,0.0,0.0,0.0,0.0,0.0,0.0,0.0,0.0,0.0,0.0,0.0,0.0,0.0,M,M,M,0.0,0.0,0.0,M,M,M,M,M,M,0.0,0.0
US1ORLA0129,"SPRINGFIELD 2.1 NW","LANE",451,44.07,-123.01,0.0,M,M,0.0,0.0,M,M,M,0.0,0.0,0.0,0.0,0.0,0.0,0.0,0.0,0.0,M,M,M,0.0,0.0,M,M,M,M,M,M,M,M
US1ORLA0121,"SPRINGFIELD 2.1 WNW","LANE",453,44.07,-123.01,M,M,M,M,M,M,M,0.0,0.0,M,M,0.0,0.0,0.0,0.0,M,0.0,M,M,M,M,M,M,M,0.0,M,M,0.0,M,0.0
US1ORLA0104,"SPRINGFIELD 2.2 NNW","LANE",513,44.08,-122.99,0.0,0.0,0.0,0.0,0.0,0.0,M,0.0,0.0,0.0,0.0,0.0,0.0,0.0,0.0,0.0,0.0,M,M,M,0.0,0.0,M,M,0.0,0.0,0.0,0.0,0.0,0.0
US1ORLA0041,"SPRINGFIELD 2.8 W","LANE",497,44.05,-123.03,0.0,0.0,0.0,0.0,0.0,0.0,0.0,0.0,0.0,0.0,0.0,0.0,0.0,0.0,0.0,0.0,0.0,0.0,0.0,0.0,0.0,0.0,0.0,0.0,0.0,0.0,0.0,0.0,0.0,0.0
US1ORLA0078,"SPRINGFIELD 2.9 ESE","LANE",696,44.04,-122.92,M,M,M,0.0,0.0,0.0,M,0.0,0.0,0.0,0.0,0.0,0.0,0.0,0.0,0.0,0.0,M,M,0.0,0.0,0.0,M,M,0.0,0.0,M,M,0.0,0.0
US1ORLA0017,"SPRINGFIELD 2.9 W","LANE",461,44.05,-123.04,0.0,0.0,0.0,0.0,0.0,0.0,0.0,0.0,0.0,0.0,0.0,0.0,0.0,0.0,0.0,0.0,0.0,0.0,0.0,0.0,0.0,0.0,0.0,0.0,0.0,0.0,0.0,0.0,0.0,0.0
US1ORLA0042,"SPRINGFIELD 3.3 E","LANE",515,44.05,-122.91,0.0,M,M,0.0,0.0,0.0,M,0.0,0.0,0.0,0.0,0.0,0.0,0.0,0.0,0.0,0.0,M,M,0.0,0.0,M,M,M,0.0,0.0,0.0,0.0,0.0,0.0
US1ORLA0127,"SPRINGFIELD 3.9 E","LANE",529,44.05,-122.90,M,M,M,0.0,0.0,0.0,M,0.0,0.0,0.0,0.0,M,M,0.0,0.0,0.0,0.0,M,M,M,0.0,M,M,M,M,0.0,0.0,M,0.0,0.0
US1ORLA0065,"SPRINGFIELD 6.4 E","LANE",1200,44.04,-122.85,0.0,0.0,0.0,0.0,0.0,0.0,M,M,M,M,M,M,M,0.0,0.0,0.0,0.0,0.0,0.0,0.0,0.0,0.0,0.0,0.0,0.0,0.0,0.0,0.0,0.0,0.0
US1ORLA0038,"SPRINGFIELD 8.3 NNE","LANE",612,44.16,-122.90,0.0,M,M,0.0,0.0,0.0,M,0.0,0.0,0.0,0.0,0.0,0.0,0.0,0.0,0.0,0.0,M,M,0.0,0.0,0.0,0.0,M,0.0,0.0,0.0,0.0,0.0,0.0
USC00358029,"SQUAW BUTTE-NORTHERN GREAT BASIN","HARNEY",4659,43.49,-119.72,M,M,0.0,0.0,0.0,M,M,M,M,M,M,M,M,M,M,M,M,M,M,M,M,M,M,M,M,M,M,M,M,0.0
US1ORCB0016,"ST. HELENS 0.4 NW","COLUMBIA",122,45.86,-122.82,M,M,M,M,M,M,M,M,0.0,0.0,0.0,0.0,0.0,0.0,0.0,M,M,M,M,M,0.0,0.0,M,M,M,M,0.0,0.0,0.0,0.0
US1ORCB0035,"ST. HELENS 3.5 NW","COLUMBIA",724,45.90,-122.86,M,M,M,M,M,M,M,M,M,M,M,M,M,M,M,M,M,M,M,M,M,M,M,0.0,0.0,0.0,0.0,0.0,0.0,0.0
USC00358095,"STAYTON","MARION",425,44.79,-122.81,0.0,0.0,0.0,0.0,0.0,0.0,0.0,0.0,0.0,0.0,0.0,0.0,0.0,0.0,0.0,0.0,0.0,0.0,0.0,0.0,0.0,0.0,0.0,0.0,0.0,0.0,0.0,0.0,0.0,0.0
US1ORMN0016,"STAYTON 6 ENE","MARION",1089,44.84,-122.68,0.0,0.0,0.0,0.0,0.0,0.0,0.0,0.0,0.0,0.0,0.0,0.0,0.0,0.0,0.0,0.0,0.0,0.0,0.0,0.0,0.0,0.0,0.0,0.0,0.0,0.0,0.0,0.0,0.0,0.0
USC00358246,"SUNRIVER","DESCHUTES",4179,43.89,-121.41,0.0,0.0,0.0,0.0,0.0,0.0,0.0,0.0,0.0,0.0,M,M,M,0.0,0.0,0.0,0.0,0.0,0.0,0.0,0.0,0.0,0.0,0.0,M,0.0,0.0,0.0,0.0,0.0
US1ORDG0049,"SUTHERLIN 0.1 ESE","DOUGLAS",514,43.39,-123.31,0.0,0.0,0.0,0.0,0.0,0.0,M,0.0,0.0,0.0,0.0,0.0,0.0,0.0,0.0,0.0,0.0,0.0,0.0,0.0,0.0,0.0,0.0,M,0.0,0.0,0.0,0.0,0.0,0.0
USC00358260,"SUTHERLIN 2 W","DOUGLAS",500,43.40,-123.36,0.0,0.0,0.0,0.0,0.0,0.0,0.0,0.0,0.0,0.0,0.0,0.0,0.0,0.0,0.0,0.0,0.0,0.0,0.0,0.0,0.0,0.0,0.0,0.0,0.0,0.0,0.0,0.0,0.0,0.0
US1ORLN0006,"SWEET HOME 1.0 ESE","LINN",646,44.40,-122.68,0.0,0.0,0.0,0.0,0.0,0.0,0.0,0.0,0.0,0.0,0.0,0.0,0.0,0.0,0.0,0.0,0.0,0.0,0.0,0.0,0.0,0.0,0.0,0.0,0.0,0.0,0.0,0.0,0.0,0.0
US1ORLN0024,"SWEET HOME 2.0 NE","LINN",960,44.42,-122.67,M,M,0.0,0.0,0.0,0.0,0.0,0.0,0.0,0.0,0.0,0.0,0.0,0.0,0.0,0.0,0.0,M,0.0,0.0,0.0,0.0,0.0,0.0,0.0,0.0,0.0,M,0.0,0.0
US1ORLN0007,"SWEET HOME 5.0 SW","LINN",574,44.35,-122.77,0.0,0.0,0.0,0.0,0.0,0.0,0.0,0.0,0.0,0.0,0.0,0.0,0.0,0.0,0.0,0.0,0.0,0.0,0.0,0.0,0.0,0.0,0.0,0.0,0.0,0.0,0.0,0.0,0.0,0.0
US1ORLN0057,"SWEET HOME 6.8 S","LINN",722,44.30,-122.69,M,M,M,0.0,0.0,0.0,M,0.0,0.0,0.0,0.0,0.0,0.0,0.0,0.0,0.0,0.0,M,M,0.0,0.0,0.0,0.0,M,M,0.0,0.0,0.0,0.0,0.0
US1ORLA0132,"SWISSHOME 4.2 ESE","LANE",244,44.05,-123.71,0.0,M,M,0.0,0.0,M,M,0.0,0.0,0.0,M,0.0,0.0,0.0,0.0,0.0,0.0,M,M,0.0,M,M,M,M,0.0,0.0,0.0,M,M,0.0
US1ORLA0141,"SWISSHOME 4.3 ESE","LANE",202,44.05,-123.72,M,M,M,M,0.0,M,M,M,M,0.0,M,0.0,0.0,0.0,0.0,M,0.0,M,M,M,0.0,0.0,M,M,M,M,0.0,0.0,0.0,0.0
US1ORJC0039,"TALENT 2.6 S","JACKSON",2507,42.20,-122.77,0.0,0.0,0.0,0.0,0.0,0.0,0.0,0.0,0.0,0.0,0.0,0.0,0.0,0.0,0.0,0.0,0.0,0.0,0.0,0.0,0.0,M,M,M,0.0,0.0,0.0,0.0,0.0,0.0
US1ORDG0016,"TENMILE 1.8 NE","DOUGLAS",700,43.11,-123.55,M,M,M,M,M,M,M,M,0.0,0.0,0.0,0.0,0.0,0.0,0.0,0.0,0.0,0.0,0.0,M,0.0,0.0,M,M,M,0.0,0.0,0.0,0.0,0.0
US1ORJF0005,"TERREBONNE 9.4 NW","JEFFERSON",2810,44.45,-121.29,0.0,M,0.0,0.0,0.0,0.0,M,0.0,0.0,0.0,0.0,0.0,0.0,0.0,M,0.0,0.0,M,M,M,0.0,M,0.0,M,0.0,0.0,M,0.0,0.0,0.0
USC00358466,"THREE LYNX","CLACKAMAS",1120,45.12,-122.07,0.0,0.0,0.0,0.0,0.0,0.0,0.0,0.0,0.0,0.0,0.0,0.0,0.0,0.0,0.0,0.0,0.0,0.0,0.0,0.0,0.0,0.0,0.0,0.0,0.0,0.0,0.0,0.0,0.0,0.0
US1ORWS0028,"TIGARD 0.7 SSW","WASHINGTON",328,45.41,-122.78,M,M,M,M,0.0,M,M,M,0.0,0.0,M,0.0,0.0,0.0,0.0,0.0,0.0,M,M,M,0.0,0.0,M,M,0.0,0.0,0.0,0.0,0.0,0.0
USC00358494,"TILLAMOOK","TILLAMOOK",12,45.45,-123.85,0.0,0.0,0.0,0.0,0.0,0.0,0.0,0.0,0.0,0.0,0.0,0.0,0.0,0.0,0.0,0.0,0.0,0.0,0.0,0.0,0.0,0.0,0.0,0.0,0.0,0.0,0.0,0.0,0.0,0.0
US1ORTL0002,"TILLAMOOK 16.1 ENE","TILLAMOOK",539,45.58,-123.56,M,M,M,0.0,0.0,M,M,M,M,M,0.0,0.0,0.0,0.0,0.0,0.0,M,M,M,M,0.0,0.0,M,M,M,M,M,M,0.0,M
USC00358498,"TILLAMOOK 6SE","TILLAMOOK",140,45.43,-123.76,0.0,0.0,0.0,0.0,0.0,0.0,0.0,0.0,0.0,0.0,0.0,0.0,0.0,0.0,0.0,0.0,0.0,0.0,0.0,0.0,0.0,0.0,0.0,0.0,0.0,0.0,0.0,0.0,0.0,0.0
USC00358536,"TOKETEE FALLS","DOUGLAS",2060,43.28,-122.45,0.0,0.0,0.0,0.0,0.0,0.0,0.0,0.0,0.0,0.0,0.0,0.0,0.0,0.0,0.0,0.0,0.0,0.0,0.0,0.0,0.0,0.0,0.0,0.0,0.0,0.0,0.0,0.0,0.0,0.0
US1ORLC0002,"TOLEDO 0.2 W","LINCOLN",90,44.62,-123.94,M,M,0.0,M,M,M,M,0.0,M,0.0,0.0,0.0,0.0,0.0,0.0,0.0,M,M,M,M,M,0.0,M,M,0.0,0.0,0.0,0.0,M,0.0
USC00358634,"TROUTDALE","MULTNOMAH",33,45.55,-122.39,0.0,0.0,0.0,0.0,0.0,0.0,0.0,0.0,0.0,0.0,0.0,0.0,0.0,0.0,0.0,0.0,0.0,0.0,0.0,0.0,0.0,0.0,0.0,0.0,0.0,0.0,0.0,0.0,0.0,0.0
US1ORMT0020,"TROUTDALE 4.2 ESE","MULTNOMAH",421,45.51,-122.31,M,M,M,M,0.0,M,M,M,0.0,0.0,0.0,0.0,0.0,0.0,0.0,0.0,0.0,M,M,M,0.0,0.0,M,M,0.0,0.0,0.0,0.0,0.0,0.0
US1ORMT0002,"TROUTDALE 5.0 E","MULTNOMAH",570,45.53,-122.29,M,M,M,M,M,M,M,M,0.0,0.0,0.0,0.0,0.0,0.0,0.0,M,M,M,M,M,0.0,0.0,M,M,0.0,0.0,0.0,0.0,0.0,0.0
US1ORWS0030,"TUALATIN 0.6 SSE","WASHINGTON",277,45.37,-122.77,M,M,M,M,0.0,0.0,0.0,0.0,M,M,M,M,M,M,M,M,M,M,M,M,0.0,0.0,0.0,0.0,0.0,0.0,0.0,0.0,0.0,0.0
US1ORMN0026,"TURNER 6.6 S","MARION",308,44.75,-122.94,M,M,0.0,0.0,0.0,0.0,M,0.0,0.0,0.0,0.0,0.0,0.0,0.0,0.0,0.0,0.0,M,M,0.0,0.0,0.0,M,M,0.0,0.0,0.0,0.0,0.0,0.0
US1ORDG0006,"UMPQUA 1 W","DOUGLAS",356,43.37,-123.50,0.0,0.0,0.0,0.0,0.0,M,M,0.0,0.0,0.0,0.0,0.0,0.0,0.0,0.0,0.0,0.0,0.0,M,0.0,0.0,M,M,M,0.0,0.0,0.0,0.0,0.0,0.0
USC00358788,"UPPER OLLALA 1N","DOUGLAS",850,43.07,-123.59,0.0,0.0,0.0,0.0,0.0,0.0,0.0,0.0,0.0,0.0,0.0,0.0,0.0,0.0,0.0,0.0,0.0,0.0,0.0,0.0,0.0,0.0,0.0,0.0,0.0,0.0,0.0,0.0,0.0,0.0
US1ORLA0081,"VENETA 1 E","LANE",385,44.05,-123.33,M,M,M,M,0.0,0.0,M,M,M,M,M,M,M,M,M,0.0,0.0,M,M,0.0,0.0,M,0.0,M,0.0,0.0,0.0,0.0,0.0,0.0
US1ORLA0056,"VENETA 2.5 N","LANE",402,44.08,-123.35,M,M,M,M,0.0,0.0,M,M,0.0,0.0,0.0,0.0,0.0,0.0,0.0,0.0,0.0,M,M,0.0,0.0,0.0,M,M,M,0.0,0.0,0.0,0.0,0.0
US1ORCB0026,"VERNONIA 1.3 N","COLUMBIA",812,45.88,-123.19,M,M,M,M,0.0,M,M,0.0,0.0,0.0,0.0,0.0,M,M,M,M,M,M,M,M,M,M,M,M,M,M,M,M,M,M
US1ORCB0010,"VERNONIA 5.4 WNW","COLUMBIA",751,45.88,-123.29,0.0,0.0,M,M,M,M,0.0,0.0,0.0,0.0,0.0,0.0,0.0,0.0,0.0,0.0,0.0,0.0,0.0,0.0,0.0,0.0,0.0,0.0,0.0,0.0,0.0,0.0,0.0,0.0
US1ORCB0023,"VERNONIA 7.2 SW","COLUMBIA",728,45.78,-123.28,M,M,M,M,M,M,M,M,0.0,M,0.0,0.0,0.0,0.0,0.0,0.0,M,M,M,M,M,M,M,M,0.0,0.0,0.0,M,M,M
USC00358884,"VERNONIA NO 2","COLUMBIA",625,45.87,-123.19,0.0,0.0,0.0,0.0,0.0,0.0,0.0,0.0,0.0,0.0,0.0,0.0,0.0,0.0,0.0,0.0,0.0,0.0,0.0,0.0,0.0,0.0,0.0,0.0,0.0,0.0,0.0,0.0,0.0,0.0
US1ORLC0008,"WALDPORT 0.6 N","LINCOLN",6,44.43,-124.06,M,M,M,0.0,M,M,M,M,M,M,M,M,M,M,M,M,0.0,0.0,M,M,M,M,M,M,M,M,M,M,M,M
US1ORLC0015,"WALDPORT 1.0 ESE","LINCOLN",85,44.42,-124.04,M,M,0.0,M,M,M,M,M,M,0.0,M,M,M,M,M,M,M,M,M,M,M,M,M,M,M,M,M,0.0,M,M
US1ORLC0011,"WALDPORT 1.0 WSW","LINCOLN",54,44.42,-124.08,M,M,M,M,M,M,M,M,0.0,M,0.0,0.0,0.0,0.0,M,0.0,0.0,M,M,M,M,0.0,M,M,0.0,0.0,0.0,0.0,0.0,M
USC00358997,"WALLOWA","WALLOWA",2922,45.57,-117.53,0.0,0.0,0.0,0.0,0.0,0.0,0.0,0.0,0.0,0.0,0.0,0.0,0.0,0.0,0.0,0.0,0.0,0.0,0.0,0.0,0.0,0.0,0.0,0.0,0.0,0.0,0.0,0.0,0.0,0.0
US1ORCB0009,"WARREN 1 SW","COLUMBIA",83,45.82,-122.86,0.0,0.0,0.0,0.0,0.0,0.0,0.0,0.0,0.0,0.0,0.0,0.0,0.0,0.0,0.0,0.0,0.0,0.0,0.0,0.0,0.0,0.0,0.0,0.0,0.0,0.0,0.0,0.0,0.0,0.0
US1ORCC0088,"WEST LINN 0.7 NW","CLACKAMAS",677,45.37,-122.65,M,M,M,0.0,0.0,M,M,M,0.0,0.0,0.0,0.0,0.0,0.0,0.0,0.0,0.0,M,M,0.0,0.0,0.0,0.0,M,0.0,0.0,0.0,0.0,0.0,0.0
USC00359316,"WICKIUP DAM","DESCHUTES",4357,43.68,-121.69,0.0,0.0,0.0,0.0,0.0,0.0,0.0,0.0,0.0,0.0,0.0,0.0,0.0,0.0,0.0,0.0,0.0,0.0,0.0,0.0,0.0,0.0,0.0,0.0,0.0,0.0,0.0,0.0,0.0,0.0
US1ORJS0015,"WILDERVILLE 2.4 WSW","JOSEPHINE",1133,42.38,-123.51,0.0,0.0,0.0,0.0,0.0,0.0,0.0,0.0,0.0,0.0,0.0,0.0,0.0,M,M,M,M,M,0.0,0.0,0.0,0.0,M,M,M,M,M,M,M,M
USC00359372,"WILLAMINA","YAMHILL",240,45.07,-123.48,0.0,0.0,0.0,0.0,0.0,0.0,0.0,0.0,0.0,0.0,0.0,0.0,0.0,0.0,0.0,0.0,0.0,0.0,0.0,0.0,0.0,0.0,0.0,0.0,0.0,0.0,0.0,0.0,0.0,0.0
US1ORJC0001,"WILLIAMS 1 N","JACKSON",1293,42.26,-123.26,0.0,0.0,M,M,M,M,0.0,0.0,0.0,0.0,M,0.0,0.0,0.0,M,0.0,0.0,0.0,M,0.0,M,M,M,0.0,M,0.0,0.0,0.0,0.0,0.0
USC00359588,"YACHATS","LINCOLN",61,44.32,-124.10,0.0,0.0,0.0,0.0,0.0,0.0,0.0,0.0,0.0,0.0,0.0,0.0,0.0,0.0,0.0,0.0,0.0,0.0,0.0,0.0,0.0,0.0,0.0,0.0,0.0,0.0,0.0,0.0,0.0,0.0
US1ORLA0178,"YACHATS 6.1 S","LANE",43,44.22,-124.10,M,M,M,M,M,M,M,M,M,M,M,M,M,M,M,M,M,M,M,M,M,M,M,M,0.0,0.0,0.0,0.0,0.0,0.0
US1ORYM0004,"YAMHILL 1.1 NNW","YAMHILL",200,45.36,-123.19,M,M,M,0.0,M,M,0.0,0.0,0.0,0.0,0.0,0.0,0.0,0.0,0.0,0.0,M,M,M,0.0,M,M,M,M,0.0,0.0,0.0,0.0,0.0,0.0
US1ORYM0021,"YAMHILL 2.2 N","YAMHILL",328,45.37,-123.18,M,M,M,M,M,M,0.0,0.0,0.0,0.0,0.0,0.0,0.0,0.0,0.0,0.0,0.0,M,M,0.0,M,0.0,M,M,0.0,0.0,0.0,0.0,0.0,M
