Massachusetts Snowfall, September 2018
"GHCN ID","Station Name",County,Elevation,Latitude,Longitude,"Sep 1","Sep 2","Sep 3","Sep 4","Sep 5","Sep 6","Sep 7","Sep 8","Sep 9","Sep 10","Sep 11","Sep 12","Sep 13","Sep 14","Sep 15","Sep 16","Sep 17","Sep 18","Sep 19","Sep 20","Sep 21","Sep 22","Sep 23","Sep 24","Sep 25","Sep 26","Sep 27","Sep 28","Sep 29","Sep 30"
US1MAPL0015,"ABINGTON 1.2 NNE","PLYMOUTH",151,42.13,-70.95,0.0,0.0,0.0,0.0,0.0,0.0,0.0,0.0,0.0,0.0,0.0,0.0,0.0,0.0,0.0,0.0,0.0,0.0,0.0,0.0,M,0.0,0.0,0.0,0.0,0.0,0.0,0.0,0.0,0.0
US1MAMD0012,"ACTON 1.3 SW","MIDDLESEX",211,42.47,-71.48,0.0,0.0,0.0,0.0,0.0,0.0,0.0,0.0,0.0,0.0,0.0,0.0,0.0,0.0,0.0,0.0,0.0,0.0,0.0,0.0,0.0,0.0,0.0,0.0,0.0,0.0,0.0,0.0,0.0,0.0
US1MAMD0053,"ACTON 4.0 ENE","MIDDLESEX",231,42.50,-71.39,M,M,M,M,M,M,M,M,0.0,0.0,M,M,M,M,M,M,M,M,M,M,M,M,M,0.0,0.0,M,M,M,M,M
USC00190120,"AMHERST","HAMPSHIRE",145,42.39,-72.54,0.0,0.0,0.0,0.0,0.0,0.0,0.0,0.0,0.0,0.0,0.0,0.0,0.0,0.0,0.0,0.0,0.0,0.0,0.0,0.0,0.0,0.0,0.0,0.0,0.0,0.0,0.0,0.0,0.0,0.0
USC00190190,"ASHBURNHAM","WORCESTER",1108,42.62,-71.92,0.0,0.0,0.0,0.0,0.0,0.0,0.0,0.0,0.0,0.0,0.0,0.0,0.0,0.0,0.0,0.0,0.0,0.0,0.0,0.0,0.0,0.0,0.0,0.0,0.0,0.0,0.0,0.0,0.0,0.0
USC00190192,"ASHBURNHAM NORTH","WORCESTER",1146,42.66,-71.94,0.0,0.0,0.0,0.0,0.0,0.0,0.0,0.0,0.0,0.0,0.0,0.0,0.0,0.0,0.0,0.0,0.0,0.0,0.0,0.0,0.0,0.0,0.0,0.0,0.0,0.0,0.0,0.0,0.0,0.0
US1MABR0023,"ATTLEBORO 0.9 ENE","BRISTOL",124,41.94,-71.28,M,0.0,0.0,0.0,0.0,0.0,0.0,0.0,0.0,0.0,0.0,0.0,0.0,0.0,0.0,0.0,0.0,0.0,0.0,0.0,0.0,0.0,0.0,0.0,0.0,0.0,0.0,0.0,0.0,0.0
US1MAWR0041,"AUBURN 2.6 SW","WORCESTER",777,42.17,-71.87,0.0,0.0,0.0,0.0,0.0,0.0,M,0.0,0.0,0.0,M,M,M,M,0.0,0.0,0.0,M,M,M,0.0,M,0.0,0.0,M,M,M,M,M,0.0
US1MABA0059,"BARNSTABLE 3.6 W","BARNSTABLE",50,41.69,-70.37,0.0,0.0,0.0,0.0,0.0,0.0,M,M,M,0.0,M,M,M,M,0.0,0.0,0.0,M,M,M,M,M,0.0,0.0,0.0,M,M,0.0,M,M
US1MAWR0054,"BARRE 1.4 NNE","WORCESTER",964,42.44,-72.10,M,M,M,0.0,0.0,0.0,0.0,M,M,M,M,M,M,M,0.0,0.0,0.0,0.0,0.0,0.0,0.0,0.0,0.0,0.0,0.0,0.0,0.0,0.0,0.0,0.0
USC00190408,"BARRE FALLS DAM","WORCESTER",825,42.43,-72.03,0.0,0.0,0.0,0.0,0.0,0.0,0.0,0.0,0.0,0.0,0.0,0.0,0.0,0.0,0.0,0.0,0.0,0.0,0.0,0.0,0.0,0.0,0.0,0.0,0.0,0.0,0.0,0.0,0.0,0.0
US1MABE0004,"BECKET 5.6 SSW","BERKSHIRE",1356,42.26,-73.13,0.0,0.0,0.0,0.0,0.0,0.0,0.0,0.0,0.0,0.0,0.0,0.0,0.0,0.0,0.0,0.0,0.0,0.0,0.0,0.0,0.0,0.0,0.0,0.0,0.0,0.0,0.0,0.0,0.0,0.0
USC00190562,"BELCHERTOWN","HAMPSHIRE",550,42.28,-72.35,0.0,0.0,0.0,0.0,0.0,0.0,0.0,0.0,0.0,0.0,0.0,0.0,0.0,0.0,0.0,0.0,0.0,0.0,0.0,0.0,0.0,0.0,0.0,0.0,0.0,0.0,0.0,0.0,0.0,0.0
US1MAMD0018,"BELMONT 0.2 ESE","MIDDLESEX",14,42.40,-71.16,0.0,0.0,0.0,0.0,0.0,0.0,M,0.0,0.0,0.0,M,M,M,0.0,0.0,0.0,0.0,M,M,0.0,0.0,0.0,0.0,M,0.0,M,M,M,M,0.0
US1MAWR0028,"BERLIN 1.3 WSW","WORCESTER",405,42.38,-71.66,0.0,0.0,0.0,0.0,0.0,0.0,M,M,M,M,M,M,M,M,M,0.0,M,M,M,M,0.0,M,M,0.0,M,M,M,M,M,0.0
USC00190593,"BEVERLY","ESSEX",65,42.59,-70.84,0.0,0.0,0.0,0.0,0.0,0.0,0.0,0.0,0.0,0.0,0.0,0.0,0.0,0.0,0.0,0.0,0.0,0.0,0.0,0.0,0.0,0.0,0.0,0.0,0.0,0.0,0.0,0.0,0.0,0.0
US1MAES0002,"BEVERLY 2.8 NW","ESSEX",46,42.59,-70.88,0.0,0.0,0.0,0.0,0.0,0.0,M,0.0,0.0,0.0,M,M,M,M,0.0,0.0,0.0,M,M,M,M,M,0.0,0.0,0.0,M,M,M,M,0.0
US1MAMD0060,"BILLERICA 2.0 W","MIDDLESEX",207,42.55,-71.31,M,M,M,M,M,M,M,M,M,M,M,M,M,M,M,M,0.0,M,M,M,M,M,M,M,M,M,M,M,M,M
USC00190666,"BIRCH HILL DAM","WORCESTER",855,42.63,-72.12,0.0,0.0,0.0,0.0,0.0,0.0,0.0,0.0,0.0,0.0,0.0,0.0,0.0,0.0,0.0,0.0,0.0,0.0,0.0,0.0,0.0,0.0,0.0,0.0,0.0,0.0,0.0,0.0,0.0,0.0
USC00190736,"BLUE HILL","NORFOLK",625,42.21,-71.11,0.0,0.0,0.0,0.0,0.0,0.0,0.0,0.0,0.0,0.0,0.0,0.0,0.0,0.0,0.0,0.0,0.0,0.0,0.0,0.0,0.0,0.0,0.0,0.0,0.0,0.0,0.0,0.0,0.0,0.0
USW00014753,"BLUE HILL LCD","NORFOLK",625,42.21,-71.11,0.0,0.0,0.0,0.0,0.0,0.0,0.0,0.0,0.0,0.0,0.0,0.0,0.0,0.0,0.0,0.0,0.0,0.0,0.0,0.0,0.0,0.0,0.0,0.0,0.0,0.0,0.0,0.0,0.0,0.0
USW00014739,"BOSTON","SUFFOLK",12,42.36,-71.01,0.0,0.0,0.0,0.0,0.0,0.0,0.0,0.0,0.0,0.0,0.0,0.0,0.0,0.0,0.0,0.0,0.0,0.0,0.0,0.0,0.0,0.0,0.0,0.0,0.0,0.0,0.0,0.0,0.0,0.0
US1MASF0001,"BOSTON 0.5 WSW","SUFFOLK",43,42.36,-71.07,M,M,M,M,0.0,0.0,0.0,M,M,M,M,0.0,M,0.0,M,M,M,M,M,M,0.0,M,M,M,0.0,0.0,0.0,M,M,M
US1MAMD0083,"BOXBOROUGH 1.4 SSE","MIDDLESEX",218,42.48,-71.49,M,M,M,M,0.0,0.0,0.0,M,M,M,M,0.0,0.0,0.0,0.0,0.0,0.0,0.0,0.0,0.0,0.0,M,M,M,0.0,0.0,0.0,M,M,M
US1MAES0012,"BOXFORD 2.4 S","ESSEX",50,42.64,-70.98,0.0,0.0,0.0,0.0,0.0,0.0,0.0,0.0,0.0,0.0,0.0,0.0,0.0,0.0,0.0,0.0,0.0,0.0,0.0,0.0,0.0,0.0,0.0,0.0,0.0,0.0,0.0,0.0,0.0,0.0
US1MABA0033,"BREWSTER 1.5 ESE","BARNSTABLE",104,41.75,-70.05,0.0,0.0,0.0,0.0,0.0,0.0,M,M,0.0,0.0,M,0.0,M,M,0.0,0.0,0.0,M,M,M,0.0,M,0.0,0.0,0.0,M,0.0,M,0.0,0.0
USC00190840,"BRIDGEWATER","PLYMOUTH",40,41.95,-70.96,0.0,0.0,0.0,0.0,0.0,0.0,0.0,0.0,0.0,0.0,0.0,0.0,0.0,0.0,0.0,0.0,0.0,0.0,0.0,0.0,0.0,0.0,0.0,0.0,0.0,0.0,0.0,0.0,0.0,0.0
US1MAPL0021,"BRIDGEWATER 0.1 ESE","PLYMOUTH",51,41.99,-70.97,M,M,M,M,M,M,M,M,M,M,M,M,M,M,M,M,M,M,M,M,0.0,M,M,0.0,M,M,M,M,M,M
US1MAPL0031,"BRIDGEWATER 1.8 SE","PLYMOUTH",91,41.97,-70.94,0.0,0.0,0.0,0.0,0.0,0.0,M,M,0.0,0.0,M,M,M,M,0.0,M,0.0,M,M,M,M,M,0.0,0.0,0.0,M,M,0.0,M,0.0
USC00190860,"BROCKTON","PLYMOUTH",80,42.05,-71.00,0.0,0.0,0.0,0.0,0.0,0.0,0.0,0.0,0.0,0.0,0.0,0.0,0.0,0.0,0.0,0.0,0.0,0.0,0.0,0.0,0.0,0.0,0.0,0.0,0.0,0.0,0.0,0.0,0.0,0.0
US1MAFR0017,"BUCKLAND 1.8 ESE","FRANKLIN",930,42.59,-72.75,0.0,0.0,0.0,0.0,0.0,0.0,0.0,0.0,0.0,0.0,0.0,0.0,0.0,0.0,0.0,0.0,0.0,0.0,0.0,0.0,0.0,0.0,0.0,0.0,0.0,0.0,0.0,0.0,0.0,0.0
USC00190998,"BUFFUMVILLE LAKE","WORCESTER",520,42.12,-71.91,0.0,0.0,0.0,0.0,0.0,0.0,0.0,0.0,0.0,0.0,0.0,0.0,0.0,0.0,0.0,0.0,0.0,0.0,0.0,0.0,0.0,0.0,0.0,0.0,0.0,0.0,0.0,0.0,0.0,0.0
US1MAMD0011,"CAMBRIDGE 0.9 NNW","MIDDLESEX",48,42.39,-71.13,0.0,0.0,0.0,0.0,0.0,0.0,M,0.0,0.0,0.0,M,M,M,M,0.0,0.0,0.0,M,M,M,0.0,M,0.0,0.0,0.0,M,M,M,M,M
USC00191386,"CHATHAM","BARNSTABLE",40,41.66,-69.96,0.0,0.0,0.0,0.0,0.0,0.0,0.0,0.0,0.0,0.0,0.0,0.0,0.0,0.0,0.0,0.0,0.0,0.0,0.0,0.0,0.0,0.0,0.0,0.0,0.0,0.0,0.0,0.0,0.0,0.0
US1MABA0065,"CHATHAM 0.2 SSE","BARNSTABLE",22,41.67,-69.96,0.0,0.0,0.0,0.0,0.0,0.0,M,M,0.0,0.0,M,M,M,M,0.0,0.0,0.0,0.0,M,M,M,0.0,0.0,M,M,M,M,M,M,0.0
US1MAMD0062,"CHELMSFORD 1.2 E","MIDDLESEX",132,42.60,-71.34,0.0,0.0,0.0,0.0,0.0,0.0,0.0,0.0,0.0,M,M,M,0.0,M,M,0.0,0.0,0.0,0.0,0.0,0.0,0.0,0.0,0.0,0.0,0.0,0.0,0.0,0.0,0.0
US1MAMD0034,"CHELMSFORD 2.0 ENE","MIDDLESEX",128,42.61,-71.33,0.0,0.0,0.0,0.0,0.0,0.0,M,M,0.0,0.0,M,M,M,M,M,M,M,M,M,M,0.0,M,M,M,M,M,M,M,M,M
US1MAFR0010,"CONWAY 0.9 SW","FRANKLIN",546,42.51,-72.70,0.0,0.0,0.0,0.0,0.0,0.0,0.0,0.0,0.0,0.0,0.0,0.0,0.0,0.0,0.0,0.0,0.0,0.0,0.0,0.0,0.0,0.0,0.0,0.0,0.0,0.0,0.0,0.0,0.0,0.0
US1MAFR0025,"CONWAY 2.7 NW","FRANKLIN",629,42.54,-72.72,0.0,0.0,0.0,0.0,0.0,0.0,M,M,M,M,M,M,M,0.0,M,0.0,0.0,M,M,M,M,M,0.0,0.0,M,M,M,M,M,M
US1MAFR0013,"CONWAY 2.9 NW","FRANKLIN",704,42.54,-72.73,0.0,0.0,0.0,0.0,0.0,0.0,0.0,0.0,0.0,0.0,0.0,0.0,0.0,0.0,0.0,0.0,0.0,0.0,0.0,0.0,0.0,0.0,0.0,0.0,0.0,0.0,0.0,0.0,0.0,0.0
US1MAES0041,"DANVERS 0.8 ESE","ESSEX",45,42.57,-70.94,0.0,0.0,0.0,0.0,0.0,0.0,0.0,0.0,0.0,0.0,0.0,0.0,0.0,0.0,0.0,0.0,0.0,0.0,0.0,0.0,0.0,0.0,0.0,0.0,0.0,0.0,0.0,0.0,0.0,0.0
US1MABR0014,"DARTMOUTH 2.5 SSW","BRISTOL",91,41.53,-71.02,0.0,0.0,0.0,0.0,0.0,0.0,M,M,M,0.0,M,M,M,M,0.0,0.0,0.0,M,M,0.0,M,0.0,0.0,0.0,0.0,M,M,M,M,0.0
US1MABR0008,"DIGHTON 1.1 WSW","BRISTOL",138,41.81,-71.14,0.0,0.0,0.0,0.0,0.0,0.0,0.0,0.0,0.0,0.0,0.0,0.0,0.0,0.0,0.0,0.0,0.0,0.0,0.0,0.0,0.0,0.0,0.0,0.0,0.0,0.0,0.0,0.0,0.0,0.0
US1MAPL0030,"DUXBURY 3.7 W","PLYMOUTH",111,42.04,-70.75,0.0,0.0,0.0,0.0,0.0,0.0,M,M,0.0,0.0,M,M,M,M,M,M,M,M,M,M,M,M,M,M,M,M,M,0.0,M,0.0
US1MAPL0022,"EAST BRIDGEWATER 0.3 WSW","PLYMOUTH",73,42.03,-70.95,0.0,0.0,0.0,0.0,0.0,M,M,M,0.0,M,M,M,M,M,0.0,0.0,M,M,M,M,M,M,0.0,M,M,M,M,M,M,0.0
USC00192107,"EAST BRIMFIELD LAKE","WORCESTER",700,42.11,-72.13,0.0,0.0,0.0,0.0,0.0,0.0,0.0,0.0,0.0,0.0,0.0,0.0,0.0,0.0,0.0,0.0,0.0,0.0,0.0,0.0,0.0,0.0,0.0,0.0,0.0,0.0,0.0,0.0,0.0,0.0
US1MABA0019,"EAST FALMOUTH 0.7 NW","BARNSTABLE",41,41.58,-70.57,0.0,M,M,M,M,M,M,M,M,M,M,M,M,M,M,M,M,M,M,M,M,0.0,0.0,0.0,0.0,M,M,0.0,M,0.0
US1MABA0017,"EAST FALMOUTH 1.2 WNW","BARNSTABLE",42,41.58,-70.58,0.0,0.0,0.0,0.0,0.0,0.0,M,M,0.0,0.0,M,M,M,M,0.0,0.0,0.0,0.0,M,M,M,0.0,0.0,0.0,0.0,M,M,M,M,0.0
US1MABA0011,"EAST FALMOUTH 1.4 ESE","BARNSTABLE",16,41.57,-70.53,0.0,0.0,0.0,0.0,0.0,0.0,M,M,0.0,0.0,M,0.0,M,M,0.0,0.0,0.0,0.0,M,M,M,0.0,0.0,0.0,0.0,M,M,M,M,M
USC00192175,"EAST HAWLEY","FRANKLIN",1647,42.57,-72.87,0.0,0.0,0.0,0.0,0.0,0.0,0.0,0.0,0.0,0.0,0.0,0.0,0.0,0.0,0.0,0.0,0.0,0.0,0.0,0.0,0.0,0.0,0.0,0.0,0.0,0.0,0.0,0.0,0.0,0.0
USC00192372,"EAST SANDWICH","BARNSTABLE",150,41.71,-70.47,0.0,0.0,0.0,0.0,0.0,0.0,0.0,0.0,0.0,0.0,0.0,0.0,0.0,0.0,0.0,0.0,0.0,0.0,0.0,0.0,0.0,0.0,0.0,0.0,0.0,0.0,0.0,0.0,0.0,0.0
US1MABA0010,"EAST SANDWICH 2.3 SE","BARNSTABLE",83,41.72,-70.42,0.0,0.0,0.0,0.0,0.0,0.0,M,M,0.0,0.0,M,0.0,M,M,0.0,0.0,0.0,0.0,M,M,M,0.0,0.0,0.0,0.0,M,M,0.0,M,0.0
USC00192451,"EAST WAREHAM","PLYMOUTH",30,41.77,-70.67,0.0,0.0,0.0,0.0,0.0,0.0,0.0,0.0,0.0,0.0,0.0,0.0,0.0,0.0,0.0,0.0,0.0,0.0,0.0,0.0,0.0,0.0,0.0,0.0,0.0,0.0,0.0,0.0,0.0,0.0
US1MABA0030,"EASTHAM 0.6 SW","BARNSTABLE",13,41.83,-69.98,0.0,0.0,0.0,0.0,0.0,0.0,M,M,0.0,0.0,M,0.0,M,M,0.0,0.0,0.0,M,M,M,M,0.0,0.0,0.0,0.0,M,M,0.0,M,0.0
US1MAHS0026,"EASTHAMPTON 0.5 SW","HAMPSHIRE",200,42.26,-72.69,0.0,0.0,0.0,0.0,0.0,0.0,M,0.0,0.0,0.0,M,M,M,M,M,0.0,0.0,M,M,M,M,M,0.0,0.0,M,M,M,M,M,0.0
USC00192501,"EDGARTOWN","DUKES",30,41.39,-70.52,0.0,0.0,0.0,0.0,0.0,0.0,0.0,0.0,0.0,0.0,0.0,0.0,0.0,0.0,0.0,0.0,0.0,0.0,0.0,0.0,0.0,0.0,0.0,0.0,0.0,0.0,0.0,0.0,0.0,0.0
US1MABA0013,"FALMOUTH 0.6 NNW","BARNSTABLE",17,41.55,-70.61,M,0.0,0.0,0.0,0.0,0.0,M,M,0.0,0.0,M,M,M,M,0.0,0.0,0.0,M,M,M,M,M,0.0,0.0,0.0,M,M,0.0,M,0.0
US1MABA0008,"FALMOUTH 1.8 WSW","BARNSTABLE",3,41.54,-70.64,0.0,M,M,0.0,0.0,0.0,M,0.0,0.0,0.0,M,M,M,M,0.0,0.0,0.0,0.0,M,M,M,0.0,0.0,0.0,0.0,M,M,0.0,M,0.0
US1MABA0003,"FALMOUTH 3.0 E","BARNSTABLE",8,41.55,-70.55,0.0,0.0,0.0,0.0,0.0,0.0,0.0,0.0,0.0,0.0,0.0,0.0,0.0,0.0,0.0,0.0,0.0,0.0,0.0,0.0,0.0,0.0,0.0,0.0,0.0,0.0,0.0,0.0,0.0,0.0
US1MABA0002,"FALMOUTH 3.1 NNW","BARNSTABLE",60,41.59,-70.63,M,0.0,M,M,0.0,M,M,M,M,M,M,M,M,M,M,M,0.0,M,M,M,M,0.0,M,M,M,M,M,0.0,M,M
US1MABA0050,"FALMOUTH 5.4 NNE","BARNSTABLE",83,41.62,-70.58,0.0,0.0,0.0,0.0,0.0,0.0,0.0,0.0,0.0,0.0,0.0,0.0,0.0,0.0,0.0,0.0,0.0,0.0,0.0,0.0,0.0,0.0,0.0,0.0,0.0,0.0,0.0,0.0,0.0,0.0
US1MABA0057,"FALMOUTH 5.7 N","BARNSTABLE",15,41.63,-70.62,0.0,0.0,0.0,0.0,0.0,0.0,0.0,0.0,0.0,0.0,0.0,M,0.0,0.0,0.0,0.0,0.0,0.0,0.0,0.0,0.0,0.0,0.0,0.0,0.0,0.0,0.0,0.0,0.0,0.0
US1MAWR0008,"FITCHBURG 1.6 SSW","WORCESTER",714,42.57,-71.82,0.0,0.0,0.0,0.0,0.0,0.0,0.0,0.0,0.0,0.0,0.0,0.0,0.0,0.0,M,0.0,0.0,0.0,0.0,0.0,0.0,0.0,0.0,0.0,0.0,0.0,0.0,0.0,0.0,0.0
USC00192807,"FITCHBURG COOP","WORCESTER",665,42.62,-71.80,0.0,0.0,0.0,0.0,0.0,0.0,0.0,0.0,0.0,0.0,0.0,0.0,0.0,0.0,0.0,0.0,0.0,0.0,0.0,0.0,0.0,0.0,0.0,0.0,0.0,0.0,0.0,0.0,0.0,0.0
USC00192913,"FOXBORO","NORFOLK",270,42.08,-71.24,0.0,0.0,0.0,0.0,0.0,0.0,0.0,0.0,0.0,0.0,0.0,0.0,0.0,0.0,0.0,0.0,0.0,0.0,0.0,0.0,0.0,0.0,0.0,0.0,0.0,0.0,0.0,0.0,0.0,0.0
US1MANF0008,"FOXBOROUGH 0.4 S","NORFOLK",271,42.06,-71.25,M,M,M,M,M,M,M,M,M,M,M,M,M,M,M,M,M,0.0,0.0,M,M,M,M,M,M,0.0,0.0,M,M,M
US1MANF0019,"FOXBOROUGH 1.8 SSW","NORFOLK",214,42.04,-71.26,0.0,0.0,0.0,0.0,0.0,0.0,M,0.0,0.0,0.0,M,M,M,0.0,0.0,0.0,0.0,M,M,0.0,0.0,M,0.0,0.0,0.0,M,M,M,0.0,0.0
US1MAMD0107,"FRAMINGHAM 1.7 E","MIDDLESEX",220,42.31,-71.40,M,M,M,M,M,M,M,M,M,M,M,M,M,M,M,0.0,0.0,M,M,M,0.0,M,0.0,0.0,0.0,M,M,M,M,0.0
USC00192997,"FRANKLIN","NORFOLK",250,42.08,-71.41,0.0,0.0,0.0,0.0,0.0,0.0,0.0,0.0,0.0,0.0,0.0,0.0,0.0,0.0,0.0,0.0,0.0,0.0,0.0,0.0,0.0,0.0,0.0,0.0,0.0,0.0,0.0,0.0,0.0,0.0
US1MABE0002,"GREAT BARRINGTON 0.4 N","BERKSHIRE",716,42.20,-73.36,M,0.0,0.0,0.0,0.0,M,M,M,0.0,M,M,0.0,M,0.0,M,M,M,M,0.0,M,M,M,0.0,0.0,M,M,M,M,0.0,0.0
US1MABE0011,"GREAT BARRINGTON 3.0 N","BERKSHIRE",743,42.24,-73.35,0.0,0.0,0.0,M,0.0,M,M,M,0.0,0.0,M,M,M,M,M,M,M,M,M,M,M,M,M,M,M,M,M,M,M,M
USC00193229,"GREENFIELD NO. 3","FRANKLIN",130,42.57,-72.60,0.0,0.0,0.0,0.0,0.0,0.0,0.0,0.0,0.0,0.0,0.0,0.0,0.0,0.0,0.0,0.0,0.0,0.0,0.0,0.0,0.0,0.0,0.0,0.0,0.0,0.0,0.0,0.0,0.0,0.0
USC00193276,"GROVELAND","ESSEX",30,42.75,-71.04,0.0,0.0,0.0,0.0,0.0,0.0,0.0,0.0,0.0,0.0,0.0,0.0,0.0,0.0,0.0,0.0,0.0,0.0,0.0,0.0,0.0,0.0,0.0,0.0,0.0,0.0,0.0,0.0,0.0,0.0
USC00193402,"HARDWICK 2 ESE","WORCESTER",570,42.35,-72.15,0.0,0.0,0.0,0.0,0.0,0.0,0.0,0.0,0.0,0.0,0.0,0.0,0.0,0.0,0.0,0.0,0.0,0.0,0.0,0.0,0.0,0.0,0.0,0.0,0.0,0.0,0.0,0.0,0.0,0.0
US1MABA0036,"HARWICH 2.6 ENE","BARNSTABLE",56,41.71,-70.03,0.0,0.0,0.0,0.0,0.0,0.0,M,0.0,0.0,0.0,M,M,M,0.0,0.0,0.0,0.0,M,M,M,M,0.0,0.0,0.0,0.0,M,M,M,M,0.0
USC00193505,"HAVERHILL","ESSEX",20,42.76,-71.06,0.0,0.0,0.0,0.0,0.0,0.0,0.0,0.0,0.0,0.0,0.0,0.0,0.0,0.0,0.0,0.0,0.0,0.0,0.0,0.0,0.0,0.0,0.0,0.0,0.0,0.0,0.0,0.0,0.0,0.0
US1MAES0020,"HAVERHILL 0.7 N","ESSEX",95,42.79,-71.09,0.0,0.0,0.0,0.0,0.0,0.0,M,0.0,0.0,0.0,M,M,M,0.0,0.0,0.0,0.0,M,M,M,0.0,M,0.0,0.0,0.0,M,M,M,M,0.0
USC00193624,"HINGHAM","PLYMOUTH",35,42.23,-70.91,0.0,0.0,0.0,0.0,0.0,0.0,0.0,0.0,0.0,0.0,0.0,0.0,0.0,0.0,0.0,0.0,0.0,0.0,0.0,0.0,0.0,0.0,0.0,0.0,0.0,0.0,0.0,0.0,0.0,0.0
US1MAPL0036,"HINGHAM 0.8 ESE","PLYMOUTH",37,42.23,-70.87,0.0,0.0,0.0,0.0,0.0,0.0,M,M,0.0,0.0,M,M,M,M,M,0.0,0.0,M,M,M,M,M,0.0,M,0.0,M,M,M,M,M
US1MAWR0025,"HOLDEN 2.0 ESE","WORCESTER",818,42.34,-71.81,0.0,0.0,0.0,M,M,M,M,0.0,0.0,0.0,M,M,M,0.0,M,0.0,0.0,M,M,M,M,M,M,M,M,M,M,M,M,M
US1MAMD0042,"HOLLISTON 0.8 S","MIDDLESEX",265,42.19,-71.43,0.0,0.0,0.0,0.0,0.0,0.0,M,M,M,0.0,M,M,M,M,0.0,0.0,0.0,M,M,M,0.0,M,0.0,0.0,0.0,M,M,M,M,0.0
US1MAMD0106,"HOLLISTON 2.4 W","MIDDLESEX",283,42.20,-71.48,0.0,0.0,0.0,0.0,0.0,0.0,M,M,0.0,0.0,M,M,M,M,0.0,0.0,0.0,M,M,M,0.0,M,0.0,0.0,0.0,M,M,M,M,0.0
US1MAHD0022,"HOLYOKE 1.0 ENE","HAMPDEN",258,42.22,-72.62,0.0,0.0,0.0,0.0,0.0,0.0,M,0.0,0.0,0.0,M,M,M,M,0.0,0.0,0.0,M,M,0.0,0.0,M,0.0,0.0,M,M,M,M,0.0,0.0
US1MAMD0115,"HUDSON 1.4 NW","MIDDLESEX",348,42.40,-71.59,0.0,0.0,0.0,0.0,0.0,0.0,0.0,0.0,0.0,0.0,0.0,0.0,0.0,0.0,0.0,0.0,0.0,0.0,0.0,0.0,0.0,0.0,0.0,0.0,0.0,0.0,0.0,0.0,0.0,0.0
USC00193821,"HYANNIS","BARNSTABLE",60,41.66,-70.30,0.0,0.0,0.0,0.0,0.0,0.0,0.0,0.0,0.0,0.0,0.0,0.0,0.0,0.0,0.0,0.0,0.0,0.0,0.0,0.0,0.0,0.0,0.0,0.0,0.0,0.0,0.0,0.0,0.0,0.0
USC00193890,"JAMAICA PLAIN","SUFFOLK",95,42.30,-71.12,0.0,0.0,0.0,0.0,0.0,0.0,0.0,0.0,0.0,0.0,0.0,0.0,0.0,0.0,0.0,0.0,0.0,0.0,0.0,0.0,0.0,0.0,0.0,0.0,0.0,0.0,0.0,0.0,0.0,0.0
US1MAPL0005,"KINGSTON 3.3 WNW","PLYMOUTH",72,42.02,-70.77,0.0,0.0,0.0,0.0,0.0,0.0,M,M,0.0,M,M,M,M,M,0.0,M,0.0,M,M,M,M,M,0.0,0.0,0.0,M,M,0.0,M,0.0
USC00194105,"LAWRENCE","ESSEX",50,42.70,-71.17,0.0,0.0,0.0,0.0,0.0,0.0,0.0,0.0,0.0,0.0,0.0,0.0,0.0,0.0,0.0,0.0,0.0,0.0,0.0,0.0,0.0,0.0,0.0,0.0,0.0,0.0,0.0,0.0,0.0,0.0
US1MAWR0043,"LEICESTER 2.4 ESE","WORCESTER",648,42.23,-71.86,0.0,0.0,0.0,0.0,0.0,0.0,0.0,0.0,0.0,0.0,0.0,0.0,0.0,0.0,0.0,0.0,0.0,0.0,0.0,0.0,0.0,0.0,0.0,0.0,0.0,0.0,0.0,0.0,0.0,0.0
USC00194131,"LENOX DALE","BERKSHIRE",1004,42.34,-73.25,M,M,M,M,M,M,0.0,0.0,M,M,M,M,M,M,M,0.0,0.0,0.0,M,M,M,M,M,0.0,0.0,0.0,M,0.0,M,0.0
USC00194154,"LEVERETT NO. 2","FRANKLIN",315,42.45,-72.53,0.0,0.0,0.0,0.0,0.0,0.0,0.0,0.0,0.0,0.0,0.0,0.0,0.0,0.0,0.0,0.0,0.0,0.0,0.0,0.0,0.0,0.0,0.0,0.0,0.0,0.0,0.0,0.0,0.0,0.0
US1MAMD0104,"LITTLETON 2.8 NNW","MIDDLESEX",240,42.57,-71.50,M,M,M,M,M,M,M,M,M,M,M,M,M,M,M,0.0,M,M,M,M,M,M,M,M,M,M,M,M,M,M
USC00194313,"LOWELL","MIDDLESEX",110,42.64,-71.36,0.0,0.0,0.0,0.0,0.0,0.0,0.0,0.0,0.0,0.0,0.0,0.0,0.0,0.0,0.0,0.0,0.0,0.0,0.0,0.0,0.0,0.0,0.0,0.0,0.0,0.0,0.0,0.0,0.0,0.0
US1MAHD0025,"LUDLOW 2.3 SW","HAMPDEN",215,42.15,-72.52,0.0,0.0,0.0,0.0,0.0,0.0,0.0,0.0,0.0,0.0,0.0,0.0,0.0,0.0,0.0,0.0,0.0,0.0,0.0,0.0,0.0,0.0,0.0,0.0,0.0,0.0,M,0.0,0.0,0.0
USC00194502,"MARBLEHEAD","ESSEX",84,42.50,-70.86,0.0,0.0,0.0,0.0,0.0,0.0,0.0,0.0,0.0,0.0,0.0,0.0,0.0,0.0,0.0,0.0,0.0,0.0,0.0,0.0,0.0,0.0,0.0,0.0,0.0,0.0,0.0,0.0,0.0,0.0
US1MAES0008,"MARBLEHEAD 0.8 SW","ESSEX",38,42.49,-70.88,0.0,0.0,0.0,0.0,0.0,0.0,M,0.0,0.0,0.0,M,M,M,0.0,0.0,0.0,0.0,M,M,M,0.0,M,0.0,0.0,0.0,M,M,M,M,0.0
US1MABA0047,"MASHPEE 2.4 WSW","BARNSTABLE",54,41.64,-70.52,0.0,0.0,0.0,0.0,0.0,0.0,0.0,0.0,0.0,0.0,0.0,0.0,0.0,0.0,0.0,0.0,0.0,0.0,0.0,0.0,0.0,0.0,0.0,0.0,0.0,0.0,0.0,M,0.0,0.0
US1MAMD0051,"MAYNARD 0.7 ESE","MIDDLESEX",209,42.42,-71.44,0.0,0.0,0.0,0.0,0.0,0.0,0.0,0.0,0.0,0.0,0.0,0.0,0.0,0.0,M,M,0.0,0.0,0.0,0.0,0.0,0.0,0.0,0.0,0.0,0.0,0.0,0.0,0.0,0.0
US1MAMD0044,"MEDFORD 1.2 W","MIDDLESEX",28,42.42,-71.13,0.0,0.0,0.0,0.0,0.0,0.0,0.0,0.0,0.0,0.0,0.0,0.0,0.0,0.0,0.0,0.0,0.0,0.0,0.0,0.0,0.0,0.0,0.0,0.0,0.0,0.0,0.0,0.0,0.0,0.0
USC00194711,"MIDDLEBORO","PLYMOUTH",45,41.88,-70.91,0.0,0.0,0.0,0.0,0.0,0.0,0.0,0.0,0.0,0.0,0.0,0.0,0.0,0.0,0.0,0.0,0.0,0.0,0.0,0.0,0.0,0.0,0.0,0.0,0.0,0.0,0.0,0.0,0.0,0.0
USC00194744,"MIDDLETON","ESSEX",110,42.59,-71.02,0.0,0.0,0.0,0.0,0.0,0.0,0.0,0.0,0.0,0.0,0.0,0.0,0.0,0.0,0.0,0.0,0.0,0.0,0.0,0.0,0.0,0.0,0.0,0.0,0.0,0.0,0.0,0.0,0.0,0.0
USC00194760,"MILFORD","WORCESTER",280,42.16,-71.51,0.0,0.0,0.0,0.0,0.0,0.0,0.0,0.0,0.0,0.0,0.0,0.0,0.0,0.0,0.0,0.0,0.0,0.0,0.0,0.0,0.0,0.0,0.0,0.0,0.0,0.0,0.0,0.0,0.0,0.0
US1MAWR0001,"MILFORD 2.3 NNW","WORCESTER",397,42.18,-71.53,0.0,0.0,0.0,M,0.0,M,M,M,0.0,M,M,M,M,M,M,0.0,M,M,M,M,M,M,0.0,M,M,M,M,M,M,0.0
US1MAFR0021,"MILLERS FALLS 0.2 SW","FRANKLIN",335,42.58,-72.50,0.0,M,M,M,0.0,0.0,M,0.0,0.0,0.0,M,M,M,M,M,M,M,M,M,M,M,M,M,M,M,M,M,M,M,M
US1MANF0011,"MILLIS 2.0 SW","NORFOLK",191,42.15,-71.38,0.0,0.0,0.0,0.0,0.0,0.0,0.0,0.0,0.0,0.0,0.0,0.0,0.0,0.0,0.0,0.0,0.0,0.0,0.0,0.0,M,M,M,M,0.0,0.0,0.0,0.0,0.0,0.0
US1MANT0002,"NANTUCKET 2.2 E","NANTUCKET",54,41.27,-70.06,M,M,M,M,M,M,M,M,M,M,M,M,M,M,M,M,M,M,M,M,0.0,M,M,M,M,M,M,M,M,M
US1MANT0001,"NANTUCKET 3.8 WNW","NANTUCKET",14,41.29,-70.17,M,M,M,M,0.0,0.0,M,M,M,M,M,M,M,M,M,M,M,M,M,M,M,0.0,0.0,0.0,0.0,M,M,M,M,0.0
USC00195160,"NANTUCKET COOP","NANTUCKET",16,41.29,-70.17,M,M,M,0.0,0.0,0.0,0.0,M,M,0.0,0.0,0.0,M,0.0,M,M,0.0,0.0,0.0,0.0,0.0,M,M,0.0,0.0,0.0,0.0,0.0,0.0,0.0
USC00195246,"NEW BEDFORD COOP","BRISTOL",18,41.60,-70.91,0.0,0.0,0.0,0.0,0.0,0.0,0.0,0.0,0.0,0.0,0.0,0.0,0.0,0.0,0.0,0.0,0.0,0.0,0.0,0.0,0.0,0.0,0.0,0.0,0.0,0.0,0.0,0.0,0.0,0.0
US1MAFR0008,"NEW SALEM 3.1 S","FRANKLIN",838,42.46,-72.34,M,M,M,M,M,M,M,M,M,M,M,M,M,M,M,M,M,M,M,M,M,M,M,0.0,M,M,M,M,M,M
USC00195285,"NEWBURYPORT","ESSEX",55,42.83,-70.92,0.0,0.0,0.0,0.0,0.0,0.0,0.0,0.0,0.0,0.0,0.0,0.0,0.0,0.0,0.0,0.0,0.0,0.0,0.0,0.0,0.0,0.0,0.0,0.0,0.0,0.0,0.0,0.0,0.0,0.0
US1MAES0024,"NEWBURYPORT 0.8 SW","ESSEX",21,42.81,-70.90,0.0,M,0.0,M,M,M,M,M,M,M,M,M,M,M,M,M,M,M,M,M,M,M,M,M,M,M,M,M,M,M
US1MAMD0071,"NEWTON 2.2 NNW","MIDDLESEX",70,42.36,-71.23,M,M,M,M,M,M,M,M,M,M,M,M,M,M,M,M,M,M,M,M,M,M,M,M,M,M,M,M,M,0.0
US1MABE0018,"NORTH ADAMS 3.0 WNW","BERKSHIRE",628,42.70,-73.17,0.0,0.0,0.0,0.0,0.0,0.0,0.0,0.0,0.0,0.0,0.0,0.0,0.0,0.0,0.0,0.0,0.0,0.0,0.0,0.0,0.0,0.0,0.0,0.0,0.0,0.0,0.0,0.0,0.0,0.0
USW00054768,"NORTH ADAMS HARRIMAN AIRPORT","BERKSHIRE",640,42.70,-73.17,M,0.0,0.0,0.0,M,M,M,M,M,M,M,M,M,M,M,M,M,M,M,M,M,M,M,M,M,M,M,M,M,0.0
US1MAES0029,"NORTH ANDOVER 1.9 SSE","ESSEX",358,42.67,-71.11,M,M,M,0.0,0.0,M,M,M,M,M,M,M,M,M,M,M,M,M,M,M,M,M,M,M,M,M,M,M,M,M
US1MABA0014,"NORTH FALMOUTH 0.5 ENE","BARNSTABLE",8,41.65,-70.62,0.0,M,0.0,0.0,0.0,0.0,0.0,M,M,0.0,M,M,M,M,0.0,0.0,0.0,M,M,M,M,0.0,0.0,0.0,0.0,M,M,0.0,M,0.0
US1MAMD0069,"NORTH READING 1.5 NW","MIDDLESEX",94,42.58,-71.08,0.0,0.0,M,M,M,M,M,M,M,M,M,M,M,M,M,M,M,M,M,M,0.0,M,0.0,M,0.0,M,M,M,0.0,0.0
US1MAHS0012,"NORTHAMPTON 0.4 S","HAMPSHIRE",310,42.32,-72.67,0.0,0.0,0.0,0.0,0.0,0.0,M,0.0,0.0,0.0,M,M,M,M,0.0,M,0.0,M,M,M,M,M,0.0,0.0,M,M,M,M,M,0.0
US1MAWR0018,"NORTHBOROUGH 0.6 SSE","WORCESTER",300,42.30,-71.65,0.0,0.0,0.0,0.0,0.0,0.0,0.0,M,0.0,0.0,M,M,M,M,M,0.0,0.0,0.0,M,M,M,M,0.0,0.0,M,0.0,M,M,M,0.0
US1MAWR0042,"NORTHBOROUGH 2.3 N","WORCESTER",335,42.35,-71.64,0.0,0.0,0.0,0.0,0.0,0.0,0.0,0.0,0.0,0.0,0.0,0.0,0.0,0.0,0.0,0.0,0.0,0.0,0.0,0.0,M,M,0.0,0.0,0.0,0.0,0.0,0.0,0.0,0.0
USC00195524,"NORTHBRIDGE 2","WORCESTER",315,42.12,-71.68,0.0,0.0,0.0,0.0,0.0,0.0,0.0,0.0,0.0,0.0,0.0,0.0,0.0,0.0,0.0,0.0,0.0,0.0,0.0,0.0,0.0,0.0,0.0,0.0,0.0,0.0,0.0,0.0,0.0,0.0
USC00195984,"NORTON WEST","BRISTOL",95,41.99,-71.17,0.0,0.0,0.0,0.0,0.0,0.0,0.0,0.0,0.0,0.0,0.0,0.0,0.0,0.0,0.0,0.0,0.0,0.0,0.0,0.0,0.0,0.0,0.0,0.0,0.0,0.0,0.0,0.0,0.0,0.0
US1MANF0001,"NORWOOD 1.3 NW","NORFOLK",215,42.20,-71.21,0.0,0.0,0.0,0.0,0.0,0.0,0.0,0.0,0.0,0.0,0.0,0.0,0.0,0.0,0.0,0.0,0.0,0.0,0.0,0.0,0.0,0.0,0.0,0.0,0.0,0.0,0.0,0.0,0.0,0.0
USC00198368,"NWS BOSTON/NORTON","BRISTOL",85,41.96,-71.14,0.0,0.0,0.0,0.0,0.0,0.0,0.0,0.0,0.0,0.0,0.0,0.0,0.0,0.0,0.0,0.0,0.0,0.0,0.0,0.0,0.0,0.0,0.0,0.0,0.0,0.0,0.0,0.0,0.0,0.0
US1MABA0037,"ORLEANS 0.8 W","BARNSTABLE",17,41.79,-70.02,0.0,0.0,0.0,0.0,0.0,0.0,M,M,0.0,0.0,M,M,M,M,0.0,0.0,M,M,M,M,M,M,0.0,0.0,0.0,M,M,M,M,0.0
US1MABA0012,"ORLEANS 1.1 E","BARNSTABLE",28,41.79,-69.98,0.0,0.0,0.0,0.0,0.0,0.0,0.0,0.0,0.0,0.0,0.0,0.0,0.0,0.0,0.0,0.0,0.0,0.0,0.0,0.0,0.0,0.0,0.0,0.0,0.0,0.0,0.0,0.0,0.0,0.0
US1MABA0051,"ORLEANS 3.0 S","BARNSTABLE",64,41.75,-69.99,0.0,0.0,0.0,0.0,0.0,0.0,0.0,0.0,0.0,0.0,0.0,0.0,0.0,0.0,0.0,0.0,0.0,0.0,0.0,0.0,0.0,0.0,0.0,0.0,0.0,0.0,0.0,0.0,0.0,0.0
US1MAWR0068,"OXFORD 0.9 SSW","WORCESTER",485,42.10,-71.88,0.0,0.0,0.0,0.0,0.0,0.0,M,M,0.0,0.0,M,M,M,M,M,0.0,0.0,M,M,0.0,0.0,M,0.0,0.0,M,M,M,M,M,0.0
US1MAPL0023,"PEMBROKE 2.8 SW","PLYMOUTH",80,42.04,-70.84,0.0,0.0,0.0,0.0,0.0,0.0,M,M,0.0,0.0,M,M,M,M,0.0,0.0,0.0,M,M,M,M,M,0.0,0.0,0.0,M,M,M,M,0.0
US1MABE0010,"PITTSFIELD 2.0 NNW","BERKSHIRE",1087,42.48,-73.27,0.0,0.0,0.0,0.0,0.0,0.0,M,0.0,0.0,0.0,M,M,M,M,0.0,0.0,0.0,M,M,0.0,M,0.0,0.0,0.0,M,M,M,M,M,0.0
US1MAHS0007,"PLAINFIELD 2.2 SW","HAMPSHIRE",1388,42.49,-72.95,0.0,0.0,M,M,M,M,M,M,0.0,0.0,0.0,0.0,0.0,0.0,0.0,0.0,0.0,0.0,0.0,0.0,0.0,0.0,0.0,0.0,0.0,0.0,0.0,0.0,0.0,0.0
US1MAHS0014,"PLAINFIELD 2.4 ESE","HAMPSHIRE",1355,42.50,-72.88,0.0,0.0,0.0,0.0,0.0,0.0,M,M,M,0.0,M,M,M,M,M,M,M,M,M,M,M,M,0.0,0.0,M,M,M,M,M,0.0
US1MANF0032,"QUINCY 1.8 WSW","NORFOLK",55,42.25,-71.04,0.0,0.0,0.0,0.0,M,0.0,M,M,0.0,0.0,M,M,M,M,M,0.0,0.0,M,M,M,M,M,0.0,0.0,0.0,M,M,M,M,0.0
USC00196783,"READING","MIDDLESEX",110,42.52,-71.12,0.0,0.0,0.0,0.0,0.0,0.0,0.0,0.0,0.0,0.0,0.0,0.0,0.0,0.0,0.0,0.0,0.0,0.0,0.0,0.0,0.0,0.0,0.0,0.0,0.0,0.0,0.0,0.0,0.0,0.0
US1MABR0002,"REHOBOTH 2.1 N","BRISTOL",153,41.86,-71.27,0.0,0.0,0.0,0.0,0.0,M,M,0.0,0.0,0.0,M,M,0.0,0.0,M,M,M,0.0,M,M,M,0.0,0.0,0.0,0.0,M,M,M,0.0,0.0
USC00196938,"ROCHESTER","PLYMOUTH",65,41.78,-70.92,0.0,0.0,0.0,0.0,0.0,0.0,0.0,0.0,0.0,0.0,0.0,0.0,0.0,0.0,0.0,0.0,0.0,0.0,0.0,0.0,0.0,0.0,0.0,0.0,0.0,0.0,0.0,0.0,0.0,0.0
US1MAPL0019,"ROCHESTER 1.2 NNW","PLYMOUTH",60,41.75,-70.83,M,M,M,M,M,M,M,M,M,M,M,M,M,M,M,M,M,M,M,M,M,M,M,M,M,M,M,M,M,0.0
US1MAES0022,"ROCKPORT 1.0 E","ESSEX",77,42.64,-70.60,M,M,M,M,M,M,M,M,M,M,M,M,M,0.0,M,M,0.0,M,M,0.0,M,M,M,M,0.0,M,M,M,M,M
USC00196989,"ROWE 3NE","FRANKLIN",1734,42.74,-72.87,0.0,0.0,0.0,0.0,0.0,0.0,0.0,0.0,0.0,0.0,0.0,0.0,0.0,0.0,0.0,0.0,0.0,0.0,0.0,0.0,0.0,0.0,0.0,0.0,0.0,0.0,0.0,0.0,0.0,0.0
US1MAPL0002,"SAGAMORE BEACH 1.0 NW","PLYMOUTH",60,41.81,-70.56,0.0,0.0,0.0,0.0,0.0,0.0,M,0.0,0.0,0.0,M,0.0,M,0.0,0.0,0.0,0.0,0.0,0.0,0.0,0.0,0.0,0.0,0.0,M,M,0.0,0.0,M,0.0
US1MABA0064,"SANDWICH 1.5 SSE","BARNSTABLE",231,41.74,-70.49,0.0,0.0,0.0,0.0,M,M,0.0,M,0.0,M,M,M,M,M,0.0,0.0,M,M,M,M,0.0,0.0,0.0,M,M,M,M,0.0,M,0.0
US1MAWR0030,"SHREWSBURY 1.6 NNE","WORCESTER",590,42.32,-71.70,0.0,0.0,0.0,0.0,0.0,0.0,M,M,0.0,0.0,M,M,M,M,0.0,0.0,0.0,M,M,M,0.0,M,0.0,0.0,0.0,M,M,M,M,0.0
US1MABR0016,"SOMERSET 0.4 SSE","BRISTOL",57,41.74,-71.16,0.0,0.0,0.0,0.0,0.0,0.0,M,M,0.0,0.0,M,M,M,M,0.0,0.0,0.0,M,M,0.0,M,0.0,0.0,0.0,0.0,M,M,M,M,0.0
US1MAWR0006,"SOUTHBRIDGE 0.6 E","WORCESTER",459,42.08,-72.02,M,M,M,M,M,M,M,0.0,M,M,M,M,M,M,M,M,M,M,M,M,M,M,M,M,M,M,M,M,M,M
USC00197627,"SOUTHBRIDGE 3 SW","WORCESTER",685,42.06,-72.07,0.0,0.0,0.0,0.0,0.0,0.0,0.0,0.0,0.0,0.0,0.0,0.0,0.0,0.0,0.0,0.0,0.0,0.0,0.0,0.0,0.0,0.0,0.0,0.0,0.0,0.0,0.0,0.0,0.0,0.0
US1MAWR0056,"STERLING 4.3 NW","WORCESTER",771,42.48,-71.81,0.0,0.0,0.0,0.0,0.0,0.0,M,0.0,0.0,0.0,M,M,M,0.0,0.0,0.0,0.0,M,M,M,0.0,M,0.0,0.0,M,M,M,M,M,0.0
US1MABE0003,"STOCKBRIDGE .2 NNE","BERKSHIRE",830,42.29,-73.32,0.0,0.0,0.0,0.0,0.0,0.0,M,M,0.0,0.0,M,M,M,M,0.0,0.0,0.0,M,M,0.0,0.0,M,M,0.0,M,M,M,M,M,M
US1MAMD0100,"SUDBURY 1.6 N","MIDDLESEX",165,42.39,-71.40,M,0.0,M,M,0.0,0.0,M,M,M,M,M,M,M,M,M,M,0.0,M,M,M,M,M,M,M,0.0,M,M,M,M,0.0
USC00198278,"SUNDERLAND","FRANKLIN",230,42.44,-72.55,0.0,0.0,0.0,0.0,0.0,0.0,0.0,0.0,0.0,0.0,0.0,0.0,0.0,0.0,0.0,0.0,0.0,0.0,0.0,0.0,0.0,0.0,0.0,0.0,0.0,0.0,0.0,0.0,0.0,0.0
US1MAFR0012,"SUNDERLAND 1.3 SE","FRANKLIN",160,42.45,-72.57,0.0,0.0,0.0,0.0,M,M,M,0.0,0.0,M,M,M,M,0.0,0.0,M,M,M,M,M,M,M,0.0,M,M,M,M,M,M,M
US1MABR0009,"TAUNTON 2.6 NW","BRISTOL",79,41.93,-71.13,0.0,0.0,0.0,0.0,0.0,0.0,M,M,0.0,0.0,M,M,M,M,0.0,0.0,0.0,M,M,M,0.0,M,0.0,0.0,0.0,M,M,0.0,M,0.0
US1MABR0030,"TAUNTON 3.9 N","BRISTOL",88,41.96,-71.08,0.0,0.0,0.0,M,0.0,0.0,0.0,0.0,0.0,0.0,0.0,0.0,0.0,0.0,0.0,0.0,0.0,0.0,0.0,0.0,0.0,0.0,0.0,0.0,0.0,0.0,0.0,0.0,M,M
US1MAMD0036,"TOWNSEND 2.6 S","MIDDLESEX",433,42.63,-71.70,M,M,0.0,0.0,M,0.0,M,0.0,M,0.0,M,M,M,M,0.0,0.0,0.0,M,M,M,M,M,0.0,0.0,M,M,M,M,M,0.0
US1MABA0052,"TRURO 0.8 E","BARNSTABLE",73,42.00,-70.05,0.0,0.0,0.0,0.0,0.0,0.0,M,M,0.0,0.0,0.0,M,M,M,0.0,0.0,0.0,M,M,M,M,M,0.0,0.0,0.0,M,M,0.0,M,0.0
USC00198573,"TULLY LAKE","WORCESTER",680,42.64,-72.22,0.0,0.0,0.0,0.0,0.0,0.0,0.0,0.0,0.0,0.0,0.0,0.0,0.0,0.0,0.0,0.0,0.0,0.0,0.0,0.0,0.0,0.0,0.0,0.0,0.0,0.0,0.0,0.0,0.0,0.0
US1MABE0005,"TYRINGHAM 1.5 WNW","BERKSHIRE",1090,42.25,-73.23,0.0,0.0,0.0,0.0,0.0,0.0,M,M,0.0,0.0,M,M,M,M,0.0,0.0,0.0,M,M,M,M,M,0.0,0.0,M,M,M,M,M,0.0
US1MADK0002,"VINEYARD HAVEN 0.8 WSW","DUKES",72,41.44,-70.63,0.0,0.0,0.0,0.0,0.0,0.0,M,0.0,0.0,0.0,M,M,M,M,M,0.0,0.0,M,M,M,M,0.0,0.0,0.0,0.0,M,M,0.0,M,0.0
US1MADK0008,"VINEYARD HAVEN 2.1 WSW","DUKES",185,41.44,-70.65,M,M,M,M,M,M,M,M,M,M,M,M,M,M,M,M,M,0.0,M,M,M,M,M,M,0.0,M,M,M,M,M
US1MAMD0081,"WAKEFIELD 0.5 NNW","MIDDLESEX",127,42.51,-71.07,0.0,0.0,0.0,0.0,0.0,0.0,0.0,0.0,0.0,0.0,0.0,0.0,0.0,0.0,0.0,0.0,0.0,0.0,0.0,0.0,0.0,0.0,0.0,0.0,0.0,0.0,0.0,0.0,0.0,0.0
USC00198757,"WALPOLE 2","NORFOLK",170,42.16,-71.25,0.0,0.0,0.0,0.0,0.0,0.0,0.0,0.0,0.0,0.0,0.0,0.0,0.0,0.0,0.0,0.0,0.0,0.0,0.0,0.0,0.0,0.0,0.0,0.0,0.0,0.0,0.0,0.0,0.0,0.0
US1MABA0018,"WAQUOIT 0.6 SSW","BARNSTABLE",32,41.58,-70.53,0.0,0.0,0.0,0.0,0.0,0.0,0.0,M,0.0,0.0,M,M,M,M,0.0,0.0,0.0,M,M,M,M,0.0,0.0,0.0,0.0,M,M,0.0,M,0.0
US1MAMD0088,"WAYLAND 2.1 SSE","MIDDLESEX",298,42.34,-71.36,0.0,0.0,0.0,0.0,0.0,0.0,0.0,0.0,0.0,0.0,0.0,0.0,0.0,0.0,0.0,0.0,0.0,0.0,0.0,0.0,0.0,0.0,0.0,0.0,0.0,0.0,0.0,0.0,0.0,0.0
US1MABA0027,"WELLFLEET 0.7 NW","BARNSTABLE",65,41.94,-70.04,0.0,0.0,0.0,0.0,0.0,0.0,M,M,M,0.0,M,M,M,M,0.0,0.0,0.0,M,M,M,M,0.0,0.0,0.0,M,M,M,M,M,M
US1MABA0007,"WELLFLEET 3.0 E","BARNSTABLE",73,41.93,-69.98,0.0,0.0,0.0,0.0,0.0,0.0,M,M,0.0,0.0,M,M,M,M,M,M,M,M,M,M,M,0.0,0.0,0.0,0.0,M,M,0.0,M,M
USC00199227,"WEST HARWICH","BARNSTABLE",15,41.66,-70.12,0.0,0.0,0.0,0.0,0.0,0.0,0.0,0.0,0.0,0.0,0.0,0.0,0.0,0.0,0.0,0.0,0.0,0.0,0.0,0.0,0.0,0.0,0.0,0.0,0.0,0.0,0.0,0.0,0.0,0.0
US1MADK0009,"WEST TISBURY 0.4 S","DUKES",60,41.38,-70.68,M,M,M,M,0.0,0.0,M,M,M,M,M,M,M,M,0.0,0.0,0.0,M,M,M,M,M,M,M,M,M,M,M,M,M
US1MADK0005,"WEST TISBURY 2.9 N","DUKES",187,41.42,-70.69,0.0,0.0,0.0,0.0,0.0,0.0,M,0.0,M,0.0,M,M,0.0,M,0.0,0.0,0.0,M,M,M,M,0.0,0.0,0.0,M,M,M,0.0,M,0.0
US1MAMD0047,"WEST TOWNSEND 0.5 W","MIDDLESEX",313,42.68,-71.75,0.0,0.0,0.0,0.0,0.0,0.0,M,0.0,0.0,0.0,0.0,0.0,0.0,0.0,0.0,0.0,0.0,0.0,0.0,0.0,0.0,0.0,0.0,0.0,0.0,0.0,0.0,0.0,0.0,0.0
USC00199193,"WESTFIELD 3 SW","HAMPDEN",430,42.09,-72.80,0.0,0.0,0.0,0.0,0.0,0.0,0.0,0.0,0.0,0.0,0.0,0.0,0.0,0.0,0.0,0.0,0.0,0.0,0.0,0.0,0.0,0.0,0.0,0.0,0.0,0.0,0.0,0.0,0.0,0.0
US1MAMD0093,"WESTFORD 1.5 SSW","MIDDLESEX",325,42.57,-71.45,0.0,0.0,0.0,0.0,0.0,0.0,0.0,0.0,0.0,0.0,0.0,M,M,0.0,0.0,0.0,0.0,0.0,0.0,0.0,0.0,0.0,0.0,0.0,0.0,0.0,0.0,0.0,0.0,0.0
US1MAMD0091,"WESTFORD 2.8 SSE","MIDDLESEX",287,42.55,-71.41,0.0,0.0,0.0,0.0,0.0,0.0,M,0.0,0.0,0.0,M,M,M,M,0.0,0.0,0.0,M,M,M,0.0,M,0.0,0.0,0.0,M,M,M,M,M
US1MAHS0002,"WESTHAMPTON 1.8 SW","HAMPSHIRE",722,42.28,-72.79,0.0,0.0,0.0,0.0,0.0,0.0,M,0.0,0.0,0.0,M,M,M,M,0.0,0.0,0.0,M,M,M,M,M,0.0,0.0,M,M,M,M,M,0.0
US1MAWR0044,"WESTMINSTER 0.6 WSW","WORCESTER",1064,42.55,-71.91,0.0,0.0,0.0,0.0,0.0,0.0,0.0,0.0,0.0,0.0,0.0,0.0,0.0,0.0,0.0,0.0,0.0,0.0,0.0,0.0,0.0,0.0,0.0,0.0,0.0,0.0,0.0,0.0,0.0,0.0
US1MABR0037,"WESTPORT 0.9 ESE","BRISTOL",139,41.66,-71.08,0.0,0.0,0.0,0.0,0.0,0.0,M,M,0.0,0.0,M,M,M,M,0.0,0.0,0.0,M,M,0.0,M,0.0,0.0,0.0,0.0,M,M,0.0,M,0.0
US1MAHS0008,"WILLIAMSBURG 1.2 WSW","HAMPSHIRE",747,42.39,-72.74,0.0,0.0,0.0,0.0,0.0,0.0,M,M,0.0,0.0,M,M,M,M,0.0,0.0,0.0,M,M,M,M,M,0.0,0.0,M,M,M,M,M,0.0
US1MAMD0045,"WILMINGTON 1.5 NE","MIDDLESEX",84,42.57,-71.14,0.0,0.0,0.0,0.0,0.0,0.0,M,0.0,0.0,0.0,M,M,M,0.0,0.0,0.0,0.0,0.0,0.0,0.0,0.0,M,0.0,0.0,0.0,0.0,0.0,0.0,0.0,0.0
US1MAMD0085,"WILMINGTON 2.2 WNW","MIDDLESEX",119,42.57,-71.21,M,M,M,M,0.0,0.0,M,M,M,0.0,M,M,M,0.0,0.0,0.0,0.0,M,M,M,M,M,M,M,0.0,M,M,M,M,M
US1MAMD0007,"WINCHESTER 0.7 SE","MIDDLESEX",45,42.45,-71.14,0.0,0.0,0.0,0.0,0.0,0.0,0.0,0.0,0.0,0.0,0.0,0.0,M,M,M,M,M,M,M,M,M,M,M,M,0.0,0.0,0.0,0.0,0.0,0.0
USC00199891,"WOODS HOLE GOLF CLUB","BARNSTABLE",80,41.53,-70.66,M,0.0,0.0,0.0,0.0,0.0,0.0,M,0.0,0.0,0.0,0.0,0.0,0.0,M,0.0,M,0.0,0.0,0.0,0.0,M,0.0,0.0,0.0,0.0,0.0,0.0,M,0.0
USW00094746,"WORCESTER","WORCESTER",1000,42.27,-71.87,0.0,0.0,0.0,0.0,0.0,0.0,0.0,0.0,0.0,0.0,0.0,0.0,0.0,0.0,0.0,0.0,0.0,0.0,0.0,0.0,0.0,0.0,0.0,0.0,M,0.0,0.0,0.0,0.0,0.0
USC00199972,"WORTHINGTON","HAMPSHIRE",1285,42.39,-72.92,0.0,0.0,0.0,0.0,0.0,0.0,0.0,0.0,0.0,0.0,0.0,0.0,0.0,0.0,0.0,0.0,0.0,0.0,0.0,0.0,0.0,0.0,0.0,0.0,0.0,0.0,0.0,0.0,0.0,0.0
US1MABA0022,"YARMOUTH 0.9 NNW","BARNSTABLE",10,41.72,-70.24,0.0,M,0.0,0.0,0.0,0.0,M,0.0,M,0.0,M,M,M,M,M,M,M,M,M,M,M,0.0,0.0,0.0,M,M,M,M,M,M
US1MABA0001,"YARMOUTH 2.3 SSE","BARNSTABLE",41,41.68,-70.20,0.0,0.0,0.0,0.0,0.0,0.0,M,M,0.0,0.0,M,M,M,0.0,0.0,0.0,0.0,M,M,M,M,0.0,0.0,0.0,0.0,M,M,0.0,M,0.0
