Michigan Snowfall, May 2016
"GHCN ID","Station Name",County,Elevation,Latitude,Longitude,"May 1","May 2","May 3","May 4","May 5","May 6","May 7","May 8","May 9","May 10","May 11","May 12","May 13","May 14","May 15","May 16","May 17","May 18","May 19","May 20","May 21","May 22","May 23","May 24","May 25","May 26","May 27","May 28","May 29","May 30","May 31"
US1MIKN0053,"ADA 1.8 W","KENT",791,42.95,-85.53,0.0,0.0,0.0,0.0,0.0,0.0,0.0,0.0,0.0,0.0,0.0,0.0,0.0,0.0,0.0,T,0.0,0.0,0.0,0.0,0.0,0.0,0.0,0.0,0.0,0.0,0.0,0.0,0.0,0.0,0.0
USC00200032,"ADRIAN 2 NNE","LENAWEE",760,41.92,-84.02,M,M,M,M,M,0.0,0.0,0.0,M,0.0,0.0,0.0,0.0,0.0,0.0,M,0.0,M,0.0,0.0,0.0,0.0,0.0,0.0,0.0,0.0,0.0,0.0,0.0,0.0,0.0
US1MILN0007,"ADRIAN 5.2 NE","LENAWEE",801,41.96,-83.98,M,M,M,M,M,M,0.0,M,0.0,M,M,M,M,M,T,T,M,M,M,0.0,M,0.0,0.0,0.0,0.0,0.0,0.0,M,M,0.0,0.0
USC00200089,"ALBERTA FORD FOR CEN","BARAGA",1310,46.64,-88.48,M,0.0,0.0,0.0,0.0,0.0,0.0,0.0,0.0,0.0,0.0,0.0,0.0,2.2,T,0.0,0.0,0.0,0.0,0.0,M,M,0.0,0.0,0.0,0.0,0.0,0.0,0.0,0.0,0.0
USC00200094,"ALBION","CALHOUN",940,42.25,-84.77,0.0,0.0,0.0,0.0,0.0,0.0,0.0,0.0,0.0,0.0,0.0,0.0,0.0,0.0,0.0,0.0,0.0,0.0,0.0,0.0,0.0,0.0,0.0,0.0,0.0,0.0,0.0,0.0,0.0,0.0,0.0
US1MIAR0002,"ALGER 2.4 ENE","ARENAC",782,44.13,-84.07,M,M,0.0,0.0,M,M,M,M,M,M,0.0,0.0,M,M,0.0,0.0,0.0,0.0,0.0,0.0,0.0,0.0,0.0,0.0,0.0,M,M,0.0,0.0,0.0,0.0
USC00200106,"ALGONAC WWTP","ST. CLAIR",580,42.62,-82.54,M,M,0.0,0.0,0.0,0.0,0.0,M,0.0,0.0,M,0.0,0.0,0.0,M,M,0.0,M,0.0,M,M,0.0,M,0.0,0.0,0.0,M,0.0,0.0,0.0,0.0
US1MIOW0030,"ALLENDALE 1.3 SSW","OTTAWA",654,42.97,-85.96,M,M,0.0,M,M,0.0,0.0,0.0,0.0,M,M,M,M,M,0.0,M,M,0.0,M,M,0.0,0.0,0.0,0.0,0.0,M,0.0,M,0.0,0.0,0.0
US1MIOW0038,"ALLENDALE 2.1 SE","OTTAWA",660,42.97,-85.92,M,M,0.0,M,M,M,M,M,0.0,M,M,M,M,M,M,M,M,M,M,0.0,M,M,M,M,0.0,M,M,M,M,M,M
USC00200146,"ALMA","GRATIOT",729,43.39,-84.65,0.0,0.0,0.0,0.0,0.0,0.0,0.0,0.0,0.0,0.0,0.0,0.0,0.0,0.0,0.0,0.0,0.0,0.0,0.0,0.0,0.0,0.0,0.0,0.0,0.0,0.0,0.0,0.0,0.0,0.0,0.0
US1MIGR0003,"ALMA 0.3 NW","GRATIOT",738,43.38,-84.66,M,M,M,M,M,M,M,0.0,0.0,M,M,M,M,M,M,0.5,M,0.0,0.0,0.0,0.0,0.0,0.0,0.0,0.0,M,0.0,M,M,0.0,0.0
US1MIAP0001,"ALPENA 1.6 SSW","ALPENA",587,45.05,-83.45,0.0,0.0,M,0.0,0.0,0.0,0.0,M,0.0,0.0,0.0,0.0,0.0,0.0,0.0,0.0,0.0,0.0,M,0.0,0.0,0.0,0.0,0.0,0.0,0.0,0.0,0.0,0.0,0.0,0.0
USC00200166,"ALPENA 10NW","ALPENA",740,45.16,-83.59,M,M,M,M,M,M,M,M,M,M,M,M,M,M,0.0,0.0,M,M,M,M,M,M,M,M,M,M,M,M,M,M,M
USW00094849,"ALPENA COUNTY REGIONAL AP","ALPENA",684,45.07,-83.56,0.0,0.0,0.0,0.0,0.0,0.0,0.0,0.0,0.0,0.0,0.0,0.0,0.0,T,T,0.0,0.0,0.0,0.0,0.0,0.0,0.0,0.0,0.0,0.0,0.0,0.0,0.0,0.0,0.0,0.0
USW00014814,"ALPENA WASTEWATER PLANT","ALPENA",590,45.06,-83.43,0.0,0.0,0.0,0.0,0.0,0.0,0.0,0.0,0.0,0.0,0.0,0.0,0.0,0.0,T,T,0.0,0.0,0.0,0.0,0.0,0.0,0.0,0.0,0.0,0.0,0.0,0.0,0.0,0.0,0.0
USC00200197,"AMASA 1W","IRON",1470,46.24,-88.45,0.0,0.0,0.0,0.0,0.0,0.0,0.0,0.0,0.0,0.0,0.0,0.0,0.0,0.0,0.0,0.0,0.0,0.0,0.0,0.0,0.0,0.0,0.0,0.0,0.0,0.0,0.0,0.0,0.0,0.0,0.0
US1MIWS0011,"ANN ARBOR 2.1 WNW","WASHTENAW",904,42.28,-83.77,M,M,M,M,M,0.0,0.0,M,0.0,M,M,0.0,M,M,M,T,M,0.0,0.0,0.0,0.0,0.0,0.0,0.0,0.0,M,0.0,M,M,M,M
US1MIWS0024,"ANN ARBOR 2.6 NNE","WASHTENAW",910,42.31,-83.71,M,M,M,M,M,M,0.0,0.0,0.0,M,M,M,M,M,M,M,0.0,0.0,0.0,0.0,0.0,0.0,0.0,0.0,0.0,0.0,0.0,0.0,0.0,0.0,0.0
US1MIWS0005,"ANN ARBOR 3.0 SE","WASHTENAW",820,42.24,-83.69,M,M,M,M,M,0.0,0.0,M,0.0,M,M,M,M,M,M,0.0,M,M,M,M,M,M,M,M,M,M,M,M,M,M,0.0
US1MIWS0007,"ANN ARBOR 3.1 SE","WASHTENAW",825,42.24,-83.70,0.0,0.0,0.0,0.0,0.0,0.0,0.0,0.0,0.0,0.0,0.0,0.0,0.0,0.0,0.0,0.0,0.0,0.0,0.0,0.0,0.0,0.0,0.0,0.0,0.0,0.0,0.0,0.0,0.0,0.0,0.0
USC00200228,"ANN ARBOR SE","WASHTENAW",832,42.24,-83.69,0.0,0.0,0.0,0.0,0.0,0.0,0.0,0.0,0.0,0.0,0.0,0.0,0.0,0.0,0.1,T,0.0,0.0,0.0,0.0,0.0,0.0,0.0,0.0,0.0,0.0,0.0,0.0,0.0,0.0,0.0
USC00200230,"ANN ARBOR U OF MICH","WASHTENAW",900,42.29,-83.71,0.0,0.0,0.0,0.0,0.0,0.0,0.0,0.0,0.0,0.0,0.0,0.0,0.0,0.0,0.1,0.0,0.0,0.0,0.0,0.0,0.0,0.0,0.0,0.0,0.0,0.0,0.0,0.0,0.0,0.0,0.0
USC00200234,"ARNOLD 2N","MARQUETTE",1110,46.08,-87.49,M,0.0,0.0,M,M,0.0,0.0,0.0,0.0,0.0,0.0,0.0,0.0,M,M,M,0.0,0.0,0.0,0.0,0.0,M,0.0,0.0,0.0,M,0.0,0.0,0.0,0.0,0.0
USC00200342,"ATLANTA 1SW","MONTMORENCY",895,44.99,-84.16,0.0,0.0,0.0,0.0,0.0,0.0,0.0,0.0,0.0,0.0,0.0,0.0,0.0,0.0,T,T,0.0,0.0,0.0,0.0,0.0,0.0,0.0,0.0,0.0,0.0,0.0,0.0,0.0,0.0,0.0
USC00200361,"AUBURN 2NE","BAY",605,43.63,-84.02,0.0,0.0,0.0,0.0,0.0,0.0,0.0,0.0,0.0,0.0,0.0,0.0,0.0,0.0,T,T,0.0,0.0,0.0,0.0,M,M,0.0,0.0,0.0,M,0.0,0.0,0.0,0.0,0.0
USC00200417,"BAD AXE","HURON",715,43.81,-82.99,0.0,M,0.0,0.0,0.0,0.0,0.0,0.0,0.0,0.0,0.0,0.0,0.0,0.0,0.0,0.0,0.0,0.0,0.0,0.0,0.0,0.0,0.0,0.0,0.0,0.0,0.0,0.0,0.0,0.0,0.0
USC00200495,"BARAGA 5W","BARAGA",776,46.80,-88.60,0.0,0.0,0.0,0.0,0.0,0.0,0.0,0.0,0.0,0.0,0.0,0.0,0.0,0.0,0.0,0.0,0.0,0.0,0.0,0.0,0.0,0.0,0.0,0.0,0.0,0.0,0.0,0.0,0.0,0.0,0.0
USC00200497,"BARAGA 7NW","BARAGA",652,46.82,-88.61,M,M,M,M,M,M,M,M,M,M,M,M,M,M,M,M,M,M,M,M,M,M,M,M,0.0,0.0,0.0,0.0,0.0,0.0,0.0
US1MICN0013,"BATTLE CREEK 0.5 N","CALHOUN",933,42.31,-85.23,M,M,M,M,M,0.0,0.0,0.0,0.0,M,M,0.0,M,M,0.0,0.0,M,0.0,0.0,0.0,0.0,0.0,0.0,0.0,0.0,M,0.0,0.0,0.0,0.0,0.0
USC00200552,"BATTLE CREEK 5NW","CALHOUN",930,42.37,-85.27,0.0,0.0,0.0,0.0,0.0,0.0,0.0,0.0,0.0,0.0,0.0,0.0,0.0,0.0,T,0.0,0.0,0.0,0.0,0.0,0.0,0.0,0.0,0.0,0.0,0.0,0.0,0.0,0.0,0.0,0.0
US1MIBY0001,"BAY CITY 4.8 N","BAY",585,43.66,-83.89,M,M,0.0,M,M,0.0,M,M,M,0.0,M,M,M,M,M,M,0.0,0.0,0.0,0.0,M,M,0.0,0.0,M,M,M,M,M,M,M
US1MIBY0002,"BAY CITY 5.3 N","BAY",585,43.67,-83.91,M,0.0,0.0,0.0,0.0,0.0,0.0,M,0.0,0.0,0.0,0.0,0.0,M,0.0,0.0,0.0,0.0,0.0,0.0,0.0,0.0,0.0,0.0,0.0,0.0,0.0,0.0,0.0,0.0,0.0
US1MIWY0047,"BELLEVILLE 2.8 ESE","WAYNE",661,42.18,-83.44,M,M,M,M,M,0.0,0.0,0.0,0.0,M,M,M,M,M,M,T,M,M,0.0,0.0,0.0,0.0,0.0,0.0,0.0,M,0.0,0.0,M,M,M
US1MIKN0065,"BELMONT 1.0 WNW","KENT",785,43.08,-85.63,M,M,0.0,M,M,M,0.0,0.0,0.0,M,M,M,M,M,M,M,M,0.0,0.0,0.0,0.0,0.0,0.0,0.0,0.0,M,0.0,M,M,0.0,0.0
USC00200710,"BENTON HARBOR AIRPORT","BERRIEN",625,42.12,-86.43,0.0,0.0,0.0,0.0,0.0,0.0,0.0,0.0,0.0,0.0,0.0,0.0,0.0,0.0,0.0,0.0,0.0,0.0,0.0,0.0,0.0,0.0,0.0,0.0,0.0,0.0,0.0,0.0,0.0,0.0,0.0
US1MIBZ0001,"BENZONIA 5.3 S","BENZIE",805,44.54,-86.11,M,M,0.0,M,M,0.0,0.0,0.0,0.0,0.0,0.0,0.0,M,M,0.6,0.0,0.0,0.0,0.0,0.0,0.0,0.0,0.0,0.0,0.0,M,0.0,M,M,M,0.0
USC00200718,"BERGLAND DAM","ONTONAGON",1300,46.59,-89.55,0.0,0.0,0.0,0.0,0.0,0.0,0.0,0.0,0.0,0.0,0.0,0.0,0.0,0.6,0.0,0.0,0.0,0.0,0.0,0.0,0.0,0.0,0.0,0.0,0.0,0.0,0.0,0.0,0.0,0.0,0.0
USC00200758,"BEULAH 7SSW","BENZIE",773,44.53,-86.13,0.0,0.0,0.0,0.0,0.0,0.0,0.0,0.0,0.0,0.0,0.0,0.0,0.0,0.0,0.2,0.0,0.0,0.0,0.0,0.0,0.0,0.0,0.0,0.0,0.0,0.0,0.0,0.0,0.0,0.0,0.0
USC00200770,"BIG BAY 1NW","MARQUETTE",765,46.83,-87.75,0.0,0.0,0.0,0.0,0.0,0.0,0.0,0.0,0.0,0.0,0.0,0.0,0.0,0.4,0.3,0.0,0.0,0.0,0.0,0.0,0.0,0.0,0.0,0.0,0.0,0.0,0.0,0.0,0.0,0.0,0.0
USC00200771,"BIG BAY 9SW","MARQUETTE",1460,46.75,-87.88,M,0.0,0.0,M,0.0,0.0,0.0,0.0,M,M,0.0,0.0,0.0,M,M,0.0,0.0,0.0,0.0,0.0,0.0,0.0,M,0.0,0.0,0.0,M,0.0,0.0,0.0,0.0
USC00200779,"BIG RAPIDS WATERWORKS","MECOSTA",930,43.71,-85.48,0.0,0.0,0.0,0.0,0.0,0.0,0.0,0.0,0.0,0.0,0.0,0.0,0.0,0.0,M,M,0.0,0.0,0.0,0.0,0.0,0.0,0.0,0.0,0.0,0.0,0.0,0.0,0.0,0.0,0.0
USC00200842,"BLISSFIELD 1NNE","LENAWEE",690,41.84,-83.86,M,M,M,0.0,M,M,0.0,0.0,0.0,M,M,M,M,M,M,0.0,0.0,M,0.0,M,0.0,0.0,0.0,0.0,0.0,0.0,M,0.0,0.0,0.0,0.0
USC00200864,"BLOOMINGDALE","VAN BUREN",725,42.38,-85.96,0.0,0.0,0.0,0.0,0.0,0.0,0.0,0.0,0.0,0.0,0.0,0.0,0.0,0.0,T,T,0.0,0.0,0.0,0.0,0.0,0.0,0.0,0.0,0.0,0.0,0.0,0.0,0.0,0.0,0.0
USC00200925,"BOYNE FALLS","CHARLEVOIX",728,45.17,-84.91,0.0,0.0,0.0,0.0,0.0,0.0,0.0,0.0,0.0,0.0,0.0,0.0,0.0,0.0,T,0.0,0.0,0.0,0.0,0.0,0.0,0.0,0.0,0.0,0.0,0.0,0.0,0.0,0.0,0.0,0.0
US1MIGR0001,"BRECKENRIDGE 0.2 ESE","GRATIOT",732,43.41,-84.47,0.0,0.0,0.0,0.0,0.0,0.0,0.0,0.0,0.0,0.0,0.0,0.0,0.0,0.0,T,T,0.0,0.0,0.0,0.0,0.0,0.0,0.0,0.0,0.0,0.0,0.0,0.0,0.0,0.0,0.0
US1MILV0014,"BRIGHTON 2.5 E","LIVINGSTON",935,42.53,-83.74,M,M,M,M,M,0.0,M,M,0.0,0.0,M,M,M,M,M,0.0,M,0.0,0.0,0.0,0.0,0.0,0.0,0.0,0.0,M,0.0,M,0.0,M,0.0
US1MIBN0003,"BUCHANAN 1.4 ESE","BERRIEN",759,41.82,-86.34,M,M,0.0,M,M,0.0,0.0,0.0,0.0,M,M,M,M,M,M,0.0,M,M,0.0,0.0,0.0,0.0,0.0,0.0,0.0,M,0.0,M,0.0,0.0,0.0
USC00201150,"BURTON 4N","GENESEE",757,43.07,-83.59,0.0,0.0,0.0,0.0,0.0,0.0,0.0,0.0,0.0,0.0,0.0,0.0,0.0,0.0,0.0,T,0.0,0.0,0.0,0.0,0.0,0.0,0.0,0.0,0.0,0.0,0.0,0.0,0.0,0.0,0.0
USC00201178,"CADILLAC 2SW","WEXFORD",1310,44.23,-85.42,0.0,0.0,0.0,0.0,0.0,0.0,0.0,0.0,0.0,0.0,0.0,0.0,0.0,M,1.0,T,0.0,0.0,0.0,0.0,0.0,0.0,0.0,0.0,0.0,0.0,0.0,0.0,0.0,0.0,0.0
US1MIKN0043,"CALEDONIA 4.4 WNW","KENT",762,42.83,-85.59,M,M,0.0,0.0,M,0.0,0.0,0.0,0.0,M,M,M,M,M,T,T,M,0.0,0.0,0.0,0.0,0.0,0.0,0.0,0.0,M,M,M,M,0.0,M
US1MIHG0006,"CALUMET 5.8 ENE","HOUGHTON",890,47.27,-88.33,0.0,0.0,0.0,M,0.0,0.0,M,0.0,0.0,0.0,0.0,M,M,M,M,M,0.0,0.0,0.0,0.0,0.0,0.0,0.0,M,M,M,M,M,M,M,0.0
US1MIWY0068,"CANTON 0.7 NE","WAYNE",682,42.32,-83.47,M,M,M,M,M,0.0,0.0,M,0.0,M,M,M,M,M,M,M,M,0.0,0.0,0.0,M,0.0,0.0,0.0,0.0,M,0.0,M,M,0.0,0.0
US1MIMR0009,"CARLETON 2.5 S","MONROE",615,42.02,-83.39,M,M,M,M,M,0.0,M,0.0,0.0,M,M,M,M,M,M,0.0,M,M,0.0,0.0,0.0,M,0.0,0.0,0.0,M,0.0,0.0,M,M,0.0
USC00201250,"CARLETON 2W","MONROE",627,42.06,-83.44,0.0,0.0,0.0,0.0,0.0,0.0,0.0,0.0,0.0,0.0,0.0,0.0,0.0,0.0,0.0,0.0,0.0,0.0,0.0,0.0,0.0,0.0,0.0,0.0,0.0,0.0,0.0,0.0,0.0,0.0,0.0
US1MIKN0078,"CEDAR SPRINGS 2.8 SSW","KENT",833,43.18,-85.57,M,M,0.0,M,M,0.0,M,0.0,0.0,M,M,M,M,M,M,M,0.0,0.0,0.0,0.0,M,0.0,M,0.0,0.0,M,0.0,M,0.0,0.0,0.0
US1MIMC0003,"CEDARVILLE 3.2 ESE","MACKINAC",622,45.99,-84.30,M,M,M,M,M,M,M,M,M,0.0,0.0,0.0,M,M,M,M,0.0,0.0,0.0,0.0,0.0,M,0.0,0.0,M,M,M,M,M,M,0.0
USC00201468,"CHARLEVOIX","CHARLEVOIX",593,45.32,-85.27,0.0,0.0,0.0,0.0,0.0,0.0,0.0,0.0,0.0,0.0,0.0,0.0,0.0,0.0,T,0.0,0.0,0.0,0.0,0.0,0.0,0.0,0.0,0.0,0.0,0.0,0.0,0.0,0.0,0.0,0.0
US1MICX0004,"CHARLEVOIX 4.3 SSE","CHARLEVOIX",772,45.26,-85.22,0.0,M,0.0,M,M,M,M,M,M,M,0.0,0.0,M,M,T,T,M,0.0,0.0,0.0,0.0,0.0,0.0,0.0,M,M,M,M,M,0.0,0.0
USC00201486,"CHATHAM EXPERIMENT FARM 2","ALGER",870,46.34,-86.92,0.0,0.0,0.0,0.0,0.0,0.0,0.0,0.0,0.0,0.0,0.0,0.0,0.0,0.0,1.1,0.0,0.0,0.0,0.0,0.0,0.0,0.0,0.0,0.0,0.0,0.0,0.0,0.0,0.0,0.0,0.0
USC00201492,"CHEBOYGAN","CHEBOYGAN",588,45.65,-84.47,0.0,0.0,0.0,0.0,0.0,0.0,0.0,0.0,0.0,0.0,0.0,0.0,0.0,0.0,0.0,0.0,0.0,0.0,0.0,0.0,0.0,0.0,0.0,0.0,0.0,0.0,0.0,0.0,0.0,0.0,0.0
USC00201502,"CHELSEA","WASHTENAW",900,42.33,-84.01,0.0,0.0,0.0,0.0,0.0,0.0,0.0,0.0,0.0,0.0,0.0,0.0,0.0,0.0,0.0,T,0.0,0.0,0.0,0.0,0.0,0.0,0.0,0.0,0.0,0.0,0.0,0.0,0.0,0.0,0.0
US1MIWS0038,"CHELSEA 2.4 WNW","WASHTENAW",977,42.33,-84.06,M,M,M,0.0,M,0.0,0.0,0.0,0.0,M,M,0.0,M,M,M,M,M,0.0,0.0,M,M,M,M,0.0,0.0,M,M,0.0,0.0,M,0.0
USC00201435,"CLARKSBURG","MARQUETTE",1520,46.50,-87.85,0.0,0.0,0.0,T,T,0.0,0.0,0.0,0.0,0.0,0.0,0.0,0.0,0.1,T,T,0.0,0.0,0.0,0.0,0.0,0.0,0.0,0.0,0.0,0.0,0.0,0.0,0.0,0.0,0.0
US1MIMB0016,"CLINTON 2.3 N","MACOMB",595,42.62,-82.92,M,M,M,M,M,0.0,M,M,M,0.0,M,M,M,M,M,M,M,M,M,M,M,M,M,M,M,M,M,M,M,M,M
US1MIGN0024,"CLIO 0.4 SW","GENESEE",733,43.17,-83.74,M,M,0.0,M,M,0.0,M,M,0.0,0.0,M,M,M,M,M,M,M,0.0,0.0,0.0,0.0,0.0,0.0,0.0,0.0,M,0.0,M,M,M,0.0
USC00201675,"COLDWATER ST SCHOOL","BRANCH",984,41.96,-84.99,0.0,0.0,0.0,0.0,0.0,0.0,0.0,0.0,0.0,0.0,0.0,0.0,0.0,0.0,0.0,0.0,0.0,0.0,0.0,0.0,0.0,0.0,0.0,0.0,0.0,0.0,0.0,0.0,0.0,0.0,0.0
US1MIKN0060,"COMSTOCK PARK 3.7 NNE","KENT",784,43.09,-85.64,M,M,0.0,0.0,M,0.0,0.0,0.0,M,M,M,M,M,M,M,M,M,M,M,M,0.0,0.0,M,M,M,M,M,M,M,M,M
US1MISJ0004,"CONSTANTINE 1.9 E","ST. JOSEPH",806,41.84,-85.63,M,M,M,M,M,M,0.0,M,M,M,M,M,M,M,M,M,M,0.0,M,0.0,M,M,M,M,0.0,M,0.0,M,M,M,M
USC00201768,"COOKS 2NE","SCHOOLCRAFT",740,45.92,-86.44,M,M,M,M,M,M,M,M,M,M,M,M,M,0.0,0.7,T,M,M,M,M,M,M,M,M,M,M,M,M,M,M,M
USC00201780,"COPPER HARBOR FORT WILKINS","KEWEENAW",625,47.47,-87.87,0.0,0.0,0.0,0.0,0.0,0.0,0.0,0.0,0.0,0.0,M,0.0,0.0,0.0,0.0,0.0,0.0,0.0,0.0,M,M,M,M,0.0,0.0,0.0,0.0,0.0,0.0,0.0,0.0
USC00201818,"CORUNNA 2 NE","SHIAWASSEE",762,43.00,-84.07,0.0,0.0,0.0,0.0,0.0,M,M,0.0,M,0.0,0.0,M,0.0,0.0,T,M,0.0,M,M,M,M,M,M,M,M,0.0,M,M,0.0,M,M
USC00201896,"CROSS VILLAGE 1E","EMMET",721,45.64,-85.01,0.0,0.0,0.0,0.0,0.0,0.0,0.0,0.0,0.0,0.0,0.0,0.0,0.0,M,M,0.0,0.0,0.0,0.0,0.0,0.0,0.0,0.0,0.0,0.0,0.0,0.0,0.0,0.0,0.0,0.0
US1MIMM0005,"DAGGETT 4.8 N","MENOMINEE",791,45.53,-87.62,0.0,0.0,M,M,M,0.0,0.0,0.0,0.0,0.0,M,M,0.0,M,M,0.0,0.0,0.0,0.0,0.0,0.0,0.0,0.0,0.0,M,M,M,M,M,M,0.0
USC00201940,"DAGGETT 4W","MENOMINEE",770,45.47,-87.68,0.0,0.0,0.0,0.0,0.0,0.0,0.0,0.0,0.0,0.0,0.0,0.0,0.0,0.0,0.0,0.0,0.0,0.0,0.0,0.0,0.0,0.0,0.0,0.0,0.0,0.0,0.0,0.0,0.0,0.0,0.0
US1MIIH0027,"DANSVILLE 1.6 S","INGHAM",966,42.53,-84.31,M,M,M,M,M,M,M,M,M,M,M,M,M,M,M,M,M,M,M,M,M,M,M,M,M,0.0,M,M,M,M,M
US1MIOK0061,"DAVISBURG 0.8 NNE","OAKLAND",1031,42.76,-83.54,M,M,M,M,M,0.0,0.0,M,0.0,0.0,M,0.0,M,M,M,M,0.0,0.0,0.0,0.0,0.0,0.0,0.0,0.0,0.0,M,0.0,0.0,0.0,M,0.0
US1MIOK0066,"DAVISBURG 1.3 ESE","OAKLAND",1032,42.74,-83.52,M,M,M,M,M,0.0,0.0,M,0.0,M,M,0.0,M,M,M,M,0.0,0.0,0.0,0.0,0.0,0.0,0.0,0.0,0.0,M,0.0,0.0,0.0,M,0.0
US1MIGN0014,"DAVISON 3.3 SW","GENESEE",783,43.00,-83.57,M,M,M,M,M,0.0,0.0,M,0.0,M,M,M,M,M,M,M,M,0.0,M,M,M,M,M,M,M,M,M,M,M,M,M
US1MICT0003,"DE WITT 1.2 W","CLINTON",801,42.83,-84.60,M,M,M,M,M,0.0,0.0,0.0,0.0,0.0,M,M,M,M,M,M,M,0.0,0.0,0.0,0.0,M,0.0,0.0,0.0,M,0.0,M,M,M,M
USC00202015,"DEARBORN","WAYNE",605,42.32,-83.24,M,M,M,M,0.0,M,M,M,M,M,M,M,M,M,M,M,M,M,M,M,M,M,M,M,M,M,M,M,M,M,M
US1MIWY0043,"DEARBORN HEIGHTS 1.8 NW","WAYNE",609,42.34,-83.30,M,M,M,0.0,M,0.0,0.0,M,0.0,0.0,M,0.0,M,M,M,T,M,0.0,0.0,0.0,0.0,0.0,0.0,0.0,0.0,0.0,0.0,0.0,M,M,0.0
USC00202016,"DEARBORN NO. 2","WAYNE",605,42.35,-83.17,0.0,0.0,0.0,0.0,0.0,0.0,0.0,0.0,0.0,0.0,0.0,0.0,0.0,0.0,T,0.0,0.0,M,0.0,0.0,0.0,0.0,0.0,0.0,0.0,0.0,0.0,0.0,0.0,0.0,0.0
USC00202094,"DETOUR VILLAGE","CHIPPEWA",595,46.00,-83.90,0.0,0.0,0.0,0.0,0.0,0.0,0.0,0.0,0.0,0.0,0.0,0.0,0.0,0.0,0.0,0.0,0.0,0.0,0.0,0.0,0.0,0.0,0.0,0.0,0.0,0.0,0.0,0.0,0.0,0.0,0.0
US1MIWY0038,"DETROIT 4.4 S","WAYNE",591,42.32,-83.09,M,M,M,M,M,M,M,M,0.0,M,M,M,M,M,M,M,M,0.0,0.0,0.0,0.0,0.0,M,0.0,0.0,M,0.0,0.0,M,M,0.0
USW00094847,"DETROIT METROPOLITAN AP","WAYNE",631,42.23,-83.33,0.0,0.0,0.0,0.0,0.0,0.0,0.0,0.0,0.0,0.0,0.0,0.0,0.0,T,T,0.0,0.0,0.0,0.0,0.0,0.0,0.0,0.0,0.0,0.0,0.0,0.0,0.0,0.0,0.0,0.0
US1MICT0011,"DEWITT 1.0 NNW","CLINTON",848,42.85,-84.58,M,M,M,M,M,M,0.0,M,M,M,M,M,M,M,M,0.0,0.0,M,M,M,M,M,M,M,M,M,M,M,M,M,M
US1MIWS0028,"DEXTER 0.3 ENE","WASHTENAW",899,42.33,-83.88,0.0,0.0,M,0.0,M,0.0,0.0,0.0,0.0,M,0.0,M,0.0,0.0,0.0,T,0.0,M,0.0,0.0,0.0,M,M,M,M,0.0,M,0.0,0.0,M,0.0
US1MIWS0039,"DEXTER 0.9 NW","WASHTENAW",859,42.34,-83.89,M,M,M,M,M,0.0,0.0,0.0,0.0,M,M,0.0,M,M,M,0.0,M,0.0,0.0,0.0,0.0,0.0,0.0,0.0,0.0,M,0.0,M,M,M,0.0
US1MIWS0031,"DEXTER 2.2 SE","WASHTENAW",937,42.30,-83.86,M,M,M,M,M,M,0.0,M,0.0,M,M,M,M,M,M,M,M,0.0,M,M,0.0,M,M,M,M,M,0.0,0.0,M,M,M
USC00202170,"DOLLAR BAY","HOUGHTON",602,47.12,-88.51,M,0.0,M,0.0,M,0.0,M,0.0,M,M,M,0.0,0.0,T,T,M,0.0,M,0.0,0.0,0.0,0.0,0.0,0.0,M,0.0,M,M,M,0.0,0.0
USC00202250,"DOWAGIAC 1 W","CASS",740,41.99,-86.13,0.0,0.0,0.0,0.0,0.0,0.0,0.0,0.0,0.0,0.0,0.0,0.0,0.0,0.0,0.0,0.0,0.0,0.0,0.0,0.0,0.0,0.0,0.0,0.0,0.0,0.0,0.0,0.0,0.0,0.0,0.0
US1MICS0002,"DOWAGIAC 5.3 NNW","CASS",795,42.06,-86.14,M,M,M,M,M,M,M,M,0.0,M,M,M,M,M,M,M,M,M,M,M,M,M,0.0,M,M,M,0.0,M,M,M,M
US1MICP0007,"DRUMMOND 2.9 NE","CHIPPEWA",578,46.05,-83.69,M,M,M,M,M,M,M,M,M,M,M,M,M,M,M,M,0.0,0.0,0.0,M,M,M,M,M,M,M,M,M,M,M,0.0
USC00202308,"DUNDEE","MONROE",660,41.96,-83.65,M,M,M,M,M,M,M,M,M,M,M,M,M,M,0.0,0.0,M,M,M,M,M,M,M,M,M,M,M,M,M,M,M
US1MISW0005,"DURAND 6.2 WNW","SHIAWASSEE",820,42.93,-84.10,0.0,0.0,0.0,0.0,M,M,0.0,M,M,0.0,0.0,0.0,0.0,0.0,0.1,T,0.0,0.0,0.0,M,M,0.0,0.0,M,0.0,M,0.0,0.0,M,0.0,0.0
USC00202328,"DURAND WWTP","SHIAWASSEE",770,42.93,-83.99,0.0,0.0,0.0,0.0,0.0,0.0,0.0,0.0,0.0,0.0,0.0,0.0,0.0,0.0,0.0,0.0,0.0,0.0,0.0,0.0,0.0,0.0,0.0,0.0,0.0,0.0,0.0,0.0,0.0,M,0.0
USC00202375,"EAST GRAND RAPIDS","KENT",746,42.94,-85.61,0.0,0.0,0.0,0.0,0.0,0.0,0.0,0.0,0.0,0.0,0.0,0.0,0.0,0.0,T,T,0.0,0.0,0.0,0.0,0.0,0.0,0.0,0.0,0.0,0.0,0.0,0.0,0.0,0.0,0.0
USC00202376,"EAST HOUGHTON LAKE","ROSCOMMON",1147,44.37,-84.69,M,M,M,M,M,M,M,M,M,M,M,M,M,M,0.0,0.0,M,M,M,M,M,M,M,M,M,M,M,M,M,M,M
USC00202381,"EAST JORDAN","CHARLEVOIX",585,45.15,-85.13,0.0,0.0,0.0,0.0,0.0,0.0,0.0,0.0,0.0,0.0,0.0,0.0,0.0,0.0,0.0,0.0,0.0,0.0,0.0,0.0,0.0,0.0,0.0,0.0,0.0,0.0,0.0,0.0,0.0,0.0,0.0
USC00202382,"EAST JORDAN 2NW","CHARLEVOIX",646,45.19,-85.15,0.0,0.0,0.0,0.0,0.0,0.0,0.0,0.0,0.0,0.0,0.0,0.0,0.0,0.0,T,T,0.0,0.0,0.0,0.0,0.0,0.0,0.0,0.0,0.0,0.0,0.0,0.0,0.0,0.0,0.0
USC00202423,"EAST TAWAS","IOSCO",586,44.28,-83.50,0.0,0.0,0.0,0.0,0.0,0.0,0.0,0.0,0.0,0.0,0.0,0.0,0.0,0.0,0.0,T,0.0,0.0,0.0,0.0,0.0,0.0,0.0,0.0,0.0,0.0,0.0,0.0,0.0,0.0,0.0
US1MIIC0003,"EAST TAWAS 0.8 WSW","IOSCO",590,44.28,-83.50,0.0,0.0,0.0,0.0,0.0,0.0,0.0,0.0,0.0,0.0,0.0,0.0,0.0,0.0,0.0,0.0,0.0,0.0,0.0,0.0,0.0,0.0,0.0,0.0,0.0,0.0,0.0,0.0,0.0,0.0,0.0
US1MIAT0005,"ELLSWORTH 2.7 W","ANTRIM",805,45.17,-85.30,0.0,0.0,0.0,M,M,0.0,0.0,M,0.0,0.0,0.0,0.0,M,M,M,M,M,0.0,0.0,0.0,0.0,0.0,0.0,0.0,M,M,M,M,0.0,M,0.0
USC00202598,"ENGADINE MDOT","MACKINAC",685,46.13,-85.57,0.0,0.0,0.0,0.0,0.0,0.0,0.0,0.0,0.0,0.0,0.0,0.0,0.0,0.0,0.0,0.0,0.0,0.0,0.0,0.0,0.0,0.0,0.0,0.0,0.0,0.0,0.0,0.0,0.0,0.0,0.0
USW00014824,"ESCANABA","DELTA",591,45.75,-87.03,0.0,0.0,0.0,0.0,0.0,0.0,0.0,0.0,0.0,0.0,0.0,0.0,0.0,0.0,T,0.0,0.0,0.0,0.0,0.0,0.0,0.0,0.0,0.0,0.0,0.0,0.0,0.0,0.0,0.0,0.0
USC00202691,"FARMINGTON","OAKLAND",720,42.47,-83.36,0.0,0.0,0.0,0.0,0.0,0.0,0.0,0.0,0.0,0.0,0.0,0.0,0.0,0.0,T,T,0.0,0.0,0.0,0.0,0.0,0.0,0.0,0.0,0.0,0.0,0.0,0.0,0.0,0.0,0.0
US1MIOK0094,"FARMINGTON HILLS 1.4 N","OAKLAND",878,42.51,-83.38,M,M,M,M,M,0.0,M,M,0.0,M,M,M,M,M,T,T,M,0.0,0.0,0.0,0.0,M,0.0,0.0,0.0,M,0.0,0.0,M,M,0.0
US1MIOK0092,"FARMINGTON HILLS 3.5 NW","OAKLAND",929,42.52,-83.43,M,M,M,M,M,M,0.0,M,0.0,M,M,M,M,M,M,M,M,0.0,0.0,0.0,M,0.0,0.0,0.0,0.0,M,0.0,0.0,0.0,M,0.0
US1MIAN0004,"FENNVILLE 0.8 W","ALLEGAN",670,42.59,-86.12,M,M,0.0,M,M,0.0,0.0,M,0.0,M,M,M,M,M,M,M,M,0.0,0.0,0.0,M,0.0,0.0,0.0,0.0,M,0.0,M,0.0,0.0,0.0
US1MIOK0063,"FENTON 2.7 SSE","OAKLAND",971,42.77,-83.69,M,M,M,M,M,0.0,0.0,0.0,0.0,M,M,0.0,M,M,M,M,M,0.0,0.0,0.0,0.0,0.0,0.0,0.0,0.0,M,0.0,0.0,M,M,0.0
US1MILV0008,"FENTON 5.6 WSW","LIVINGSTON",863,42.77,-83.82,M,M,M,M,M,M,0.0,0.0,0.0,M,M,0.0,M,M,M,M,M,0.0,0.0,0.0,0.0,0.0,0.0,0.0,0.0,M,0.0,0.0,0.0,M,0.0
US1MIOK0070,"FERNDALE 0.3 NNW","OAKLAND",645,42.46,-83.13,M,M,0.0,M,M,0.0,0.0,M,0.0,0.0,M,M,M,M,M,M,M,0.0,0.0,0.0,0.0,0.0,0.0,0.0,0.0,M,0.0,M,M,M,0.0
USC00202783,"FIFE LAKE  2WNW","GRAND TRAVERSE",1052,44.58,-85.37,0.0,0.0,0.0,0.0,0.0,0.0,0.0,0.0,0.0,0.0,0.0,0.0,0.0,0.0,1.2,T,0.0,0.0,0.0,0.0,0.0,0.0,0.0,0.0,0.0,0.0,0.0,0.0,0.0,0.0,0.0
USC00202804,"FILION 5NNW","HURON",635,43.92,-83.08,0.0,0.0,0.0,0.0,0.0,0.0,0.0,0.0,0.0,0.0,0.0,0.0,0.0,M,M,M,M,M,M,M,M,M,0.0,0.0,0.0,0.0,0.0,0.0,0.0,0.0,0.0
USC00202851,"FLINT 7 W","GENESEE",679,43.04,-83.77,0.0,0.0,0.0,0.0,0.0,0.0,0.0,0.0,0.0,0.0,0.0,0.0,0.0,0.0,T,T,0.0,0.0,0.0,0.0,0.0,0.0,0.0,0.0,0.0,0.0,0.0,0.0,0.0,0.0,0.0
USW00014826,"FLINT BISHOP INTL AP","GENESEE",770,42.97,-83.75,0.0,0.0,0.0,0.0,0.0,0.0,0.0,0.0,0.0,0.0,0.0,0.0,0.0,0.0,T,0.0,0.0,0.0,0.0,0.0,0.0,0.0,0.0,0.0,0.0,0.0,0.0,0.0,0.0,0.0,0.0
USC00202955,"FRANKENMUTH 1SE","SAGINAW",635,43.32,-83.72,M,M,M,M,M,M,M,M,M,M,M,M,M,M,M,M,M,0.0,0.0,0.0,M,M,M,0.0,M,0.0,0.0,0.0,0.0,0.0,0.0
USC00202984,"FRANKFORT 2NE","BENZIE",948,44.65,-86.21,0.0,0.0,0.0,0.0,0.0,0.0,0.0,0.0,0.0,0.0,0.0,0.0,0.0,T,T,0.0,0.0,0.0,0.0,0.0,0.0,0.0,0.0,0.0,0.0,0.0,0.0,0.0,0.0,0.0,0.0
US1MIMB0055,"FRASER 1.2 N","MACOMB",611,42.56,-82.95,M,M,M,M,M,0.0,0.0,M,0.0,M,M,0.0,M,M,M,0.0,M,0.0,0.0,0.0,0.0,0.0,0.0,0.0,0.0,M,M,M,M,M,M
USC00203025,"FREMONT 4 WSW","NEWAYGO",800,43.45,-86.03,0.0,0.0,0.0,0.0,0.0,0.0,0.0,0.0,0.0,0.0,0.0,0.0,0.0,0.0,0.2,0.0,0.0,0.0,0.0,0.0,0.0,0.0,0.0,0.0,0.0,0.0,0.0,0.0,0.0,0.0,0.0
USC00203078,"GARDEN CORNERS","DELTA",653,45.90,-86.55,0.0,0.0,0.0,0.0,0.0,0.0,0.0,0.0,0.0,0.0,0.0,0.0,0.0,0.0,T,0.0,0.0,0.0,0.0,0.0,0.0,0.0,0.0,0.0,0.0,0.0,0.0,0.0,0.0,0.0,0.0
USC00203096,"GAYLORD","OTSEGO",1318,45.03,-84.71,0.0,0.0,0.0,0.0,0.0,0.0,0.0,0.0,0.0,0.0,0.0,0.0,0.0,0.0,T,T,0.0,0.0,0.0,0.0,0.0,0.0,0.0,0.0,0.0,0.0,0.0,0.0,0.0,0.0,0.0
US1MIOT0004,"GAYLORD 1.7 WNW","OTSEGO",1315,45.03,-84.71,0.0,0.0,0.0,0.0,0.0,0.0,0.0,0.0,0.0,0.0,0.0,0.0,0.0,0.0,T,T,0.0,0.0,0.0,0.0,0.0,0.0,0.0,0.0,0.0,0.0,0.0,0.0,0.0,0.0,0.0
USC00203099,"GAYLORD 9SSW","OTSEGO",1467,44.91,-84.72,0.0,0.0,0.0,0.0,0.0,0.0,0.0,0.0,0.0,0.0,0.0,0.0,0.0,T,0.1,0.0,0.0,0.0,0.0,0.0,0.0,0.0,0.0,0.0,0.0,0.0,0.0,0.0,0.0,0.0,0.0
US1MIWY0069,"GIBRALTAR 0.8 SW","WAYNE",584,42.09,-83.21,M,M,M,M,M,0.0,M,M,M,0.0,M,M,M,M,M,M,M,0.0,0.0,0.0,M,M,M,0.0,0.0,M,M,M,M,M,M
USC00203268,"GLADSTONE  4NW","DELTA",741,45.88,-87.09,0.0,0.0,0.0,0.0,0.0,0.0,0.0,0.0,0.0,0.0,0.0,0.0,0.0,0.0,0.0,0.0,0.0,0.0,0.0,0.0,0.0,0.0,0.0,0.0,0.0,0.0,0.0,0.0,0.0,0.0,0.0
USC00203270,"GLADSTONE NO 2","DELTA",704,45.84,-87.04,0.0,0.0,0.0,0.0,0.0,0.0,0.0,0.0,0.0,0.0,0.0,0.0,0.0,0.0,0.0,0.0,0.0,0.0,0.0,0.0,0.0,0.0,0.0,0.0,0.0,0.0,0.0,0.0,0.0,0.0,0.0
USW00014828,"GLADWIN","GLADWIN",775,43.98,-84.49,0.0,0.0,0.0,0.0,0.0,0.0,0.0,0.0,0.0,0.0,0.0,0.0,0.0,0.0,0.0,0.0,0.0,0.0,0.0,0.0,0.0,0.0,0.0,0.0,0.0,0.0,0.0,0.0,0.0,0.0,0.0
USC00203188,"GLENNIE 2SE","ALCONA",894,44.54,-83.70,0.0,0.0,0.0,0.0,0.0,0.0,0.0,0.0,0.0,0.0,0.0,0.0,0.0,0.0,0.0,0.0,0.0,0.0,0.0,0.0,0.0,0.0,0.0,0.0,0.0,0.0,0.0,0.0,0.0,0.0,0.0
USC00203278,"GOODRICH","GENESEE",910,42.92,-83.51,M,M,M,M,M,M,M,M,M,M,M,M,M,M,0.1,T,M,M,M,M,M,M,M,M,M,M,M,M,M,M,M
US1MIGN0022,"GRAND BLANC 2.9 SE","GENESEE",931,42.89,-83.59,M,M,M,M,M,M,0.0,M,0.0,0.0,M,0.0,M,M,M,M,M,0.0,0.0,0.0,0.0,0.0,0.0,0.0,0.0,M,0.0,0.0,0.0,M,0.0
USC00203295,"GRAND HAVEN WASTEWATER PLANT","OTTAWA",605,43.06,-86.20,0.0,0.0,0.0,0.0,0.0,0.0,0.0,0.0,0.0,0.0,0.0,0.0,0.0,0.0,0.0,0.0,0.0,0.0,0.0,0.0,0.0,0.0,0.0,0.0,0.0,0.0,0.0,0.0,0.0,0.0,0.0
US1MIVB0002,"GRAND JUNCTION 1.3 ENE","VAN BUREN",665,42.41,-86.05,0.0,0.0,0.0,0.0,0.0,0.0,0.0,0.0,0.0,0.0,0.0,0.0,0.0,0.0,0.0,0.0,0.0,0.0,0.0,0.0,0.0,0.0,0.0,0.0,0.0,0.0,0.0,0.0,0.0,0.0,0.0
US1MIET0005,"GRAND LEDGE 0.3 NNE","EATON",834,42.76,-84.75,0.0,0.0,0.0,M,M,M,M,M,M,M,M,0.0,0.0,0.0,T,T,0.0,0.0,0.0,0.0,0.0,0.0,0.0,0.0,0.0,0.0,0.0,0.0,0.0,0.0,0.0
USC00203306,"GRAND LEDGE 1 NW","EATON",800,42.76,-84.76,0.0,M,M,M,M,M,M,M,M,M,M,M,M,M,M,M,M,M,M,M,M,M,M,M,M,M,M,0.0,0.0,M,M
US1MIKN0032,"GRAND RAPIDS 2.9 NW","KENT",637,42.99,-85.69,M,M,0.0,M,M,0.0,0.0,0.0,0.0,M,M,M,M,M,M,T,M,0.0,0.0,0.0,0.0,0.0,0.0,0.0,0.0,M,M,M,0.0,0.0,0.0
US1MIKN0008,"GRAND RAPIDS 3.1 NNE","KENT",697,43.01,-85.64,M,M,0.0,M,M,M,0.0,0.0,0.0,M,M,M,M,M,M,M,M,0.0,0.0,0.0,0.0,M,M,M,M,M,M,M,M,M,M
US1MIKN0027,"GRAND RAPIDS 3.2 S","KENT",657,42.91,-85.65,M,M,0.0,0.0,M,0.0,0.0,0.0,0.0,0.0,0.0,M,0.0,M,0.0,0.0,0.0,0.0,0.0,0.0,0.0,0.0,0.0,0.0,0.0,M,M,M,0.0,0.0,0.0
USW00094860,"GRAND RAPIDS GERALD R FORD INTL A","KENT",803,42.88,-85.52,0.0,0.0,0.0,0.0,0.0,0.0,0.0,0.0,0.0,0.0,0.0,0.0,0.0,T,T,0.0,0.0,0.0,0.0,0.0,0.0,0.0,0.0,0.0,0.0,0.0,0.0,0.0,0.0,0.0,0.0
US1MIKN0014,"GRANDVILLE 1.3 WSW","KENT",611,42.90,-85.78,0.0,0.0,0.0,0.0,0.0,0.0,0.0,0.0,0.0,0.0,0.0,0.0,0.0,0.0,0.0,T,0.0,0.0,0.0,0.0,0.0,0.0,0.0,0.0,0.0,0.0,0.0,0.0,0.0,0.0,0.0
US1MINW0002,"GRANT 4.8 NW","NEWAYGO",623,43.38,-85.88,M,M,0.0,M,M,0.0,0.0,0.0,0.0,M,M,M,M,M,M,M,M,0.0,0.0,0.0,0.0,0.0,0.0,0.0,0.0,M,0.0,M,M,0.0,0.0
USC00203391,"GRAYLING","CRAWFORD",1137,44.65,-84.70,0.0,0.0,0.0,0.0,0.0,0.0,0.0,0.0,0.0,0.0,0.0,0.0,0.0,0.0,0.0,0.0,0.0,0.0,0.0,0.0,0.0,0.0,0.0,0.0,0.0,0.0,0.0,0.0,0.0,0.0,0.0
US1MICF0009,"GRAYLING 15.8 NE","CRAWFORD",1158,44.80,-84.46,0.0,0.0,0.0,0.0,0.0,0.0,0.0,0.0,0.0,0.0,0.0,0.0,0.0,M,T,0.0,0.0,0.0,0.0,M,M,0.0,0.0,0.0,0.0,0.0,M,0.0,0.0,M,0.0
USC00203413,"GREEN GARDEN NO.2","MARQUETTE",675,46.45,-87.30,0.0,0.0,0.0,0.0,T,0.0,0.0,0.0,0.0,0.0,0.0,0.0,0.0,T,T,T,0.0,0.0,0.0,0.0,0.0,0.0,0.0,0.0,0.0,0.0,0.0,0.0,0.0,0.0,0.0
USC00203421,"GREENLAND 6N","ONTONAGON",791,46.87,-89.10,0.0,0.0,0.0,0.0,0.0,0.0,0.0,0.0,0.0,0.0,0.0,0.0,0.0,0.6,T,0.0,0.0,0.0,0.0,0.0,0.0,0.0,0.0,0.0,0.0,0.0,0.0,0.0,0.0,0.0,0.0
USC00203429,"GREENVILLE 2 NNE","MONTCALM",882,43.20,-85.24,0.0,0.0,0.0,0.0,0.0,0.0,0.0,0.0,0.0,0.0,0.0,0.0,0.0,0.0,T,0.0,0.0,0.0,0.0,0.0,0.0,0.0,0.0,0.0,0.0,0.0,0.0,0.0,0.0,0.0,0.0
USC00203477,"GROSSE POINTE FARMS","WAYNE",613,42.41,-82.89,0.0,0.0,0.0,0.0,0.0,0.0,0.0,0.0,0.0,0.0,0.0,0.0,0.0,0.0,0.0,0.0,0.0,0.0,0.0,0.0,0.0,0.0,0.0,0.0,0.0,0.0,0.0,0.0,0.0,0.0,0.0
USC00203504,"GULL LAKE BIOLOGICAL STATION","KALAMAZOO",928,42.39,-85.38,0.0,0.0,0.0,0.0,0.0,M,0.0,M,0.0,0.0,M,0.0,0.0,M,0.0,0.0,0.0,0.0,M,M,0.0,0.0,0.0,0.0,0.0,M,0.0,0.0,0.0,M,0.0
USC00203518,"GWINN SHAG LAKE","MARQUETTE",1178,46.26,-87.51,0.0,M,M,0.0,M,M,0.0,M,M,M,M,M,M,M,M,T,M,M,M,M,M,M,M,M,0.0,0.0,M,0.0,0.0,0.0,M
USC00203529,"HALE LOUD DAM","IOSCO",728,44.46,-83.72,0.0,0.0,0.0,0.0,0.0,0.0,0.0,0.0,0.0,0.0,0.0,0.0,0.0,0.0,0.0,0.0,0.0,0.0,0.0,0.0,0.0,0.0,0.0,0.0,0.0,0.0,0.0,0.0,0.0,0.0,0.0
USC00203530,"HALFWAY LAKE","LUCE",847,46.47,-85.59,0.0,0.0,0.0,0.0,0.0,0.0,M,M,M,0.0,0.0,0.0,0.0,T,T,T,0.0,0.0,0.0,0.0,0.0,0.0,0.0,0.0,M,0.0,0.0,0.0,0.0,0.0,0.0
US1MIJC0013,"HANOVER 3.8 W","JACKSON",1076,42.11,-84.63,0.0,0.0,0.0,0.0,0.0,0.0,0.0,0.0,0.0,0.0,0.0,0.0,0.0,M,M,M,0.0,0.0,0.0,0.0,0.0,0.0,0.0,0.0,0.0,0.0,0.0,0.0,0.0,0.0,0.0
USC00203585,"HARBOR BEACH 1 SSE","HURON",595,43.83,-82.64,0.0,0.0,0.0,0.0,0.0,0.0,0.0,0.0,0.0,0.0,0.0,0.0,0.0,0.0,0.0,0.0,0.0,0.0,0.0,0.0,0.0,0.0,0.0,0.0,0.0,0.0,0.0,0.0,0.0,0.0,0.0
US1MIEM0005,"HARBOR SPRINGS 0.7 ENE","EMMET",684,45.43,-84.98,0.0,M,M,M,M,0.0,M,0.0,0.0,M,M,M,M,M,T,T,0.0,0.0,M,M,M,0.0,M,M,M,M,M,M,M,M,M
US1MIMB0048,"HARRISON 0.9 SSE","MACOMB",581,42.57,-82.82,M,M,M,0.0,M,M,M,M,M,M,M,M,M,M,M,M,M,M,M,M,M,M,M,M,M,M,M,M,M,M,M
US1MICL0005,"HARRISON 5.2 ESE","CLARE",974,43.99,-84.70,M,M,0.0,M,M,0.0,0.0,0.0,0.0,0.0,0.0,0.0,M,M,M,M,0.0,0.0,0.0,0.0,0.0,0.0,0.0,0.0,0.0,M,0.0,M,M,M,0.0
USC00203628,"HARRISVILLE 2NNE","ALCONA",585,44.68,-83.28,0.0,0.0,0.0,0.0,0.0,0.0,0.0,0.0,0.0,0.0,0.0,0.0,0.0,0.0,0.0,0.0,0.0,0.0,0.0,0.0,0.0,0.0,0.0,0.0,0.0,0.0,0.0,0.0,0.0,0.0,0.0
USC00203632,"HART 3 WSW","OCEANA",770,43.67,-86.42,0.0,0.0,0.0,0.0,0.0,0.0,0.0,0.0,0.0,0.0,0.0,0.0,0.0,0.0,T,T,0.0,0.0,0.0,0.0,0.0,0.0,0.0,0.0,0.0,0.0,0.0,0.0,0.0,0.0,0.0
USC00203639,"HARVEY","MARQUETTE",640,46.49,-87.35,M,0.0,0.0,0.0,0.0,0.0,M,M,0.0,0.0,0.0,0.0,0.0,M,M,0.0,0.0,0.0,0.0,0.0,M,M,0.0,M,0.0,0.0,0.0,M,M,M,0.0
US1MICT0002,"HASLETT 1.2 N","CLINTON",863,42.77,-84.40,0.0,0.0,0.0,0.0,0.0,0.0,0.0,0.0,0.0,0.0,0.0,0.0,0.0,0.0,M,T,0.0,0.0,0.0,0.0,0.0,0.0,0.0,0.0,0.0,0.0,0.0,0.0,0.0,0.0,0.0
USC00203661,"HASTINGS","BARRY",820,42.64,-85.29,0.0,0.0,0.0,0.0,0.0,0.0,0.0,0.0,0.0,0.0,0.0,0.0,0.0,0.0,T,0.0,0.0,0.0,0.0,0.0,0.0,0.0,0.0,0.0,0.0,0.0,0.0,0.0,M,0.0,0.0
US1MIBR0013,"HASTINGS 4.3 SSW","BARRY",910,42.59,-85.32,M,M,M,M,M,0.0,M,M,0.0,M,M,M,M,M,M,0.0,M,0.0,0.0,0.0,0.0,0.0,0.0,0.0,0.0,M,M,M,M,M,0.0
USC00203712,"HELL","LIVINGSTON",890,42.43,-83.99,M,M,M,M,M,M,M,0.0,M,M,M,M,M,M,T,M,M,M,0.0,0.0,M,M,M,M,M,M,M,M,M,M,M
USC00203744,"HERMAN","BARAGA",1670,46.67,-88.38,0.0,0.0,0.0,T,0.0,0.0,0.0,0.0,0.0,0.0,0.0,0.0,0.0,1.2,0.3,0.0,0.0,0.0,0.0,0.0,0.0,0.0,0.0,0.0,0.0,0.0,0.0,0.0,0.0,0.0,0.0
USC00203823,"HILLSDALE","HILLSDALE",1080,41.94,-84.64,0.0,0.0,0.0,0.0,0.0,0.0,0.0,0.0,0.0,0.0,0.0,0.0,0.0,0.0,0.0,0.0,0.0,0.0,0.0,0.0,0.0,0.0,0.0,0.0,0.0,0.0,0.0,0.0,0.0,0.0,0.0
US1MIOW0002,"HOLLAND 3.9 NNE","OTTAWA",617,42.82,-86.07,M,M,0.0,M,M,0.0,0.0,0.0,0.0,M,M,M,M,M,M,0.0,0.0,0.0,0.0,0.0,0.0,0.0,0.0,0.0,0.0,M,0.0,M,0.0,0.0,0.0
US1MIAN0016,"HOLLAND 4.1 WSW","ALLEGAN",633,42.76,-86.18,M,M,0.0,M,M,0.0,0.0,0.0,0.0,M,M,M,M,M,M,0.0,M,0.0,0.0,0.0,0.0,0.0,0.0,0.0,0.0,M,0.0,M,0.0,0.0,0.0
US1MIOW0029,"HOLLAND 4.2 NNE","OTTAWA",643,42.83,-86.07,M,M,M,M,M,0.0,0.0,M,0.0,M,M,M,M,M,M,M,M,0.0,M,M,M,M,M,M,M,M,M,M,M,M,M
US1MIOW0014,"HOLLAND 4.3 NNW","OTTAWA",614,42.82,-86.15,M,M,M,0.0,0.0,0.0,0.0,0.0,0.0,M,M,M,M,M,M,0.0,M,0.0,0.0,0.0,0.0,0.0,0.0,0.0,0.0,M,M,M,M,M,M
US1MIOW0025,"HOLLAND 5.1 WNW","OTTAWA",599,42.80,-86.19,M,M,M,M,M,M,M,M,M,M,0.0,M,M,M,M,M,M,0.0,0.0,0.0,0.0,0.0,0.0,0.0,0.0,0.0,0.0,0.0,0.0,0.0,0.0
USC00203858,"HOLLAND WTP","OTTAWA",617,42.80,-86.21,M,M,M,M,0.0,0.0,0.0,0.0,M,0.0,0.0,0.0,0.0,0.0,M,M,0.0,0.0,M,M,M,M,M,M,M,M,M,M,M,M,M
USC00203925,"HOPKINS 1 N","ALLEGAN",705,42.64,-85.76,0.0,0.0,0.0,0.0,0.0,0.0,0.0,0.0,0.0,0.0,0.0,0.0,0.0,0.0,M,T,0.0,0.0,0.0,0.0,0.0,0.0,0.0,0.0,0.0,0.0,0.0,0.0,0.0,0.0,0.0
US1MIAN0014,"HOPKINS 2.0 N","ALLEGAN",758,42.65,-85.76,M,M,0.0,M,M,0.0,0.0,0.0,0.0,M,M,M,0.0,M,M,T,M,0.0,0.0,0.0,0.0,0.0,0.0,0.0,0.0,M,0.0,M,M,0.0,0.0
US1MIJC0010,"HORTON 4.6 SE","JACKSON",1041,42.09,-84.48,M,M,M,M,M,M,M,0.0,0.0,M,M,M,M,M,M,0.0,M,M,0.0,0.0,0.0,0.0,0.0,M,M,0.0,0.0,M,M,M,M
US1MIHG0001,"HOUGHTON 1.6 ESE","HOUGHTON",626,47.11,-88.53,0.0,0.0,0.0,M,0.0,M,M,0.0,0.0,0.0,0.0,M,0.0,0.7,0.0,0.0,0.0,M,M,M,M,M,0.0,M,M,M,M,M,M,M,M
US1MIRS0001,"HOUGHTON LAKE 4.9 NE","ROSCOMMON",1136,44.35,-84.68,0.0,0.0,0.0,0.0,0.0,0.0,M,0.0,0.0,0.0,0.0,0.0,M,M,0.2,T,M,0.0,0.0,0.0,0.0,0.0,0.0,0.0,0.0,M,M,M,M,M,0.0
USC00203932,"HOUGHTON LAKE 6 WSW","MISSAUKEE",1135,44.31,-84.89,0.0,0.0,0.0,0.0,0.0,0.0,0.0,0.0,0.0,0.0,0.0,0.0,0.0,0.0,T,0.0,0.0,0.0,0.0,0.0,0.0,0.0,0.0,0.0,0.0,0.0,0.0,0.0,0.0,0.0,0.0
USW00094814,"HOUGHTON LAKE ROSCOMMON COUNTY AP","ROSCOMMON",1151,44.36,-84.67,0.0,0.0,0.0,0.0,0.0,0.0,0.0,0.0,0.0,0.0,0.0,0.0,0.0,0.0,T,0.0,0.0,0.0,0.0,0.0,0.0,0.0,0.0,0.0,0.0,0.0,0.0,0.0,0.0,0.0,0.0
US1MIDC0003,"IRON MOUNTAIN 3.1 E","DICKINSON",1145,45.83,-88.00,0.0,0.0,0.0,M,0.0,0.0,0.0,0.0,0.0,0.0,0.0,0.0,M,0.0,0.0,M,0.0,0.0,0.0,0.0,0.0,0.0,0.0,0.0,M,M,M,M,M,M,0.0
USC00204090,"IRON MTN-KINGSFORD WWTP","DICKINSON",1071,45.79,-88.08,0.0,0.0,0.0,0.0,0.0,0.0,0.0,0.0,0.0,0.0,0.0,0.0,0.0,0.0,T,0.0,0.0,0.0,0.0,0.0,0.0,0.0,0.0,0.0,0.0,0.0,0.0,0.0,0.0,0.0,0.0
USC00204104,"IRONWOOD","GOGEBIC",1430,46.47,-90.19,0.0,0.0,0.0,0.0,0.0,0.0,0.0,0.0,0.0,0.0,0.0,0.0,0.0,0.6,T,0.0,0.0,0.0,0.0,0.0,0.0,0.0,0.0,0.0,0.0,0.0,0.0,0.0,0.0,0.0,0.0
US1MIMQ0017,"ISHPEMING 5.6 NNW","MARQUETTE",1374,46.57,-87.69,M,M,M,M,M,M,M,M,M,M,M,M,M,0.8,M,M,M,M,M,M,M,M,M,M,M,M,M,M,M,M,M
US1MIMQ0019,"ISHPEMING 7.2 SW","MARQUETTE",1463,46.41,-87.76,0.0,0.0,0.0,T,T,0.0,0.0,0.0,0.0,0.0,0.0,0.0,0.0,0.5,T,T,0.0,0.0,0.0,0.0,0.0,0.0,0.0,0.0,0.0,0.0,0.0,0.0,0.0,0.0,0.0
US1MIJC0007,"JACKSON 1.2 ENE","JACKSON",959,42.25,-84.38,M,M,M,M,M,M,M,M,M,M,M,M,M,M,M,M,M,M,M,M,M,M,M,M,M,M,M,M,M,M,0.0
US1MIJC0005,"JACKSON 2.8 WSW","JACKSON",992,42.23,-84.46,M,M,M,M,M,M,0.0,M,0.0,M,M,0.0,M,M,M,M,M,0.0,0.0,0.0,M,M,0.0,0.0,M,0.0,M,0.0,M,0.0,0.0
US1MIJC0011,"JACKSON 3.2 W","JACKSON",998,42.24,-84.47,0.0,M,0.0,M,M,0.0,0.0,0.0,0.0,M,M,M,M,M,T,0.0,M,0.0,M,0.0,0.0,0.0,0.0,0.0,0.0,M,0.0,0.0,0.0,0.0,M
USC00204161,"JACOBSVILLE","HOUGHTON",650,47.01,-88.43,0.0,0.0,0.0,0.0,0.0,0.0,0.0,0.0,0.0,0.0,0.0,0.0,0.0,0.3,T,0.0,0.0,0.0,0.0,0.0,0.0,0.0,0.0,0.0,0.0,0.0,0.0,0.0,0.0,0.0,0.0
US1MIOW0001,"JENISON 1.0 NE","OTTAWA",643,42.92,-85.82,M,M,M,M,M,M,0.0,M,M,M,M,M,M,M,M,M,M,M,M,M,M,M,M,M,M,M,M,M,M,M,M
US1MIHL0004,"JONESVILLE 5.9 ENE","HILLSDALE",1197,42.01,-84.56,M,M,M,M,M,0.0,0.0,M,0.0,M,M,M,M,M,M,M,M,M,0.0,0.0,0.0,0.0,0.0,0.0,0.0,0.0,0.0,0.0,M,0.0,0.0
USC00204425,"K.I. SAWYER WWTP","MARQUETTE",1116,46.33,-87.38,0.0,0.0,0.0,0.0,0.0,0.0,0.0,0.0,0.0,0.0,0.0,0.0,0.0,T,0.0,0.0,0.0,0.0,0.0,0.0,0.0,0.0,0.0,0.0,0.0,0.0,0.0,0.0,0.0,0.0,0.0
US1MIKZ0011,"KALAMAZOO 2.3 NE","KALAMAZOO",838,42.30,-85.56,M,M,0.0,M,M,0.0,M,M,M,M,M,M,0.0,M,M,0.0,M,0.0,0.0,0.0,0.0,0.0,0.0,0.0,0.0,M,0.0,0.0,0.0,0.0,0.0
US1MIKZ0001,"KALAMAZOO 6.0 SW","KALAMAZOO",899,42.21,-85.66,M,M,0.0,0.0,0.0,0.0,0.0,M,M,0.0,0.0,0.0,0.0,0.0,0.1,0.0,0.0,0.0,0.0,0.0,0.0,0.0,0.0,0.0,0.0,M,M,M,M,M,M
USC00204257,"KALKASKA","KALKASKA",1035,44.73,-85.17,0.0,0.0,0.0,0.0,0.0,0.0,0.0,0.0,0.0,0.0,0.0,0.0,0.0,0.0,1.8,T,0.0,0.0,0.0,0.0,0.0,0.0,0.0,0.0,0.0,0.0,0.0,0.0,0.0,0.0,0.0
USC00204258,"KALKASKA 11SE","KALKASKA",1083,44.59,-85.05,0.0,0.0,0.0,0.0,0.0,0.0,0.0,0.0,0.0,0.0,0.0,0.0,0.0,0.0,1.3,T,0.0,0.0,0.0,0.0,0.0,0.0,0.0,0.0,0.0,0.0,0.0,0.0,0.0,0.0,0.0
USC00204280,"KEARSARGE","HOUGHTON",1120,47.28,-88.42,0.0,0.0,0.0,0.0,0.0,0.0,0.0,0.0,0.0,0.0,0.0,0.0,0.0,0.1,0.1,0.0,0.0,0.0,0.0,0.0,0.0,0.0,0.0,0.0,0.0,0.0,0.0,0.0,0.0,0.0,0.0
USC00204320,"KENT CITY 2 SW","KENT",840,43.20,-85.77,0.0,0.0,0.0,0.0,0.0,0.0,0.0,0.0,0.0,0.0,0.0,0.0,0.0,0.0,T,0.0,0.0,0.0,0.0,0.0,0.0,0.0,0.0,0.0,0.0,0.0,0.0,0.0,0.0,0.0,0.0
US1MIKN0048,"KENTWOOD 1.6 WSW","KENT",745,42.87,-85.62,M,M,0.0,0.0,M,0.0,0.0,0.0,0.0,M,M,M,M,M,M,0.0,M,0.0,0.0,0.0,0.0,0.0,0.0,0.0,0.0,M,M,M,M,0.0,0.0
US1MIGT0021,"KINGSLEY 2.7 ENE","GRAND TRAVERSE",923,44.60,-85.48,M,M,0.0,M,M,0.0,M,M,0.0,0.0,0.0,0.0,M,M,0.5,T,M,0.0,0.0,0.0,0.0,0.0,0.0,0.0,M,M,0.0,M,0.0,M,0.0
US1MIMK0001,"LAKE CITY 5.0 SSW","MISSAUKEE",1228,44.27,-85.26,M,M,0.0,M,M,0.0,M,0.0,0.0,0.0,0.0,0.0,M,M,0.1,0.0,M,0.0,0.0,0.0,0.0,0.0,0.0,0.0,0.0,M,0.0,M,M,M,0.0
USC00204502,"LAKE CITY EXP FARM","MISSAUKEE",1230,44.31,-85.21,0.0,0.0,0.0,0.0,0.0,0.0,0.0,0.0,0.0,0.0,0.0,0.0,0.0,0.0,0.0,T,0.0,0.0,0.0,0.0,0.0,0.0,0.0,0.0,0.0,0.0,0.0,0.0,0.0,0.0,0.0
US1MIOK0062,"LAKE ORION 4.3 SSE","OAKLAND",1040,42.72,-83.23,M,M,M,M,M,M,M,0.0,0.0,M,M,0.0,M,M,M,M,M,0.0,0.0,0.0,0.0,0.0,0.0,0.0,0.0,0.0,0.0,0.0,0.0,M,0.0
US1MIME0008,"LAKEVIEW 2.5 NNE","MECOSTA",996,43.48,-85.26,M,M,M,M,M,M,M,0.0,0.0,0.0,M,M,M,M,M,M,M,M,M,M,M,M,M,M,M,M,M,M,M,M,M
US1MIMR0010,"LAMBERTVILLE 2.9 WNW","MONROE",682,41.77,-83.67,M,M,0.0,M,M,M,0.0,M,0.0,M,M,M,M,M,M,M,0.0,M,0.0,0.0,0.0,0.0,0.0,0.0,0.0,M,0.0,0.0,M,M,0.0
US1MIIH0031,"LANSING 1.9 WSW","INGHAM",883,42.70,-84.59,M,M,0.0,M,M,M,M,M,M,M,M,0.0,M,M,M,M,M,0.0,0.0,0.0,0.0,0.0,0.0,0.0,0.0,0.0,0.0,M,0.0,0.0,0.0
US1MIIH0006,"LANSING 2.6 NE","INGHAM",854,42.74,-84.52,M,M,M,M,M,M,M,M,0.0,M,M,M,M,M,M,T,M,M,M,M,M,M,0.0,0.0,M,M,0.0,M,M,M,M
US1MIET0001,"LANSING 3.8 WNW","EATON",879,42.72,-84.63,M,M,M,M,M,0.0,M,M,0.0,M,M,M,M,M,M,T,M,0.0,0.0,0.0,0.0,0.0,0.0,0.0,0.0,M,0.0,0.0,M,0.0,0.0
US1MIET0003,"LANSING 3.9 WNW","EATON",877,42.72,-84.63,M,M,M,M,M,M,M,M,M,M,M,M,M,M,M,T,M,M,M,M,M,M,M,M,M,M,M,M,M,M,M
USW00014836,"LANSING CAPITAL CITY AP","CLINTON",841,42.78,-84.58,0.0,0.0,0.0,0.0,0.0,0.0,0.0,0.0,0.0,0.0,0.0,0.0,0.0,0.0,T,0.0,0.0,0.0,0.0,0.0,0.0,0.0,0.0,0.0,0.0,0.0,0.0,0.0,0.0,0.0,0.0
USC00204659,"LAPEER 2W","LAPEER",837,43.06,-83.36,0.0,0.0,0.0,0.0,0.0,0.0,0.0,0.0,0.0,0.0,0.0,0.0,0.0,0.0,T,T,0.0,0.0,0.0,0.0,0.0,0.0,0.0,0.0,0.0,0.0,0.0,0.0,0.0,0.0,0.0
USC00204655,"LAPEER WWTP","LAPEER",820,43.06,-83.31,0.0,0.0,0.0,0.0,0.0,0.0,0.0,0.0,0.0,0.0,0.0,0.0,0.0,0.0,0.0,T,0.0,0.0,0.0,0.0,0.0,0.0,0.0,0.0,0.0,0.0,0.0,0.0,0.0,0.0,0.0
US1MIOK0088,"LEONARD 2.7 SE","OAKLAND",1001,42.84,-83.10,M,M,M,0.0,M,M,M,M,M,M,M,M,M,M,M,M,0.0,0.0,0.0,0.0,0.0,0.0,0.0,0.0,0.0,0.0,M,M,M,M,M
USC00204808,"LEXINGTON WATER PLANT","SANILAC",622,43.26,-82.53,M,M,M,M,M,M,M,M,M,M,M,M,M,M,M,T,M,M,M,M,M,M,M,M,M,M,M,M,M,M,M
USC00204793,"LINDEN WWTP","GENESEE",863,42.81,-83.80,M,M,M,M,M,M,M,M,M,M,M,M,M,M,M,T,M,M,M,M,M,M,M,M,M,M,M,M,M,M,M
US1MIHL0001,"LITCHFIELD 0.3 ENE","HILLSDALE",1040,42.05,-84.75,M,M,M,M,M,0.0,0.0,0.0,0.0,M,M,0.0,M,M,M,T,M,M,0.0,0.0,0.0,0.0,0.0,0.0,0.0,0.0,0.0,0.0,M,0.0,0.0
US1MIWY0014,"LIVONIA 1.1 SSW","WAYNE",656,42.38,-83.38,M,M,M,M,M,0.0,M,M,M,M,M,M,M,M,M,M,M,0.0,0.0,0.0,0.0,0.0,0.0,0.0,0.0,M,0.0,M,M,M,M
US1MIWY0052,"LIVONIA 2.0 NE","WAYNE",642,42.42,-83.34,M,M,M,M,M,M,M,M,M,M,M,M,M,M,M,T,M,M,M,M,M,M,M,M,M,M,M,M,M,M,M
US1MIWY0033,"LIVONIA 2.3 NNW","WAYNE",692,42.43,-83.38,M,M,M,M,M,0.0,0.0,M,M,M,M,M,M,M,M,M,M,0.0,0.0,M,M,M,0.0,0.0,0.0,M,0.0,0.0,M,M,M
USC00204944,"LOWELL","KENT",640,42.93,-85.34,0.0,0.0,0.0,0.0,0.0,0.0,0.0,0.0,0.0,0.0,0.0,0.0,0.0,M,M,M,0.0,0.0,0.0,0.0,0.0,0.0,0.0,0.0,0.0,0.0,0.0,0.0,0.0,0.0,0.0
US1MIKN0011,"LOWELL 1.4 ESE","KENT",708,42.92,-85.32,0.0,0.0,0.0,0.0,0.0,0.0,0.0,0.0,0.0,0.0,0.0,0.0,0.0,0.0,0.0,0.0,0.0,0.0,0.0,0.0,0.0,0.0,0.0,0.0,0.0,0.0,0.0,0.0,0.0,0.0,0.0
USC00204958,"LUDINGTON STATE PARK","MASON",588,44.03,-86.50,0.0,0.0,0.0,0.0,0.0,M,0.0,M,0.0,0.0,0.0,M,0.0,M,T,0.0,0.0,M,M,M,M,0.0,0.0,0.0,0.0,0.0,0.0,0.0,0.0,0.0,0.0
USC00204967,"LUPTON 1S","OGEMAW",908,44.42,-84.02,M,0.0,0.0,0.0,0.0,0.0,0.0,0.0,0.0,0.0,0.0,0.0,0.0,0.0,0.0,0.0,0.0,0.0,0.0,0.0,0.0,0.0,0.0,0.0,0.0,0.0,0.0,0.0,0.0,0.0,0.0
US1MIOD0003,"LUZERNE 2.4 NE","OSCODA",1129,44.64,-84.24,M,M,0.0,M,M,0.0,0.0,M,M,0.0,0.0,0.0,M,M,M,0.0,0.0,0.0,M,0.0,M,M,0.0,0.0,M,M,M,M,M,0.0,M
US1MIAT0006,"MANCELONA 0.5 ESE","ANTRIM",1143,44.90,-85.05,M,M,M,M,M,M,M,M,M,M,M,M,M,M,0.7,T,M,M,M,M,M,M,M,M,M,M,M,M,M,M,M
USC00205050,"MANCHESTER","WASHTENAW",965,42.15,-84.02,0.0,0.0,0.0,0.0,0.0,0.0,0.0,0.0,0.0,0.0,0.0,0.0,0.0,0.0,0.0,0.0,0.0,0.0,0.0,0.0,0.0,0.0,0.0,0.0,0.0,0.0,0.0,0.0,0.0,0.0,0.0
USC00205073,"MANISTIQUE WWTP","SCHOOLCRAFT",600,45.95,-86.25,0.0,0.0,0.0,0.0,0.0,0.0,0.0,0.0,0.0,0.0,0.0,0.0,0.0,0.0,T,0.0,0.0,0.0,0.0,0.0,0.0,0.0,0.0,0.0,0.0,0.0,0.0,0.0,0.0,0.0,0.0
USC00205097,"MAPLE CITY 1E","LEELANAU",799,44.85,-85.84,0.0,0.0,0.0,0.0,0.0,0.0,0.0,0.0,0.0,0.0,0.0,0.0,0.0,0.2,0.5,0.0,0.0,0.0,0.0,0.0,0.0,0.0,0.0,0.0,0.0,0.0,0.0,0.0,0.0,0.0,0.0
USW00014838,"MARQUETTE","MARQUETTE",665,46.55,-87.38,0.0,0.0,0.0,0.0,0.0,0.0,0.0,0.0,0.0,0.0,0.0,0.0,0.0,0.0,0.0,0.0,0.0,0.0,0.0,0.0,0.0,0.0,0.0,0.0,0.0,0.0,0.0,0.0,0.0,0.0,0.0
US1MIMQ0018,"MARQUETTE 0.7 SSW","MARQUETTE",727,46.54,-87.40,M,M,M,M,M,M,M,M,M,M,M,M,M,M,M,M,M,M,M,M,0.0,0.0,M,M,M,M,M,M,M,M,M
US1MIMQ0015,"MARQUETTE 16.0 NW","MARQUETTE",893,46.71,-87.64,0.0,0.0,0.0,M,M,0.0,M,0.0,0.0,0.0,M,0.0,M,0.5,0.2,M,0.0,0.0,0.0,0.0,0.0,0.0,0.0,M,M,M,M,M,M,M,M
USW00094850,"MARQUETTE WFO","MARQUETTE",1415,46.53,-87.55,0.0,0.0,0.0,T,0.0,0.0,0.0,0.0,0.0,0.0,0.0,0.0,0.0,1.1,T,0.0,0.0,0.0,0.0,0.0,0.0,0.0,0.0,0.0,0.0,0.0,0.0,0.0,0.0,0.0,0.0
US1MIIH0034,"MASON 5.8 ENE","INGHAM",931,42.61,-84.34,0.0,0.0,0.0,0.0,0.0,0.0,0.0,0.0,0.0,0.0,0.0,0.0,0.0,0.0,T,T,0.0,0.0,0.0,0.0,0.0,0.0,0.0,0.0,0.0,0.0,0.0,0.0,0.0,0.0,0.0
US1MIME0010,"MECOSTA 4.6 SSW","MECOSTA",975,43.56,-85.28,0.0,0.0,0.0,0.0,0.0,0.0,0.0,0.0,0.0,0.0,0.0,0.0,0.0,0.0,T,T,0.0,0.0,0.0,0.0,0.0,0.0,0.0,0.0,0.0,0.0,0.0,0.0,0.0,0.0,0.0
USC00205406,"MICHIGAMME 3WNW","BARAGA",1710,46.55,-88.18,0.0,0.0,0.0,T,T,0.0,0.0,0.0,0.0,0.0,0.0,0.0,0.0,1.3,0.1,0.0,0.0,0.0,0.0,0.0,0.0,M,M,M,M,M,M,M,M,M,M
USC00205434,"MIDLAND","MIDLAND",640,43.61,-84.20,M,0.0,0.0,0.0,0.0,0.0,0.0,M,M,M,M,M,M,M,M,M,M,M,M,M,0.0,0.0,0.0,0.0,0.0,0.0,0.0,0.0,0.0,0.0,0.0
US1MIMD0005,"MIDLAND 1.8 ENE","MIDLAND",674,43.63,-84.19,M,M,0.0,0.0,M,0.0,0.0,0.0,0.0,0.0,M,0.0,M,M,M,0.0,0.0,0.0,0.0,0.0,0.0,0.0,0.0,0.0,M,M,M,M,M,0.0,0.0
US1MIMD0004,"MIDLAND 4.4 W","MIDLAND",617,43.63,-84.32,M,0.0,0.0,M,M,0.0,0.0,0.0,0.0,0.0,M,0.0,M,M,M,0.0,M,M,M,M,M,M,M,M,M,M,M,M,M,M,M
USC00205452,"MILFORD GM PROVING GROUND","LIVINGSTON",990,42.58,-83.68,0.0,0.0,0.0,M,0.0,M,M,0.0,0.0,0.0,0.0,0.0,M,M,M,0.0,0.0,0.0,0.0,0.0,0.0,0.0,0.0,0.0,0.0,0.0,0.0,0.0,0.0,0.0,0.0
USC00205488,"MILLINGTON 3 SE","TUSCOLA",820,43.28,-83.48,0.0,0.0,0.0,0.0,0.0,0.0,0.0,0.0,0.0,0.0,0.0,0.0,0.0,0.0,0.0,0.0,0.0,0.0,0.0,0.0,0.0,0.0,0.0,0.0,0.0,0.0,0.0,0.0,0.0,0.0,0.0
USC00205533,"MIO WWTP","OSCODA",1037,44.65,-84.12,0.0,0.0,0.0,0.0,0.0,0.0,0.0,0.0,0.0,0.0,0.0,0.0,0.0,0.0,T,0.0,0.0,0.0,0.0,0.0,0.0,0.0,0.0,0.0,0.0,0.0,0.0,0.0,0.0,0.0,0.0
USC00205563,"MONROE","MONROE",586,41.91,-83.42,0.0,M,0.0,0.0,0.0,0.0,M,0.0,M,0.0,M,0.0,0.0,M,M,M,0.0,0.0,0.0,0.0,M,0.0,0.0,0.0,0.0,0.0,M,M,0.0,M,M
USC00205567,"MONTAGUE 4 NW","MUSKEGON",650,43.46,-86.42,0.0,0.0,0.0,0.0,0.0,0.0,0.0,0.0,0.0,0.0,0.0,0.0,0.0,0.0,T,0.0,0.0,0.0,0.0,0.0,0.0,0.0,0.0,0.0,0.0,0.0,0.0,0.0,0.0,0.0,0.0
US1MIOC0002,"MONTAGUE 8.1 NW","OCEANA",737,43.50,-86.47,0.0,M,0.0,M,0.0,0.0,0.0,0.0,0.0,M,M,M,M,M,0.2,0.0,M,0.0,0.0,0.0,0.0,0.0,0.0,0.0,0.0,M,M,M,M,0.0,0.0
USC00205591,"MORAN","MACKINAC",695,45.99,-84.84,0.0,0.0,0.0,0.0,0.0,0.0,0.0,0.0,0.0,0.0,0.0,0.0,0.0,0.0,0.0,0.0,0.0,0.0,0.0,0.0,0.0,0.0,0.0,0.0,0.0,0.0,0.0,0.0,0.0,0.0,0.0
USC00205603,"MORENCI","LENAWEE",770,41.72,-84.21,0.0,0.0,0.0,0.0,0.0,0.0,0.0,0.0,0.0,0.0,0.0,0.0,0.0,0.0,0.0,0.0,0.0,0.0,0.0,0.0,0.0,0.0,0.0,0.0,0.0,0.0,0.0,0.0,0.0,0.0,0.0
USC00205637,"MOTT ISLAND ISLE ROYALE","KEWEENAW",610,48.11,-88.55,M,0.0,M,M,M,0.0,M,M,M,M,M,M,M,M,M,M,M,0.0,0.0,0.0,M,M,M,M,M,M,M,M,M,M,M
US1MIIS0004,"MOUNT PLEASANT 0.6 SSE","ISABELLA",794,43.59,-84.77,M,M,0.0,0.0,M,M,0.0,M,0.0,0.0,M,M,M,M,M,M,0.0,0.0,0.0,0.0,0.0,0.0,0.0,0.0,M,M,M,M,M,0.0,0.0
USW00014804,"MT CLEMENS ANG BASE","MACOMB",580,42.61,-82.82,0.0,0.0,0.0,0.0,0.0,0.0,0.0,0.0,0.0,0.0,0.0,0.0,0.0,0.0,T,0.0,0.0,0.0,0.0,0.0,0.0,0.0,0.0,0.0,0.0,0.0,0.0,0.0,0.0,0.0,0.0
USC00205690,"MUNISING","ALGER",680,46.41,-86.66,M,M,M,M,M,M,M,M,M,M,M,M,M,M,T,M,M,M,M,M,M,M,M,M,M,M,M,M,M,M,M
US1MIMG0013,"MUSKEGON 3.5 SSE","MUSKEGON",621,43.18,-86.24,M,M,M,M,M,M,M,M,M,M,M,M,M,M,M,0.0,M,0.0,0.0,0.0,0.0,0.0,0.0,0.0,0.0,M,0.0,M,M,M,M
USW00014840,"MUSKEGON COUNTY AP","MUSKEGON",625,43.17,-86.24,0.0,0.0,0.0,0.0,0.0,0.0,0.0,0.0,0.0,0.0,0.0,0.0,0.0,0.0,0.0,0.0,0.0,0.0,0.0,0.0,0.0,0.0,0.0,0.0,0.0,0.0,0.0,0.0,0.0,0.0,0.0
US1MIIC0006,"NATIONAL CITY 4.5 NNE","IOSCO",757,44.29,-83.68,M,0.0,M,M,M,M,0.0,0.0,0.0,M,M,M,M,M,M,M,0.0,M,M,M,M,M,M,M,M,M,M,M,M,M,M
US1MIMB0009,"NEW BALTIMORE 0.4 SSE","MACOMB",574,42.68,-82.74,M,M,M,0.0,M,0.0,0.0,M,0.0,M,M,M,M,M,M,T,M,0.0,0.0,0.0,0.0,0.0,0.0,0.0,0.0,M,0.0,0.0,M,M,0.0
USC00205816,"NEWBERRY CORRECTIONAL FACILITY","LUCE",886,46.33,-85.50,0.0,0.0,0.0,0.0,0.0,0.0,0.0,0.0,0.0,0.0,0.0,0.0,0.0,0.0,0.0,0.0,0.0,0.0,0.0,0.0,0.0,0.0,0.0,0.0,0.0,0.0,0.0,0.0,0.0,0.0,0.0
USC00205822,"NEWPORT 4SSE","MONROE",578,41.95,-83.28,0.0,0.0,0.0,0.0,0.0,0.0,0.0,0.0,0.0,0.0,0.0,0.0,0.0,0.0,0.0,0.0,0.0,0.0,0.0,0.0,0.0,0.0,0.0,0.0,0.0,0.0,0.0,0.0,0.0,0.0,0.0
USC00205892,"NILES","BERRIEN",650,41.84,-86.27,0.0,0.0,0.0,0.0,0.0,0.0,0.0,0.0,0.0,0.0,0.0,0.0,0.0,0.0,0.0,0.0,0.0,0.0,0.0,0.0,0.0,0.0,0.0,0.0,0.0,0.0,0.0,0.0,0.0,0.0,0.0
US1MICS0005,"NILES 3.5 E","CASS",766,41.84,-86.18,M,M,0.0,M,M,0.0,0.0,0.0,0.0,M,M,M,M,M,M,0.0,M,M,0.0,0.0,0.0,0.0,0.0,0.0,0.0,0.0,0.0,M,M,0.0,0.0
US1MIBN0016,"NILES 4.9 N","BERRIEN",775,41.91,-86.26,M,M,0.0,M,M,M,0.0,0.0,M,M,M,M,M,M,M,M,0.0,0.0,0.0,0.0,0.0,0.0,0.0,0.0,0.0,M,M,M,0.0,0.0,0.0
US1MIMG0019,"NORTH MUSKEGON 2.4 NW","MUSKEGON",617,43.28,-86.30,M,M,0.0,M,M,0.0,0.0,0.0,0.0,M,M,M,M,M,M,0.0,0.0,0.0,0.0,0.0,0.0,0.0,0.0,0.0,0.0,M,0.0,M,0.0,0.0,0.0
US1MILL0003,"NORTHPORT 0.1 SW","LEELANAU",629,45.13,-85.62,0.0,0.0,0.0,M,M,0.0,0.0,M,M,0.0,0.0,0.0,M,M,0.0,M,0.0,0.0,0.0,0.0,0.0,M,0.0,0.0,M,M,M,M,0.0,M,0.0
USC00206007,"NORTHPORT 2W","LEELANAU",746,45.13,-85.65,0.0,0.0,0.0,0.0,0.0,0.0,0.0,0.0,0.0,0.0,0.0,0.0,0.0,0.0,0.0,0.0,0.0,0.0,0.0,0.0,0.0,0.0,0.0,0.0,0.0,0.0,0.0,0.0,0.0,0.0,0.0
US1MIOK0099,"NORTHVILLE 3.2 ENE","OAKLAND",827,42.45,-83.43,0.0,0.0,0.0,0.0,0.0,M,M,M,M,M,M,M,M,M,M,M,M,M,M,M,M,M,0.0,0.0,0.0,0.0,0.0,0.0,0.0,0.0,0.0
US1MIMG0018,"NORTON SHORES 2.3 SSE","MUSKEGON",599,43.13,-86.24,M,M,0.0,M,M,0.0,0.0,0.0,0.0,M,M,M,M,M,M,0.0,M,0.0,0.0,0.0,0.0,0.0,0.0,M,0.0,M,M,M,M,0.0,0.0
USC00206012,"NW MICHIGAN RESEARCH FARM","LEELANAU",820,44.88,-85.68,0.0,0.0,0.0,0.0,0.0,0.0,0.0,0.0,0.0,0.0,0.0,0.0,0.0,0.0,0.0,T,0.0,0.0,0.0,0.0,0.0,0.0,0.0,0.0,0.0,0.0,0.0,0.0,0.0,0.0,0.0
USC00206013,"NWSFO GRAND RAPIDS","KENT",775,42.89,-85.54,0.0,0.0,0.0,0.0,0.0,0.0,0.0,0.0,0.0,0.0,0.0,0.0,0.0,T,T,0.0,0.0,0.0,0.0,0.0,0.0,0.0,0.0,0.0,0.0,0.0,0.0,0.0,0.0,0.0,0.0
USC00206080,"OIL CITY 2S","MIDLAND",680,43.58,-84.59,0.0,0.0,0.0,0.0,0.0,0.0,0.0,0.0,0.0,M,M,M,M,M,M,T,0.0,0.0,0.0,0.0,0.0,0.0,0.0,0.0,0.0,M,M,M,M,0.0,0.0
USC00206184,"ONAWAY 4N","PRESQUE ISLE",745,45.41,-84.22,0.0,0.0,0.0,0.0,0.0,0.0,0.0,0.0,0.0,0.0,0.0,0.0,0.0,0.0,T,0.0,0.0,0.0,0.0,0.0,0.0,0.0,0.0,0.0,0.0,0.0,0.0,0.0,0.0,0.0,0.0
US1MION0001,"ONTONAGON 0.3 NE","ONTONAGON",636,46.87,-89.31,0.0,0.0,0.0,M,0.0,M,M,0.0,0.0,0.0,0.0,M,0.0,M,T,M,0.0,0.0,0.0,M,0.0,0.0,0.0,M,M,M,M,M,M,0.0,M
US1MION0003,"ONTONAGON 12.5 WSW","ONTONAGON",626,46.83,-89.57,0.0,0.0,0.0,M,0.0,0.0,M,M,M,M,M,M,M,M,T,M,0.0,0.0,M,0.0,M,M,0.0,M,M,M,M,M,M,0.0,M
US1MIOK0046,"ORCHARD LAKE VILLAGE 0.9 WSW","OAKLAND",938,42.58,-83.39,M,M,M,M,M,0.0,0.0,0.0,0.0,M,M,M,M,M,M,M,M,0.0,0.0,0.0,0.0,0.0,0.0,0.0,M,M,0.0,0.0,0.0,M,0.0
US1MIIN0003,"ORLEANS 1.3 SSE","IONIA",850,43.05,-85.12,M,M,0.0,0.0,M,0.0,0.0,0.0,0.0,M,M,M,M,M,M,M,0.0,0.0,0.0,0.0,0.0,0.0,0.0,0.0,0.0,M,M,0.0,0.0,0.0,0.0
US1MIOK0087,"ORTONVILLE 2.3 S","OAKLAND",975,42.82,-83.44,M,M,M,M,M,0.0,0.0,M,0.0,0.0,M,0.0,M,M,M,M,0.0,0.0,M,M,M,0.0,0.0,0.0,0.0,0.0,0.0,0.0,M,M,0.0
US1MIAP0002,"OSSINEKE 1.0 NNE","ALPENA",591,44.92,-83.43,M,M,0.0,0.0,M,0.0,0.0,M,0.0,0.0,0.0,0.0,M,M,T,M,M,0.0,0.0,0.0,0.0,0.0,0.0,0.0,0.0,M,M,M,0.0,0.0,0.0
USC00206300,"OWOSSO WWTP","SHIAWASSEE",730,43.02,-84.18,M,M,M,M,M,M,M,M,M,M,M,M,M,M,M,T,M,M,M,M,M,M,M,M,M,M,M,M,M,M,M
USC00206398,"PAULDING","ONTONAGON",1367,46.40,-89.18,0.0,0.0,0.0,0.0,0.0,0.0,0.0,0.0,0.0,M,0.0,0.0,0.0,0.2,T,0.0,0.0,0.0,0.0,0.0,0.0,0.0,0.0,0.0,0.0,0.0,0.0,0.0,0.0,0.0,0.0
US1MIVB0004,"PAW PAW 3.6 NNE","VAN BUREN",709,42.27,-85.86,M,M,0.0,M,M,0.0,0.0,0.0,0.0,M,M,0.0,M,M,M,0.0,M,0.0,0.0,0.0,0.0,0.0,0.0,0.0,0.0,M,0.0,0.0,0.0,0.0,0.0
US1MIMR0005,"PETERSBURG 5.1 ENE","MONROE",659,41.91,-83.61,M,M,M,0.0,M,M,0.0,0.0,0.0,M,M,M,M,M,M,M,M,M,0.0,0.0,0.0,0.0,0.0,0.0,0.0,M,0.0,0.0,0.0,0.0,0.0
USC00206507,"PETOSKEY","EMMET",599,45.37,-84.98,0.0,0.0,0.0,0.0,0.0,0.0,0.0,0.0,0.0,0.0,0.0,0.0,0.0,0.0,0.0,0.0,0.0,0.0,0.0,0.0,0.0,0.0,0.0,0.0,0.0,0.0,0.0,0.0,0.0,0.0,0.0
US1MIEM0008,"PETOSKEY 1.7 SSW","EMMET",882,45.34,-84.97,0.0,0.0,0.0,M,M,0.0,0.0,0.0,0.0,0.0,0.0,M,0.0,M,0.0,0.0,0.0,0.0,0.0,0.0,0.0,0.0,0.0,0.0,M,M,M,M,0.0,M,0.0
USC00206510,"PETOSKEY NCMC","EMMET",748,45.36,-84.95,0.0,0.0,0.0,0.0,0.0,0.0,0.0,0.0,0.0,0.0,0.0,0.0,0.0,0.0,T,0.1,0.0,0.0,0.0,0.0,0.0,0.0,0.0,0.0,0.0,0.0,0.0,0.0,0.0,0.0,0.0
USC00206583,"PICKFORD 3NE","CHIPPEWA",629,46.19,-84.32,0.0,0.0,0.0,0.0,0.0,0.0,0.0,0.0,0.0,0.0,0.0,0.0,0.0,0.0,1.0,0.0,0.0,0.0,0.0,0.0,0.0,0.0,0.0,0.0,0.0,0.0,0.0,0.0,0.0,0.0,0.0
US1MILV0015,"PINCKNEY 3.4 NW","LIVINGSTON",910,42.48,-84.00,0.0,0.0,0.0,0.0,0.0,0.0,M,M,M,0.0,0.0,M,M,M,0.0,M,0.0,0.0,0.0,M,M,M,0.0,M,M,M,M,M,0.0,M,M
US1MIBR0009,"PLAINWELL 5.4 E","BARRY",913,42.45,-85.54,M,M,M,M,M,M,0.0,0.0,M,M,M,M,M,M,M,M,M,M,0.0,0.0,M,M,M,M,M,M,M,M,M,M,M
US1MIOK0013,"PLEASANT RIDGE 0.5 WNW","OAKLAND",657,42.47,-83.15,M,M,0.0,M,M,M,M,M,M,M,M,M,M,M,M,0.0,M,0.0,0.0,M,M,M,M,M,M,M,0.0,M,M,M,0.0
US1MIWS0003,"PLYMOUTH 5.4 W","WASHTENAW",874,42.38,-83.57,M,M,0.0,M,M,0.0,M,M,0.0,M,M,M,M,M,T,M,M,M,0.0,0.0,M,0.0,0.0,0.0,0.0,M,0.0,M,M,M,M
USC00206680,"PORT HURON","ST. CLAIR",590,42.97,-82.42,0.0,0.0,0.0,0.0,0.0,0.0,0.0,0.0,0.0,0.0,0.0,0.0,0.0,0.0,T,0.0,0.0,0.0,0.0,0.0,0.0,0.0,0.0,0.0,0.0,0.0,0.0,0.0,0.0,0.0,0.0
US1MISC0003,"PORT HURON 1.6 W","ST. CLAIR",611,43.00,-82.46,0.0,0.0,0.0,0.0,0.0,0.0,0.0,0.0,0.0,0.0,0.0,0.0,0.0,0.0,0.0,T,0.0,0.0,0.0,0.0,0.0,0.0,0.0,0.0,0.0,0.0,0.0,0.0,0.0,0.0,0.0
USC00206780,"QUINCY HILL","HOUGHTON",1145,47.14,-88.58,0.0,0.0,0.0,0.0,0.0,0.0,0.0,0.0,0.0,0.0,0.0,0.0,0.0,1.4,0.0,0.0,0.0,0.0,0.0,0.0,0.0,0.0,0.0,0.0,0.0,0.0,0.0,0.0,0.0,0.0,0.0
US1MIMB0024,"RAY 2.1 WNW","MACOMB",705,42.78,-82.94,M,M,M,M,M,M,M,M,0.0,0.0,M,M,M,M,M,0.0,M,0.0,0.0,0.0,M,M,M,0.0,0.0,M,0.0,M,M,M,0.0
USC00206982,"RICHMOND 4 NNW","MACOMB",765,42.88,-82.80,0.0,0.0,0.0,0.0,0.0,0.0,0.0,0.0,0.0,0.0,0.0,0.0,0.0,0.0,0.0,T,0.0,0.0,0.0,0.0,0.0,0.0,0.0,0.0,0.0,0.0,0.0,0.0,0.0,0.0,0.0
US1MIJC0014,"RIVES JUNCTION 4.0 NW","JACKSON",939,42.41,-84.53,M,M,M,M,M,0.0,0.0,M,0.0,M,M,M,M,M,T,M,M,0.0,0.0,0.0,0.0,0.0,0.0,0.0,0.0,M,0.0,M,M,0.0,0.0
USC00207070,"ROCKFORD","KENT",717,43.12,-85.56,0.0,0.0,0.0,0.0,0.0,0.0,0.0,0.0,0.0,M,M,0.0,0.0,0.0,0.0,T,0.0,0.0,0.0,0.0,0.0,0.0,0.0,0.0,0.0,0.0,0.0,0.0,0.0,0.0,M
US1MIKN0081,"ROCKFORD 0.9 NNE","KENT",755,43.14,-85.55,M,M,0.0,M,M,0.0,0.0,M,0.0,M,M,M,M,M,T,T,0.0,0.0,M,0.0,M,0.0,0.0,0.0,0.0,M,0.0,M,0.0,0.0,0.0
USC00207096,"ROGERS CITY #2","PRESQUE ISLE",635,45.41,-83.81,0.0,0.0,0.0,0.0,0.0,0.0,0.0,0.0,0.0,0.0,0.0,0.0,0.0,0.0,T,0.0,0.0,0.0,0.0,0.0,0.0,0.0,0.0,0.0,0.0,0.0,0.0,0.0,0.0,0.0,0.0
US1MIPI0001,"ROGERS CITY 0.2 WSW","PRESQUE ISLE",602,45.42,-83.81,0.0,0.0,M,M,M,0.0,M,M,0.0,0.0,M,M,M,M,M,M,M,M,M,M,M,0.0,0.0,0.0,M,M,M,M,M,0.0,0.0
US1MIMB0033,"ROSEVILLE 1.7 ENE","MACOMB",592,42.51,-82.90,0.0,0.0,0.0,0.0,0.0,0.0,0.0,0.0,0.0,0.0,0.0,0.0,0.0,0.0,0.0,T,0.0,0.0,0.0,0.0,0.0,0.0,0.0,0.0,0.0,0.0,0.0,M,M,M,0.0
US1MIOK0098,"ROYAL OAK 1.0 S","OAKLAND",658,42.49,-83.16,0.0,0.0,0.0,0.0,M,0.0,0.0,M,0.0,M,M,0.0,M,M,M,T,M,0.0,0.0,0.0,M,M,M,M,M,M,M,M,M,M,0.0
USC00207188,"RUDYARD 4S","CHIPPEWA",661,46.18,-84.60,0.0,0.0,0.0,0.0,0.0,0.0,0.0,0.0,0.0,0.0,0.0,0.0,0.0,0.0,T,T,0.0,0.0,0.0,0.0,0.0,0.0,0.0,0.0,0.0,0.0,0.0,0.0,0.0,0.0,0.0
USC00207222,"SAGINAW #3","SAGINAW",600,43.41,-83.96,0.0,0.0,0.0,M,M,M,0.0,0.0,0.0,0.0,M,M,M,0.0,0.0,M,0.0,0.0,M,M,0.0,0.0,0.0,0.0,0.0,0.0,0.0,0.0,0.0,0.0,0.0
US1MISG0011,"SAGINAW 3.0 NW","SAGINAW",609,43.46,-83.98,0.0,M,0.0,M,M,0.0,0.0,0.0,0.0,0.0,M,M,0.0,M,T,T,M,0.0,0.0,0.0,0.0,0.0,0.0,0.0,0.0,M,M,M,M,0.0,M
USC00207225,"SAGINAW 5W","SAGINAW",590,43.42,-84.06,0.0,0.0,0.0,0.0,0.0,0.0,0.0,0.0,M,0.0,0.0,0.0,0.0,0.0,0.0,0.0,0.0,0.0,0.0,0.0,M,M,M,M,M,0.0,0.0,0.0,0.0,0.0,0.0
USW00014845,"SAGINAW MBS INTL AP","SAGINAW",660,43.53,-84.08,0.0,0.0,0.0,0.0,0.0,0.0,0.0,0.0,0.0,0.0,0.0,0.0,0.0,0.0,0.0,0.0,0.0,0.0,0.0,0.0,0.0,0.0,0.0,0.0,0.0,0.0,0.0,0.0,0.0,0.0,0.0
USC00207308,"SALINE","WASHTENAW",750,42.16,-83.78,M,M,M,M,M,M,M,M,M,M,M,M,M,M,T,M,M,M,M,M,M,M,M,M,M,M,M,M,M,M,M
US1MIIN0001,"SARANAC 2.6 NE","IONIA",667,42.96,-85.17,0.0,0.0,0.0,0.0,0.0,0.0,0.0,0.0,0.0,0.0,0.0,0.0,0.0,0.0,0.2,T,0.0,0.0,0.0,0.0,0.0,0.0,0.0,0.0,0.0,0.0,0.0,0.0,0.0,0.0,0.0
USC00207364,"SAULT STE MARIE","CHIPPEWA",630,46.49,-84.41,0.0,0.0,0.0,0.0,0.0,0.0,0.0,0.0,0.0,0.0,0.0,0.0,0.0,0.0,0.3,T,0.0,0.0,0.0,0.0,0.0,0.0,0.0,0.0,0.0,0.0,0.0,0.0,0.0,0.0,0.0
USW00014847,"SAULT STE MARIE SANDERSON FIELD","CHIPPEWA",722,46.48,-84.36,0.0,0.0,0.0,0.0,0.0,0.0,0.0,0.0,0.0,0.0,0.0,0.0,0.0,0.1,0.2,0.0,0.0,0.0,0.0,0.0,0.0,0.0,0.0,0.0,0.0,0.0,0.0,0.0,0.0,0.0,0.0
US1MICP0011,"SAULT STE. MARIE 7.8 SE","CHIPPEWA",601,46.39,-84.27,0.0,M,0.0,M,M,M,M,M,0.0,0.0,M,0.0,M,M,0.4,M,M,0.0,0.0,M,M,0.0,M,M,M,M,M,M,M,M,M
USC00207407,"SCOTTVILLE 2SE","MASON",666,43.93,-86.25,M,0.0,0.0,0.0,0.0,0.0,0.0,0.0,0.0,0.0,0.0,0.0,0.0,0.0,0.3,0.0,0.0,0.0,0.0,M,M,M,M,M,0.0,0.0,0.0,0.0,0.0,0.0,0.0
US1MIMS0001,"SCOTTVILLE 6.6 NNW","MASON",688,44.04,-86.34,M,M,M,M,M,M,M,M,M,0.0,M,0.0,0.0,M,T,M,M,M,M,M,M,M,0.0,0.0,M,M,M,M,0.0,0.0,M
US1MIMB0007,"SHELBY 0.4 SSE","MACOMB",680,42.67,-83.03,M,M,M,M,M,0.0,0.0,M,0.0,0.0,M,0.0,M,M,M,M,M,0.0,0.0,0.0,0.0,0.0,0.0,0.0,0.0,M,0.0,0.0,M,M,0.0
US1MIMB0030,"SHELBY 2.6 SW","MACOMB",706,42.64,-83.07,M,M,M,M,M,0.0,M,M,M,0.0,M,M,M,M,M,M,0.0,0.0,0.0,0.0,0.0,0.0,0.0,M,M,M,M,0.0,M,M,M
US1MIAN0018,"SHELBYVILLE 1.2 NNE","ALLEGAN",835,42.61,-85.63,M,M,0.0,M,M,0.0,0.0,0.0,0.0,M,M,M,M,M,0.0,0.0,M,0.0,0.0,0.0,0.0,0.0,0.0,0.0,0.0,M,0.0,0.0,0.0,0.0,0.0
US1MIIS0005,"SHEPHERD 3.7 SSE","ISABELLA",782,43.47,-84.67,M,M,0.0,M,M,0.0,M,0.0,0.0,0.0,M,M,M,M,M,M,M,0.0,0.0,0.0,0.0,0.0,0.0,0.0,0.0,M,0.0,M,0.0,0.0,0.0
US1MIOG0005,"SKIDWAY LAKE 1.7 SW","OGEMAW",784,44.18,-84.07,M,M,M,M,M,M,M,M,0.0,0.0,0.0,M,M,M,T,T,M,0.0,0.0,0.0,0.0,0.0,0.0,0.0,M,M,M,M,M,M,M
USC00207684,"SOUTH BOARDMAN 2W","KALKASKA",1046,44.64,-85.32,0.0,0.0,0.0,0.0,0.0,0.0,0.0,0.0,0.0,0.0,0.0,0.0,0.0,T,T,0.0,0.0,0.0,0.0,0.0,0.0,0.0,0.0,0.0,0.0,0.0,0.0,0.0,0.0,0.0,0.0
US1MIOK0074,"SOUTH LYON 0.5 NW","OAKLAND",921,42.46,-83.66,0.0,M,M,M,M,M,M,M,M,0.0,0.0,0.0,0.0,M,M,T,0.0,0.0,0.0,0.0,0.0,0.0,0.0,0.0,0.0,0.0,0.0,0.0,0.0,0.0,0.0
US1MIMM0001,"SPALDING 0.5 NW","MENOMINEE",862,45.70,-87.52,0.0,0.0,0.0,M,0.0,0.0,0.0,0.0,0.0,0.0,0.0,0.0,M,M,0.0,M,M,M,M,M,M,M,M,M,M,M,M,M,M,M,M
US1MIKN0042,"SPARTA 2.8 W","KENT",818,43.16,-85.76,M,M,0.0,M,M,0.0,0.0,0.0,0.0,M,M,M,M,M,M,M,M,0.0,0.0,0.0,0.0,0.0,0.0,0.0,0.0,M,M,M,M,M,0.0
USC00207277,"ST JAMES 4SSW BEAVER IS","CHARLEVOIX",672,45.69,-85.55,0.0,0.0,0.0,0.0,0.0,0.0,0.0,0.0,0.0,0.0,0.0,0.0,0.0,0.0,T,0.0,0.0,0.0,0.0,0.0,0.0,0.0,0.0,0.0,0.0,0.0,0.0,0.0,0.0,0.0,0.0
USC00207275,"ST. IGNACE","MACKINAC",661,45.86,-84.72,0.0,0.0,0.0,0.0,0.0,0.0,0.0,0.0,0.0,0.0,0.0,0.0,0.0,0.0,0.0,T,0.0,0.0,0.0,0.0,0.0,0.0,0.0,0.0,0.0,0.0,0.0,0.0,0.0,0.0,0.0
US1MIMC0005,"ST. IGNACE 0.6 WSW","MACKINAC",701,45.86,-84.74,0.0,0.0,0.0,M,M,0.0,0.0,0.0,0.0,0.0,0.0,0.0,M,M,0.0,M,M,0.0,0.0,0.0,0.0,0.0,0.0,0.0,M,M,0.0,M,M,M,0.0
US1MIBN0013,"ST. JOSEPH 1.5 SSE","BERRIEN",632,42.08,-86.48,M,M,0.0,M,0.0,0.0,0.0,0.0,0.0,M,M,M,M,M,M,0.0,M,0.0,0.0,0.0,0.0,0.0,0.0,0.0,0.0,M,0.0,M,M,M,M
USC00207812,"STAMBAUGH 2SSE","IRON",1450,46.06,-88.63,M,M,M,M,M,M,M,M,M,M,M,M,M,T,M,M,M,M,M,M,M,M,M,M,M,M,M,M,M,M,M
USC00207820,"STANDISH 4NE","ARENAC",615,44.01,-83.90,0.0,0.0,0.0,0.0,0.0,0.0,0.0,0.0,0.0,0.0,0.0,0.0,0.0,0.0,0.0,0.0,0.0,0.0,0.0,0.0,0.0,0.0,0.0,0.0,0.0,0.0,0.0,0.0,0.0,0.0,0.0
US1MIMT0005,"STANTON 5.0 ENE","MONTCALM",922,43.31,-84.99,M,M,0.0,0.0,M,0.0,0.0,0.0,0.0,0.0,M,M,M,M,T,M,0.0,0.0,0.0,0.0,0.0,0.0,0.0,0.0,0.0,M,M,M,0.0,0.0,0.0
US1MIBN0002,"STEVENSVILLE 1.7 SSE","BERRIEN",616,41.99,-86.51,M,M,M,M,M,0.0,M,M,M,M,M,M,M,M,M,M,M,M,M,M,M,M,M,M,M,M,M,M,0.0,0.0,0.0
USC00207891,"STEVENSVILLE 1SE","BERRIEN",590,42.00,-86.52,0.0,0.0,0.0,0.0,0.0,0.0,0.0,0.0,0.0,0.0,0.0,0.0,0.0,0.0,0.0,0.0,0.0,0.0,0.0,0.0,0.0,0.0,0.0,0.0,0.0,0.0,0.0,0.0,0.0,0.0,0.0
USC00208043,"TAHQUAMENON FALLS S P","CHIPPEWA",745,46.60,-85.22,0.0,0.0,0.0,0.0,0.0,0.0,0.0,0.0,0.0,0.0,0.0,0.0,0.0,0.0,0.0,0.0,0.0,0.0,0.0,0.0,0.0,0.0,0.0,0.0,0.0,0.0,0.0,0.0,0.0,0.0,0.0
USC00208184,"THREE RIVERS","ST. JOSEPH",810,41.93,-85.64,0.0,0.0,0.0,0.0,0.0,0.0,0.0,0.0,0.0,0.0,0.0,0.0,0.0,0.0,T,T,0.0,0.0,0.0,0.0,0.0,0.0,0.0,0.0,0.0,0.0,0.0,0.0,0.0,0.0,0.0
USC00208202,"TIPTON 2WNW","LENAWEE",970,42.03,-84.11,M,M,M,M,M,M,M,M,M,M,M,M,M,M,0.0,M,M,M,M,M,M,M,M,M,M,M,M,M,M,M,M
US1MIGT0016,"TRAVERSE CITY 0.9 NNE","GRAND TRAVERSE",594,44.77,-85.59,M,M,0.0,M,0.0,0.0,0.0,0.0,0.0,0.0,0.0,M,M,M,M,M,0.0,0.0,0.0,M,0.0,0.0,0.0,0.0,M,M,M,M,M,M,M
US1MIGT0001,"TRAVERSE CITY 4.1 E","GRAND TRAVERSE",641,44.75,-85.52,M,M,M,M,M,M,M,M,M,M,M,M,M,M,0.0,0.0,0.0,0.0,0.0,0.0,0.0,0.0,0.0,0.0,0.0,M,M,M,M,M,M
USC00208249,"TRAVERSE CITY MUNSON","GRAND TRAVERSE",635,44.76,-85.64,0.0,0.0,0.0,0.0,0.0,0.0,0.0,0.0,0.0,0.0,0.0,0.0,0.0,0.0,0.5,0.0,0.0,0.0,0.0,0.0,0.0,0.0,0.0,0.0,0.0,0.0,0.0,0.0,0.0,0.0,0.0
US1MIMT0002,"TRUFANT 0.1 SE","MONTCALM",846,43.31,-85.35,M,M,M,M,M,M,M,0.0,M,M,M,M,M,M,M,0.0,0.0,0.0,0.0,0.0,0.0,0.0,0.0,0.0,0.0,M,0.0,M,0.0,0.0,0.0
US1MIMG0020,"TWIN LAKE 0.5 WSW","MUSKEGON",691,43.37,-86.19,M,M,0.0,M,M,0.0,M,M,M,M,M,M,M,M,M,M,0.0,0.0,M,M,M,M,0.0,0.0,0.0,M,0.0,M,M,0.0,M
US1MIMB0054,"UTICA 2.9 E","MACOMB",602,42.64,-82.97,M,M,M,M,M,0.0,0.0,M,0.0,0.0,M,0.0,M,M,M,M,0.0,0.0,0.0,0.0,0.0,0.0,0.0,0.0,0.0,0.0,0.0,0.0,M,M,0.0
US1MIMB0011,"UTICA 4.6 ENE","MACOMB",597,42.65,-82.94,M,M,M,M,M,0.0,M,M,M,M,0.0,M,M,M,M,M,0.0,0.0,M,M,M,M,0.0,M,M,M,M,M,M,M,M
USC00208417,"VANDERBILT 11ENE","OTSEGO",905,45.17,-84.44,0.0,0.0,0.0,0.0,0.0,0.0,0.0,0.0,0.0,0.0,0.0,0.0,0.0,0.0,0.0,0.0,0.0,0.0,0.0,0.0,0.0,0.0,0.0,0.0,0.0,0.0,0.0,0.0,0.0,0.0,0.0
USC00208443,"VASSAR","TUSCOLA",630,43.37,-83.58,M,M,M,M,M,M,M,M,M,M,M,M,M,M,M,T,M,M,M,M,M,M,M,M,M,M,M,M,M,M,M
US1MIOK0035,"WATERFORD 2.1 NW","OAKLAND",982,42.69,-83.41,M,M,M,M,M,M,0.0,M,M,M,M,M,M,M,M,M,0.0,0.0,0.0,0.0,0.0,0.0,0.0,0.0,0.0,M,0.0,0.0,0.0,M,0.0
US1MIOK0031,"WATERFORD 2.6 N","OAKLAND",965,42.70,-83.39,M,M,M,M,M,0.0,0.0,M,0.0,M,M,0.0,M,M,M,T,M,M,0.0,0.0,0.0,0.0,0.0,0.0,0.0,M,0.0,0.0,M,M,0.0
USC00208682,"WATERSMEET 12WSW","GOGEBIC",1690,46.22,-89.41,M,M,M,M,M,M,M,M,M,M,M,M,M,0.5,T,M,M,M,M,M,M,M,M,M,M,M,M,M,M,M,M
US1MIGG0004,"WATERSMEET 5.0 SE","GOGEBIC",1701,46.20,-89.13,M,M,M,M,M,M,0.0,0.0,0.0,0.0,0.0,0.0,0.0,0.3,0.2,0.0,0.0,0.0,0.0,0.0,0.0,0.0,0.0,0.0,0.0,M,M,M,M,M,0.0
US1MIBN0007,"WATERVLIET 0.7 NNE","BERRIEN",649,42.20,-86.25,M,M,0.0,M,M,0.0,0.0,M,0.0,M,M,M,M,M,0.0,0.0,M,0.0,0.0,0.0,M,M,M,M,M,M,0.0,M,M,M,M
USC00208706,"WATTON","BARAGA",1426,46.51,-88.67,0.0,0.0,0.0,0.0,0.0,0.0,0.0,0.0,0.0,0.0,0.0,0.0,0.0,0.0,0.8,0.6,0.0,0.0,0.0,0.0,0.0,0.0,0.0,0.0,0.0,0.0,0.0,0.0,0.0,0.0,0.0
US1MIAN0001,"WAYLAND 2.0 W","ALLEGAN",739,42.67,-85.68,M,M,0.0,M,M,0.0,0.0,0.0,0.0,M,M,M,M,M,0.0,T,M,0.0,0.0,0.0,0.0,0.0,0.0,0.0,0.0,M,0.0,M,M,0.0,0.0
USC00208774,"WELLSTON 1N","MANISTEE",773,44.23,-85.96,0.0,0.0,0.0,0.0,0.0,0.0,0.0,0.0,0.0,0.0,0.0,0.0,0.0,0.0,0.5,0.0,0.0,0.0,0.0,0.0,0.0,0.0,0.0,0.0,0.0,0.0,0.0,0.0,0.0,0.0,0.0
US1MIMN0006,"WELLSTON 3.9 WNW","MANISTEE",730,44.23,-86.04,0.0,0.0,0.0,0.0,0.0,0.0,0.0,0.0,M,M,0.0,0.0,0.0,0.0,0.0,0.0,0.0,M,M,M,0.0,0.0,0.0,0.0,0.0,0.0,0.0,0.0,0.0,0.0,0.0
USC00208772,"WELLSTON TIPPY DAM","MANISTEE",650,44.26,-85.94,0.0,0.0,0.0,0.0,0.0,0.0,0.0,0.0,0.0,0.0,0.0,0.0,0.0,0.0,T,0.0,0.0,0.0,0.0,0.0,0.0,0.0,0.0,0.0,0.0,0.0,0.0,0.0,0.0,0.0,0.0
USC00208779,"WEST BLOOMFIELD","OAKLAND",890,42.54,-83.34,0.0,0.0,0.0,0.0,0.0,M,M,M,M,M,M,M,0.0,0.0,T,T,0.0,M,M,M,M,M,M,M,M,M,M,M,M,M,M
USC00208800,"WEST BRANCH 3SE","OGEMAW",885,44.25,-84.20,0.0,0.0,0.0,0.0,0.0,0.0,0.0,0.0,0.0,0.0,0.0,0.0,0.0,0.0,0.0,T,0.0,0.0,0.0,0.0,0.0,0.0,0.0,0.0,0.0,0.0,0.0,0.0,0.0,0.0,0.0
US1MIKZ0006,"WESTERN MICHIGAN UNIVERSITY","KALAMAZOO",892,42.28,-85.61,0.0,0.0,0.0,0.0,0.0,0.0,0.0,0.0,0.0,0.0,0.0,0.0,0.0,0.0,T,0.0,M,M,M,M,M,M,M,M,M,M,M,M,M,M,M
US1MINW0007,"WHITE CLOUD 2.9 NW","NEWAYGO",967,43.59,-85.80,M,0.0,M,M,M,M,M,0.0,M,M,0.0,M,M,M,M,M,0.0,M,0.0,0.0,0.0,0.0,0.0,0.0,M,M,M,M,M,0.0,0.0
US1MINW0008,"WHITE CLOUD 7.5 ENE","NEWAYGO",978,43.61,-85.64,M,M,0.0,M,M,0.0,0.0,0.0,0.0,M,M,0.0,M,M,0.2,T,0.0,0.0,0.0,0.0,0.0,0.0,0.0,0.0,M,M,0.0,M,M,0.0,0.0
US1MIOK0077,"WHITE LAKE 0.5 E","OAKLAND",1039,42.69,-83.55,M,M,M,M,M,M,0.0,M,0.0,M,M,0.0,M,M,M,M,M,0.0,0.0,0.0,0.0,0.0,0.0,0.0,M,M,M,M,M,M,M
US1MIOK0093,"WHITE LAKE 3.2 N","OAKLAND",1030,42.71,-83.48,M,M,M,M,M,0.0,M,M,M,M,M,M,M,M,M,M,M,0.0,0.0,0.0,M,0.0,0.0,M,M,M,M,0.0,M,M,M
USC00208941,"WHITE LAKE 4E","OAKLAND",1053,42.70,-83.47,0.0,0.0,0.0,0.0,0.0,0.0,0.0,0.0,0.0,0.0,0.0,0.0,0.0,T,T,0.0,0.0,0.0,0.0,0.0,0.0,0.0,0.0,0.0,0.0,0.0,0.0,0.0,0.0,0.0,0.0
US1MIOK0050,"WHITE LAKE 5.2 SSE","OAKLAND",957,42.62,-83.54,M,M,M,M,M,0.0,M,M,M,M,M,M,M,M,M,M,M,M,M,M,M,M,M,0.0,M,0.0,0.0,0.0,M,M,M
US1MIIH0032,"WILLIAMSTON 4.0 ESE","INGHAM",890,42.66,-84.22,M,M,M,0.0,M,0.0,0.0,0.0,0.0,M,M,M,M,M,M,T,0.0,0.0,0.0,0.0,0.0,0.0,0.0,0.0,0.0,M,0.0,0.0,M,0.0,0.0
US1MIMG0015,"WOLF LAKE 3.2 ESE","MUSKEGON",675,43.23,-86.05,M,M,0.0,M,M,0.0,0.0,0.0,M,M,M,M,M,M,M,M,M,M,M,M,M,M,M,M,M,M,M,M,M,M,M
USC00209110,"WYANDOTTE","WAYNE",580,42.20,-83.17,0.0,0.0,0.0,0.0,0.0,0.0,0.0,0.0,0.0,0.0,0.0,0.0,0.0,0.0,T,T,0.0,0.0,0.0,0.0,0.0,0.0,0.0,0.0,0.0,0.0,0.0,0.0,0.0,0.0,0.0
US1MIKN0039,"WYOMING 0.5 NNE","KENT",686,42.90,-85.70,M,M,0.0,M,M,0.0,0.0,M,0.0,M,M,M,M,M,M,0.0,M,0.0,0.0,0.0,0.0,0.0,0.0,0.0,0.0,M,M,M,M,0.0,0.0
USC00209188,"YALE 1 NNW","ST. CLAIR",820,43.14,-82.80,0.0,0.0,0.0,0.0,0.0,0.0,0.0,M,0.0,0.0,0.0,0.0,0.0,0.0,T,0.0,0.0,0.0,0.0,0.0,0.0,M,0.0,0.0,0.0,0.0,0.0,M,0.0,0.0,0.0
US1MIWS0036,"YPSILANTI 4.5 S","WASHTENAW",709,42.18,-83.61,0.0,0.0,0.0,0.0,0.0,0.0,0.0,0.0,0.0,0.0,0.0,0.0,0.0,0.0,0.0,T,0.0,0.0,0.0,0.0,0.0,0.0,0.0,0.0,0.0,M,0.0,0.0,0.0,M,0.0
