Iowa Snowfall, June 2018
"GHCN ID","Station Name",County,Elevation,Latitude,Longitude,"Jun 1","Jun 2","Jun 3","Jun 4","Jun 5","Jun 6","Jun 7","Jun 8","Jun 9","Jun 10","Jun 11","Jun 12","Jun 13","Jun 14","Jun 15","Jun 16","Jun 17","Jun 18","Jun 19","Jun 20","Jun 21","Jun 22","Jun 23","Jun 24","Jun 25","Jun 26","Jun 27","Jun 28","Jun 29","Jun 30"
US1IAWS0002,"AINSWORTH 7.4 N","WASHINGTON",721,41.40,-91.54,0.0,0.0,M,0.0,0.0,0.0,M,0.0,0.0,M,M,M,0.0,M,M,0.0,0.0,0.0,0.0,M,M,M,M,M,0.0,M,M,0.0,M,0.0
USC00130088,"AKRON","PLYMOUTH",1198,42.83,-96.55,0.0,0.0,0.0,0.0,0.0,0.0,0.0,0.0,0.0,0.0,0.0,0.0,0.0,0.0,0.0,0.0,0.0,0.0,0.0,0.0,0.0,0.0,0.0,0.0,0.0,0.0,0.0,0.0,0.0,0.0
USC00130112,"ALBIA 3 NNE","MONROE",880,41.07,-92.79,0.0,0.0,0.0,0.0,0.0,0.0,0.0,0.0,0.0,0.0,0.0,0.0,0.0,0.0,0.0,0.0,0.0,0.0,0.0,0.0,0.0,0.0,M,M,0.0,0.0,0.0,0.0,0.0,0.0
USC00130133,"ALGONA","KOSSUTH",1214,43.07,-94.22,0.0,0.0,0.0,0.0,0.0,0.0,0.0,0.0,0.0,0.0,0.0,0.0,0.0,0.0,0.0,0.0,0.0,0.0,0.0,0.0,0.0,0.0,0.0,0.0,0.0,0.0,0.0,0.0,0.0,0.0
US1IAKS0004,"ALGONA 0.7 SE","KOSSUTH",1220,43.07,-94.22,0.0,M,M,0.0,0.0,0.0,M,M,M,0.0,0.0,M,0.0,M,M,0.0,0.0,M,M,M,M,M,0.0,M,M,M,0.0,0.0,0.0,0.0
USC00130149,"ALLERTON","WAYNE",1085,40.70,-93.37,0.0,0.0,0.0,0.0,0.0,0.0,0.0,0.0,0.0,0.0,0.0,0.0,0.0,0.0,0.0,0.0,0.0,0.0,0.0,0.0,0.0,0.0,0.0,0.0,0.0,0.0,0.0,0.0,0.0,0.0
USC00130157,"ALLISON","BUTLER",1038,42.75,-92.80,0.0,0.0,0.0,0.0,0.0,0.0,0.0,0.0,0.0,0.0,0.0,0.0,0.0,0.0,0.0,0.0,0.0,0.0,0.0,0.0,0.0,0.0,0.0,0.0,0.0,0.0,0.0,0.0,0.0,0.0
US1IAPK0083,"ALTOONA 1.5 SSE","POLK",967,41.63,-93.47,0.0,M,0.0,0.0,0.0,0.0,0.0,0.0,0.0,0.0,M,M,0.0,M,0.0,0.0,0.0,M,M,M,M,0.0,0.0,M,M,M,0.0,0.0,M,0.0
US1IAIA0006,"AMANA 4.7 W","IOWA",766,41.81,-91.96,0.0,0.0,0.0,0.0,0.0,0.0,M,0.0,M,M,M,M,0.0,0.0,M,0.0,0.0,0.0,M,M,M,M,0.0,0.0,0.0,M,M,0.0,0.0,0.0
US1IASR0017,"AMES 0.9 ENE","STORY",928,42.03,-93.61,0.0,M,M,0.0,0.0,0.0,M,M,0.0,0.0,M,M,0.0,M,M,0.0,0.0,0.0,M,M,M,M,0.0,0.0,M,M,M,0.0,0.0,0.0
US1IASR0002,"AMES 1.5 NNE","STORY",978,42.04,-93.62,0.0,M,M,0.0,0.0,0.0,M,M,0.0,0.0,M,M,0.0,M,M,0.0,0.0,0.0,M,M,M,M,0.0,0.0,M,M,M,0.0,0.0,0.0
US1IASR0012,"AMES 2.1 N","STORY",961,42.05,-93.63,M,M,0.0,M,M,M,M,M,M,M,M,M,M,0.0,M,0.0,M,M,M,M,M,M,M,M,M,M,M,M,M,0.0
US1IASR0029,"AMES 2.5 W","STORY",1015,42.02,-93.67,0.0,M,M,0.0,0.0,0.0,M,M,M,M,M,M,0.0,M,M,0.0,0.0,0.0,M,M,M,M,M,0.0,M,M,M,M,M,M
USC00130203,"AMES 5 SE","STORY",870,41.95,-93.57,0.0,0.0,0.0,0.0,0.0,0.0,0.0,0.0,M,M,M,M,M,0.0,M,M,M,M,M,M,M,M,M,M,M,M,0.0,0.0,M,M
USC00130200,"AMES 8 WSW","BOONE",1099,42.02,-93.77,0.0,0.0,0.0,0.0,0.0,0.0,0.0,0.0,0.0,0.0,0.0,0.0,0.0,0.0,0.0,0.0,0.0,0.0,0.0,0.0,0.0,0.0,0.0,0.0,0.0,0.0,0.0,0.0,0.0,0.0
USW00094989,"AMES MUNICIPAL AP","STORY",955,41.99,-93.62,0.0,0.0,0.0,0.0,0.0,0.0,0.0,0.0,0.0,0.0,0.0,0.0,0.0,0.0,0.0,0.0,0.0,0.0,0.0,0.0,0.0,0.0,0.0,0.0,0.0,0.0,0.0,0.0,0.0,0.0
USC00130214,"ANAMOSA 3 SSW","JONES",906,42.08,-91.30,0.0,0.0,0.0,0.0,0.0,0.0,0.0,0.0,0.0,0.0,0.0,0.0,0.0,0.0,0.0,0.0,0.0,0.0,0.0,0.0,0.0,0.0,0.0,0.0,0.0,0.0,0.0,0.0,0.0,0.0
US1IACS0002,"ANITA 2.8 ESE","CASS",1358,41.42,-94.72,0.0,M,0.0,0.0,0.0,0.0,M,0.0,0.0,M,M,M,0.0,0.0,0.0,0.0,0.0,0.0,M,M,M,M,0.0,0.0,M,M,M,0.0,M,0.0
US1IAPK0089,"ANKENY 3.7 NNE","POLK",974,41.77,-93.58,0.0,M,0.0,0.0,0.0,0.0,M,M,0.0,0.0,M,M,M,M,M,0.0,0.0,0.0,M,M,M,M,M,0.0,M,M,M,0.0,0.0,0.0
US1IADB0020,"ASBURY 0.4 SW","DUBUQUE",889,42.51,-90.77,M,0.0,M,M,0.0,0.0,M,M,M,M,M,0.0,0.0,M,M,M,0.0,M,M,M,M,M,M,0.0,0.0,M,M,0.0,0.0,0.0
US1IADB0018,"ASBURY 1.0 WNW","DUBUQUE",842,42.52,-90.78,0.0,0.0,M,0.0,0.0,0.0,0.0,0.0,M,M,0.0,0.0,M,0.0,0.0,0.0,0.0,0.0,0.0,0.0,M,M,M,0.0,0.0,M,M,0.0,0.0,M
USC00130364,"ATLANTIC 1 NE","CASS",1152,41.42,-95.00,0.0,0.0,0.0,0.0,0.0,0.0,0.0,0.0,0.0,0.0,0.0,0.0,0.0,0.0,0.0,0.0,0.0,0.0,0.0,0.0,0.0,0.0,0.0,0.0,0.0,0.0,0.0,0.0,0.0,0.0
US1IACS0004,"ATLANTIC 2.2 NW","CASS",1148,41.42,-95.04,M,M,M,M,0.0,M,M,M,M,M,M,M,M,M,M,0.0,M,M,M,M,M,M,M,M,M,M,M,M,M,M
US1IACS0005,"ATLANTIC 7.1 NNE","CASS",1345,41.49,-94.96,0.0,M,0.0,0.0,0.0,0.0,M,0.0,0.0,M,M,M,0.0,0.0,0.0,0.0,0.0,M,M,M,M,M,0.0,0.0,M,M,0.0,0.0,M,M
USC00130385,"AUDUBON","AUDUBON",1280,41.71,-94.92,0.0,0.0,0.0,0.0,0.0,0.0,0.0,0.0,0.0,0.0,0.0,0.0,0.0,0.0,0.0,0.0,0.0,0.0,0.0,0.0,0.0,0.0,0.0,0.0,0.0,0.0,0.0,0.0,0.0,0.0
USC00130389,"AUGUSTA","LEE",629,40.75,-91.28,0.0,0.0,0.0,0.0,0.0,0.0,0.0,0.0,0.0,0.0,0.0,0.0,0.0,0.0,0.0,0.0,0.0,0.0,0.0,0.0,0.0,0.0,0.0,0.0,0.0,0.0,0.0,0.0,0.0,0.0
US1IAWB0005,"BADGER 3.1 NW","WEBSTER",1109,42.64,-94.19,0.0,M,0.0,0.0,0.0,0.0,M,0.0,0.0,0.0,M,M,M,M,M,0.0,0.0,M,M,M,M,0.0,0.0,0.0,0.0,M,M,0.0,0.0,0.0
USC00130512,"BATTLE CREEK 3NE","IDA",1380,42.37,-95.57,0.0,0.0,0.0,0.0,0.0,0.0,0.0,0.0,0.0,0.0,0.0,0.0,0.0,0.0,0.0,0.0,0.0,0.0,0.0,0.0,0.0,0.0,0.0,0.0,0.0,0.0,0.0,0.0,0.0,0.0
USC00130536,"BEACONSFIELD","RINGGOLD",1215,40.81,-94.05,0.0,0.0,0.0,0.0,0.0,0.0,0.0,0.0,0.0,0.0,0.0,0.0,0.0,0.0,0.0,0.0,0.0,0.0,0.0,0.0,0.0,0.0,0.0,0.0,0.0,0.0,0.0,0.0,0.0,0.0
USC00130576,"BEDFORD","TAYLOR",1190,40.67,-94.72,0.0,0.0,0.0,0.0,0.0,M,0.0,0.0,0.0,0.0,0.0,0.0,0.0,0.0,0.0,0.0,0.0,0.0,0.0,0.0,0.0,0.0,0.0,0.0,0.0,0.0,M,0.0,0.0,0.0
US1IATY0004,"BEDFORD 0.5 NW","TAYLOR",1222,40.68,-94.73,0.0,M,M,M,0.0,0.0,M,0.0,M,M,M,M,0.0,0.0,0.0,M,M,M,M,M,M,M,M,M,M,M,0.0,0.0,0.0,M
USC00130600,"BELLE PLAINE","BENTON",810,41.88,-92.28,0.0,0.0,0.0,0.0,0.0,0.0,0.0,0.0,0.0,0.0,0.0,0.0,0.0,0.0,0.0,0.0,0.0,0.0,0.0,0.0,0.0,0.0,0.0,0.0,0.0,0.0,0.0,0.0,0.0,0.0
US1IAJC0005,"BELLEVUE 0.3 SSW","JACKSON",634,42.26,-90.43,M,M,M,M,M,0.0,M,M,M,M,M,M,M,M,M,M,M,M,M,M,M,M,M,M,M,M,M,M,M,M
USC00130608,"BELLEVUE L AND D 12","JACKSON",603,42.26,-90.42,0.0,0.0,0.0,0.0,0.0,0.0,0.0,0.0,0.0,0.0,0.0,0.0,0.0,0.0,0.0,0.0,0.0,0.0,0.0,0.0,0.0,0.0,0.0,0.0,0.0,0.0,0.0,0.0,0.0,0.0
US1IAST0008,"BETTENDORF 2.2 SE","SCOTT",600,41.54,-90.45,0.0,0.0,M,0.0,0.0,0.0,0.0,M,0.0,0.0,0.0,0.0,0.0,0.0,0.0,0.0,0.0,0.0,0.0,0.0,0.0,0.0,0.0,0.0,0.0,0.0,0.0,0.0,0.0,0.0
USC00130753,"BLOOMFIELD","DAVIS",858,40.74,-92.41,0.0,0.0,0.0,0.0,0.0,0.0,0.0,0.0,0.0,0.0,0.0,0.0,0.0,0.0,0.0,0.0,0.0,0.0,0.0,0.0,0.0,0.0,0.0,0.0,0.0,0.0,0.0,M,0.0,0.0
US1IADV0003,"BLOOMFIELD 8.6 SSW","DAVIS",908,40.63,-92.45,0.0,M,0.0,0.0,0.0,0.0,0.0,0.0,M,0.0,0.0,M,0.0,0.0,M,0.0,0.0,0.0,0.0,M,M,M,M,M,0.0,M,0.0,0.0,M,0.0
US1IAPK0080,"BONDURANT 1.0 NNW","POLK",965,41.70,-93.47,M,M,M,M,M,M,M,M,M,M,M,M,0.0,M,M,0.0,0.0,0.0,M,M,M,M,M,0.0,M,M,M,M,M,M
USC00130807,"BOONE","BOONE",1035,42.04,-93.89,0.0,0.0,0.0,0.0,0.0,0.0,0.0,0.0,0.0,0.0,0.0,0.0,0.0,0.0,0.0,0.0,0.0,0.0,0.0,0.0,0.0,0.0,0.0,0.0,0.0,0.0,0.0,0.0,0.0,0.0
USC00130933,"BROOKLYN","POWESHIEK",886,41.74,-92.44,0.0,0.0,0.0,0.0,0.0,0.0,0.0,0.0,0.0,0.0,0.0,0.0,0.0,0.0,0.0,0.0,0.0,0.0,0.0,0.0,0.0,0.0,0.0,0.0,0.0,0.0,0.0,0.0,0.0,0.0
USC00131060,"BURLINGTON 2S","DES MOINES",690,40.77,-91.12,0.0,0.0,0.0,0.0,0.0,0.0,0.0,0.0,0.0,0.0,0.0,0.0,0.0,0.0,0.0,0.0,0.0,0.0,0.0,0.0,0.0,0.0,0.0,0.0,0.0,0.0,0.0,0.0,0.0,0.0
US1IADM0007,"BURLINGTON 6.5 SSW","DES MOINES",556,40.73,-91.19,0.0,0.0,M,0.0,0.0,0.0,0.0,M,M,M,0.0,0.0,0.0,0.0,M,0.0,0.0,0.0,0.0,M,M,M,M,0.0,0.0,0.0,M,0.0,M,0.0
US1IACN0002,"CALAMUS 2.0 NE","CLINTON",718,41.84,-90.73,0.0,0.0,0.0,0.0,0.0,0.0,M,0.0,M,M,0.0,0.0,0.0,0.0,M,0.0,0.0,0.0,M,M,M,M,0.0,0.0,0.0,M,M,0.0,0.0,0.0
USC00131126,"CALMAR NE","WINNESHIEK",1235,43.19,-91.86,0.0,0.0,0.0,0.0,0.0,0.0,0.0,0.0,0.0,0.0,0.0,0.0,0.0,0.0,0.0,0.0,0.0,0.0,0.0,0.0,0.0,0.0,0.0,0.0,0.0,0.0,0.0,0.0,0.0,0.0
US1IACN0005,"CAMANCHE 1.2 W","CLINTON",596,41.80,-90.28,0.0,0.0,0.0,0.0,0.0,0.0,M,M,M,M,M,0.0,0.0,0.0,M,0.0,0.0,0.0,0.0,M,M,M,0.0,0.0,0.0,0.0,M,0.0,0.0,0.0
USC00131233,"CARROLL","CARROLL",1240,42.06,-94.85,0.0,0.0,0.0,0.0,0.0,0.0,0.0,0.0,0.0,0.0,0.0,0.0,0.0,0.0,0.0,0.0,0.0,0.0,0.0,0.0,0.0,0.0,0.0,0.0,0.0,0.0,0.0,0.0,0.0,M
USC00131257,"CASCADE","DUBUQUE",828,42.30,-91.02,0.0,0.0,0.0,0.0,0.0,0.0,0.0,0.0,0.0,0.0,0.0,0.0,0.0,0.0,0.0,0.0,0.0,0.0,0.0,0.0,0.0,0.0,0.0,0.0,0.0,0.0,0.0,0.0,0.0,0.0
US1IABH0003,"CEDAR FALLS 0.4 WNW","BLACK HAWK",965,42.52,-92.46,M,M,M,M,M,M,M,M,M,M,M,M,M,M,M,M,M,M,M,M,M,M,M,M,M,M,M,M,M,0.0
US1IABH0010,"CEDAR FALLS 0.6 N","BLACK HAWK",915,42.53,-92.45,0.0,0.0,M,0.0,0.0,M,0.0,M,0.0,M,M,0.0,0.0,0.0,M,0.0,0.0,0.0,M,M,M,M,M,0.0,M,M,M,0.0,M,0.0
US1IABH0007,"CEDAR FALLS 1.4 SSE","BLACK HAWK",889,42.50,-92.44,0.0,0.0,M,0.0,0.0,0.0,M,M,0.0,M,M,0.0,0.0,0.0,M,0.0,0.0,0.0,M,M,M,M,0.0,0.0,0.0,M,M,0.0,0.0,0.0
US1IALN0005,"CEDAR RAPIDS 2.1 ENE","LINN",806,41.99,-91.63,M,M,M,M,M,M,M,M,M,M,M,0.0,M,M,M,M,M,M,M,M,M,M,M,M,M,M,M,M,M,M
US1IALN0031,"CEDAR RAPIDS 2.7 NE","LINN",844,42.00,-91.63,M,M,M,M,M,M,M,M,M,M,M,0.0,0.0,M,M,M,M,M,M,M,M,M,0.0,0.0,0.0,M,M,0.0,0.0,0.0
USC00131319,"CEDAR RAPIDS NO 1","LINN",813,42.05,-91.59,0.0,0.0,0.0,0.0,0.0,0.0,0.0,0.0,0.0,0.0,0.0,0.0,0.0,0.0,0.0,0.0,0.0,0.0,0.0,0.0,0.0,0.0,0.0,0.0,0.0,0.0,0.0,0.0,0.0,0.0
US1IAJN0010,"CENTER JUNCTION 2.6 W","JONES",973,42.11,-91.14,0.0,0.0,0.0,0.0,0.0,0.0,0.0,0.0,M,M,0.0,0.0,0.0,M,0.0,0.0,0.0,0.0,M,M,M,M,M,M,0.0,M,M,M,0.0,0.0
US1IALN0030,"CENTER POINT 0.6 NNW","LINN",808,42.19,-91.78,0.0,0.0,M,0.0,0.0,0.0,0.0,0.0,M,M,0.0,0.0,M,0.0,M,0.0,0.0,0.0,M,M,M,M,M,0.0,0.0,M,M,0.0,0.0,0.0
USC00131354,"CENTERVILLE","APPANOOSE",905,40.73,-92.89,0.0,0.0,0.0,0.0,0.0,0.0,0.0,0.0,0.0,0.0,0.0,0.0,0.0,0.0,0.0,0.0,0.0,0.0,0.0,0.0,0.0,0.0,0.0,0.0,0.0,0.0,0.0,0.0,0.0,0.0
USC00131363,"CENTRAL CITY","LINN",828,42.20,-91.52,0.0,0.0,0.0,0.0,0.0,0.0,0.0,0.0,0.0,0.0,0.0,0.0,0.0,0.0,0.0,0.0,0.0,0.0,0.0,0.0,0.0,0.0,0.0,0.0,0.0,0.0,0.0,0.0,0.0,0.0
US1IALN0007,"CENTRAL CITY 6.7 W","LINN",942,42.20,-91.65,0.0,0.0,M,0.0,0.0,M,0.0,M,M,M,M,0.0,M,0.0,M,0.0,0.0,0.0,M,M,M,M,0.0,0.0,0.0,M,M,M,0.0,0.0
USC00131394,"CHARITON 1 E","LUCAS",965,41.02,-93.28,0.0,0.0,0.0,0.0,0.0,0.0,0.0,0.0,0.0,0.0,0.0,0.0,0.0,0.0,0.0,0.0,0.0,0.0,0.0,0.0,0.0,0.0,0.0,0.0,0.0,0.0,0.0,0.0,0.0,0.0
USC00131402,"CHARLES CITY","FLOYD",993,43.06,-92.67,0.0,0.0,0.0,0.0,0.0,0.0,0.0,0.0,0.0,0.0,0.0,0.0,0.0,0.0,0.0,0.0,0.0,0.0,0.0,0.0,0.0,0.0,0.0,0.0,0.0,0.0,0.0,0.0,0.0,0.0
USC00131442,"CHEROKEE","CHEROKEE",1210,42.76,-95.54,0.0,0.0,0.0,0.0,0.0,0.0,0.0,0.0,0.0,0.0,0.0,0.0,0.0,0.0,0.0,0.0,0.0,0.0,0.0,0.0,0.0,0.0,0.0,0.0,0.0,0.0,0.0,0.0,0.0,0.0
US1IAGN0004,"CHURDAN 1.0 S","GREENE",1119,42.14,-94.47,0.0,M,0.0,0.0,0.0,0.0,M,0.0,0.0,0.0,M,M,0.0,M,M,0.0,0.0,0.0,M,M,M,M,0.0,0.0,M,M,M,0.0,0.0,0.0
USC00131533,"CLARINDA","PAGE",980,40.72,-95.02,0.0,0.0,0.0,0.0,0.0,0.0,0.0,0.0,0.0,0.0,0.0,0.0,0.0,0.0,0.0,0.0,0.0,0.0,0.0,0.0,0.0,0.0,0.0,0.0,0.0,0.0,0.0,0.0,0.0,0.0
USC00131541,"CLARION","WRIGHT",1156,42.72,-93.73,0.0,M,M,0.0,0.0,0.0,0.0,0.0,M,M,0.0,0.0,0.0,0.0,0.0,M,M,0.0,0.0,0.0,0.0,0.0,M,M,0.0,0.0,0.0,0.0,M,M
US1IACK0001,"CLEGHORN 4.4 N","CHEROKEE",1408,42.87,-95.72,M,M,M,M,M,M,M,M,M,M,0.0,M,M,M,M,M,M,M,M,M,M,M,M,M,M,M,M,M,M,M
USC00131635,"CLINTON NO 1","CLINTON",585,41.79,-90.26,0.0,0.0,0.0,0.0,0.0,0.0,0.0,0.0,0.0,0.0,0.0,0.0,0.0,0.0,0.0,0.0,0.0,0.0,0.0,0.0,0.0,0.0,0.0,0.0,0.0,0.0,0.0,0.0,0.0,0.0
US1IAPK0075,"CLIVE 0.1 WSW","POLK",874,41.61,-93.77,0.0,M,M,M,M,M,M,M,M,0.0,M,M,M,M,M,M,0.0,M,M,M,M,M,M,M,M,M,M,M,M,M
US1IAPK0068,"CLIVE 1.2 E","POLK",846,41.61,-93.75,0.0,0.0,0.0,0.0,0.0,0.0,0.0,0.0,0.0,0.0,0.0,0.0,0.0,0.0,0.0,0.0,0.0,0.0,0.0,0.0,0.0,0.0,0.0,0.0,0.0,0.0,0.0,0.0,0.0,0.0
USC00131704,"CLUTIER","TAMA",875,42.08,-92.40,0.0,0.0,0.0,0.0,0.0,0.0,0.0,0.0,0.0,0.0,0.0,0.0,0.0,0.0,0.0,0.0,0.0,0.0,0.0,0.0,0.0,0.0,0.0,0.0,0.0,0.0,0.0,0.0,0.0,0.0
USC00131705,"COGGON","LINN",903,42.28,-91.53,0.0,0.0,0.0,0.0,0.0,0.0,0.0,0.0,0.0,0.0,0.0,0.0,0.0,0.0,0.0,0.0,0.0,0.0,0.0,0.0,0.0,0.0,0.0,0.0,0.0,0.0,0.0,0.0,0.0,0.0
US1IAPG0003,"COLLEGE SPRINGS 0.3 NNW","PAGE",1149,40.62,-95.12,0.0,M,0.0,0.0,0.0,0.0,M,0.0,M,0.0,M,M,0.0,0.0,0.0,0.0,0.0,0.0,0.0,M,M,M,M,M,0.0,M,0.0,0.0,0.0,0.0
USC00131742,"CONRAD","GRUNDY",1025,42.22,-92.89,0.0,0.0,0.0,0.0,0.0,0.0,0.0,0.0,0.0,0.0,0.0,0.0,0.0,0.0,0.0,0.0,0.0,0.0,0.0,0.0,0.0,0.0,0.0,0.0,0.0,0.0,0.0,0.0,0.0,0.0
US1IAJH0020,"CORALVILLE 1.4 S","JOHNSON",780,41.67,-91.60,0.0,0.0,M,0.0,0.0,0.0,M,0.0,M,M,M,0.0,M,M,M,0.0,0.0,0.0,M,M,M,M,M,0.0,0.0,0.0,M,0.0,M,0.0
USC00131833,"CORNING","ADAMS",1190,40.99,-94.76,0.0,0.0,0.0,0.0,0.0,0.0,0.0,0.0,0.0,0.0,0.0,0.0,0.0,0.0,0.0,0.0,0.0,0.0,0.0,0.0,0.0,0.0,0.0,0.0,0.0,0.0,0.0,0.0,0.0,0.0
US1IAPT0013,"COUNCIL BLUFFS 2.1 SSE","POTTAWATTAMIE",975,41.21,-95.85,0.0,M,0.0,0.0,0.0,0.0,M,0.0,M,M,0.0,M,0.0,0.0,0.0,0.0,0.0,M,M,M,M,M,M,M,0.0,M,0.0,0.0,0.0,0.0
US1IAPT0002,"COUNCIL BLUFFS 3.4 NNE","POTTAWATTAMIE",1188,41.29,-95.83,0.0,M,0.0,M,M,0.0,M,0.0,M,M,0.0,M,0.0,0.0,0.0,0.0,0.0,M,M,M,M,M,M,M,0.0,M,0.0,0.0,M,0.0
US1IAPT0007,"COUNCIL BLUFFS 3.6 E","POTTAWATTAMIE",1132,41.24,-95.79,0.0,M,M,M,M,M,M,M,M,M,M,M,M,M,0.0,0.0,0.0,M,M,M,M,M,M,M,0.0,M,0.0,0.0,0.0,0.0
USC00131954,"CRESCO 1 NE","HOWARD",1255,43.39,-92.09,0.0,0.0,0.0,0.0,0.0,0.0,0.0,0.0,0.0,0.0,0.0,0.0,0.0,0.0,0.0,0.0,0.0,0.0,0.0,0.0,0.0,0.0,0.0,0.0,0.0,0.0,0.0,0.0,0.0,0.0
US1IAUN0001,"CRESTON 0.7 NE","UNION",1302,41.07,-94.35,0.0,M,0.0,0.0,0.0,0.0,M,0.0,M,0.0,M,M,0.0,0.0,0.0,0.0,0.0,0.0,0.0,M,M,M,0.0,0.0,M,M,M,0.0,M,0.0
USC00131962,"CRESTON 2 SW","UNION",1296,41.04,-94.39,0.0,M,M,0.0,0.0,0.0,0.0,0.0,M,M,0.0,0.0,0.0,0.0,0.0,M,M,0.0,0.0,0.0,0.0,0.0,M,M,0.0,0.0,0.0,0.0,0.0,M
USC00132041,"DAKOTA CITY","HUMBOLDT",1110,42.73,-94.20,0.0,0.0,0.0,0.0,0.0,0.0,0.0,0.0,0.0,0.0,0.0,0.0,0.0,0.0,0.0,0.0,0.0,0.0,0.0,0.0,0.0,0.0,0.0,0.0,0.0,0.0,0.0,0.0,0.0,0.0
US1IADL0026,"DALLAS CENTER 4.1 ENE","DALLAS",1028,41.70,-93.91,M,M,M,M,M,M,M,M,M,M,M,M,M,M,M,M,M,M,M,M,M,M,M,M,0.0,M,M,M,M,M
US1IAST0004,"DAVENPORT 0.9 SSW","SCOTT",722,41.53,-90.59,0.0,0.0,0.0,0.0,0.0,0.0,0.0,M,0.0,0.0,0.0,0.0,0.0,0.0,0.0,0.0,0.0,0.0,0.0,0.0,0.0,0.0,0.0,0.0,0.0,0.0,0.0,0.0,0.0,0.0
USW00094982,"DAVENPORT MUNICIPAL AP","SCOTT",750,41.61,-90.59,0.0,0.0,0.0,0.0,0.0,0.0,0.0,0.0,0.0,0.0,0.0,0.0,0.0,0.0,0.0,0.0,0.0,0.0,0.0,0.0,0.0,0.0,0.0,0.0,0.0,0.0,0.0,0.0,0.0,0.0
USC00132070,"DAVENPORT WFO","SCOTT",748,41.61,-90.58,0.0,0.0,0.0,0.0,0.0,0.0,0.0,0.0,0.0,0.0,0.0,0.0,0.0,0.0,0.0,0.0,0.0,0.0,0.0,0.0,0.0,0.0,0.0,0.0,0.0,0.0,0.0,0.0,0.0,0.0
USC00132235,"DE WITT","CLINTON",685,41.81,-90.54,0.0,0.0,0.0,0.0,0.0,0.0,0.0,0.0,0.0,0.0,0.0,0.0,0.0,0.0,0.0,0.0,0.0,0.0,0.0,0.0,0.0,0.0,0.0,0.0,0.0,0.0,0.0,0.0,0.0,0.0
USC00132110,"DECORAH","WINNESHIEK",860,43.30,-91.80,0.0,0.0,0.0,0.0,0.0,0.0,0.0,0.0,0.0,0.0,0.0,0.0,0.0,0.0,0.0,0.0,0.0,0.0,0.0,0.0,0.0,0.0,0.0,0.0,0.0,0.0,0.0,0.0,0.0,0.0
US1IAWH0005,"DECORAH 4.9SE","WINNESHIEK",1103,43.26,-91.70,0.0,0.0,M,0.0,0.0,0.0,0.0,M,M,M,M,0.0,M,0.0,M,0.0,0.0,M,M,M,M,M,M,0.0,0.0,M,M,0.0,0.0,0.0
US1IAWH0001,"DECORAH 7.9 ENE","WINNESHIEK",948,43.34,-91.64,0.0,0.0,M,0.0,0.0,0.0,0.0,M,M,M,0.0,0.0,M,0.0,0.0,0.0,0.0,M,M,M,M,M,0.0,0.0,0.0,M,M,0.0,0.0,0.0
US1IACN0008,"DELMAR 2.3 NW","CLINTON",810,42.02,-90.64,0.0,0.0,M,0.0,0.0,0.0,M,M,M,M,M,0.0,M,0.0,M,0.0,0.0,0.0,M,M,M,M,M,M,0.0,M,M,0.0,0.0,0.0
USC00132171,"DENISON","CRAWFORD",1401,42.04,-95.33,0.0,0.0,0.0,0.0,0.0,0.0,0.0,0.0,0.0,0.0,0.0,0.0,0.0,0.0,0.0,0.0,0.0,0.0,0.0,0.0,0.0,0.0,0.0,0.0,0.0,0.0,0.0,0.0,0.0,0.0
US1IAPK0073,"DES MOINES 4.1 N","POLK",849,41.64,-93.61,M,M,M,M,M,M,M,M,M,M,M,M,M,M,M,M,M,M,M,M,M,M,M,M,M,M,M,0.0,M,M
US1IAPK0003,"DES MOINES 4.5 WNW","POLK",856,41.61,-93.70,0.0,M,0.0,M,0.0,0.0,M,0.0,0.0,0.0,M,M,0.0,M,M,0.0,0.0,0.0,M,M,M,M,M,0.0,M,M,M,0.0,0.0,0.0
USW00014933,"DES MOINES INTL AP","POLK",957,41.53,-93.65,0.0,0.0,0.0,0.0,0.0,0.0,0.0,0.0,0.0,0.0,0.0,0.0,0.0,0.0,0.0,0.0,0.0,0.0,0.0,0.0,0.0,0.0,0.0,0.0,0.0,0.0,0.0,0.0,0.0,0.0
USC00132201,"DES MOINES SNOW","POLK",953,41.54,-93.66,M,0.0,0.0,M,M,0.0,0.0,0.0,0.0,M,M,M,M,M,M,M,M,M,M,0.0,0.0,0.0,M,M,M,M,M,M,M,M
USC00132209,"DES MOINES WSFO-JOHNSTON","POLK",959,41.74,-93.72,0.0,0.0,0.0,0.0,0.0,T,0.0,0.0,0.0,0.0,0.0,0.0,0.0,0.0,0.0,0.0,0.0,0.0,0.0,0.0,0.0,0.0,0.0,0.0,0.0,0.0,M,0.0,0.0,0.0
USC00132299,"DONNELLSON","LEE",705,40.65,-91.56,0.0,0.0,0.0,0.0,0.0,0.0,0.0,0.0,0.0,0.0,0.0,0.0,0.0,0.0,0.0,0.0,0.0,0.0,0.0,0.0,0.0,0.0,0.0,0.0,0.0,0.0,0.0,0.0,0.0,0.0
USC00132362,"DUBUQUE #3","DUBUQUE",1100,42.41,-90.73,0.0,0.0,0.0,0.0,0.0,0.0,0.0,0.0,0.0,0.0,0.0,0.0,0.0,0.0,0.0,0.0,0.0,0.0,0.0,0.0,0.0,0.0,0.0,0.0,0.0,0.0,0.0,0.0,0.0,0.0
US1IADB0019,"DUBUQUE 1.4 WSW","DUBUQUE",805,42.50,-90.72,0.0,0.0,M,0.0,0.0,0.0,0.0,0.0,M,M,M,0.0,M,0.0,M,M,0.0,0.0,M,M,M,M,M,M,0.0,M,M,0.0,0.0,0.0
USC00132364,"DUBUQUE L & D 11","DUBUQUE",620,42.54,-90.65,0.0,0.0,0.0,0.0,0.0,0.0,0.0,0.0,0.0,0.0,0.0,0.0,0.0,0.0,0.0,0.0,0.0,0.0,0.0,0.0,0.0,0.0,0.0,0.0,0.0,0.0,0.0,0.0,0.0,0.0
USW00094908,"DUBUQUE REGIONAL AP","DUBUQUE",1056,42.40,-90.70,0.0,0.0,0.0,0.0,0.0,0.0,0.0,0.0,0.0,0.0,0.0,0.0,0.0,0.0,0.0,0.0,0.0,0.0,0.0,0.0,0.0,0.0,0.0,0.0,0.0,0.0,0.0,0.0,0.0,0.0
USC00132573,"ELDORA","HARDIN",1073,42.37,-93.10,0.0,0.0,0.0,0.0,0.0,0.0,0.0,0.0,0.0,0.0,0.0,0.0,0.0,0.0,0.0,0.0,0.0,0.0,0.0,0.0,0.0,0.0,0.0,0.0,0.0,0.0,0.0,0.0,0.0,0.0
US1IAST0030,"ELDRIDGE 0.7 SSW","SCOTT",777,41.64,-90.59,0.0,0.0,0.0,0.0,0.0,0.0,0.0,0.0,0.0,0.0,0.0,0.0,0.0,0.0,0.0,0.0,0.0,0.0,0.0,0.0,0.0,0.0,0.0,0.0,0.0,0.0,0.0,0.0,0.0,0.0
USC00132603,"ELKADER 6 SSW","CLAYTON",788,42.78,-91.45,0.0,0.0,0.0,0.0,0.0,0.0,0.0,0.0,0.0,0.0,0.0,0.0,0.0,0.0,0.0,0.0,0.0,0.0,0.0,0.0,0.0,0.0,0.0,0.0,0.0,0.0,0.0,0.0,0.0,0.0
USC00132638,"ELMA","HOWARD",1172,43.24,-92.44,0.0,0.0,0.0,0.0,0.0,0.0,0.0,0.0,0.0,0.0,0.0,0.0,0.0,0.0,0.0,0.0,0.0,0.0,0.0,0.0,0.0,0.0,0.0,0.0,0.0,0.0,0.0,0.0,0.0,0.0
US1IALN0003,"ELY 0.5 SE","LINN",758,41.87,-91.58,0.0,0.0,0.0,0.0,0.0,0.0,M,0.0,M,M,M,0.0,0.0,M,M,M,0.0,M,M,M,M,M,M,0.0,0.0,M,M,0.0,M,0.0
US1IAMY0002,"EMERSON 4.0 NNE","MONTGOMERY",1232,41.08,-95.38,0.0,M,0.0,0.0,0.0,0.0,M,0.0,M,0.0,0.0,M,0.0,0.0,0.0,0.0,0.0,0.0,M,M,M,M,M,M,M,M,M,M,M,M
USC00132689,"EMMETSBURG","PALO ALTO",1225,43.10,-94.68,0.0,0.0,0.0,0.0,0.0,0.0,0.0,0.0,0.0,0.0,0.0,0.0,0.0,0.0,0.0,0.0,0.0,0.0,0.0,0.0,0.0,0.0,0.0,0.0,0.0,0.0,0.0,0.0,0.0,0.0
USC00132724,"ESTHERVILLE 4E","EMMET",1320,43.40,-94.75,0.0,M,M,M,M,M,0.0,0.0,M,M,M,0.0,0.0,0.0,0.0,M,M,0.0,0.0,0.0,0.0,0.0,M,M,0.0,0.0,0.0,0.0,0.0,0.0
USW00094971,"ESTHERVILLE MUNICIPAL AP","EMMET",1317,43.40,-94.75,0.0,0.0,0.0,0.0,0.0,0.0,0.0,0.0,0.0,0.0,0.0,0.0,0.0,0.0,0.0,0.0,0.0,0.0,0.0,0.0,0.0,0.0,0.0,0.0,0.0,0.0,0.0,0.0,0.0,0.0
US1IACY0002,"EVERLY 0.3 WSW","CLAY",1355,43.16,-95.33,M,M,M,M,M,M,M,M,M,M,M,M,M,M,M,M,M,M,M,M,M,M,M,M,M,M,0.0,0.0,0.0,M
USC00132755,"EVERLY 3 WNW","CLAY",1365,43.18,-95.38,0.0,M,M,M,M,0.0,0.0,0.0,0.0,0.0,0.0,0.0,0.0,0.0,0.0,0.0,0.0,0.0,0.0,0.0,0.0,0.0,0.0,0.0,0.0,0.0,0.0,0.0,0.0,M
US1IABT0012,"FAIRFAX 4.0 NW","BENTON",881,41.96,-91.84,0.0,M,M,0.0,0.0,0.0,M,0.0,M,M,M,0.0,0.0,0.0,M,0.0,0.0,M,M,M,M,M,M,M,0.0,M,M,0.0,0.0,0.0
USC00132789,"FAIRFIELD","JEFFERSON",740,41.02,-91.96,0.0,0.0,0.0,0.0,0.0,0.0,0.0,0.0,0.0,0.0,0.0,0.0,0.0,0.0,0.0,0.0,0.0,0.0,0.0,0.0,0.0,0.0,0.0,0.0,0.0,0.0,0.0,0.0,0.0,0.0
US1IAVB0007,"FARMINGTON 0.3 NW","VAN BUREN",459,40.64,-91.74,M,M,M,M,M,M,M,M,M,M,M,0.0,M,M,M,M,M,M,M,M,M,M,M,M,M,M,M,M,M,M
US1IAVB0009,"FARMINGTON 0.4 NNW","VAN BUREN",564,40.64,-91.74,M,M,M,M,M,M,M,M,M,M,M,0.0,M,M,M,M,M,M,M,M,M,M,M,M,M,M,M,M,M,M
US1IAVB0008,"FARMINGTON 2.4 W","VAN BUREN",681,40.63,-91.78,M,M,M,M,M,M,M,M,M,M,M,0.0,M,M,M,M,M,M,M,M,M,M,M,M,M,M,M,M,M,M
US1IAVB0003,"FARMINGTON 3.5 W","VAN BUREN",661,40.63,-91.81,M,M,M,M,M,M,M,M,M,M,M,0.0,M,M,M,M,M,M,M,M,M,M,M,M,M,M,M,M,M,M
USC00132864,"FAYETTE","FAYETTE",1130,42.85,-91.82,0.0,0.0,0.0,M,0.0,0.0,0.0,0.0,M,M,M,M,M,M,M,M,M,M,M,M,M,M,M,M,M,M,M,M,M,M
US1IAPC0008,"FONDA 4.5 NNW","POCAHONTAS",1259,42.64,-94.89,0.0,M,0.0,0.0,0.0,M,M,0.0,0.0,0.0,0.0,M,0.0,M,M,0.0,0.0,M,M,M,M,M,0.0,0.0,M,M,M,0.0,0.0,0.0
USC00132977,"FOREST CITY 2 NNE","WINNEBAGO",1280,43.28,-93.63,0.0,0.0,0.0,0.0,0.0,0.0,M,M,0.0,M,0.0,0.0,0.0,0.0,0.0,M,M,0.0,0.0,0.0,0.0,0.0,0.0,0.0,0.0,0.0,0.0,0.0,0.0,M
US1IAWB0003,"FORT DODGE 1.6 ENE","WEBSTER",1116,42.52,-94.15,0.0,M,0.0,0.0,0.0,0.0,M,M,M,0.0,M,M,M,M,M,0.0,0.0,M,M,M,M,M,0.0,0.0,0.0,M,M,0.0,0.0,0.0
US1IAWB0012,"FORT DODGE 5.6 WNW","WEBSTER",1118,42.54,-94.28,0.0,M,0.0,0.0,0.0,0.0,M,M,M,M,M,M,M,M,M,0.0,0.0,M,M,M,M,M,0.0,0.0,M,M,M,0.0,0.0,0.0
USC00132999,"FORT DODGE 5NNW","WEBSTER",1115,42.58,-94.20,0.0,0.0,0.0,0.0,0.0,0.0,0.0,0.0,0.0,0.0,0.0,0.0,0.0,0.0,0.0,0.0,M,0.0,0.0,0.0,0.0,0.0,M,0.0,0.0,0.0,0.0,0.0,0.0,0.0
USC00133007,"FORT MADISON","LEE",530,40.62,-91.33,0.0,0.0,0.0,0.0,0.0,0.0,0.0,0.0,0.0,0.0,0.0,0.0,0.0,0.0,0.0,0.0,0.0,0.0,0.0,0.0,0.0,0.0,0.0,0.0,0.0,0.0,0.0,0.0,0.0,0.0
USC00133032,"FULTON","JACKSON",699,42.16,-90.71,0.0,0.0,0.0,0.0,0.0,0.0,0.0,0.0,0.0,0.0,0.0,0.0,0.0,0.0,0.0,0.0,0.0,0.0,0.0,0.0,0.0,0.0,0.0,0.0,0.0,0.0,0.0,0.0,0.0,0.0
USC00133120,"GARWIN","TAMA",938,42.09,-92.67,0.0,0.0,0.0,0.0,0.0,0.0,0.0,0.0,0.0,0.0,0.0,0.0,0.0,0.0,0.0,M,0.0,0.0,0.0,0.0,0.0,0.0,0.0,0.0,0.0,0.0,0.0,0.0,0.0,0.0
US1IASR0019,"GILBERT 0.2 W","STORY",991,42.11,-93.65,0.0,M,M,0.0,0.0,0.0,M,M,0.0,0.0,M,M,0.0,M,M,0.0,0.0,0.0,M,M,M,M,0.0,0.0,M,M,M,0.0,M,0.0
US1IASR0008,"GILBERT 0.3 SE","STORY",1004,42.10,-93.64,0.0,M,M,M,M,M,M,M,M,0.0,M,M,M,M,M,0.0,0.0,M,M,M,M,M,M,M,M,M,M,0.0,M,M
US1IABH0017,"GILBERTVILLE 1.0 NW","BLACK HAWK",895,42.43,-92.23,0.0,M,M,0.0,0.0,0.0,0.0,M,M,M,0.0,0.0,M,0.0,M,0.0,0.0,0.0,M,M,M,M,M,0.0,0.0,M,0.0,0.0,0.0,0.0
USC00133438,"GREENFIELD","ADAIR",1334,41.30,-94.46,0.0,0.0,0.0,0.0,0.0,0.0,0.0,0.0,0.0,0.0,0.0,0.0,0.0,0.0,0.0,0.0,0.0,0.0,0.0,0.0,0.0,0.0,0.0,0.0,0.0,0.0,0.0,0.0,0.0,0.0
US1IAPW0004,"GRINNELL 0.6 NW","POWESHIEK",1013,41.75,-92.73,0.0,M,M,0.0,0.0,0.0,M,0.0,0.0,M,M,M,0.0,M,M,0.0,0.0,0.0,M,M,M,M,0.0,0.0,M,M,0.0,0.0,0.0,0.0
USC00133473,"GRINNELL 3 SW","POWESHIEK",905,41.72,-92.75,0.0,0.0,0.0,0.0,0.0,0.0,0.0,0.0,0.0,0.0,0.0,0.0,0.0,0.0,0.0,0.0,0.0,0.0,0.0,0.0,0.0,0.0,0.0,0.0,0.0,0.0,0.0,0.0,0.0,0.0
USC00133487,"GRUNDY CENTER","GRUNDY",985,42.36,-92.76,0.0,0.0,0.0,0.0,0.0,0.0,0.0,0.0,0.0,0.0,0.0,0.0,0.0,0.0,0.0,0.0,0.0,0.0,0.0,0.0,0.0,0.0,0.0,0.0,0.0,0.0,0.0,0.0,0.0,0.0
USC00133509,"GUTHRIE CENTER","GUTHRIE",1065,41.67,-94.50,0.0,0.0,0.0,0.0,0.0,0.0,0.0,0.0,0.0,0.0,0.0,0.0,0.0,0.0,0.0,0.0,0.0,0.0,0.0,0.0,0.0,0.0,0.0,0.0,0.0,0.0,0.0,0.0,0.0,0.0
USC00133517,"GUTTENBERG L AND D 10","CLAYTON",618,42.79,-91.10,0.0,0.0,0.0,0.0,0.0,0.0,0.0,0.0,0.0,0.0,0.0,0.0,0.0,0.0,0.0,0.0,0.0,0.0,0.0,0.0,0.0,0.0,0.0,0.0,0.0,0.0,0.0,0.0,0.0,0.0
USC00133584,"HAMPTON","FRANKLIN",1105,42.76,-93.20,0.0,0.0,0.0,0.0,0.0,0.0,0.0,0.0,0.0,0.0,0.0,0.0,0.0,0.0,0.0,0.0,0.0,0.0,0.0,0.0,0.0,0.0,0.0,0.0,0.0,0.0,0.0,0.0,0.0,0.0
USC00133623,"HARCOURT 2ENE","WEBSTER",1165,42.27,-94.15,M,0.0,M,M,M,M,0.0,M,M,M,0.0,0.0,M,M,0.0,M,M,M,0.0,0.0,0.0,0.0,M,M,M,0.0,M,M,M,M
US1IAWR0005,"HARTFORD 1.0 ENE","WARREN",814,41.46,-93.39,0.0,0.0,0.0,0.0,0.0,0.0,0.0,0.0,0.0,0.0,0.0,0.0,0.0,0.0,0.0,0.0,0.0,0.0,0.0,0.0,0.0,0.0,0.0,0.0,0.0,0.0,0.0,0.0,0.0,0.0
USC00133675,"HASTINGS 4NE","MILLS",1050,41.08,-95.48,0.0,0.0,0.0,0.0,0.0,0.0,0.0,0.0,0.0,0.0,0.0,0.0,0.0,0.0,0.0,0.0,0.0,0.0,0.0,M,0.0,0.0,0.0,0.0,0.0,0.0,0.0,0.0,0.0,0.0
USC00133718,"HAWARDEN","SIOUX",1190,43.00,-96.49,0.0,0.0,0.0,0.0,0.0,0.0,0.0,0.0,0.0,0.0,0.0,0.0,0.0,0.0,0.0,0.0,0.0,0.0,0.0,0.0,0.0,0.0,0.0,0.0,0.0,0.0,0.0,0.0,0.0,0.0
USC00133900,"HOLLY SPRINGS 1 NW","WOODBURY",1100,42.28,-96.10,0.0,0.0,0.0,0.0,0.0,0.0,0.0,0.0,0.0,0.0,0.0,0.0,0.0,0.0,0.0,0.0,0.0,0.0,0.0,0.0,0.0,0.0,0.0,0.0,0.0,0.0,0.0,0.0,0.0,0.0
USC00133909,"HOLSTEIN","IDA",1370,42.49,-95.55,0.0,0.0,0.0,0.0,0.0,0.0,0.0,0.0,0.0,0.0,0.0,0.0,0.0,0.0,0.0,0.0,0.0,0.0,0.0,0.0,0.0,0.0,0.0,0.0,0.0,0.0,0.0,0.0,0.0,0.0
US1IADW0006,"HOPKINTON 5.4 WSW","DELAWARE",951,42.30,-91.34,0.0,0.0,0.0,0.0,0.0,0.0,0.0,M,M,M,M,M,M,M,M,0.0,0.0,0.0,M,M,M,M,M,M,0.0,M,M,0.0,0.0,0.0
US1IAHB0002,"HUMBOLDT 2.0 NE","HUMBOLDT",1120,42.74,-94.19,0.0,M,0.0,0.0,0.0,0.0,M,0.0,0.0,0.0,M,M,M,M,M,0.0,0.0,M,M,M,M,M,0.0,0.0,M,M,M,0.0,0.0,0.0
US1IAWR0007,"INDIANOLA 0.8 SSW","WARREN",945,41.35,-93.57,0.0,M,0.0,0.0,0.0,0.0,M,0.0,0.0,0.0,M,M,0.0,M,M,0.0,0.0,0.0,M,M,M,M,0.0,0.0,M,M,M,0.0,M,M
USC00134063,"INDIANOLA 2W","WARREN",924,41.37,-93.65,0.0,0.0,0.0,0.0,0.0,0.0,0.0,0.0,0.0,0.0,0.0,0.0,0.0,0.0,0.0,0.0,0.0,0.0,0.0,0.0,0.0,0.0,0.0,0.0,0.0,0.0,0.0,0.0,0.0,0.0
USC00134094,"IONIA 2 W","CHICKASAW",1019,43.03,-92.50,0.0,0.0,0.0,0.0,0.0,0.0,0.0,0.0,0.0,0.0,0.0,0.0,0.0,0.0,0.0,0.0,0.0,0.0,0.0,0.0,0.0,0.0,0.0,0.0,0.0,0.0,0.0,0.0,0.0,0.0
USC00134101,"IOWA CITY","JOHNSON",640,41.61,-91.51,0.0,0.0,0.0,0.0,0.0,0.0,0.0,0.0,0.0,0.0,0.0,0.0,0.0,0.0,0.0,0.0,0.0,0.0,0.0,0.0,0.0,0.0,0.0,0.0,0.0,0.0,0.0,0.0,0.0,0.0
USC00134142,"IOWA FALLS","HARDIN",1055,42.52,-93.25,0.0,0.0,0.0,0.0,0.0,0.0,0.0,0.0,0.0,0.0,0.0,0.0,0.0,0.0,0.0,0.0,0.0,0.0,0.0,0.0,0.0,0.0,0.0,0.0,0.0,0.0,0.0,0.0,0.0,0.0
US1IAGT0001,"JAMAICA 3.2 S","GUTHRIE",1053,41.80,-94.31,0.0,0.0,0.0,0.0,0.0,0.0,0.0,0.0,0.0,0.0,0.0,0.0,0.0,0.0,0.0,0.0,0.0,0.0,0.0,0.0,0.0,0.0,0.0,0.0,0.0,0.0,0.0,0.0,0.0,0.0
US1IAPK0021,"JOHNSTON 3.7 NNW","POLK",959,41.74,-93.72,0.0,0.0,0.0,0.0,0.0,0.0,T,0.0,0.0,0.0,0.0,0.0,0.0,0.0,0.0,0.0,0.0,0.0,0.0,0.0,0.0,0.0,0.0,0.0,0.0,0.0,0.0,0.0,0.0,0.0
US1IAJH0009,"KALONA 7.3 NNW","JOHNSON",754,41.59,-91.75,0.0,0.0,0.0,0.0,0.0,0.0,M,0.0,M,M,M,M,0.0,M,M,0.0,0.0,0.0,M,M,M,M,M,0.0,0.0,M,M,0.0,0.0,0.0
USC00134308,"KANAWHA","HANCOCK",1185,42.93,-93.79,M,M,0.0,M,M,M,M,0.0,M,M,M,M,M,0.0,M,M,M,0.0,0.0,0.0,0.0,M,M,M,0.0,0.0,M,M,M,M
US1IAJS0004,"KELLOGG 2.1 WSW","JASPER",959,41.70,-92.94,0.0,M,0.0,0.0,0.0,0.0,M,0.0,0.0,M,M,M,0.0,M,M,0.0,0.0,0.0,M,M,M,M,0.0,0.0,M,M,M,M,M,M
USC00134381,"KEOKUK LOCK DAM 19","LEE",527,40.40,-91.37,0.0,0.0,0.0,0.0,0.0,0.0,0.0,0.0,0.0,0.0,0.0,0.0,0.0,0.0,0.0,0.0,0.0,0.0,0.0,0.0,0.0,0.0,0.0,0.0,0.0,0.0,0.0,0.0,0.0,0.0
USC00134389,"KEOSAUQUA","VAN BUREN",629,40.74,-91.97,0.0,0.0,0.0,0.0,0.0,0.0,0.0,0.0,0.0,0.0,0.0,0.0,0.0,0.0,0.0,0.0,0.0,0.0,0.0,0.0,0.0,0.0,0.0,0.0,0.0,0.0,0.0,0.0,0.0,0.0
USC00134402,"KESLEY","BUTLER",1004,42.66,-92.91,M,M,M,M,M,M,M,0.0,0.0,0.0,M,M,0.0,0.0,M,M,M,M,0.0,0.0,0.0,0.0,M,M,M,0.0,M,M,M,M
USC00134502,"KNOXVILLE","MARION",895,41.32,-93.10,0.0,0.0,0.0,0.0,0.0,0.0,0.0,0.0,0.0,0.0,0.0,0.0,0.0,0.0,0.0,0.0,0.0,0.0,0.0,0.0,0.0,0.0,0.0,0.0,0.0,0.0,0.0,0.0,0.0,0.0
USC00134557,"LAKE MILLS","WINNEBAGO",1260,43.42,-93.53,0.0,0.0,0.0,0.0,0.0,0.0,0.0,0.0,0.0,0.0,0.0,0.0,0.0,0.0,0.0,0.0,0.0,0.0,0.0,0.0,0.0,0.0,0.0,0.0,0.0,0.0,0.0,0.0,0.0,0.0
USC00134561,"LAKE PARK","DICKINSON",1465,43.45,-95.32,0.0,0.0,0.0,0.0,0.0,0.0,0.0,0.0,0.0,0.0,0.0,0.0,0.0,0.0,0.0,0.0,0.0,0.0,0.0,0.0,0.0,0.0,0.0,0.0,0.0,0.0,0.0,0.0,0.0,0.0
US1IADK0006,"LAKE PARK 0.2 N","DICKINSON",1466,43.45,-95.33,M,M,M,M,M,M,M,M,M,0.0,M,0.0,0.0,M,M,M,M,M,M,M,M,M,M,M,M,M,M,0.0,M,M
US1IADK0003,"LAKE PARK 3.2 SSE","DICKINSON",1440,43.40,-95.31,M,M,0.0,M,M,M,M,M,0.0,0.0,0.0,M,M,M,M,M,M,M,M,M,M,M,0.0,M,M,M,M,0.0,0.0,M
USW00014993,"LAMONI","DECATUR",1168,40.65,-94.00,0.0,0.0,0.0,0.0,0.0,0.0,0.0,0.0,0.0,0.0,0.0,0.0,0.0,0.0,0.0,0.0,0.0,0.0,0.0,0.0,0.0,0.0,0.0,0.0,0.0,0.0,0.0,0.0,0.0,0.0
USW00094991,"LAMONI MUNICIPAL AP","DECATUR",1135,40.63,-93.90,0.0,0.0,0.0,0.0,0.0,0.0,0.0,0.0,0.0,0.0,0.0,0.0,0.0,0.0,0.0,0.0,0.0,0.0,0.0,0.0,0.0,0.0,0.0,0.0,0.0,0.0,0.0,0.0,0.0,0.0
US1IAST0001,"LE CLAIRE 1.8 NNE","SCOTT",690,41.62,-90.35,0.0,0.0,M,0.0,0.0,0.0,M,M,M,M,M,0.0,0.0,0.0,M,0.0,0.0,0.0,0.0,M,M,M,M,M,0.0,0.0,M,0.0,0.0,0.0
USC00134735,"LE MARS","PLYMOUTH",1195,42.78,-96.15,0.0,0.0,0.0,0.0,0.0,0.0,0.0,0.0,0.0,0.0,0.0,0.0,0.0,0.0,0.0,0.0,0.0,0.0,0.0,0.0,0.0,0.0,0.0,0.0,0.0,0.0,0.0,0.0,0.0,0.0
USC00134874,"LITTLE SIOUX 2NW","HARRISON",1025,41.83,-96.05,0.0,0.0,0.0,0.0,0.0,0.0,0.0,0.0,0.0,0.0,0.0,T,0.0,0.0,0.0,0.0,0.0,0.0,0.0,0.0,0.0,0.0,0.0,0.0,0.0,0.0,0.0,0.0,0.0,0.0
US1IAHR0003,"LOGAN 1.5 NNW","HARRISON",1242,41.67,-95.80,0.0,0.0,0.0,0.0,0.0,0.0,0.0,0.0,0.0,0.0,0.0,0.0,0.0,0.0,0.0,M,M,0.0,0.0,0.0,0.0,0.0,0.0,0.0,0.0,0.0,0.0,0.0,0.0,0.0
USC00134926,"LORIMOR","UNION",1215,41.12,-94.05,M,0.0,M,M,M,M,0.0,M,M,M,0.0,0.0,M,M,M,M,M,M,M,0.0,M,0.0,M,M,0.0,0.0,M,M,M,M
US1IACN0012,"LOST NATION 0.3 S","CLINTON",749,41.96,-90.82,0.0,0.0,M,0.0,0.0,0.0,0.0,M,M,M,0.0,0.0,0.0,0.0,M,0.0,0.0,0.0,M,M,M,M,M,0.0,0.0,0.0,M,0.0,0.0,0.0
USC00134963,"LOWDEN","CEDAR",738,41.86,-90.92,0.0,0.0,0.0,0.0,0.0,0.0,0.0,0.0,0.0,0.0,0.0,0.0,0.0,0.0,0.0,0.0,0.0,0.0,0.0,0.0,0.0,0.0,0.0,0.0,0.0,0.0,0.0,0.0,0.0,0.0
US1IAPK0036,"MADRID 6.4 S","POLK",973,41.78,-93.80,0.0,M,0.0,0.0,0.0,0.0,M,0.0,0.0,0.0,M,M,0.0,M,M,0.0,0.0,0.0,M,M,M,M,M,0.0,M,M,M,0.0,M,0.0
USC00135086,"MANCHESTER #2","DELAWARE",990,42.47,-91.45,0.0,0.0,0.0,0.0,0.0,0.0,0.0,0.0,0.0,0.0,0.0,0.0,0.0,0.0,0.0,0.0,0.0,0.0,0.0,0.0,0.0,0.0,0.0,0.0,0.0,0.0,0.0,0.0,0.0,0.0
US1IACR0007,"MANNING 0.2 ESE","CARROLL",1350,41.91,-95.06,0.0,M,0.0,0.0,0.0,0.0,M,0.0,M,M,M,M,0.0,M,0.0,0.0,0.0,M,M,M,M,M,0.0,M,M,M,M,0.0,M,0.0
USC00135123,"MAPLETON NO.2","MONONA",1200,42.16,-95.78,0.0,0.0,0.0,0.0,0.0,0.0,0.0,0.0,0.0,0.0,0.0,0.0,0.0,0.0,0.0,0.0,0.0,0.0,0.0,0.0,0.0,0.0,0.0,0.0,0.0,0.0,0.0,0.0,0.0,0.0
USC00135131,"MAQUOKETA 4 W","JACKSON",762,42.05,-90.75,0.0,0.0,0.0,0.0,0.0,0.0,0.0,0.0,0.0,0.0,0.0,0.0,0.0,0.0,0.0,0.0,0.0,0.0,0.0,0.0,0.0,0.0,0.0,0.0,0.0,0.0,0.0,0.0,0.0,0.0
USC00135150,"MARENGO","IOWA",740,41.80,-92.07,0.0,0.0,0.0,0.0,0.0,0.0,0.0,0.0,0.0,0.0,0.0,0.0,0.0,0.0,0.0,0.0,0.0,0.0,0.0,0.0,0.0,0.0,0.0,0.0,0.0,0.0,0.0,0.0,0.0,0.0
US1IAIA0002,"MARENGO 2.6 SSW","IOWA",810,41.76,-92.08,0.0,0.0,0.0,0.0,0.0,0.0,M,0.0,0.0,M,0.0,0.0,0.0,M,0.0,M,M,M,M,M,M,M,0.0,0.0,0.0,M,M,0.0,0.0,M
US1IACT0007,"MARQUETTE 0.2 NNE","CLAYTON",710,43.05,-91.18,0.0,0.0,M,0.0,0.0,0.0,0.0,M,M,M,0.0,M,M,0.0,0.0,0.0,0.0,M,M,0.0,M,M,0.0,0.0,0.0,M,M,0.0,0.0,0.0
USC00135198,"MARSHALLTOWN","MARSHALL",870,42.06,-92.92,0.0,0.0,0.0,0.0,0.0,0.0,0.0,0.0,0.0,0.0,0.0,0.0,0.0,0.0,0.0,0.0,0.0,0.0,0.0,0.0,0.0,0.0,0.0,0.0,0.0,0.0,0.0,0.0,0.0,0.0
USW00094988,"MARSHALLTOWN MUNICIPAL AP","MARSHALL",974,42.11,-92.92,0.0,0.0,0.0,0.0,0.0,0.0,0.0,0.0,0.0,0.0,0.0,0.0,0.0,0.0,0.0,0.0,0.0,0.0,0.0,0.0,0.0,0.0,0.0,0.0,0.0,0.0,0.0,0.0,0.0,0.0
USC00135203,"MARSHALLTWN POL CN PL","MARSHALL",870,42.07,-92.91,0.0,0.0,0.0,0.0,0.0,0.0,0.0,0.0,0.0,0.0,0.0,0.0,0.0,0.0,0.0,0.0,0.0,0.0,0.0,0.0,0.0,0.0,0.0,0.0,0.0,0.0,0.0,0.0,0.0,0.0
USC00135230,"MASON CITY","CERRO GORDO",1105,43.16,-93.20,0.0,0.0,0.0,0.0,0.0,0.0,0.0,0.0,0.0,0.0,0.0,0.0,0.0,0.0,0.0,0.0,0.0,0.0,0.0,0.0,0.0,0.0,0.0,0.0,0.0,0.0,0.0,0.0,0.0,0.0
USC00135232,"MASON CITY #1","CERRO GORDO",1097,43.15,-93.20,M,0.0,M,M,M,0.0,M,M,M,M,0.0,0.0,0.0,0.0,M,M,0.0,0.0,0.0,0.0,0.0,M,M,0.0,M,0.0,M,M,M,0.0
USW00014940,"MASON CITY MUNICIPAL AP","CERRO GORDO",1225,43.15,-93.33,0.0,0.0,0.0,0.0,0.0,0.0,0.0,0.0,0.0,0.0,0.0,0.0,0.0,0.0,0.0,0.0,0.0,0.0,0.0,0.0,0.0,0.0,0.0,0.0,0.0,0.0,0.0,0.0,0.0,0.0
USC00135250,"MASSENA","CASS",1310,41.26,-94.76,M,0.0,M,M,M,M,0.0,M,M,M,0.0,0.0,M,M,M,M,M,M,0.0,0.0,0.0,M,M,M,0.0,0.0,M,M,0.0,M
USC00135493,"MILFORD 4 NW","DICKINSON",1402,43.38,-95.18,0.0,0.0,0.0,0.0,0.0,0.0,0.0,0.0,0.0,0.0,0.0,0.0,0.0,0.0,0.0,0.0,0.0,0.0,0.0,0.0,0.0,0.0,0.0,0.0,0.0,0.0,0.0,0.0,0.0,0.0
US1IADL0020,"MINBURN 1.7 WSW","DALLAS",975,41.75,-94.06,0.0,M,0.0,0.0,0.0,0.0,M,M,M,0.0,M,M,0.0,M,M,0.0,M,0.0,M,M,M,M,M,M,M,M,M,M,M,M
US1IAHR0007,"MONDAMIN 1.7 SSW","HARRISON",1020,41.69,-96.03,M,M,M,0.0,0.0,0.0,M,0.0,M,M,M,M,M,M,M,M,M,M,M,M,M,M,M,M,M,M,M,M,M,M
USC00135650,"MONTEZUMA 1 W","POWESHIEK",950,41.58,-92.55,M,M,0.0,M,M,M,0.0,M,M,M,0.0,M,M,0.0,0.0,M,M,M,0.0,0.0,0.0,0.0,M,M,M,0.0,M,M,M,M
USC00135669,"MONTICELLO","JONES",820,42.24,-91.17,0.0,0.0,0.0,0.0,0.0,0.0,0.0,0.0,0.0,0.0,0.0,0.0,0.0,0.0,0.0,0.0,0.0,0.0,0.0,0.0,0.0,0.0,0.0,0.0,0.0,0.0,0.0,0.0,0.0,0.0
USC00135769,"MOUNT AYR","RINGGOLD",1140,40.71,-94.24,0.0,0.0,0.0,0.0,0.0,0.0,0.0,0.0,0.0,0.0,0.0,0.0,0.0,0.0,0.0,0.0,0.0,0.0,0.0,0.0,0.0,0.0,0.0,0.0,0.0,0.0,0.0,0.0,0.0,0.0
USC00135796,"MOUNT PLEASANT 1 SSW","HENRY",730,40.95,-91.56,0.0,0.0,0.0,0.0,0.0,0.0,0.0,0.0,0.0,0.0,0.0,0.0,0.0,0.0,0.0,0.0,0.0,0.0,0.0,0.0,0.0,0.0,0.0,0.0,0.0,0.0,0.0,0.0,0.0,0.0
US1IACL0003,"MURRAY 0.5 N","CLARKE",1219,41.05,-93.95,0.0,0.0,0.0,0.0,0.0,0.0,0.0,0.0,0.0,0.0,0.0,0.0,0.0,0.0,0.0,0.0,0.0,0.0,0.0,0.0,0.0,0.0,0.0,0.0,0.0,0.0,0.0,0.0,0.0,0.0
US1IACL0004,"MURRAY 1.7 W","CLARKE",1213,41.04,-93.98,0.0,0.0,0.0,0.0,0.0,0.0,0.0,0.0,0.0,0.0,0.0,0.0,0.0,0.0,0.0,0.0,0.0,0.0,0.0,0.0,0.0,0.0,0.0,0.0,0.0,0.0,0.0,0.0,0.0,0.0
US1IAUN0003,"MURRAY 5.7 SW","UNION",1139,40.99,-94.03,0.0,M,0.0,0.0,0.0,0.0,M,0.0,M,0.0,M,M,0.0,0.0,0.0,0.0,0.0,0.0,M,M,M,M,0.0,0.0,M,M,M,0.0,0.0,0.0
USC00135837,"MUSCATINE","MUSCATINE",549,41.41,-91.07,0.0,0.0,0.0,0.0,0.0,0.0,0.0,0.0,0.0,0.0,0.0,0.0,0.0,0.0,0.0,0.0,0.0,0.0,0.0,0.0,0.0,0.0,0.0,0.0,0.0,0.0,0.0,0.0,0.0,0.0
USC00135844,"MUSCATINE 2N","MUSCATINE",680,41.47,-91.05,0.0,0.0,0.0,0.0,0.0,0.0,0.0,0.0,0.0,0.0,0.0,0.0,0.0,0.0,0.0,0.0,0.0,0.0,0.0,0.0,0.0,0.0,0.0,0.0,0.0,0.0,0.0,0.0,0.0,0.0
USC00135876,"NASHUA 2 SW","FLOYD",1061,42.94,-92.57,0.0,0.0,0.0,0.0,0.0,0.0,0.0,0.0,0.0,0.0,0.0,0.0,0.0,0.0,0.0,0.0,0.0,0.0,0.0,0.0,0.0,0.0,0.0,0.0,0.0,0.0,0.0,0.0,0.0,0.0
USC00135952,"NEW HAMPTON","CHICKASAW",1148,43.05,-92.31,0.0,0.0,0.0,0.0,0.0,0.0,0.0,0.0,0.0,0.0,0.0,0.0,0.0,0.0,0.0,0.0,0.0,0.0,0.0,0.0,0.0,0.0,0.0,0.0,0.0,0.0,0.0,0.0,0.0,0.0
US1IACW0002,"NEW HAMPTON 0.4 SW","CHICKASAW",1150,43.06,-92.32,0.0,0.0,M,0.0,0.0,0.0,0.0,M,M,M,0.0,M,M,0.0,0.0,0.0,0.0,M,M,M,M,M,M,0.0,0.0,M,M,0.0,0.0,0.0
US1IAHY0001,"NEW LONDON 1.5 SW","HENRY",738,40.91,-91.43,M,0.0,M,0.0,0.0,0.0,M,0.0,0.0,M,0.0,M,0.0,M,M,0.0,0.0,0.0,0.0,M,M,M,M,M,0.0,0.0,M,0.0,M,0.0
US1IATY0002,"NEW MARKET 4.7 N","TAYLOR",1176,40.80,-94.91,0.0,M,0.0,0.0,0.0,0.0,M,0.0,M,0.0,0.0,M,0.0,0.0,0.0,0.0,0.0,0.0,M,M,M,M,M,M,M,M,0.0,0.0,0.0,0.0
USC00135992,"NEWTON","JASPER",960,41.71,-93.03,0.0,0.0,0.0,0.0,0.0,0.0,0.0,0.0,0.0,0.0,0.0,0.0,0.0,0.0,0.0,0.0,0.0,0.0,0.0,0.0,0.0,0.0,0.0,0.0,0.0,0.0,0.0,0.0,0.0,0.0
US1IAMC0011,"NICHOLS 3.2 SSW","MUSCATINE",623,41.44,-91.33,M,M,M,M,M,M,M,M,M,M,M,M,M,M,M,M,M,0.0,0.0,M,M,M,M,M,M,M,M,M,M,M
USC00136076,"NORTH ENGLISH","IOWA",797,41.52,-92.06,0.0,0.0,0.0,0.0,0.0,0.0,0.0,0.0,0.0,0.0,0.0,0.0,0.0,0.0,0.0,0.0,0.0,0.0,0.0,0.0,0.0,0.0,0.0,0.0,0.0,0.0,0.0,0.0,0.0,0.0
USC00136103,"NORTHWOOD","WORTH",1190,43.44,-93.23,0.0,0.0,0.0,0.0,0.0,0.0,0.0,0.0,0.0,0.0,0.0,0.0,0.0,0.0,0.0,0.0,0.0,0.0,0.0,0.0,0.0,0.0,0.0,0.0,0.0,0.0,0.0,0.0,0.0,0.0
US1IAWR0015,"NORWALK 1.7 SSE","WARREN",871,41.48,-93.67,0.0,M,0.0,0.0,0.0,0.0,M,0.0,0.0,0.0,M,M,0.0,M,M,0.0,0.0,0.0,M,M,M,M,M,0.0,M,M,M,M,M,M
USC00136151,"OAKLAND","POTTAWATTAMIE",1260,41.30,-95.38,0.0,0.0,0.0,0.0,0.0,0.0,0.0,0.0,0.0,0.0,0.0,0.0,0.0,0.0,0.0,0.0,0.0,0.0,0.0,0.0,0.0,0.0,0.0,0.0,0.0,0.0,0.0,0.0,0.0,0.0
USC00136199,"OELWEIN 1E","FAYETTE",1165,42.68,-91.88,0.0,0.0,0.0,0.0,0.0,0.0,0.0,0.0,0.0,T,0.0,0.0,0.0,0.0,0.0,0.0,0.0,0.0,0.0,0.0,0.0,0.0,0.0,0.0,0.0,0.0,0.0,0.0,0.0,0.0
USC00136273,"ORANGE CITY","SIOUX",1380,43.00,-96.05,0.0,0.0,0.0,0.0,0.0,0.0,0.0,0.0,0.0,0.0,0.0,0.0,0.0,0.0,0.0,0.0,0.0,0.0,0.0,0.0,0.0,0.0,0.0,0.0,0.0,0.0,0.0,0.0,0.0,0.0
US1IASX0006,"ORANGE CITY 2.5 S","SIOUX",1359,42.97,-96.06,M,M,0.0,M,0.0,M,M,M,M,M,0.0,0.0,0.0,M,0.0,0.0,0.0,M,M,M,M,M,M,0.0,M,M,M,0.0,0.0,M
USC00136305,"OSAGE","MITCHELL",1170,43.28,-92.81,0.0,0.0,0.0,0.0,0.0,0.0,0.0,0.0,0.0,0.0,0.0,0.0,0.0,0.0,0.0,0.0,0.0,0.0,0.0,0.0,0.0,0.0,0.0,0.0,0.0,0.0,0.0,0.0,0.0,0.0
USC00136316,"OSCEOLA","CLARKE",1028,41.02,-93.75,0.0,0.0,0.0,0.0,0.0,0.0,0.0,0.0,0.0,0.0,0.0,0.0,0.0,0.0,0.0,0.0,0.0,0.0,0.0,0.0,0.0,0.0,0.0,0.0,0.0,0.0,0.0,0.0,0.0,0.0
US1IACL0002,"OSCEOLA 2.5 WSW","CLARKE",1138,41.02,-93.82,0.0,M,M,0.0,0.0,0.0,M,0.0,0.0,0.0,M,M,0.0,0.0,0.0,0.0,0.0,0.0,0.0,M,M,M,M,0.0,M,M,M,0.0,M,0.0
USC00136327,"OSKALOOSA","MAHASKA",830,41.32,-92.65,0.0,0.0,M,0.0,0.0,0.0,0.0,0.0,M,M,0.0,0.0,0.0,0.0,0.0,M,M,0.0,0.0,0.0,0.0,0.0,M,M,0.0,0.0,0.0,0.0,0.0,M
USC00136392,"OTTUMWA #1","WAPELLO",833,41.01,-92.52,0.0,0.0,M,0.0,0.0,0.0,M,M,M,M,M,0.0,0.0,0.0,0.0,0.0,0.0,0.0,0.0,0.0,0.0,M,M,M,M,M,M,M,M,M
USW00014950,"OTTUMWA INDUSTRIAL AP","WAPELLO",842,41.11,-92.45,0.0,0.0,0.0,0.0,0.0,0.0,0.0,0.0,0.0,0.0,0.0,0.0,0.0,0.0,0.0,0.0,0.0,0.0,0.0,0.0,0.0,0.0,0.0,0.0,0.0,0.0,0.0,0.0,0.0,0.0
US1IALN0024,"PALO 4.4 SSW","LINN",876,42.00,-91.81,M,M,M,M,M,M,M,M,M,M,M,M,M,M,M,M,M,M,0.0,M,M,M,M,M,M,M,M,M,M,M
US1IAST0003,"PARK VIEW 0.2 WSW","SCOTT",791,41.69,-90.54,M,0.0,M,M,0.0,M,M,M,M,M,M,M,M,M,M,0.0,M,M,M,M,M,M,M,0.0,0.0,M,M,M,0.0,0.0
USC00136492,"PARKERSBURG","BUTLER",975,42.58,-92.80,M,M,M,M,M,M,M,M,0.0,0.0,M,M,M,M,M,M,M,M,0.0,M,M,M,M,M,M,0.0,M,M,M,M
US1IAMA0007,"PELLA 1.6 SW","MARION",865,41.39,-92.94,M,M,0.0,0.0,0.0,0.0,M,0.0,0.0,0.0,M,M,M,M,M,M,M,M,M,M,M,M,M,M,M,M,M,M,M,M
USC00136527,"PELLA 1S","MARION",780,41.38,-92.92,0.0,0.0,0.0,0.0,0.0,0.0,0.0,0.0,0.0,0.0,0.0,0.0,0.0,0.0,0.0,0.0,0.0,0.0,0.0,0.0,0.0,0.0,0.0,0.0,0.0,0.0,0.0,0.0,0.0,0.0
USC00136566,"PERRY","DALLAS",950,41.84,-94.11,0.0,0.0,0.0,0.0,0.0,0.0,0.0,0.0,0.0,0.0,0.0,0.0,0.0,0.0,0.0,0.0,0.0,M,0.0,0.0,0.0,M,0.0,0.0,0.0,0.0,0.0,0.0,0.0,0.0
USC00136719,"POCAHONTAS","POCAHONTAS",1212,42.73,-94.66,0.0,0.0,0.0,0.0,0.0,0.0,0.0,0.0,0.0,M,0.0,0.0,0.0,0.0,0.0,0.0,0.0,0.0,0.0,0.0,0.0,0.0,0.0,M,0.0,0.0,0.0,0.0,0.0,0.0
US1IAPC0006,"POCAHONTAS 0.6 W","POCAHONTAS",1238,42.73,-94.68,M,M,M,M,M,M,M,M,M,M,M,M,M,M,M,0.0,M,M,M,M,M,M,M,M,M,M,M,M,M,M
USC00136766,"POSTVILLE","ALLAMAKEE",1165,43.09,-91.56,0.0,0.0,0.0,0.0,0.0,0.0,0.0,0.0,0.0,0.0,0.0,0.0,0.0,0.0,0.0,0.0,0.0,0.0,0.0,0.0,0.0,0.0,0.0,0.0,0.0,0.0,0.0,0.0,0.0,0.0
USC00136800,"PRIMGHAR","O'BRIEN",1520,43.09,-95.63,0.0,0.0,0.0,0.0,0.0,0.0,0.0,0.0,0.0,0.0,0.0,0.0,0.0,0.0,0.0,0.0,0.0,0.0,0.0,0.0,0.0,0.0,0.0,0.0,0.0,0.0,0.0,0.0,0.0,0.0
US1IABC0002,"QUASQUETON 0.4 WSW","BUCHANAN",869,42.39,-91.76,0.0,M,M,0.0,0.0,M,0.0,M,M,M,0.0,0.0,M,0.0,M,M,0.0,0.0,M,M,M,M,M,0.0,0.0,M,M,0.0,0.0,M
USC00136891,"RANDOLPH","FREMONT",980,40.87,-95.57,0.0,0.0,0.0,0.0,0.0,0.0,0.0,0.0,0.0,0.0,0.0,0.0,0.0,0.0,0.0,0.0,0.0,0.0,0.0,0.0,0.0,0.0,0.0,0.0,0.0,0.0,0.0,0.0,0.0,0.0
USC00136910,"RATHBUN DAM","APPANOOSE",965,40.83,-92.89,0.0,0.0,0.0,0.0,0.0,0.0,0.0,0.0,0.0,0.0,0.0,0.0,0.0,M,0.0,0.0,0.0,0.0,0.0,0.0,0.0,0.0,0.0,0.0,0.0,0.0,0.0,0.0,0.0,0.0
USC00136940,"RED OAK","MONTGOMERY",1040,41.00,-95.24,0.0,0.0,0.0,0.0,0.0,0.0,0.0,0.0,0.0,0.0,0.0,0.0,0.0,0.0,0.0,0.0,0.0,0.0,0.0,0.0,0.0,0.0,0.0,0.0,0.0,0.0,0.0,0.0,0.0,0.0
USC00136976,"REMSEN NO. 2","PLYMOUTH",1330,42.81,-95.97,0.0,0.0,0.0,0.0,0.0,0.0,0.0,0.0,0.0,0.0,0.0,0.0,0.0,0.0,0.0,0.0,0.0,0.0,0.0,0.0,0.0,0.0,0.0,0.0,0.0,0.0,0.0,0.0,0.0,0.0
USC00137058,"RINGSTED","EMMET",1220,43.29,-94.51,M,0.0,M,M,M,M,M,M,M,M,M,0.0,M,0.0,M,0.0,M,0.0,M,M,0.0,M,M,M,0.0,0.0,M,M,M,M
US1IAEM0003,"RINGSTED 7.7 W","EMMET",1291,43.30,-94.66,0.0,M,M,M,M,M,M,M,M,M,M,M,M,M,M,M,M,M,M,M,M,M,M,M,M,M,M,M,M,M
US1IAST0042,"RIVERDALE 0.5 N","SCOTT",676,41.54,-90.47,M,M,0.0,0.0,0.0,0.0,M,0.0,M,M,M,0.0,M,0.0,M,0.0,0.0,0.0,0.0,M,M,M,M,M,0.0,0.0,M,M,0.0,0.0
USC00137147,"ROCK RAPIDS","LYON",1350,43.43,-96.17,0.0,0.0,0.0,0.0,0.0,0.0,0.0,0.0,0.0,0.0,0.0,0.0,0.0,0.0,0.0,0.0,0.0,0.0,0.0,0.0,0.0,0.0,0.0,0.0,0.0,0.0,0.0,0.0,0.0,0.0
USC00137152,"ROCK VALLEY","SIOUX",1246,43.20,-96.31,0.0,0.0,0.0,0.0,0.0,0.0,0.0,0.0,0.0,0.0,0.0,0.0,0.0,0.0,0.0,0.0,0.0,0.0,0.0,0.0,0.0,0.0,0.0,0.0,0.0,0.0,0.0,0.0,0.0,0.0
USC00137161,"ROCKWELL CITY","CALHOUN",1214,42.40,-94.63,0.0,0.0,0.0,0.0,0.0,0.0,0.0,0.0,0.0,0.0,0.0,0.0,0.0,0.0,0.0,0.0,0.0,0.0,0.0,0.0,0.0,0.0,0.0,0.0,0.0,0.0,0.0,0.0,0.0,0.0
USC00137312,"SAC CITY","SAC",1210,42.42,-94.98,0.0,0.0,0.0,0.0,0.0,0.0,0.0,0.0,0.0,0.0,0.0,0.0,0.0,0.0,0.0,0.0,0.0,0.0,0.0,0.0,0.0,0.0,0.0,0.0,0.0,0.0,0.0,0.0,0.0,0.0
USC00137363,"SALEM 1 S","HENRY",650,40.84,-91.62,0.0,0.0,0.0,0.0,0.0,0.0,0.0,0.0,0.0,0.0,0.0,0.0,0.0,0.0,0.0,0.0,0.0,0.0,0.0,0.0,0.0,0.0,0.0,0.0,0.0,0.0,0.0,0.0,0.0,0.0
US1IAHY0005,"SALEM 3.1 ESE","HENRY",623,40.86,-91.56,M,M,M,M,0.0,0.0,M,0.0,M,M,0.0,M,M,0.0,M,0.0,0.0,0.0,0.0,M,M,M,M,0.0,0.0,M,M,M,M,M
USC00137386,"SANBORN","O'BRIEN",1550,43.18,-95.66,0.0,0.0,0.0,0.0,0.0,0.0,0.0,0.0,0.0,0.0,0.0,0.0,0.0,0.0,0.0,0.0,0.0,0.0,0.0,0.0,0.0,0.0,0.0,0.0,0.0,0.0,0.0,0.0,0.0,0.0
US1IACF0002,"SCHLESWIG 0.4 NE","CRAWFORD",1480,42.17,-95.43,0.0,M,0.0,0.0,0.0,0.0,0.0,0.0,0.0,0.0,M,M,0.0,M,0.0,0.0,0.0,0.0,M,M,M,0.0,0.0,0.0,M,M,M,M,M,M
US1IAWY0003,"SEYMOUR 1.7 W","WAYNE",1058,40.68,-93.15,M,M,M,M,0.0,M,M,M,M,M,M,M,M,M,M,M,0.0,M,0.0,M,0.0,M,M,M,M,M,M,M,M,M
USC00137594,"SHELDON","O'BRIEN",1420,43.18,-95.85,0.0,0.0,0.0,0.0,0.0,0.0,0.0,0.0,0.0,0.0,0.0,0.0,0.0,0.0,0.0,0.0,0.0,0.0,0.0,0.0,0.0,0.0,0.0,0.0,0.0,0.0,0.0,0.0,0.0,0.0
US1IALN0036,"SHELLSBURG 2.9 S","LINN",851,42.05,-91.87,0.0,0.0,M,0.0,0.0,M,M,0.0,M,M,M,0.0,0.0,0.0,M,0.0,0.0,0.0,M,M,M,M,M,M,0.0,M,M,0.0,M,0.0
USC00137613,"SHENANDOAH","PAGE",975,40.77,-95.38,0.0,0.0,0.0,0.0,0.0,0.0,0.0,0.0,0.0,0.0,0.0,0.0,0.0,0.0,0.0,0.0,0.0,0.0,0.0,0.0,0.0,0.0,0.0,0.0,0.0,0.0,0.0,0.0,0.0,0.0
USC00137664,"SIBLEY","OSCEOLA",1528,43.40,-95.75,0.0,0.0,0.0,0.0,0.0,0.0,0.0,0.0,0.0,0.0,0.0,0.0,0.0,0.0,0.0,0.0,0.0,0.0,0.0,0.0,0.0,0.0,0.0,0.0,0.0,0.0,0.0,0.0,0.0,0.0
US1IAFM0001,"SIDNEY 5.1 NNE","FREMONT",954,40.81,-95.61,0.0,M,0.0,0.0,0.0,0.0,M,0.0,M,0.0,M,M,0.0,0.0,0.0,0.0,0.0,0.0,M,M,M,M,0.0,M,0.0,M,0.0,0.0,0.0,0.0
USC00137678,"SIGOURNEY","KEOKUK",795,41.34,-92.20,0.0,0.0,0.0,0.0,0.0,0.0,0.0,0.0,0.0,0.0,0.0,0.0,0.0,0.0,0.0,0.0,0.0,0.0,0.0,0.0,0.0,0.0,0.0,0.0,0.0,0.0,0.0,0.0,0.0,0.0
USC00137700,"SIOUX CENTER 2 SE","SIOUX",1360,43.06,-96.15,0.0,0.0,0.0,0.0,0.0,0.0,0.0,0.0,0.0,M,0.0,0.0,0.0,0.0,0.0,M,M,0.0,0.0,0.0,0.0,0.0,0.0,0.0,0.0,0.0,0.0,0.0,0.0,0.0
US1IASX0007,"SIOUX CENTER 2.6 N","SIOUX",1473,43.11,-96.18,M,M,M,M,M,M,M,M,M,M,M,M,M,M,M,M,0.0,M,M,0.0,M,M,M,0.0,M,M,0.0,M,0.0,M
USC00137702,"SIOUX CITY ANG","WOODBURY",1100,42.40,-96.38,0.0,0.0,0.0,0.0,0.0,0.0,0.0,0.0,0.0,0.0,0.0,T,0.0,0.0,0.0,0.0,0.0,0.0,0.0,0.0,0.0,0.0,0.0,0.0,0.0,0.0,0.0,0.0,0.0,0.0
USW00014943,"SIOUX CITY AP","WOODBURY",1095,42.39,-96.38,0.0,0.0,0.0,0.0,0.0,0.0,0.0,0.0,0.0,0.0,0.0,0.0,0.0,0.0,0.0,0.0,0.0,0.0,0.0,0.0,0.0,0.0,0.0,0.0,0.0,0.0,0.0,0.0,0.0,0.0
USC00137726,"SIOUX RAPIDS 4 E","BUENA VISTA",1420,42.89,-95.07,0.0,0.0,0.0,0.0,0.0,0.0,0.0,0.0,0.0,0.0,0.0,0.0,0.0,0.0,0.0,0.0,0.0,0.0,0.0,0.0,0.0,0.0,0.0,0.0,0.0,0.0,0.0,0.0,0.0,0.0
US1IAJH0001,"SOLON 0.3 ESE","JOHNSON",804,41.80,-91.49,0.0,0.0,M,0.0,0.0,0.0,M,0.0,0.0,M,0.0,0.0,0.0,0.0,M,0.0,0.0,M,M,M,M,M,0.0,0.0,0.0,M,M,0.0,M,0.0
USC00137844,"SPENCER 1 N","CLAY",1326,43.17,-95.15,0.0,0.0,0.0,0.0,0.0,0.0,0.0,0.0,0.0,0.0,0.0,0.0,0.0,0.0,0.0,0.0,0.0,0.0,0.0,0.0,0.0,0.0,0.0,0.0,0.0,0.0,0.0,0.0,0.0,0.0
USC00137859,"SPIRIT LAKE","DICKINSON",1420,43.42,-95.14,0.0,0.0,0.0,0.0,0.0,T,0.0,0.0,0.0,0.0,0.0,0.0,0.0,0.0,0.0,0.0,0.0,0.0,0.0,0.0,0.0,0.0,0.0,0.0,0.0,0.0,0.0,0.0,0.0,0.0
USC00137326,"ST ANSGAR","MITCHELL",1139,43.38,-92.92,0.0,0.0,0.0,0.0,0.0,0.0,0.0,0.0,0.0,T,0.0,0.0,0.0,0.0,0.0,0.0,0.0,0.0,0.0,0.0,0.0,0.0,0.0,0.0,0.0,0.0,0.0,0.0,0.0,0.0
USC00137892,"STANLEY","BUCHANAN",1114,42.63,-91.86,0.0,0.0,0.0,0.0,0.0,0.0,0.0,0.0,0.0,0.0,0.0,0.0,0.0,0.0,0.0,0.0,0.0,0.0,0.0,0.0,0.0,0.0,0.0,0.0,0.0,0.0,0.0,0.0,0.0,0.0
USC00137979,"STORM LAKE","BUENA VISTA",1442,42.65,-95.19,0.0,0.0,0.0,0.0,0.0,0.0,0.0,0.0,0.0,0.0,0.0,0.0,0.0,0.0,0.0,0.0,0.0,0.0,0.0,0.0,0.0,0.0,0.0,0.0,M,0.0,0.0,0.0,0.0,0.0
USC00138009,"STRAWBERRY POINT","CLAYTON",1200,42.69,-91.53,0.0,0.0,0.0,0.0,0.0,0.0,0.0,0.0,0.0,0.0,0.0,0.0,0.0,0.0,0.0,0.0,0.0,0.0,0.0,0.0,0.0,0.0,0.0,0.0,0.0,0.0,0.0,0.0,0.0,0.0
US1IACG0007,"SWALEDALE 0.0 WNW","CERRO GORDO",1151,42.98,-93.32,0.0,M,M,0.0,0.0,0.0,M,M,M,M,M,M,M,M,M,0.0,0.0,M,M,M,M,M,0.0,0.0,M,M,M,M,M,0.0
USC00138026,"SWEA CITY 5N","KOSSUTH",1180,43.45,-94.31,M,M,M,0.0,0.0,0.0,0.0,0.0,0.0,0.0,0.0,0.0,0.0,0.0,0.0,0.0,0.0,0.0,0.0,0.0,0.0,0.0,0.0,0.0,0.0,0.0,0.0,0.0,0.0,0.0
USC00138062,"SWISHER #2","JOHNSON",790,41.85,-91.68,0.0,0.0,0.0,0.0,0.0,0.0,0.0,0.0,0.0,0.0,0.0,0.0,0.0,0.0,0.0,0.0,0.0,0.0,0.0,0.0,0.0,0.0,0.0,0.0,0.0,0.0,0.0,0.0,0.0,0.0
US1IAJH0014,"SWISHER 0.4 NNE","JOHNSON",819,41.85,-91.69,0.0,0.0,0.0,0.0,0.0,0.0,M,0.0,M,M,0.0,0.0,0.0,0.0,M,0.0,0.0,0.0,M,M,M,M,M,0.0,0.0,M,M,0.0,0.0,0.0
USC00138296,"TOLEDO 3N","TAMA",935,42.04,-92.58,0.0,0.0,0.0,0.0,0.0,0.0,0.0,0.0,0.0,0.0,0.0,0.0,0.0,0.0,0.0,0.0,0.0,0.0,0.0,0.0,0.0,0.0,0.0,0.0,0.0,0.0,0.0,0.0,0.0,M
USC00138315,"TRAER","TAMA",950,42.19,-92.47,M,M,0.0,M,M,M,0.0,M,M,0.0,M,M,M,M,0.0,M,M,M,0.0,0.0,0.0,0.0,0.0,M,M,0.0,M,M,M,M
USC00138339,"TRIPOLI","BREMER",960,42.81,-92.26,0.0,0.0,0.0,0.0,0.0,0.0,0.0,0.0,0.0,0.0,0.0,0.0,0.0,0.0,0.0,0.0,0.0,0.0,0.0,0.0,0.0,0.0,0.0,0.0,0.0,0.0,0.0,0.0,0.0,0.0
USC00138410,"UNDERWOOD","POTTAWATTAMIE",1080,41.39,-95.68,0.0,0.0,0.0,0.0,0.0,0.0,0.0,0.0,0.0,0.0,0.0,0.0,0.0,0.0,0.0,0.0,0.0,0.0,0.0,0.0,0.0,0.0,0.0,0.0,0.0,0.0,0.0,0.0,0.0,0.0
USC00138568,"VINTON","BENTON",850,42.17,-92.01,0.0,0.0,0.0,0.0,0.0,0.0,0.0,0.0,0.0,0.0,0.0,0.0,0.0,0.0,0.0,0.0,0.0,0.0,0.0,0.0,0.0,0.0,0.0,0.0,0.0,0.0,0.0,0.0,0.0,0.0
USC00138688,"WASHINGTON","WASHINGTON",687,41.28,-91.71,0.0,0.0,0.0,0.0,0.0,0.0,0.0,0.0,0.0,0.0,0.0,0.0,0.0,0.0,0.0,0.0,0.0,0.0,0.0,0.0,0.0,0.0,0.0,0.0,0.0,0.0,0.0,0.0,0.0,0.0
USC00138693,"WASHTA","CHEROKEE",1150,42.57,-95.72,0.0,0.0,M,0.0,0.0,0.0,M,0.0,0.0,0.0,0.0,0.0,0.0,0.0,0.0,0.0,0.0,0.0,0.0,0.0,M,0.0,M,0.0,0.0,0.0,0.0,0.0,0.0,M
US1IABH0006,"WATERLOO 1.9 SSE","BLACK HAWK",912,42.47,-92.34,0.0,M,M,M,0.0,0.0,0.0,M,M,M,0.0,0.0,M,M,M,0.0,0.0,0.0,M,M,M,M,M,0.0,0.0,M,0.0,0.0,0.0,0.0
USW00094910,"WATERLOO MUNICIPAL AP","BLACK HAWK",868,42.55,-92.40,0.0,0.0,0.0,0.0,0.0,0.0,0.0,0.0,0.0,0.0,0.0,0.0,0.0,0.0,0.0,0.0,0.0,0.0,0.0,0.0,0.0,0.0,0.0,0.0,0.0,0.0,0.0,0.0,0.0,0.0
USC00138707,"WATERLOO SNOW","BLACK HAWK",896,42.47,-92.34,M,0.0,0.0,M,M,0.0,0.0,0.0,0.0,M,M,M,M,M,M,M,M,M,M,0.0,0.0,0.0,M,M,M,M,M,M,M,M
USC00138742,"WAUCOMA 1WNW","FAYETTE",1118,43.06,-92.05,0.0,0.0,0.0,0.0,0.0,0.0,0.0,0.0,0.0,0.0,0.0,0.0,0.0,0.0,0.0,0.0,0.0,0.0,0.0,0.0,0.0,0.0,0.0,0.0,0.0,0.0,0.0,0.0,0.0,0.0
US1IAFY0003,"WAUCOMA 3.2 S","FAYETTE",1028,43.01,-92.03,M,M,M,M,M,M,M,M,M,M,M,M,M,M,M,M,M,M,M,M,M,M,M,M,M,M,M,M,0.0,0.0
US1IADL0022,"WAUKEE 1.2 ENE","DALLAS",1035,41.61,-93.84,0.0,M,M,0.0,0.0,0.0,M,0.0,0.0,0.0,M,M,0.0,0.0,M,0.0,0.0,0.0,M,M,M,M,0.0,0.0,M,M,M,0.0,M,0.0
USC00138756,"WAUKON 4SW","ALLAMAKEE",1191,43.24,-91.55,0.0,0.0,0.0,0.0,0.0,0.0,0.0,0.0,0.0,0.0,0.0,0.0,0.0,0.0,0.0,0.0,0.0,0.0,0.0,0.0,0.0,0.0,0.0,0.0,0.0,0.0,0.0,0.0,0.0,0.0
USC00138806,"WEBSTER CITY","HAMILTON",1072,42.47,-93.80,0.0,0.0,0.0,0.0,0.0,0.0,0.0,0.0,0.0,0.0,0.0,0.0,0.0,0.0,0.0,0.0,0.0,0.0,0.0,0.0,0.0,0.0,0.0,0.0,0.0,0.0,0.0,0.0,0.0,0.0
US1IAHM0001,"WEBSTER CITY 0.5 NW","HAMILTON",1060,42.47,-93.82,M,M,M,0.0,0.0,0.0,M,0.0,0.0,M,M,M,M,M,M,0.0,0.0,M,M,M,M,M,0.0,0.0,M,M,M,M,M,M
US1IAWS0007,"WELLMAN 4.0 E","WASHINGTON",756,41.46,-91.76,0.0,0.0,M,0.0,0.0,0.0,M,M,M,M,M,M,0.0,M,M,0.0,0.0,0.0,M,M,M,M,M,0.0,0.0,M,0.0,M,M,M
US1IAPA0005,"WEST BEND 5.4 W","PALO ALTO",1182,42.96,-94.55,0.0,M,0.0,0.0,M,M,M,M,M,M,M,M,M,M,M,M,M,M,M,M,M,M,M,0.0,M,M,M,M,0.0,0.0
US1IALE0011,"WEST POINT 7.5 NW","LEE",648,40.78,-91.56,M,M,M,M,0.0,0.0,0.0,0.0,M,M,0.0,M,M,M,0.0,0.0,0.0,0.0,0.0,M,M,M,M,0.0,0.0,M,M,M,M,M
USC00139067,"WILLIAMSBURG 1E","IOWA",780,41.66,-92.00,0.0,0.0,0.0,0.0,0.0,0.0,0.0,0.0,0.0,0.0,0.0,0.0,0.0,0.0,0.0,0.0,0.0,0.0,0.0,0.0,0.0,0.0,0.0,0.0,0.0,0.0,0.0,0.0,0.0,0.0
US1IAPK0037,"WINDSOR HEIGHTS 0.8 SE","POLK",863,41.60,-93.70,0.0,0.0,0.0,0.0,0.0,0.0,0.0,0.0,0.0,0.0,0.0,0.0,0.0,0.0,0.0,0.0,0.0,0.0,0.0,0.0,0.0,0.0,0.0,0.0,0.0,0.0,0.0,0.0,0.0,0.0
US1IAHR0002,"WOODBINE 7.9 NNW","HARRISON",1440,41.84,-95.77,M,M,M,M,M,M,M,M,M,M,M,M,M,M,M,M,M,M,M,M,M,M,M,M,0.0,M,M,M,M,M
USC00139750,"ZEARING","STORY",1102,42.17,-93.31,M,0.0,M,M,M,M,0.0,0.0,M,M,M,0.0,M,0.0,0.0,M,M,M,0.0,0.0,0.0,0.0,M,M,0.0,0.0,M,M,0.0,M
