California Snowfall, December 2018
"GHCN ID","Station Name",County,Elevation,Latitude,Longitude,"Dec 1","Dec 2","Dec 3","Dec 4","Dec 5","Dec 6","Dec 7","Dec 8","Dec 9","Dec 10","Dec 11","Dec 12","Dec 13","Dec 14","Dec 15","Dec 16","Dec 17","Dec 18","Dec 19","Dec 20","Dec 21","Dec 22","Dec 23","Dec 24","Dec 25","Dec 26","Dec 27","Dec 28","Dec 29","Dec 30","Dec 31"
USC00040029,"ADIN RANGER STATION","MODOC",4194,41.19,-120.94,0.3,0.0,0.0,0.0,0.2,0.0,0.0,0.0,0.0,0.0,0.0,0.0,0.0,0.0,0.0,0.8,0.0,0.0,0.0,0.0,0.0,0.0,T,1.5,2.0,0.0,0.0,0.0,0.0,0.0,0.0
US1CAMA0004,"AHWAHNEE 2.5 NNW","MADERA",2839,37.40,-119.74,0.0,0.0,0.0,0.0,0.0,0.0,0.0,0.0,0.0,0.0,0.0,0.0,0.0,0.0,0.0,0.0,0.0,0.0,0.0,0.0,0.0,0.0,0.0,0.0,0.0,0.0,0.0,0.0,0.0,0.0,0.0
US1CANV0016,"ALTA SIERRA 0.4 WSW","NEVADA",2303,39.12,-121.06,0.0,M,0.0,0.0,M,0.0,0.0,0.0,0.0,0.0,M,0.0,0.0,0.0,M,0.0,M,0.0,0.0,M,M,M,M,M,M,0.0,0.0,0.0,0.0,M,M
US1CANV0010,"ALTA SIERRA 1.3 S","NEVADA",2153,39.10,-121.06,M,M,M,M,M,M,M,M,M,M,M,M,M,M,M,M,M,M,M,M,M,M,M,0.0,M,M,M,M,M,M,M
US1CALA0005,"ALTADENA 0.7 ESE","LOS ANGELES",1323,34.19,-118.12,0.0,0.0,0.0,0.0,0.0,M,M,0.0,0.0,0.0,0.0,0.0,0.0,0.0,0.0,0.0,0.0,0.0,0.0,0.0,0.0,0.0,0.0,0.0,0.0,0.0,0.0,0.0,0.0,0.0,0.0
US1CAMC0004,"ALTURAS 9.5 E","MODOC",5335,41.51,-120.36,0.1,3.4,1.1,0.0,0.2,0.4,0.0,T,0.0,0.4,T,T,0.0,0.0,0.2,0.0,1.7,0.0,0.0,0.0,0.9,T,0.4,1.1,1.3,0.0,0.2,T,0.0,0.0,T
US1CAAM0013,"AMADOR CITY 1.0 W","AMADOR",889,38.42,-120.84,M,M,0.0,0.0,M,M,0.0,0.0,0.0,0.0,0.0,0.0,0.0,0.0,0.0,0.0,M,M,M,M,M,M,M,M,M,M,M,M,0.0,0.0,0.0
USC00040176,"AMBOY","SAN BERNARDINO",648,34.56,-115.74,0.0,0.0,M,0.0,0.0,0.0,0.0,0.0,0.0,0.0,0.0,0.0,0.0,M,0.0,0.0,0.0,0.0,0.0,0.0,0.0,0.0,0.0,0.0,0.0,0.0,M,0.0,0.0,0.0,0.0
US1CAOR0021,"ANAHEIM 4.9 ENE","ORANGE",298,33.86,-117.79,0.0,0.0,0.0,0.0,M,M,M,0.0,0.0,0.0,0.0,0.0,0.0,0.0,0.0,0.0,0.0,0.0,0.0,0.0,0.0,0.0,0.0,0.0,M,0.0,0.0,0.0,0.0,0.0,0.0
US1CAOR0039,"ANAHEIM 7.3 E","ORANGE",755,33.85,-117.75,0.0,0.0,0.0,0.0,M,M,M,0.0,0.0,M,0.0,0.0,0.0,0.0,0.0,0.0,M,0.0,0.0,0.0,0.0,0.0,0.0,0.0,M,0.0,0.0,0.0,0.0,0.0,0.0
US1CASH0074,"ANDERSON 6.0 W","SHASTA",765,40.45,-122.41,M,M,M,0.0,M,0.0,0.0,0.0,0.0,0.0,0.0,M,0.0,M,M,M,M,M,M,0.0,M,M,M,M,M,M,M,M,M,M,M
US1CASR0009,"APPLE VALLEY 2.6 SE","SAN BERNARDINO",2940,34.50,-117.18,0.0,0.0,0.0,0.0,0.0,0.0,0.0,0.0,0.0,0.0,0.0,0.0,0.0,0.0,0.0,0.0,0.0,0.0,0.0,0.0,0.0,0.0,0.0,0.0,0.0,0.0,0.0,0.0,0.0,0.0,0.0
US1CASR0066,"APPLE VALLEY 4.1 ENE","SAN BERNARDINO",3118,34.56,-117.15,0.0,0.0,0.0,0.0,0.0,M,M,0.0,0.0,0.0,0.0,0.0,0.0,0.0,0.0,0.0,0.0,0.0,0.0,0.0,M,0.0,M,0.0,0.0,0.0,0.0,0.0,0.0,0.0,0.0
US1CAPC0024,"APPLEGATE 0.5 SE","PLACER",1982,39.00,-120.99,M,M,0.0,0.0,M,M,0.0,0.0,0.0,0.0,0.0,0.0,0.0,0.0,M,0.0,M,M,0.0,0.0,M,M,0.0,M,M,0.0,0.0,0.0,0.0,0.0,0.0
US1CASZ0045,"APTOS 0.4 S","SANTA CRUZ",225,36.99,-121.90,M,M,M,M,M,M,0.0,M,M,M,M,0.0,M,0.0,M,0.0,M,M,M,M,M,M,M,M,M,M,M,M,0.0,M,M
US1CAHM0063,"ARCATA 0.9 WNW","HUMBOLDT",15,40.87,-124.10,M,M,0.0,M,0.0,0.0,0.0,M,0.0,M,0.0,M,0.0,0.0,M,M,M,M,M,0.0,M,0.0,M,M,M,0.0,M,0.0,0.0,M,M
US1CAHM0001,"ARCATA 1.1 NE","HUMBOLDT",420,40.88,-124.07,M,M,0.0,M,0.0,0.0,0.0,M,0.0,M,0.0,M,0.0,0.0,M,M,M,0.0,M,0.0,M,0.0,M,M,M,0.0,M,0.0,0.0,M,0.0
USW00024283,"ARCATA EUREKA AP","HUMBOLDT",200,40.98,-124.11,M,0.0,0.0,M,M,0.0,M,0.0,0.0,0.0,0.0,M,0.0,M,M,M,M,0.0,0.0,M,0.0,M,M,M,0.0,0.0,0.0,0.0,0.0,M,0.0
US1CALA0068,"ARTESIA 0.5 W","LOS ANGELES",59,33.87,-118.09,M,0.0,0.0,0.0,M,M,M,0.0,0.0,0.0,0.0,0.0,0.0,0.0,0.0,0.0,0.0,0.0,0.0,0.0,0.0,M,0.0,0.0,0.0,0.0,0.0,0.0,0.0,0.0,0.0
USC00040820,"ASPENDELL","INYO",8468,37.23,-118.60,M,2.0,M,M,M,M,M,M,M,M,M,M,M,M,M,M,M,M,M,M,M,M,M,M,M,0.0,M,M,M,M,M
US1CAPC0037,"AUBURN 4.8 N","PLACER",1445,38.96,-121.09,M,M,M,0.0,M,M,M,M,M,M,M,M,M,M,M,M,M,M,M,M,M,0.0,M,M,M,M,M,M,M,0.0,M
USW00023191,"AVALON CATALINA AP","LOS ANGELES",1602,33.40,-118.42,0.0,0.0,0.0,0.0,0.0,0.0,M,0.0,0.0,0.0,0.0,0.0,0.0,0.0,0.0,0.0,0.0,0.0,0.0,0.0,0.0,0.0,0.0,0.0,0.0,0.0,0.0,0.0,0.0,0.0,0.0
USW00023155,"BAKERSFIELD AP","KERN",489,35.43,-119.05,0.0,0.0,0.0,0.0,0.0,0.0,0.0,0.0,0.0,0.0,0.0,0.0,0.0,0.0,0.0,0.0,0.0,0.0,0.0,0.0,0.0,0.0,0.0,0.0,0.0,0.0,0.0,0.0,0.0,0.0,0.0
USC00040521,"BARSTOW","SAN BERNARDINO",2220,34.89,-117.02,0.0,0.0,0.0,0.0,0.0,0.0,0.0,0.0,0.0,M,0.0,0.0,0.0,0.0,0.0,0.0,0.0,0.0,0.0,0.0,0.0,0.0,0.0,0.0,0.0,0.0,0.0,M,0.0,0.0,0.0
US1CASR0035,"BARSTOW 4.2 NE","SAN BERNARDINO",2169,34.92,-117.02,M,M,M,0.0,0.0,M,M,M,M,0.0,M,M,M,M,M,M,M,M,M,M,M,M,M,M,0.0,M,M,M,M,0.0,0.0
USW00023161,"BARSTOW-DAGGETT AIRPORT","SAN BERNARDINO",1917,34.85,-116.79,0.0,0.0,0.0,0.0,M,M,M,0.0,0.0,0.0,0.0,0.0,0.0,0.0,0.0,0.0,0.0,0.0,0.0,0.0,0.0,0.0,0.0,0.0,M,0.0,0.0,0.0,0.0,0.0,0.0
US1CAHM0016,"BAYVIEW 0.8 SE","HUMBOLDT",176,40.76,-124.17,0.0,0.0,0.0,0.0,0.0,0.0,0.0,0.0,M,0.0,0.0,0.0,0.0,M,0.0,M,0.0,M,M,M,M,M,M,M,M,M,M,0.0,0.0,M,0.0
US1CARV0061,"BEAUMONT 2.0 NW","RIVERSIDE",2553,33.95,-117.00,0.0,0.0,0.0,0.0,0.0,M,M,0.0,0.0,0.0,0.0,0.0,0.0,0.0,0.0,0.0,0.0,0.0,0.0,0.0,0.0,0.0,0.0,0.0,M,M,0.0,0.0,0.0,0.0,0.0
US1CARV0065,"BEAUMONT 2.1 ESE","RIVERSIDE",2560,33.92,-116.95,0.0,0.0,0.0,0.0,0.0,M,M,0.0,0.0,0.0,0.0,0.0,0.0,0.0,0.0,0.0,0.0,0.0,0.0,0.0,0.0,0.0,0.0,0.0,M,M,0.0,0.0,0.0,0.0,0.0
US1CARV0045,"BEAUMONT 2.2 NNW","RIVERSIDE",2643,33.96,-116.99,0.0,0.0,0.0,0.0,0.0,M,M,0.0,0.0,0.0,0.0,0.0,0.0,0.0,0.0,0.0,0.0,0.0,0.0,0.0,0.0,0.0,0.0,0.0,M,M,0.0,0.0,0.0,0.0,0.0
US1CARV0018,"BEAUMONT 2.5 NW","RIVERSIDE",2532,33.95,-117.01,0.0,0.0,0.0,0.0,0.0,M,M,0.0,0.0,0.0,0.0,0.0,0.0,0.0,0.0,0.0,0.0,0.0,0.0,0.0,0.0,0.0,0.0,0.0,M,M,0.0,0.0,0.0,0.0,0.0
US1CAPM0009,"BECKWOURTH 3.3 E","PLUMAS",4958,39.82,-120.32,M,1.5,0.0,M,2.5,0.0,0.0,0.0,0.0,0.0,M,0.0,0.0,0.0,M,0.0,0.0,0.0,0.0,0.0,M,M,M,M,M,M,M,0.0,0.0,0.0,M
US1CASO0006,"BENICIA 1.0 N","SOLANO",246,38.09,-122.16,M,M,M,M,M,M,0.0,0.0,M,M,M,M,0.0,0.0,M,0.0,M,M,M,0.0,M,M,0.0,M,M,0.0,M,M,M,M,M
US1CAAL0039,"BERKELEY 0.9 SSE","ALAMEDA",45,37.86,-122.29,M,M,M,0.0,M,M,M,0.0,0.0,M,M,M,M,0.0,M,0.0,M,M,M,M,M,M,M,M,M,M,M,M,M,0.0,M
US1CAAL0018,"BERKELEY 4.0 E","ALAMEDA",1148,37.86,-122.23,M,M,M,M,M,M,0.0,M,M,M,M,M,M,M,M,0.0,M,0.0,0.0,M,M,M,M,M,M,M,M,M,M,M,M
USC00040741,"BIG BEAR LAKE","SAN BERNARDINO",6751,34.24,-116.92,0.0,0.0,0.0,0.0,0.0,5.0,2.5,0.0,0.0,0.0,0.0,0.0,0.0,M,0.0,0.0,0.0,0.0,0.0,0.0,0.0,0.0,0.0,0.0,1.5,0.0,0.0,T,0.0,0.0,T
US1CAMT0027,"BIG SUR 7.2 NNW","MONTEREY",2433,36.35,-121.82,M,M,0.0,M,M,M,M,M,M,M,M,M,M,M,M,M,M,M,M,M,M,M,M,M,M,M,M,M,M,M,M
US1CAMT0023,"BIG SUR 9.5 NNW","MONTEREY",1100,36.40,-121.87,M,M,0.0,0.0,M,M,M,0.0,0.0,0.0,0.0,0.0,0.0,0.0,0.0,0.0,0.0,0.0,0.0,0.0,0.0,0.0,0.0,0.0,M,0.0,0.0,0.0,0.0,0.0,0.0
US1CAIN0013,"BISHOP 1.4 WNW","INYO",4202,37.38,-118.42,0.0,0.0,0.0,0.0,0.0,M,M,0.0,0.0,0.0,0.0,0.0,0.0,0.0,0.0,0.0,0.0,0.0,0.0,0.0,0.0,0.0,0.0,0.0,M,0.0,0.0,0.0,0.0,0.0,0.0
US1CAIN0004,"BISHOP 1.7 NW","INYO",4180,37.39,-118.41,M,0.0,M,0.0,M,M,M,0.0,M,0.0,0.0,0.0,0.0,M,0.0,0.0,0.0,M,0.0,0.0,0.0,0.0,M,0.0,M,0.0,0.0,M,M,M,0.0
US1CAIN0012,"BISHOP 1.7 SW","INYO",4220,37.35,-118.42,M,M,M,M,M,M,M,0.0,0.0,0.0,0.0,0.0,0.0,0.0,0.0,0.0,0.0,0.0,0.0,0.0,M,0.0,0.0,0.0,M,0.0,0.0,0.0,0.0,0.0,0.0
US1CAIN0002,"BISHOP 8.5 WSW","INYO",6000,37.32,-118.54,M,1.0,M,M,M,M,M,M,M,M,M,M,M,M,M,M,M,M,M,M,M,M,M,M,M,M,M,M,M,M,M
US1CAIN0005,"BISHOP 8.8 WNW","INYO",4536,37.41,-118.55,0.0,M,0.0,M,M,M,0.0,M,M,M,M,M,M,M,M,M,M,M,M,M,M,M,M,M,M,0.0,0.0,0.0,0.0,0.0,M
USW00023157,"BISHOP AP","INYO",4101,37.37,-118.36,0.0,0.0,0.0,M,0.0,M,0.0,0.0,0.0,0.0,0.0,0.0,0.0,0.0,0.0,0.0,0.0,0.0,0.0,0.0,0.0,0.0,0.0,M,0.0,0.0,0.0,0.0,0.0,0.0,0.0
US1CAHM0039,"BLUE LAKE 0.6 NNW","HUMBOLDT",179,40.89,-123.99,M,M,0.0,M,0.0,0.0,0.0,M,0.0,M,0.0,M,0.0,0.0,M,0.0,M,M,M,M,M,M,M,M,M,M,M,M,M,M,M
USC00040924,"BLYTHE","RIVERSIDE",268,33.61,-114.60,0.0,0.0,0.0,0.0,0.0,0.0,0.0,0.0,0.0,0.0,0.0,0.0,0.0,0.0,0.0,0.0,0.0,0.0,0.0,0.0,0.0,0.0,0.0,0.0,0.0,0.0,0.0,0.0,0.0,0.0,0.0
USW00023158,"BLYTHE ASOS","RIVERSIDE",395,33.62,-114.71,0.0,0.0,0.0,0.0,0.0,0.0,0.0,0.0,0.0,0.0,0.0,0.0,0.0,0.0,0.0,0.0,0.0,0.0,0.0,0.0,0.0,0.0,0.0,0.0,M,0.0,0.0,0.0,0.0,0.0,0.0
USC00040931,"BOCA","NEVADA",5574,39.39,-120.09,2.5,2.5,0.0,T,3.5,0.0,0.0,0.0,0.0,0.0,0.0,0.0,0.0,0.0,0.0,0.0,T,0.0,0.0,0.0,0.0,0.0,T,0.0,0.5,0.0,0.0,0.0,0.0,0.0,0.0
US1CASN0093,"BODEGA BAY 1.0 SE","SONOMA",226,38.31,-123.02,M,M,M,M,M,M,M,M,M,M,M,M,M,M,M,M,M,M,M,M,M,M,M,M,M,M,0.0,0.0,0.0,0.0,0.0
USC00040943,"BODIE CALIFORNIA STATE HISTORIC P","MONO",8368,38.21,-119.01,0.0,0.0,0.0,M,T,0.0,M,0.0,0.0,0.0,0.0,0.0,0.0,0.0,M,0.0,0.0,M,M,M,M,T,M,0.0,6.0,1.0,1.0,0.0,M,M,M
US1CAMR0030,"BOLINAS 0.2 W","MARIN",190,37.91,-122.70,M,0.0,0.0,M,M,0.0,0.0,0.0,0.0,M,0.0,M,0.0,M,M,M,M,M,M,M,M,0.0,M,M,M,0.0,0.0,0.0,0.0,0.0,0.0
US1CAMD0003,"BOONVILLE 2.2 WSW","MENDOCINO",1061,39.01,-123.41,M,M,M,0.0,M,M,0.0,0.0,0.0,M,M,0.0,0.0,M,M,M,M,M,M,M,M,M,M,M,M,M,M,0.0,0.0,0.0,0.0
USC00040983,"BORREGO DESERT PARK","SAN DIEGO",810,33.26,-116.40,M,M,M,M,M,0.0,0.0,M,M,0.0,M,M,M,0.0,0.0,0.0,M,M,M,M,M,M,M,M,0.0,0.0,0.0,0.0,0.0,M,M
US1CASD0130,"BORREGO SPRINGS 7.1SE","SAN DIEGO",574,33.19,-116.28,M,M,M,M,M,M,M,M,0.0,0.0,0.0,0.0,0.0,0.0,0.0,0.0,0.0,0.0,0.0,0.0,0.0,0.0,0.0,0.0,M,M,0.0,0.0,0.0,0.0,0.0
US1CASZ0021,"BOULDER CREEK 3.0 NW","SANTA CRUZ",875,37.17,-122.16,M,M,0.0,M,M,M,0.0,0.0,0.0,0.0,0.0,M,0.0,0.0,M,M,M,0.0,0.0,0.0,0.0,M,0.0,M,M,0.0,0.0,0.0,0.0,0.0,0.0
US1CASZ0006,"BOULDER CREEK 3.6 NE","SANTA CRUZ",1724,37.18,-122.09,M,M,0.0,M,M,M,0.0,0.0,M,0.0,0.0,M,M,0.0,M,M,M,M,0.0,0.0,0.0,M,0.0,M,M,M,M,0.0,0.0,0.0,0.0
US1CASD0105,"BOULEVARD 4.4 WSW","SAN DIEGO",3520,32.64,-116.35,M,0.0,0.0,0.0,0.0,M,M,0.0,0.0,0.0,0.0,0.0,0.0,0.0,0.0,0.0,0.0,0.0,0.0,0.0,0.0,0.0,0.0,0.0,M,M,M,0.0,0.0,0.0,M
US1CASN0084,"BOYES HOT SPRINGS 0.5 ENE","SONOMA",295,38.32,-122.47,M,0.0,0.0,0.0,M,M,0.0,0.0,0.0,M,0.0,0.0,0.0,0.0,M,M,M,0.0,M,M,M,M,0.0,M,M,0.0,0.0,0.0,0.0,M,0.0
USC00041072,"BRIDGEPORT","MONO",6468,38.26,-119.23,M,M,M,M,M,M,M,M,M,M,M,M,M,M,M,M,M,0.0,M,M,M,M,M,M,M,M,M,M,M,M,M
US1CAHM0026,"BRIDGEVILLE 5.2 ENE","HUMBOLDT",2674,40.47,-123.70,M,M,0.0,0.0,0.0,0.0,0.0,M,0.0,M,M,M,0.0,0.0,M,M,M,M,M,0.0,M,M,M,M,M,0.0,M,0.0,0.0,M,M
USW00023152,"BURBANK GLENDALE PASADENA AP","LOS ANGELES",741,34.20,-118.36,0.0,0.0,0.0,0.0,M,M,0.0,0.0,0.0,0.0,0.0,0.0,0.0,0.0,0.0,0.0,0.0,0.0,0.0,0.0,0.0,0.0,0.0,M,0.0,0.0,0.0,0.0,0.0,0.0,0.0
US1CALA0054,"CALABASAS 1.9 E","LOS ANGELES",1080,34.14,-118.63,M,M,M,0.0,M,M,M,0.0,0.0,M,0.0,0.0,M,0.0,M,M,M,M,M,0.0,0.0,M,0.0,M,M,M,M,0.0,M,M,M
US1CANP0003,"CALISTOGA 0.4 SSE","NAPA",348,38.58,-122.58,M,M,0.0,0.0,M,M,0.0,0.0,0.0,M,0.0,0.0,0.0,0.0,M,M,M,M,M,M,M,M,0.0,M,M,0.0,0.0,0.0,0.0,0.0,0.0
US1CAVT0016,"CAMARILLO 0.6 N","VENTURA",178,34.23,-119.03,M,M,M,M,M,0.0,M,M,M,M,M,M,M,M,M,M,M,M,M,M,M,M,M,M,M,M,M,M,M,M,M
USW00023136,"CAMARILLO AP","VENTURA",77,34.22,-119.08,0.0,0.0,0.0,0.0,0.0,0.0,0.0,0.0,0.0,0.0,0.0,0.0,0.0,0.0,0.0,0.0,0.0,0.0,0.0,0.0,0.0,0.0,0.0,0.0,0.0,0.0,0.0,0.0,0.0,0.0,0.0
US1CASL0016,"CAMBRIA 0.5 WSW","SAN LUIS OBISPO",214,35.54,-121.09,M,M,M,M,M,0.0,M,M,M,M,M,M,M,M,M,M,M,M,M,M,M,M,M,M,M,M,M,M,M,M,M
US1CASC0011,"CAMBRIAN PARK 2.2 SE","SANTA CLARA",252,37.23,-121.90,M,M,0.0,0.0,M,M,0.0,0.0,0.0,0.0,0.0,M,0.0,0.0,M,0.0,M,0.0,0.0,0.0,0.0,0.0,0.0,0.0,M,0.0,0.0,0.0,0.0,0.0,0.0
US1CAED0017,"CAMINO 2.0 WSW","EL DORADO",2909,38.73,-120.71,T,0.2,0.0,0.0,0.0,0.0,0.0,0.0,0.0,0.0,0.0,0.0,0.0,0.0,0.0,0.0,0.0,0.0,0.0,0.0,0.0,0.0,0.0,0.0,0.0,0.0,0.0,0.0,0.0,0.0,0.0
US1CAED0012,"CAMINO 2.6 ESE","EL DORADO",3107,38.72,-120.63,1.0,M,M,M,M,M,M,M,M,M,M,M,M,M,M,M,M,M,M,M,M,M,M,M,M,M,M,M,M,M,M
USW00003164,"CAMPO ASOS","SAN DIEGO",2640,32.63,-116.47,0.0,0.0,0.0,0.0,M,M,M,0.0,0.0,0.0,0.0,0.0,0.0,0.0,0.0,0.0,0.0,0.0,0.0,0.0,0.0,0.0,0.0,0.0,M,0.0,M,0.0,0.0,0.0,M
US1CALA0014,"CANYON COUNTRY 2.6 E","LOS ANGELES",1617,34.43,-118.43,0.0,0.0,0.0,0.0,M,M,M,0.0,0.0,0.0,0.0,0.0,0.0,0.0,0.0,0.0,0.0,M,0.0,0.0,0.0,0.0,0.0,0.0,0.0,0.0,0.0,0.0,0.0,0.0,0.0
US1CASD0086,"CARLSBAD 1.3ENE","SAN DIEGO",194,33.17,-117.33,0.0,0.0,0.0,M,0.0,M,M,0.0,0.0,0.0,0.0,0.0,M,0.0,0.0,0.0,M,0.0,0.0,0.0,0.0,0.0,0.0,0.0,M,0.0,0.0,0.0,0.0,M,0.0
US1CASD0097,"CARLSBAD 8.3SE","SAN DIEGO",222,33.08,-117.24,M,M,0.0,0.0,0.0,M,M,0.0,0.0,0.0,0.0,0.0,0.0,0.0,0.0,0.0,0.0,M,0.0,0.0,0.0,0.0,0.0,0.0,M,M,0.0,0.0,0.0,0.0,M
USW00003177,"CARLSBAD MCCLELLAN PALOMAR AP","SAN DIEGO",328,33.13,-117.28,0.0,0.0,0.0,0.0,M,0.0,0.0,0.0,0.0,0.0,0.0,0.0,0.0,0.0,0.0,0.0,0.0,0.0,0.0,0.0,0.0,0.0,0.0,0.0,0.0,0.0,0.0,0.0,0.0,0.0,M
US1CAMT0019,"CARMEL VALLEY VILLAGE 0.7 SSE","MONTEREY",446,36.48,-121.72,0.0,M,0.0,0.0,M,M,0.0,M,M,M,M,M,M,M,M,M,M,M,M,M,M,M,M,M,M,M,M,M,M,M,M
US1CAMT0042,"CARMEL VALLEY VILLAGE 12.2 SE","MONTEREY",3083,36.35,-121.58,M,M,0.0,0.0,M,M,M,0.0,0.0,0.0,0.0,0.0,0.0,0.0,0.0,0.0,M,0.0,0.0,0.0,0.0,M,0.0,0.0,M,0.0,0.0,0.0,0.0,0.0,0.0
US1CASA0005,"CARMICHAEL 0.9 NE","SACRAMENTO",130,38.64,-121.31,M,M,0.0,0.0,M,0.0,0.0,0.0,0.0,0.0,0.0,0.0,0.0,0.0,M,0.0,M,0.0,0.0,0.0,M,0.0,0.0,M,M,0.0,0.0,0.0,0.0,0.0,0.0
US1CASA0008,"CARMICHAEL 0.9 S","SACRAMENTO",108,38.62,-121.32,M,0.0,0.0,0.0,0.0,0.0,0.0,0.0,0.0,0.0,0.0,0.0,0.0,0.0,0.0,0.0,M,0.0,0.0,0.0,M,0.0,0.0,M,M,0.0,0.0,0.0,0.0,0.0,0.0
US1CAMD0026,"CASPAR 1.4 ESE","MENDOCINO",323,39.36,-123.79,M,M,0.0,0.0,M,M,M,0.0,0.0,M,0.0,M,0.0,0.0,M,M,M,M,M,M,M,0.0,M,M,M,0.0,M,0.0,0.0,M,M
US1CAAL0003,"CASTRO VALLEY 0.4 NNE","ALAMEDA",536,37.72,-122.06,M,M,0.0,0.0,M,M,0.0,0.0,0.0,0.0,0.0,0.0,0.0,0.0,M,0.0,M,0.0,0.0,0.0,M,M,0.0,M,M,0.0,0.0,0.0,0.0,0.0,0.0
US1CAMT0020,"CASTROVILLE 1.6 ENE","MONTEREY",17,36.78,-121.73,M,M,M,M,M,M,M,M,0.0,0.0,0.0,0.0,0.0,M,M,0.0,M,M,0.0,0.0,0.0,0.0,0.0,0.0,M,0.0,0.0,0.0,0.0,0.0,M
US1CASN0096,"CAZADERO 6.9 WNW","SONOMA",645,38.57,-123.21,M,0.0,M,M,M,M,M,M,0.0,M,M,M,M,M,M,M,M,M,M,M,M,M,M,M,M,M,M,M,M,M,M
USC00041614,"CEDARVILLE","MODOC",4687,41.53,-120.18,4.0,M,0.0,0.0,T,T,0.0,T,M,T,0.0,0.0,0.0,0.0,M,M,0.0,0.0,0.0,T,M,M,M,M,M,M,M,M,M,M,M
US1CAYB0001,"CHALLENGE-BROWNSVILLE 1.3 WSW","YUBA",2048,39.45,-121.28,M,M,0.0,0.0,M,M,0.0,0.0,0.0,M,0.0,0.0,0.0,0.0,M,0.0,M,0.0,0.0,0.0,M,M,M,M,M,0.0,0.0,0.0,0.0,0.0,0.0
USC00041700,"CHESTER","PLUMAS",4529,40.30,-121.24,1.5,1.5,0.0,M,M,M,M,M,M,M,M,M,M,M,M,M,M,M,M,M,M,M,M,M,0.8,M,M,M,M,M,M
US1CAPM0003,"CHESTER 0.9 NNE","PLUMAS",4531,40.31,-121.22,M,M,M,M,M,M,M,M,M,M,M,M,M,M,M,M,2.0,M,M,M,M,M,M,M,M,M,M,M,M,M,M
US1CABT0008,"CHICO 1.7 SW","BUTTE",210,39.74,-121.83,M,0.0,M,0.0,M,M,0.0,0.0,0.0,M,0.0,M,M,0.0,M,M,M,M,0.0,M,M,M,M,M,M,0.0,0.0,0.0,0.0,0.0,0.0
US1CABT0012,"CHICO 1.8 SW","BUTTE",209,39.74,-121.83,0.0,M,M,M,M,0.0,M,M,M,M,M,M,M,M,M,M,M,M,M,M,M,M,0.0,M,M,M,M,M,M,M,M
US1CABT0017,"CHICO 5.5 NW","BUTTE",191,39.80,-121.89,M,M,0.0,0.0,M,M,0.0,0.0,0.0,M,0.0,0.0,0.0,0.0,M,M,M,M,0.0,0.0,M,M,M,M,M,0.0,0.0,0.0,0.0,M,0.0
USW00003179,"CHINO AP","SAN BERNARDINO",650,33.98,-117.64,0.0,0.0,0.0,0.0,M,0.0,M,0.0,0.0,0.0,0.0,0.0,0.0,0.0,0.0,0.0,0.0,0.0,0.0,0.0,0.0,0.0,0.0,M,M,0.0,0.0,0.0,0.0,0.0,M
USC00041738,"CHIRIACO SUMMIT","RIVERSIDE",1706,33.66,-115.72,0.0,0.0,0.0,0.0,0.0,0.0,0.0,0.0,0.0,0.0,0.0,0.0,0.0,0.0,0.0,0.0,0.0,0.0,0.0,0.0,0.0,0.0,0.0,0.0,0.0,0.0,0.0,0.0,0.0,0.0,0.0
US1CAMA0008,"CHOWCHILLA 0.3 E","MADERA",238,37.12,-120.25,0.0,M,0.0,0.0,M,M,0.0,0.0,0.0,0.0,0.0,0.0,0.0,0.0,0.0,0.0,M,M,0.0,0.0,0.0,M,0.0,0.0,M,0.0,0.0,0.0,0.0,0.0,0.0
US1CASD0024,"CHULA VISTA 2.5SE","SAN DIEGO",266,32.62,-117.05,0.0,0.0,0.0,0.0,0.0,M,M,0.0,0.0,0.0,0.0,M,M,M,M,M,M,M,0.0,0.0,0.0,0.0,0.0,0.0,M,M,0.0,0.0,0.0,0.0,0.0
US1CASD0100,"CHULA VISTA 3.1ESE","SAN DIEGO",330,32.63,-117.03,0.0,0.0,0.0,0.0,0.0,0.0,0.0,0.0,0.0,0.0,0.0,0.0,0.0,0.0,0.0,0.0,0.0,M,0.0,0.0,0.0,0.0,0.0,0.0,M,M,M,M,0.0,0.0,M
US1CASD0018,"CHULA VISTA 6.3E","SAN DIEGO",555,32.64,-116.98,M,M,0.0,0.0,0.0,M,M,0.0,0.0,0.0,0.0,0.0,0.0,0.0,0.0,0.0,0.0,0.0,0.0,0.0,0.0,0.0,0.0,0.0,M,M,0.0,0.0,0.0,0.0,0.0
US1CASN0078,"CLOVERDALE 0.6 W","SONOMA",382,38.80,-123.03,M,M,M,M,M,M,M,0.0,0.0,M,0.0,M,0.0,M,M,M,M,M,M,M,M,M,0.0,M,M,0.0,0.0,0.0,0.0,0.0,0.0
US1CASN0149,"CLOVERDALE 1.4 S","SONOMA",367,38.78,-123.01,M,M,M,M,M,0.0,0.0,0.0,0.0,M,0.0,0.0,M,M,M,M,M,M,M,0.0,M,0.0,0.0,M,M,0.0,0.0,0.0,0.0,0.0,0.0
US1CASN0029,"CLOVERDALE 3.2 ESE","SONOMA",797,38.78,-122.96,M,M,0.0,0.0,M,M,M,M,M,M,M,M,M,M,M,M,M,M,M,M,M,M,M,M,M,M,M,M,M,M,M
US1CAFR0002,"CLOVIS 2.9 N","FRESNO",382,36.86,-119.69,M,M,0.0,M,M,M,M,0.0,0.0,0.0,0.0,0.0,0.0,0.0,0.0,0.0,M,0.0,0.0,0.0,0.0,0.0,0.0,0.0,M,0.0,0.0,0.0,0.0,0.0,0.0
US1CAMA0007,"COARSEGOLD 1.4 SE","MADERA",2673,37.25,-119.69,M,M,M,M,M,M,M,M,M,M,M,0.0,M,M,M,M,M,M,M,M,M,M,M,M,M,0.0,M,M,M,M,M
US1CACC0016,"CONCORD 0.8 WNW","CONTRA COSTA",124,37.98,-122.01,M,M,0.0,0.0,M,0.0,0.0,M,M,M,M,M,0.0,M,M,M,M,M,M,M,M,M,M,M,M,M,M,M,0.0,M,M
US1CACC0037,"CONCORD 2.1 SE","CONTRA COSTA",267,37.95,-121.97,M,M,0.0,0.0,M,M,0.0,0.0,0.0,M,0.0,0.0,0.0,0.0,0.0,0.0,M,0.0,0.0,0.0,M,M,0.0,0.0,M,0.0,0.0,0.0,0.0,0.0,0.0
USW00023254,"CONCORD BUCHANAN FIELD","CONTRA COSTA",18,37.99,-122.06,0.0,0.0,0.0,M,M,M,0.0,0.0,0.0,0.0,0.0,0.0,0.0,M,0.0,0.0,0.0,0.0,0.0,0.0,0.0,0.0,0.0,0.0,M,0.0,0.0,0.0,0.0,0.0,0.0
US1CAED0029,"COOL 2.0 ENE","EL DORADO",1666,38.90,-120.98,M,M,0.0,M,M,0.0,0.0,0.0,0.0,0.0,0.0,0.0,0.0,0.0,M,0.0,M,0.0,0.0,0.0,M,0.0,0.0,M,M,0.0,0.0,0.0,0.0,0.0,0.0
USC00041990,"COPCO NO 1 DAM","SISKIYOU",2702,41.98,-122.34,0.2,0.0,0.0,M,0.0,0.0,0.0,0.0,0.0,0.0,0.0,0.0,0.0,M,0.0,0.0,M,M,M,0.0,0.0,M,M,0.0,0.0,0.0,0.0,0.0,M,0.0,0.0
US1CARV0008,"CORONA 12.8 SE","RIVERSIDE",1404,33.73,-117.43,0.0,0.0,0.0,0.0,0.0,M,M,0.0,0.0,0.0,0.0,0.0,0.0,0.0,0.0,0.0,0.0,0.0,0.0,0.0,0.0,0.0,0.0,0.0,M,0.0,0.0,0.0,0.0,0.0,0.0
US1CATH0018,"COTTONWOOD 3.6 SSW","TEHAMA",554,40.34,-122.30,M,0.0,0.0,0.0,M,M,0.0,0.0,0.0,M,0.0,0.0,0.0,0.0,M,M,M,M,M,M,M,0.0,0.0,M,M,0.0,0.0,0.0,0.0,M,0.0
US1CATH0029,"COTTONWOOD 3.9 SW","TEHAMA",447,40.36,-122.34,M,0.0,0.0,0.0,M,M,0.0,0.0,0.0,M,0.0,0.0,0.0,0.0,M,M,M,M,M,M,M,0.0,M,M,M,0.0,0.0,0.0,0.0,0.0,0.0
US1CATH0010,"COTTONWOOD 4.4 ESE","TEHAMA",567,40.37,-122.20,M,M,0.0,0.0,M,M,0.0,0.0,0.0,0.0,0.0,0.0,0.0,0.0,M,M,M,0.0,M,M,M,0.0,M,M,M,0.0,0.0,0.0,0.0,M,0.0
US1CATH0050,"COTTONWOOD 7.8 SW","TEHAMA",690,40.30,-122.37,M,0.0,0.0,M,0.0,0.0,0.0,0.0,0.0,M,0.0,0.0,0.0,0.0,M,0.0,M,0.0,M,M,M,0.0,0.0,0.0,M,0.0,0.0,0.0,0.0,0.0,0.0
US1CATH0012,"COTTONWOOD 9.1 SW","TEHAMA",639,40.28,-122.38,M,M,0.0,0.0,M,M,0.0,0.0,0.0,M,0.0,0.0,0.0,0.0,M,M,M,M,M,M,M,0.0,M,M,M,0.0,0.0,0.0,0.0,0.0,0.0
US1CADN0005,"CRESCENT CITY 4.2 NE","DEL NORTE",98,41.80,-124.14,M,M,M,M,M,M,M,M,M,M,M,M,M,M,M,M,M,M,M,M,M,0.0,M,M,M,M,M,M,M,M,M
US1CADN0001,"CRESCENT CITY 5.5 NNE","DEL NORTE",65,41.82,-124.15,M,M,M,M,0.0,0.0,0.0,M,M,M,M,M,M,M,M,M,M,M,M,M,M,0.0,M,M,M,M,M,M,0.0,M,0.0
USW00024286,"CRESCENT CITY MCNAMARA AP","DEL NORTE",56,41.78,-124.24,M,M,0.0,M,0.0,0.0,M,0.0,0.0,0.0,0.0,0.0,0.0,M,M,M,M,0.0,M,M,0.0,M,M,M,0.0,0.0,0.0,0.0,M,M,0.0
USC00042239,"CUYAMACA","SAN DIEGO",4639,32.99,-116.59,M,M,M,M,M,M,M,M,M,M,M,M,M,M,M,M,M,M,M,M,M,M,M,M,M,2.0,M,M,M,M,M
US1CAOR0061,"CYPRESS 1.1 NNW (KB6CYS)","ORANGE",48,33.83,-118.05,0.0,M,0.0,0.0,M,M,M,0.0,0.0,0.0,0.0,0.0,0.0,0.0,0.0,0.0,M,0.0,M,0.0,0.0,M,M,0.0,M,0.0,0.0,0.0,0.0,0.0,0.0
US1CAYL0028,"DAVIS 0.7 NNE","YOLO",44,38.56,-121.73,M,M,0.0,0.0,M,M,M,M,M,M,M,M,M,M,M,M,M,M,0.0,0.0,M,M,M,M,M,0.0,0.0,0.0,0.0,0.0,0.0
US1CAYL0002,"DAVIS 0.8 NE","YOLO",41,38.56,-121.72,M,0.0,0.0,0.0,M,M,0.0,0.0,0.0,0.0,0.0,0.0,0.0,0.0,M,0.0,M,0.0,0.0,0.0,M,0.0,0.0,M,M,M,M,M,M,M,M
US1CAYL0019,"DAVIS 1.1 ENE","YOLO",56,38.56,-121.72,M,M,0.0,0.0,M,M,0.0,0.0,0.0,M,M,0.0,0.0,0.0,M,0.0,M,0.0,0.0,0.0,M,M,0.0,M,M,0.0,0.0,0.0,0.0,0.0,0.0
US1CAYL0001,"DAVIS 1.2 SE","YOLO",36,38.54,-121.72,M,M,0.0,0.0,M,M,0.0,0.0,0.0,M,M,0.0,0.0,0.0,M,0.0,M,M,0.0,0.0,M,0.0,M,M,0.0,0.0,0.0,0.0,0.0,0.0,0.0
US1CAYL0006,"DAVIS 1.4 SSE","YOLO",4,38.54,-121.72,M,0.0,0.0,M,M,0.0,M,M,M,M,M,M,M,M,M,M,M,0.0,M,M,M,M,M,M,M,M,M,M,M,M,M
US1CAYL0023,"DAVIS 1.6 NNW","YOLO",57,38.57,-121.75,M,M,0.0,0.0,M,M,0.0,0.0,0.0,M,0.0,0.0,0.0,0.0,M,0.0,M,M,0.0,0.0,M,0.0,0.0,M,M,0.0,0.0,0.0,0.0,0.0,0.0
US1CAYL0014,"DAVIS 2.3 W","YOLO",55,38.56,-121.78,M,M,M,M,M,0.0,0.0,0.0,0.0,M,M,0.0,0.0,0.0,M,0.0,M,0.0,0.0,0.0,M,M,M,M,M,M,M,0.0,0.0,0.0,0.0
US1CAYL0009,"DAVIS 2.7 W","YOLO",57,38.55,-121.79,M,0.0,0.0,0.0,M,0.0,0.0,0.0,0.0,M,0.0,0.0,0.0,0.0,M,0.0,M,0.0,0.0,0.0,M,0.0,0.0,M,M,0.0,0.0,0.0,0.0,0.0,0.0
US1CAYL0003,"DAVIS 5.8 WNW","YOLO",82,38.57,-121.84,M,M,0.0,0.0,0.0,0.0,0.0,0.0,0.0,0.0,0.0,0.0,0.0,0.0,0.0,0.0,M,0.0,0.0,0.0,M,0.0,0.0,0.0,0.0,0.0,0.0,0.0,0.0,0.0,0.0
US1CAYL0021,"DAVIS 6.3 W","YOLO",86,38.56,-121.85,M,M,0.0,0.0,M,M,0.0,0.0,0.0,M,0.0,0.0,0.0,0.0,M,M,M,0.0,0.0,0.0,M,M,0.0,M,M,0.0,0.0,0.0,0.0,0.0,0.0
USC00042319,"DEATH VALLEY","INYO",-194,36.46,-116.87,M,0.0,0.0,0.0,0.0,0.0,0.0,0.0,0.0,0.0,0.0,0.0,M,0.0,0.0,0.0,0.0,0.0,0.0,0.0,0.0,0.0,0.0,0.0,0.0,0.0,0.0,0.0,0.0,0.0,0.0
US1CASD0146,"DEL MAR 0.5 NNW","SAN DIEGO",9,32.97,-117.26,0.0,0.0,0.0,0.0,M,M,M,0.0,0.0,0.0,0.0,0.0,0.0,M,0.0,0.0,0.0,0.0,0.0,0.0,M,0.0,M,0.0,M,M,M,0.0,0.0,0.0,0.0
US1CASD0104,"DESCANSO 0.8 N","SAN DIEGO",3486,32.87,-116.62,M,M,0.0,0.0,0.0,M,M,0.0,0.0,0.0,0.0,0.0,M,M,M,0.0,0.0,0.0,0.0,0.0,0.0,0.0,0.0,0.0,M,M,0.0,M,M,0.0,M
US1CASD0132,"DESCANSO 3.7N","SAN DIEGO",3326,32.91,-116.62,M,M,0.0,0.0,0.0,M,0.0,0.0,0.0,0.0,0.0,M,M,M,0.0,0.0,0.0,0.0,0.0,0.0,0.0,0.0,0.0,0.0,M,M,0.0,M,0.0,0.0,0.0
USW00003104,"DESERT RESORTS REGIONAL AP","RIVERSIDE",-118,33.63,-116.16,0.0,0.0,0.0,0.0,M,0.0,0.0,0.0,0.0,0.0,0.0,0.0,0.0,0.0,0.0,0.0,0.0,0.0,0.0,0.0,0.0,0.0,0.0,0.0,0.0,0.0,M,0.0,0.0,0.0,M
US1CALA0023,"DIAMOND BAR 1.9 NNE","LOS ANGELES",935,34.02,-117.80,0.0,0.0,0.0,0.0,M,M,M,0.0,0.0,0.0,0.0,0.0,0.0,0.0,0.0,0.0,0.0,0.0,0.0,0.0,0.0,0.0,0.0,0.0,M,0.0,0.0,0.0,0.0,0.0,0.0
US1CAHM0079,"DINSMORE 2.3 W","HUMBOLDT",2429,40.49,-123.65,M,M,M,0.0,M,0.0,M,M,M,M,M,M,M,M,M,M,M,M,M,M,M,M,M,M,M,M,M,M,M,M,M
US1CASK0010,"DORRIS 0.2 SW","SISKIYOU",4248,41.96,-121.92,3.0,M,0.0,0.0,0.0,0.0,0.0,M,0.0,M,0.0,M,0.0,0.0,M,0.0,M,0.0,M,0.0,M,0.0,0.0,M,M,0.0,M,0.0,0.0,0.0,0.0
US1CATY0003,"DOUGLAS CITY 2.4 SW","TRINITY",1689,40.63,-122.98,M,M,M,M,M,M,M,0.0,0.0,M,0.0,0.0,0.0,0.0,M,M,M,M,M,M,M,0.0,M,M,M,0.0,0.0,0.0,M,M,M
USC00042574,"DUNSMUIR TREATMENT PL","SISKIYOU",2169,41.18,-122.27,0.0,0.0,0.0,0.0,0.0,0.0,0.0,0.0,0.0,0.0,0.0,0.0,0.0,0.0,0.0,0.0,0.0,0.0,0.0,0.0,0.0,0.0,0.0,0.0,0.0,0.0,0.0,0.0,0.0,0.0,0.0
USC00042598,"EAGLE MOUNTAIN","RIVERSIDE",973,33.81,-115.45,0.0,0.0,0.0,0.0,0.0,0.0,0.0,0.0,0.0,0.0,0.0,0.0,0.0,0.0,0.0,0.0,0.0,0.0,0.0,0.0,0.0,0.0,0.0,0.0,0.0,0.0,0.0,0.0,0.0,0.0,0.0
US1CASM0034,"EAST PALO ALTO 0.3 WSW","SAN MATEO",15,37.46,-122.14,M,M,0.0,0.0,M,M,0.0,0.0,0.0,M,0.0,0.0,0.0,0.0,M,0.0,M,0.0,0.0,0.0,M,M,0.0,0.0,M,0.0,0.0,0.0,0.0,0.0,0.0
US1CASD0009,"EL CAJON 1.5WSW","SAN DIEGO",727,32.79,-116.99,M,0.0,0.0,0.0,M,M,M,0.0,0.0,0.0,0.0,0.0,0.0,0.0,0.0,0.0,M,0.0,0.0,0.0,0.0,0.0,0.0,0.0,M,0.0,0.0,0.0,0.0,0.0,M
US1CASD0040,"EL CAJON 2.3 S","SAN DIEGO",738,32.77,-116.96,0.0,0.0,0.0,0.0,0.0,M,M,0.0,0.0,0.0,0.0,0.0,0.0,0.0,0.0,0.0,0.0,0.0,0.0,0.0,0.0,0.0,M,0.0,M,M,0.0,0.0,0.0,0.0,0.0
US1CASD0006,"EL CAJON 2.3ENE","SAN DIEGO",610,32.81,-116.93,0.0,0.0,0.0,0.0,0.0,M,M,M,0.0,0.0,0.0,0.0,0.0,0.0,0.0,M,0.0,0.0,0.0,0.0,0.0,0.0,0.0,0.0,M,M,0.0,0.0,0.0,0.0,M
US1CASD0061,"EL CAJON 2.8SE","SAN DIEGO",686,32.77,-116.92,M,M,M,0.0,0.0,M,M,0.0,0.0,0.0,0.0,0.0,0.0,0.0,0.0,0.0,0.0,0.0,0.0,0.0,0.0,0.0,0.0,0.0,M,M,0.0,0.0,0.0,0.0,0.0
US1CASD0099,"EL CAJON 3.2ESE","SAN DIEGO",783,32.78,-116.91,0.0,M,0.0,0.0,0.0,M,M,M,0.0,0.0,0.0,0.0,0.0,0.0,0.0,0.0,0.0,0.0,0.0,M,0.0,0.0,0.0,0.0,M,M,M,0.0,0.0,0.0,0.0
USC00042713,"EL CENTRO 2 SSW","IMPERIAL",-30,32.77,-115.56,0.0,0.0,0.0,0.0,0.0,0.0,0.0,0.0,0.0,0.0,0.0,0.0,0.0,0.0,0.0,0.0,0.0,0.0,0.0,0.0,0.0,0.0,0.0,0.0,0.0,0.0,0.0,0.0,0.0,0.0,0.0
US1CACC0028,"EL CERRITO 1.3 NW","CONTRA COSTA",258,37.94,-122.32,M,M,0.0,0.0,M,M,0.0,0.0,0.0,M,0.0,0.0,0.0,0.0,M,0.0,M,0.0,0.0,0.0,M,0.0,0.0,M,M,0.0,0.0,0.0,0.0,0.0,0.0
US1CAED0021,"EL DORADO HILLS 0.7 NNE","EL DORADO",709,38.70,-121.07,M,0.0,0.0,0.0,M,M,0.0,0.0,0.0,M,0.0,0.0,0.0,0.0,M,0.0,M,0.0,0.0,0.0,M,M,0.0,M,M,0.0,0.0,0.0,0.0,0.0,0.0
US1CASM0018,"EL GRANADA 0.7 W","SAN MATEO",78,37.51,-122.48,M,M,M,M,M,M,M,M,M,M,M,M,0.0,M,M,M,M,M,M,M,M,M,M,M,M,0.0,0.0,0.0,0.0,0.0,0.0
US1CASD0011,"ENCINITAS 2.7N","SAN DIEGO",188,33.08,-117.29,M,0.0,0.0,0.0,0.0,0.0,M,0.0,0.0,0.0,0.0,0.0,0.0,0.0,0.0,0.0,0.0,0.0,0.0,0.0,0.0,0.0,0.0,0.0,0.0,M,0.0,0.0,0.0,0.0,0.0
US1CASD0007,"ENCINITAS 3.34ENE","SAN DIEGO",193,33.05,-117.24,M,M,0.0,0.0,0.0,M,M,0.0,0.0,0.0,0.0,0.0,0.0,0.0,0.0,0.0,0.0,M,0.0,0.0,0.0,M,M,M,M,M,0.0,0.0,0.0,0.0,0.0
US1CASD0148,"ESCONDIDO 2.2 W","SAN DIEGO",726,33.13,-117.11,M,M,0.0,0.0,0.0,M,M,0.0,0.0,0.0,0.0,0.0,0.0,0.0,0.0,0.0,0.0,M,0.0,0.0,0.0,0.0,0.0,0.0,M,M,0.0,0.0,0.0,0.0,M
US1CASD0010,"ESCONDIDO 2.5 SSE","SAN DIEGO",690,33.11,-117.05,M,M,0.0,0.0,0.0,M,M,0.0,0.0,0.0,0.0,0.0,0.0,0.0,0.0,0.0,0.0,M,0.0,0.0,M,0.0,M,0.0,M,M,0.0,0.0,0.0,0.0,M
US1CASD0008,"ESCONDIDO 5.2NNW","SAN DIEGO",1474,33.19,-117.13,0.0,0.0,0.0,0.0,0.0,M,M,0.0,0.0,0.0,0.0,M,0.0,0.0,0.0,0.0,M,M,0.0,0.0,0.0,0.0,0.0,0.0,M,M,0.0,0.0,0.0,0.0,M
US1CASD0063,"ESCONDIDO 7.2 SE","SAN DIEGO",1585,33.06,-116.99,M,M,M,M,M,M,M,M,M,M,M,M,M,M,M,M,M,M,M,M,M,M,0.0,M,M,M,M,M,M,M,M
US1CASK0004,"ETNA 3.9 NNW","SISKIYOU",2965,41.51,-122.92,2.4,0.1,0.0,0.4,M,M,M,M,M,M,M,M,M,M,M,M,M,M,M,M,M,M,M,M,M,M,M,M,M,M,M
US1CAHM0035,"EUREKA 2.2 S","HUMBOLDT",194,40.76,-124.15,M,M,0.0,M,M,0.0,0.0,M,0.0,M,0.0,M,0.0,0.0,M,M,M,M,M,0.0,M,0.0,M,M,M,0.0,M,0.0,0.0,M,0.0
US1CAHM0041,"EUREKA 3.0 SSW","HUMBOLDT",100,40.76,-124.18,M,M,0.0,0.0,0.0,0.0,0.0,0.0,0.0,0.0,0.0,0.0,M,M,0.0,M,0.0,M,0.0,0.0,0.0,0.0,M,0.0,M,M,M,M,M,M,0.0
US1CAHM0081,"EUREKA 4.5 S","HUMBOLDT",422,40.73,-124.15,M,M,0.0,M,M,M,M,0.0,M,M,M,M,M,M,M,M,M,M,M,M,M,M,M,M,M,M,M,M,M,M,M
USW00024213,"EUREKA WFO WOODLEY ISLAND","HUMBOLDT",20,40.81,-124.16,M,0.0,0.0,M,M,0.0,M,0.0,0.0,0.0,0.0,0.0,0.0,M,0.0,M,M,0.0,0.0,M,0.0,M,0.0,M,0.0,0.0,0.0,0.0,0.0,M,0.0
US1CAMR0040,"FAIRFAX 0.7 N","MARIN",196,38.00,-122.59,M,M,M,M,M,M,M,M,M,M,M,M,M,M,M,M,M,M,M,M,M,M,0.0,M,M,M,M,M,M,M,M
US1CASR0036,"FAWNSKIN 0.3 NE","SAN BERNARDINO",7028,34.27,-116.94,M,T,M,M,M,0.8,5.2,M,M,M,M,M,M,M,M,M,M,M,M,M,M,M,M,M,1.0,M,M,0.2,M,M,M
US1CASZ0044,"FELTON 4.0 NNE","SANTA CRUZ",1071,37.10,-122.05,M,M,M,0.0,M,M,M,0.0,0.0,0.0,0.0,0.0,0.0,0.0,M,0.0,M,M,M,M,M,M,M,M,M,M,M,M,M,M,M
US1CASZ0024,"FELTON 4.5 NNE","SANTA CRUZ",838,37.11,-122.05,M,M,0.0,0.0,M,M,0.0,0.0,0.0,0.0,0.0,0.0,0.0,0.0,M,0.0,M,0.0,0.0,0.0,0.0,M,0.0,0.0,M,M,M,M,M,M,0.0
US1CASA0029,"FOLSOM 0.6 NE","SACRAMENTO",399,38.68,-121.14,M,M,0.0,0.0,M,0.0,0.0,0.0,0.0,M,0.0,0.0,0.0,0.0,M,0.0,M,0.0,0.0,0.0,M,M,0.0,M,M,M,M,M,M,M,M
US1CASA0007,"FOLSOM 1.2 SSE","SACRAMENTO",362,38.66,-121.14,M,M,0.0,0.0,M,0.0,0.0,0.0,0.0,0.0,0.0,0.0,0.0,0.0,M,0.0,M,0.0,0.0,0.0,M,M,0.0,M,M,0.0,0.0,0.0,M,0.0,0.0
US1CASN0090,"FORESTVILLE 0.7 SW","SONOMA",201,38.47,-122.90,M,M,0.0,0.0,M,M,0.0,0.0,0.0,M,0.0,0.0,0.0,0.0,M,M,M,M,M,M,M,M,0.0,M,M,0.0,0.0,0.0,0.0,0.0,0.0
US1CASK0009,"FORKS OF SALMON 1.0 NW","SISKIYOU",1664,41.27,-123.33,M,M,0.0,0.0,0.0,0.0,0.0,M,0.0,M,0.0,M,0.0,0.0,M,M,M,M,M,0.0,M,0.0,0.0,M,M,M,0.0,0.0,0.0,M,0.0
USC00043157,"FORT BIDWELL","MODOC",4738,41.87,-120.16,3.0,2.0,0.0,0.0,0.0,0.0,0.0,0.0,0.0,0.0,0.0,0.0,0.0,0.0,0.0,0.0,0.0,0.0,0.0,0.0,0.0,0.0,2.0,3.0,0.0,0.0,0.0,0.0,0.0,0.0,0.0
US1CAMD0029,"FORT BRAGG 4.0 NNE","MENDOCINO",85,39.50,-123.79,M,M,M,M,M,M,M,M,M,M,M,M,M,M,M,M,M,M,M,M,M,0.0,M,M,M,0.0,M,0.0,M,M,M
USC00043182,"FORT JONES RS","SISKIYOU",2724,41.60,-122.85,M,M,M,0.0,M,M,0.0,M,M,0.0,0.0,0.0,0.0,0.0,M,M,0.0,0.0,0.0,0.0,M,M,M,M,M,M,M,M,M,M,M
US1CAHM0029,"FORTUNA 0.1 NW","HUMBOLDT",65,40.59,-124.14,M,M,0.0,M,0.0,0.0,0.0,M,0.0,M,0.0,M,M,M,M,M,M,M,M,M,M,M,M,M,M,M,M,M,M,M,M
US1CAHM0077,"FORTUNA 2.0 SE","HUMBOLDT",456,40.57,-124.11,M,M,M,M,M,M,0.0,M,M,M,M,M,M,0.0,M,M,M,M,M,M,M,M,M,M,M,M,M,0.0,M,M,M
US1CASM0006,"FOSTER CITY 1.3 SW","SAN MATEO",7,37.55,-122.26,M,M,0.0,0.0,M,M,0.0,0.0,0.0,M,M,0.0,0.0,0.0,M,0.0,M,0.0,0.0,0.0,M,M,0.0,0.0,M,0.0,0.0,0.0,0.0,0.0,0.0
US1CAVT0002,"FRAZIER PARK 10.7 WSW","VENTURA",5273,34.75,-119.11,M,M,0.0,0.0,M,1.7,M,0.0,0.0,0.0,0.0,0.0,0.0,0.0,0.0,0.0,M,0.0,0.0,0.0,0.0,0.0,0.0,0.0,0.5,0.0,0.0,0.0,0.0,0.0,0.0
US1CAFR0026,"FRESNO 7.2 NNE","FRESNO",386,36.88,-119.74,M,M,M,0.0,M,M,0.0,0.0,0.0,0.0,0.0,0.0,M,0.0,M,M,M,M,0.0,0.0,M,M,M,M,M,M,0.0,0.0,0.0,0.0,0.0
USW00093193,"FRESNO YOSEMITE INT'L","FRESNO",333,36.78,-119.72,0.0,0.0,0.0,0.0,0.0,0.0,0.0,0.0,0.0,0.0,0.0,0.0,0.0,0.0,0.0,0.0,0.0,0.0,0.0,0.0,0.0,0.0,0.0,0.0,0.0,0.0,0.0,0.0,0.0,0.0,0.0
USW00003166,"FULLERTON MUNICIPAL AP","ORANGE",96,33.87,-117.98,0.0,0.0,0.0,0.0,M,0.0,M,0.0,0.0,0.0,0.0,0.0,0.0,0.0,0.0,0.0,0.0,0.0,0.0,0.0,0.0,0.0,0.0,0.0,0.0,0.0,0.0,0.0,0.0,0.0,0.0
US1CASN0004,"GEYSERVILLE 10.6 WNW","SONOMA",1328,38.74,-123.10,M,M,0.0,0.0,M,M,0.0,0.0,0.0,M,0.0,0.0,0.0,0.0,M,M,M,M,M,0.0,M,0.0,M,M,M,0.0,0.0,0.0,0.0,0.0,0.0
US1CASC0054,"GILROY 0.1 SE","SANTA CLARA",211,37.01,-121.58,M,M,M,0.0,M,M,0.0,0.0,0.0,M,0.0,0.0,0.0,0.0,M,M,M,M,0.0,0.0,0.0,0.0,0.0,0.0,M,0.0,0.0,0.0,0.0,0.0,0.0
US1CASC0063,"GILROY 2.0 S","SANTA CLARA",221,36.98,-121.57,M,M,0.0,0.0,M,M,0.0,M,0.0,0.0,M,M,M,0.0,0.0,0.0,M,0.0,0.0,0.0,0.0,0.0,M,0.0,M,M,0.0,M,0.0,0.0,0.0
US1CASN0080,"GLEN ELLEN 1.5 N","SONOMA",337,38.38,-122.53,M,M,M,0.0,M,M,0.0,0.0,0.0,M,0.0,0.0,0.0,0.0,M,M,M,M,0.0,M,M,0.0,M,M,M,0.0,0.0,0.0,0.0,0.0,0.0
US1CASN0100,"GLEN ELLEN 1.9 NNW","SONOMA",365,38.38,-122.55,M,0.0,0.0,0.0,M,M,0.0,0.0,0.0,M,0.0,0.0,0.0,0.0,M,M,M,M,M,M,M,M,M,0.0,M,M,M,M,M,0.0,0.0
US1CASN0070,"GLEN ELLEN 1.9 WNW","SONOMA",956,38.37,-122.57,M,M,0.0,0.0,M,M,0.0,0.0,0.0,M,0.0,0.0,0.0,0.0,M,M,M,M,M,0.0,M,M,0.0,M,M,0.0,0.0,0.0,0.0,0.0,0.0
US1CALA0001,"GLENDALE 2.4 WSW","LOS ANGELES",511,34.17,-118.29,0.0,0.0,0.0,0.0,0.0,0.0,0.0,0.0,0.0,0.0,0.0,0.0,0.0,0.0,0.0,0.0,0.0,0.0,0.0,0.0,0.0,0.0,0.0,0.0,0.0,0.0,0.0,0.0,0.0,0.0,0.0
US1CALA0081,"GLENDORA 1.4 ESE","LOS ANGELES",962,34.14,-117.82,M,0.0,0.0,0.0,M,M,M,0.0,0.0,0.0,0.0,0.0,0.0,0.0,0.0,0.0,0.0,M,M,0.0,0.0,0.0,0.0,0.0,M,0.0,0.0,0.0,0.0,0.0,0.0
USC00043463,"GLENNVILLE","KERN",3139,35.73,-118.70,M,M,M,M,M,M,M,M,M,M,M,M,M,M,M,M,M,0.0,M,M,M,M,M,M,M,M,M,M,M,M,M
USC00043491,"GOLD RUN 2 SW","PLACER",3319,39.17,-120.86,M,M,M,M,M,M,M,M,M,M,M,M,M,M,M,M,M,M,M,M,M,M,M,M,M,M,M,M,M,M,0.0
US1CASB0001,"GOLETA 3.7 WNW","SANTA BARBARA",158,34.44,-119.90,M,0.0,0.0,0.0,M,M,M,0.0,0.0,0.0,0.0,0.0,0.0,0.0,0.0,0.0,M,M,0.0,0.0,0.0,0.0,0.0,0.0,0.0,0.0,0.0,0.0,0.0,0.0,0.0
USC00043551,"GRANT GROVE","TULARE",6578,36.74,-118.96,0.0,M,0.0,0.0,M,0.0,0.0,0.0,M,M,0.0,M,0.0,0.0,0.0,M,1.3,0.0,M,0.0,0.0,0.0,0.0,0.0,M,4.0,0.0,0.0,0.0,M,M
US1CANV0035,"GRASS VALLEY 1.3 NNE","NEVADA",2781,39.24,-121.05,M,0.4,0.0,M,M,M,M,M,M,M,M,M,M,M,M,M,M,M,M,M,M,M,M,M,M,M,M,M,M,M,M
USC00043573,"GRASS VALLEY NO. 2","NEVADA",2399,39.20,-121.07,0.0,0.0,0.0,0.0,0.0,0.0,0.0,0.0,0.0,0.0,0.0,0.0,M,0.0,0.0,0.0,0.0,0.0,0.0,0.0,0.0,0.0,0.0,0.0,0.0,0.0,0.0,0.0,0.0,0.0,0.0
USC00043669,"GROVELAND 2","TUOLUMNE",2799,37.84,-120.23,0.0,0.0,0.0,0.0,0.0,0.0,0.0,0.0,0.0,0.0,0.0,0.0,0.0,0.0,0.0,0.0,0.0,0.0,0.0,0.0,0.0,0.0,0.0,0.0,0.0,0.0,0.0,0.0,0.0,0.0,0.0
US1CASN0099,"GUERNEVILLE 2.0 SSW","SONOMA",69,38.48,-123.00,M,M,M,M,M,M,M,M,M,M,M,M,M,M,M,M,M,M,M,0.0,M,M,M,M,M,M,M,M,M,M,M
US1CASM0007,"HALF MOON BAY 0.5 SSW","SAN MATEO",54,37.46,-122.44,0.0,0.0,0.0,0.0,0.0,0.0,0.0,0.0,0.0,0.0,0.0,0.0,0.0,0.0,0.0,0.0,0.0,0.0,0.0,0.0,0.0,0.0,0.0,0.0,0.0,0.0,0.0,0.0,0.0,0.0,0.0
US1CASM0016,"HALF MOON BAY 0.7 NW","SAN MATEO",36,37.48,-122.45,M,M,0.0,0.0,M,M,0.0,0.0,0.0,0.0,0.0,M,0.0,0.0,M,0.0,M,0.0,0.0,0.0,M,M,0.0,M,M,0.0,0.0,0.0,0.0,0.0,0.0
US1CASM0019,"HALF MOON BAY 1.0 S","SAN MATEO",65,37.46,-122.44,0.0,M,0.0,M,M,M,0.0,M,M,M,0.0,M,0.0,M,M,M,M,M,0.0,M,M,M,M,M,0.0,0.0,0.0,M,0.0,0.0,0.0
US1CAKG0005,"HANFORD 1.7 WNW","KINGS",245,36.33,-119.67,M,M,M,M,M,M,M,M,M,0.0,0.0,M,M,M,M,M,M,M,M,M,M,M,M,M,M,M,M,M,M,M,M
US1CAKG0004,"HANFORD 3.6 N","KINGS",258,36.38,-119.65,0.0,M,0.0,0.0,M,M,M,0.0,0.0,0.0,0.0,0.0,0.0,0.0,0.0,0.0,M,M,0.0,0.0,0.0,M,0.0,0.0,M,0.0,0.0,0.0,0.0,0.0,0.0
USW00053119,"HANFORD MUNICIPAL AP","KINGS",249,36.32,-119.63,0.0,0.0,0.0,0.0,0.0,0.0,0.0,0.0,0.0,0.0,0.0,0.0,0.0,0.0,0.0,0.0,0.0,0.0,0.0,0.0,0.0,0.0,0.0,0.0,0.0,0.0,0.0,0.0,0.0,0.0,0.0
USW00003167,"HAWTHORNE MUNICIPAL AP","LOS ANGELES",63,33.92,-118.33,0.0,0.0,0.0,0.0,0.0,0.0,0.0,0.0,0.0,0.0,0.0,0.0,0.0,0.0,M,0.0,0.0,0.0,0.0,M,0.0,0.0,0.0,0.0,0.0,M,0.0,0.0,M,M,M
USC00043855,"HAYFIELD PUMPING PLANT","RIVERSIDE",1370,33.70,-115.63,0.0,0.0,0.0,0.0,0.0,0.0,0.0,0.0,0.0,0.0,0.0,0.0,0.0,0.0,0.0,0.0,0.0,0.0,0.0,0.0,0.0,0.0,0.0,0.0,0.0,0.0,0.0,0.0,0.0,0.0,0.0
USW00093228,"HAYWARD AIR TERMINAL","ALAMEDA",43,37.65,-122.11,0.0,0.0,0.0,0.0,0.0,M,0.0,0.0,0.0,0.0,0.0,0.0,0.0,M,0.0,0.0,0.0,0.0,0.0,0.0,0.0,0.0,0.0,0.0,M,0.0,0.0,0.0,0.0,0.0,0.0
US1CASN0089,"HEALDSBURG 12.6 NNW","SONOMA",1026,38.78,-122.96,M,M,0.0,0.0,M,M,0.0,0.0,0.0,M,0.0,0.0,0.0,0.0,M,M,M,M,M,M,M,0.0,0.0,M,M,0.0,0.0,0.0,0.0,0.0,0.0
US1CASN0114,"HEALDSBURG 2.9 N","SONOMA",177,38.66,-122.86,M,M,M,M,M,M,M,M,M,M,M,M,M,M,M,M,M,M,M,M,M,M,M,M,M,M,M,M,M,M,0.0
US1CASN0074,"HEALDSBURG 3.7 WNW","SONOMA",142,38.65,-122.92,M,M,0.0,0.0,M,M,M,M,M,M,0.0,0.0,0.0,0.0,M,M,M,0.0,0.0,0.0,M,0.0,0.0,M,M,0.0,0.0,0.0,M,M,M
US1CASN0051,"HEALDSBURG 7.5 NW","SONOMA",203,38.69,-122.96,M,M,M,M,M,M,M,M,M,M,M,M,M,M,M,M,M,M,M,M,M,M,M,M,M,0.0,M,M,M,M,M
US1CAFR0008,"HELM 2.7 NNE","FRESNO",183,36.57,-120.09,0.0,M,0.0,0.0,M,M,0.0,0.0,0.0,0.0,0.0,0.0,0.0,0.0,0.0,0.0,M,M,0.0,0.0,0.0,0.0,M,M,M,M,M,M,M,M,M
US1CARV0005,"HEMET 4.1 ENE","RIVERSIDE",1698,33.75,-116.92,M,0.0,0.0,0.0,0.0,M,M,0.0,0.0,0.0,0.0,0.0,0.0,0.0,0.0,0.0,0.0,0.0,0.0,0.0,0.0,0.0,0.0,0.0,M,M,0.0,0.0,0.0,0.0,M
US1CASR0002,"HESPERIA 2.1 E","SAN BERNARDINO",3061,34.42,-117.26,M,0.0,0.0,0.0,M,M,M,M,0.0,0.0,0.0,M,0.0,0.0,0.0,0.0,0.0,0.0,0.0,0.0,0.0,0.0,0.0,0.0,M,0.0,0.0,0.0,0.0,0.0,0.0
USC00043937,"HESPERIA 2E","SAN BERNARDINO",3054,34.42,-117.27,0.0,0.0,0.0,0.0,0.0,0.0,0.0,0.0,0.0,0.0,0.0,0.0,0.0,0.0,0.0,0.0,0.0,0.0,0.0,0.0,0.0,0.0,0.0,0.0,0.0,0.0,0.0,0.0,0.0,0.0,0.0
US1CASR0026,"HESPERIA 3.9 SW","SAN BERNARDINO",3577,34.37,-117.34,M,M,M,M,T,M,M,M,M,M,M,M,M,M,M,M,M,M,M,M,M,M,M,M,M,M,M,M,M,M,M
US1CAST0006,"HOLLISTER 0.3 WSW","SAN BENITO",326,36.85,-121.40,M,M,0.0,0.0,M,M,0.0,0.0,0.0,0.0,0.0,0.0,0.0,0.0,0.0,0.0,M,0.0,0.0,0.0,0.0,0.0,0.0,0.0,M,0.0,0.0,0.0,0.0,0.0,0.0
US1CAST0005,"HOLLISTER 2.1 ESE","SAN BENITO",389,36.84,-121.36,M,M,0.0,M,M,M,M,M,0.0,M,0.0,0.0,0.0,0.0,M,0.0,M,M,M,M,0.0,M,0.0,0.0,M,M,0.0,0.0,0.0,0.0,0.0
US1CAST0008,"HOLLISTER 5.3 NNE","SAN BENITO",325,36.92,-121.35,M,M,0.0,M,M,M,0.0,0.0,0.0,0.0,M,M,M,M,0.0,0.0,M,M,M,M,M,M,M,M,M,M,M,M,M,M,M
US1CAST0004,"HOLLISTER 5.4 NNE","SAN BENITO",247,36.93,-121.37,0.0,M,0.0,0.0,M,M,0.0,0.0,0.0,0.0,0.0,0.0,0.0,0.0,M,0.0,M,M,M,M,M,M,M,M,M,M,M,M,M,M,M
US1CAST0007,"HOLLISTER 5.6 NE","SAN BENITO",385,36.92,-121.34,M,0.0,0.0,0.0,M,M,0.0,0.0,0.0,0.0,0.0,0.0,0.0,0.0,0.0,0.0,M,0.0,0.0,0.0,0.0,0.0,0.0,0.0,M,0.0,0.0,0.0,0.0,0.0,0.0
US1CAHM0007,"HONEYDEW 3.1 WNW","HUMBOLDT",316,40.25,-124.18,M,M,0.0,0.0,M,0.0,0.0,M,0.0,M,0.0,M,0.0,0.0,M,M,M,M,M,0.0,M,0.0,M,M,M,0.0,M,0.0,0.0,M,M
US1CAHM0070,"HONEYDEW 3.2 SSE","HUMBOLDT",1395,40.20,-124.11,M,M,0.0,0.0,M,0.0,0.0,M,M,M,0.0,M,0.0,0.0,M,M,M,M,M,M,M,0.0,M,M,M,M,M,0.0,0.0,M,M
US1CAOR0043,"HUNTINGTON BEACH 2.0 ESE","ORANGE",13,33.69,-117.97,0.0,0.0,0.0,0.0,M,M,M,0.0,M,0.0,0.0,0.0,0.0,0.0,0.0,0.0,0.0,M,M,0.0,0.0,0.0,M,M,M,0.0,0.0,0.0,0.0,0.0,0.0
USC00044211,"IDYLLWILD FIRE DEPT","RIVERSIDE",5379,33.76,-116.71,0.0,0.0,0.0,0.0,0.0,0.0,0.0,0.0,0.0,0.0,0.0,0.0,0.0,0.0,0.0,0.0,0.0,0.0,0.0,0.0,0.0,0.0,0.0,0.0,0.0,0.0,0.0,0.0,0.0,0.0,0.0
USC00044223,"IMPERIAL","IMPERIAL",-64,32.85,-115.57,0.0,0.0,0.0,0.0,0.0,0.0,0.0,0.0,0.0,0.0,0.0,0.0,0.0,0.0,0.0,0.0,0.0,0.0,0.0,0.0,0.0,0.0,0.0,0.0,0.0,0.0,0.0,0.0,0.0,0.0,0.0
USW00003144,"IMPERIAL COUNTY AP","IMPERIAL",-58,32.83,-115.58,0.0,0.0,0.0,0.0,M,M,0.0,0.0,0.0,0.0,0.0,0.0,0.0,0.0,0.0,0.0,0.0,0.0,0.0,0.0,0.0,0.0,0.0,0.0,0.0,0.0,0.0,0.0,0.0,0.0,0.0
US1CAIN0008,"INDEPENDENCE 0.2 NNW","INYO",3913,36.81,-118.20,0.0,0.0,0.0,0.0,0.0,M,M,0.0,M,M,M,M,M,M,M,M,M,M,M,M,M,M,M,M,M,0.0,0.0,0.0,0.0,0.0,0.0
US1CAKN0001,"INYOKERN 9.4 WSW","KERN",4318,35.63,-117.98,0.0,0.0,0.0,0.0,0.0,M,0.0,0.0,0.0,0.0,0.0,0.0,0.0,0.0,0.0,0.0,0.0,0.0,0.0,0.0,0.0,0.0,0.0,0.0,0.0,0.0,0.0,0.0,0.0,0.0,0.0
USC00044297,"IRON MOUNTAIN","SAN BERNARDINO",922,34.15,-115.12,0.0,0.0,0.0,0.0,0.0,0.0,0.0,0.0,0.0,0.0,0.0,0.0,0.0,0.0,0.0,0.0,0.0,0.0,0.0,0.0,0.0,0.0,0.0,0.0,0.0,0.0,0.0,0.0,0.0,0.0,0.0
US1CAOR0025,"IRVINE 2.9 WSW","ORANGE",193,33.64,-117.84,M,M,M,M,M,M,M,0.0,0.0,0.0,0.0,0.0,0.0,0.0,0.0,0.0,M,M,0.0,0.0,M,M,M,M,M,M,M,M,M,M,M
US1CAOR0027,"IRVINE 4.1 NNE","ORANGE",152,33.72,-117.77,0.0,0.0,0.0,0.0,M,M,M,0.0,0.0,0.0,0.0,0.0,M,M,0.0,0.0,0.0,M,0.0,0.0,0.0,0.0,0.0,M,M,M,0.0,0.0,0.0,0.0,0.0
US1CAAM0011,"JACKSON 0.8 SSE","AMADOR",1355,38.34,-120.77,M,M,0.0,0.0,M,M,0.0,0.0,0.0,M,M,0.0,0.0,0.0,0.0,0.0,M,0.0,0.0,0.0,M,M,0.0,0.0,M,M,0.0,0.0,0.0,0.0,0.0
US1CASD0117,"JACUMBA 0.3 NNW","SAN DIEGO",2820,32.62,-116.19,0.0,M,0.0,0.0,0.0,M,M,0.0,0.0,0.0,0.0,0.0,0.0,0.0,0.0,0.0,0.0,0.0,0.0,0.0,0.0,0.0,0.0,0.0,M,M,0.0,0.0,0.0,0.0,0.0
USC00044394,"JOHNSON VALLEY","SAN BERNARDINO",3166,34.36,-116.54,0.0,0.0,0.0,0.0,0.0,0.0,0.0,0.0,0.0,0.0,0.0,0.0,M,0.0,0.0,0.0,0.0,0.0,0.0,0.0,0.0,0.0,0.0,0.0,0.0,0.0,0.0,0.0,0.0,0.0,M
USC00044405,"JOSHUA TREE","SAN BERNARDINO",2562,34.15,-116.27,0.0,0.0,0.0,0.0,0.0,0.0,0.0,0.0,0.0,0.0,0.0,0.0,0.0,0.0,M,0.0,0.0,0.0,0.0,0.0,0.0,0.0,0.0,M,0.0,0.0,0.0,0.0,M,M,M
US1CASR0014,"JOSHUA TREE 2.0 S","SAN BERNARDINO",3408,34.10,-116.32,0.0,0.0,0.0,0.0,0.0,M,M,M,0.0,0.0,0.0,0.0,0.0,0.0,0.0,0.0,0.0,0.0,0.0,0.0,0.0,0.0,0.0,0.0,M,M,0.0,0.0,0.0,0.0,0.0
US1CASR0016,"JOSHUA TREE 2.8 ENE","SAN BERNARDINO",2564,34.15,-116.27,M,M,M,M,M,0.0,0.0,M,M,M,M,M,M,M,M,M,M,M,M,M,M,M,M,M,M,M,M,M,M,M,M
US1CAHM0038,"KNEELAND 0.4 NNW","HUMBOLDT",2007,40.77,-124.00,M,M,0.0,0.0,0.0,0.0,0.0,0.0,0.0,M,0.0,M,0.0,0.0,M,M,M,M,M,0.0,M,0.0,M,M,M,0.0,M,0.0,0.0,M,0.0
US1CAHM0074,"KNEELAND 3.4 WNW","HUMBOLDT",1375,40.80,-124.04,M,M,M,M,M,M,M,M,0.0,M,0.0,M,0.0,0.0,M,M,M,M,M,M,M,M,M,M,M,M,M,0.0,M,M,M
US1CASS0001,"KNIGHTS FERRY 5.2 WSW","STANISLAUS",144,37.79,-120.75,0.0,0.0,0.0,0.0,0.0,0.0,0.0,0.0,0.0,0.0,0.0,0.0,0.0,0.0,0.0,0.0,0.0,0.0,0.0,0.0,0.0,0.0,0.0,0.0,0.0,0.0,0.0,0.0,0.0,0.0,0.0
US1CALA0046,"LA CRESCENTA-MONTROSE 1.6 WNW","LOS ANGELES",1872,34.24,-118.26,0.0,0.0,0.0,0.0,0.0,M,M,0.0,0.0,0.0,0.0,0.0,0.0,0.0,0.0,0.0,0.0,0.0,0.0,0.0,0.0,0.0,0.0,0.0,M,0.0,0.0,0.0,0.0,0.0,0.0
US1CAMP0003,"LA GRANGE 7.8 ESE","MARIPOSA",1114,37.64,-120.33,0.0,M,0.0,0.0,M,M,0.0,0.0,0.0,0.0,0.0,0.0,0.0,0.0,0.0,0.0,M,M,0.0,0.0,0.0,M,0.0,0.0,M,0.0,0.0,0.0,0.0,0.0,0.0
US1CASD0030,"LA JOLLA 2.1 SE","SAN DIEGO",491,32.83,-117.25,M,M,0.0,0.0,0.0,M,M,M,M,0.0,0.0,0.0,0.0,0.0,0.0,0.0,M,M,0.0,0.0,0.0,0.0,0.0,0.0,M,M,0.0,0.0,0.0,0.0,0.0
US1CASD0090,"LA MESA 2.6E","SAN DIEGO",1014,32.77,-116.98,M,M,0.0,0.0,0.0,M,M,0.0,0.0,0.0,0.0,0.0,0.0,0.0,0.0,0.0,0.0,0.0,0.0,0.0,0.0,0.0,0.0,0.0,M,M,0.0,0.0,0.0,0.0,M
US1CAOR0067,"LA PALMA 0.6 WNW","ORANGE",61,33.85,-118.05,0.0,0.0,0.0,0.0,M,M,M,M,0.0,0.0,0.0,0.0,0.0,0.0,0.0,0.0,0.0,M,0.0,0.0,0.0,M,M,0.0,M,0.0,0.0,0.0,0.0,0.0,0.0
US1CASA0030,"LA RIVIERA 1.0 NE","SACRAMENTO",64,38.58,-121.34,M,M,0.0,0.0,M,0.0,0.0,0.0,0.0,0.0,0.0,0.0,0.0,0.0,0.0,0.0,M,0.0,0.0,0.0,M,0.0,0.0,M,0.0,0.0,0.0,0.0,0.0,0.0,0.0
US1CACC0010,"LAFAYETTE 1.9 WSW","CONTRA COSTA",518,37.89,-122.15,M,M,0.0,0.0,M,M,0.0,0.0,0.0,0.0,0.0,0.0,0.0,0.0,M,0.0,M,0.0,0.0,M,M,M,0.0,M,M,0.0,0.0,0.0,0.0,0.0,0.0
US1CAOR0050,"LAGUNA BEACH 0.8 SSE","ORANGE",770,33.53,-117.76,M,M,M,M,M,M,M,M,M,M,M,M,M,0.0,M,M,M,M,M,M,M,M,M,M,M,M,M,M,0.0,0.0,M
US1CAOR0005,"LAGUNA NIGUEL 0.9 W","ORANGE",477,33.53,-117.72,0.0,0.0,M,M,M,M,M,M,M,M,M,M,M,M,M,M,M,M,M,M,M,M,M,M,M,M,M,M,M,M,M
US1CAMR0031,"LAGUNITAS-FOREST KNOLLS 0.2 SS","MARIN",269,38.01,-122.69,M,M,M,M,M,M,M,M,M,M,M,M,M,M,M,M,M,M,M,M,M,M,M,M,M,M,M,0.0,M,M,M
US1CASR0058,"LAKE ARROWHEAD 1.5 SE","SAN BERNARDINO",5518,34.25,-117.17,0.0,0.0,0.0,0.0,0.0,0.0,1.5,0.0,0.0,0.0,0.0,0.0,0.0,0.0,0.0,0.0,0.0,0.0,0.0,M,M,0.0,0.0,0.0,1.0,0.0,0.0,0.0,0.0,0.0,0.0
US1CATH0049,"LAKE CALIFORNIA .4 NW","TEHAMA",372,40.35,-122.20,M,M,M,M,M,M,M,M,M,M,0.0,M,M,M,M,M,M,M,M,M,M,M,M,M,M,0.0,M,M,0.0,M,M
US1CARV0060,"LAKE ELSINORE 2.8 SSW","RIVERSIDE",1357,33.63,-117.34,0.0,0.0,0.0,0.0,0.0,M,M,0.0,0.0,0.0,0.0,0.0,0.0,0.0,0.0,0.0,0.0,0.0,0.0,0.0,0.0,0.0,0.0,M,M,M,0.0,0.0,0.0,0.0,0.0
US1CAOR0059,"LAKE FOREST 1.5 SSW","ORANGE",402,33.63,-117.70,0.0,M,M,M,0.0,M,M,M,M,M,M,M,M,M,M,M,M,M,M,M,M,M,M,M,M,M,M,M,M,M,M
US1CANV0014,"LAKE OF THE PINES 1.0 WSW","NEVADA",1576,39.03,-121.08,M,M,0.0,0.0,M,0.0,0.0,0.0,0.0,0.0,0.0,0.0,0.0,0.0,M,0.0,M,0.0,0.0,0.0,M,0.0,0.0,M,M,0.0,0.0,0.0,0.0,0.0,0.0
USC00044712,"LAKE SOLANO","SOLANO",187,38.49,-122.00,M,0.0,0.0,0.0,0.0,M,M,M,0.0,0.0,0.0,0.0,M,M,M,0.0,0.0,0.0,0.0,M,M,0.0,0.0,0.0,0.0,0.0,0.0,0.0,0.0,0.0,0.0
US1CASD0103,"LAKESIDE 4.1NNE","SAN DIEGO",1679,32.91,-116.89,M,M,0.0,0.0,0.0,M,M,0.0,M,M,M,M,M,0.0,0.0,M,0.0,0.0,0.0,M,M,M,M,M,M,M,M,M,M,M,M
USW00003159,"LANCASTER","LOS ANGELES",2337,34.74,-118.21,M,0.0,0.0,0.0,M,M,0.0,0.0,0.0,0.0,0.0,0.0,0.0,0.0,0.0,0.0,0.0,0.0,0.0,0.0,0.0,0.0,0.0,0.0,M,0.0,0.0,0.0,0.0,0.0,0.0
US1CALA0031,"LANCASTER 6.5 ENE","LOS ANGELES",2366,34.72,-118.07,0.0,0.0,0.0,0.0,M,M,M,M,0.0,0.0,0.0,0.0,0.0,0.0,0.0,0.0,0.0,0.0,0.0,0.0,0.0,0.0,0.0,0.0,0.0,0.0,0.0,0.0,0.0,0.0,0.0
US1CASR0020,"LANDERS 1.6 NE","SAN BERNARDINO",2953,34.28,-116.38,0.0,0.0,0.0,0.0,0.0,M,M,M,0.0,0.0,0.0,0.0,0.0,0.0,0.0,0.0,0.0,0.0,0.0,0.0,0.0,0.0,0.0,0.0,0.0,0.0,0.0,0.0,0.0,0.0,0.0
US1CAMD0017,"LAYTONVILLE 1.1 SW","MENDOCINO",1647,39.67,-123.49,M,M,0.0,0.0,M,M,0.0,0.0,0.0,M,0.0,M,0.0,0.0,M,M,M,M,M,M,M,0.0,M,M,M,0.0,0.0,0.0,0.0,0.0,0.0
US1CAMD0022,"LAYTONVILLE 9.8 NNW","MENDOCINO",2078,39.81,-123.53,M,M,0.0,0.0,M,0.0,0.0,0.0,0.0,M,0.0,M,0.0,0.0,M,M,M,M,M,0.0,M,0.0,M,M,M,0.0,0.0,0.0,0.0,0.0,0.0
USC00044881,"LEE VINING","MONO",6795,37.96,-119.12,0.0,2.3,0.0,0.1,1.1,0.5,0.0,0.0,0.0,0.0,0.0,0.0,0.0,0.0,0.0,0.0,0.0,0.0,0.0,0.0,0.0,0.0,0.0,0.0,1.5,0.0,T,0.0,0.0,0.0,0.0
US1CAMN0001,"LEE VINING 5.9 NW","MONO",7092,38.03,-119.17,T,4.0,0.0,T,1.9,0.6,0.0,0.0,0.0,0.0,0.0,0.0,0.0,0.0,0.0,0.0,T,0.0,0.0,0.0,0.0,0.0,0.0,T,1.8,T,T,T,0.0,0.0,T
US1CASD0147,"LEMON GROVE 0.7 W","SAN DIEGO",466,32.73,-117.04,M,0.0,0.0,0.0,0.0,0.0,0.0,0.0,0.0,0.0,0.0,M,M,0.0,0.0,0.0,0.0,0.0,0.0,M,M,0.0,0.0,0.0,0.0,0.0,0.0,0.0,0.0,0.0,0.0
US1CASD0157,"LEMON GROVE 0.9 W","SAN DIEGO",444,32.74,-117.05,M,0.0,0.0,0.0,0.0,M,M,0.0,0.0,0.0,0.0,0.0,0.0,0.0,0.0,0.0,0.0,0.0,0.0,0.0,0.0,0.0,0.0,0.0,M,M,0.0,0.0,0.0,0.0,0.0
US1CAKG0003,"LEMOORE 0.3 SW","KINGS",223,36.29,-119.79,0.0,M,0.0,0.0,M,M,0.0,0.0,0.0,0.0,0.0,0.0,0.0,0.0,0.0,0.0,M,M,0.0,0.0,M,0.0,0.0,0.0,0.0,0.0,0.0,0.0,0.0,0.0,0.0
US1CAKG0001,"LEMOORE 0.9 ESE","KINGS",223,36.29,-119.77,M,M,0.0,0.0,M,M,M,0.0,0.0,0.0,M,M,0.0,0.0,0.0,0.0,M,M,0.0,0.0,0.0,0.0,0.0,0.0,M,M,0.0,0.0,0.0,0.0,0.0
USW00023285,"LIVERMORE MUNICIPAL AP","ALAMEDA",393,37.69,-121.81,0.0,0.0,0.0,M,M,M,0.0,0.0,0.0,M,0.0,0.0,0.0,0.0,0.0,0.0,0.0,0.0,0.0,0.0,0.0,0.0,0.0,0.0,M,0.0,0.0,0.0,0.0,0.0,M
US1CAMT0003,"LOCKWOOD 3.6 NW","MONTEREY",1181,35.98,-121.12,0.0,M,0.0,0.0,M,M,M,0.0,0.0,0.0,0.0,0.0,0.0,0.0,0.0,0.0,M,0.0,0.0,0.0,0.0,0.0,0.0,0.0,0.0,0.0,0.0,0.0,0.0,0.0,0.0
USC00045026,"LODGEPOLE","TULARE",6733,36.60,-118.73,0.0,M,0.0,M,M,M,0.0,0.0,M,0.0,M,0.0,0.0,0.0,0.0,0.0,1.0,0.0,0.0,M,0.0,M,M,0.0,3.0,0.0,M,0.0,0.0,M,0.0
US1CASJ0005,"LODI 1.0 NNW","SAN JOAQUIN",43,38.14,-121.30,M,M,M,M,M,M,M,0.0,0.0,0.0,0.0,0.0,0.0,0.0,0.0,0.0,M,0.0,0.0,0.0,M,0.0,0.0,M,M,0.0,0.0,0.0,0.0,0.0,0.0
USW00023129,"LONG BEACH DAUGHERTY AP","LOS ANGELES",31,33.81,-118.15,0.0,0.0,0.0,0.0,0.0,0.0,0.0,0.0,0.0,0.0,0.0,0.0,0.0,0.0,0.0,0.0,0.0,0.0,0.0,0.0,0.0,0.0,0.0,0.0,0.0,0.0,M,0.0,0.0,0.0,0.0
USC00045091,"LONG VALLEY 2","RIVERSIDE",8378,33.81,-116.64,M,M,7.0,M,M,M,4.0,M,0.0,0.0,0.0,0.0,M,M,0.0,0.0,M,0.0,0.0,M,0.0,0.0,0.0,M,0.5,M,0.0,M,0.0,0.0,0.0
USC00045100,"LORAINE 5 NNE","KERN",4234,35.38,-118.41,M,M,M,M,M,M,M,M,M,M,M,0.0,M,M,M,0.0,M,M,M,M,M,M,M,M,M,M,M,M,M,M,M
US1CASC0041,"LOS ALTOS HILLS 1.3 N","SANTA CLARA",194,37.39,-122.14,M,M,0.0,0.0,M,M,0.0,0.0,0.0,0.0,0.0,0.0,0.0,0.0,M,0.0,M,0.0,M,M,M,M,0.0,0.0,M,M,0.0,0.0,M,M,M
US1CALA0064,"LOS ANGELES 2.6 NW","LOS ANGELES",405,34.08,-118.27,0.0,0.0,0.0,0.0,M,M,M,0.0,0.0,0.0,0.0,0.0,0.0,0.0,0.0,0.0,0.0,M,0.0,0.0,0.0,M,M,M,M,0.0,0.0,0.0,0.0,0.0,0.0
USW00093134,"LOS ANGELES DOWNTOWN/USC","LOS ANGELES",179,34.02,-118.29,0.0,0.0,0.0,0.0,0.0,0.0,0.0,0.0,0.0,0.0,0.0,0.0,0.0,0.0,0.0,0.0,0.0,0.0,0.0,0.0,0.0,0.0,0.0,0.0,0.0,0.0,0.0,0.0,0.0,0.0,0.0
USW00023174,"LOS ANGELES INTL AP","LOS ANGELES",97,33.94,-118.39,0.0,0.0,0.0,0.0,0.0,0.0,0.0,0.0,0.0,0.0,0.0,0.0,0.0,0.0,0.0,0.0,0.0,0.0,0.0,0.0,0.0,0.0,0.0,0.0,0.0,0.0,0.0,0.0,0.0,0.0,0.0
US1CASC0040,"LOS GATOS 5.4 SSW","SANTA CLARA",1662,37.16,-121.99,M,M,0.0,0.0,M,M,0.0,0.0,0.0,0.0,M,M,0.0,0.0,M,0.0,M,0.0,0.0,0.0,0.0,M,0.0,0.0,M,0.0,0.0,0.0,0.0,0.0,0.0
US1CASC0053,"LOS GATOS 9.6 SSE","SANTA CLARA",2199,37.10,-121.89,M,M,0.0,0.0,M,M,0.0,0.0,0.0,0.0,0.0,0.0,0.0,0.0,M,0.0,M,0.0,0.0,0.0,0.0,0.0,0.0,M,M,0.0,0.0,0.0,0.0,0.0,0.0
US1CATH0028,"LOS MOLINOS 5.8 N","TEHAMA",259,40.11,-122.08,M,M,M,0.0,M,M,0.0,0.0,0.0,M,0.0,0.0,0.0,M,M,M,M,0.0,M,0.0,M,0.0,M,M,M,0.0,0.0,0.0,0.0,0.0,0.0
US1CASL0008,"LOS OSOS 0.5 N","SAN LUIS OBISPO",77,35.33,-120.83,0.0,0.0,0.0,0.0,0.0,0.0,0.0,0.0,0.0,0.0,0.0,0.0,0.0,0.0,0.0,0.0,M,0.0,0.0,0.0,M,M,M,M,M,M,M,0.0,0.0,0.0,0.0
US1CASR0052,"LUCERNE VALLEY 2.7 SSE","SAN BERNARDINO",3386,34.41,-116.95,0.0,0.0,0.0,0.0,0.0,M,M,0.0,0.0,0.0,0.0,0.0,0.0,0.0,0.0,0.0,0.0,0.0,0.0,0.0,0.0,0.0,M,M,M,M,0.0,0.0,0.0,0.0,0.0
USW00093242,"MADERA MUNICIPAL AP","MADERA",253,36.99,-120.11,0.0,0.0,0.0,0.0,0.0,0.0,0.0,0.0,0.0,0.0,0.0,0.0,0.0,0.0,0.0,0.0,0.0,0.0,0.0,0.0,0.0,0.0,0.0,0.0,0.0,0.0,0.0,0.0,0.0,0.0,0.0
USC00045280,"MAMMOTH LAKES RS","MONO",7802,37.65,-118.96,T,1.6,0.0,0.5,M,3.2,0.0,0.0,0.0,0.0,0.0,0.0,0.0,0.0,0.0,0.0,1.0,0.0,0.0,0.0,T,M,M,M,M,M,M,M,M,M,M
US1CASJ0015,"MANTECA 1.3 N","SAN JOAQUIN",46,37.82,-121.23,M,M,0.0,M,M,M,M,M,0.0,M,M,M,0.0,M,M,M,M,M,0.0,M,M,0.0,M,M,M,0.0,M,M,0.0,M,0.0
USC00045311,"MANZANITA LAKE","SHASTA",5749,40.54,-121.58,3.0,3.0,M,M,M,M,0.0,0.0,0.0,1.0,M,0.0,0.0,0.0,M,M,M,M,0.0,0.0,0.0,M,0.2,2.0,10.0,0.0,0.0,0.0,0.0,0.0,0.0
US1CAMT0048,"MARINA 0.4 N","MONTEREY",59,36.69,-121.79,M,M,0.0,0.0,M,M,0.0,0.0,0.0,0.0,0.0,0.0,0.0,0.0,0.0,0.0,M,0.0,0.0,M,0.0,0.0,0.0,0.0,M,0.0,0.0,0.0,0.0,0.0,0.0
US1CAMT0041,"MARINA 0.8 SSE","MONTEREY",136,36.67,-121.78,M,0.0,0.0,M,M,M,0.0,M,0.0,0.0,0.0,0.0,0.0,0.0,0.0,M,M,0.0,0.0,0.0,0.0,0.0,0.0,M,M,0.0,0.0,0.0,0.0,0.0,0.0
US1CAMP0001,"MARIPOSA 3.7 NNW","MARIPOSA",2941,37.54,-119.99,M,0.2,0.0,0.0,M,M,M,0.0,0.0,0.0,0.0,0.0,0.0,0.0,0.0,0.0,M,M,M,0.0,0.0,0.0,0.0,0.0,M,0.0,0.0,0.0,0.0,0.0,0.0
US1CAMP0009,"MARIPOSA 7.1 E","MARIPOSA",3209,37.51,-119.84,M,M,0.0,0.0,M,M,0.0,0.0,0.0,0.0,M,0.0,0.0,0.0,0.0,0.0,M,M,0.0,0.0,M,0.0,0.0,0.0,M,0.0,0.0,0.0,M,0.0,0.0
USC00045360,"MARKLEY COVE","NAPA",480,38.49,-122.12,M,0.0,0.0,0.0,0.0,M,M,M,0.0,0.0,0.0,0.0,M,M,M,0.0,0.0,0.0,0.0,M,M,0.0,0.0,0.0,0.0,0.0,0.0,0.0,0.0,0.0,0.0
US1CACC0001,"MARTINEZ 0.8 SSE","CONTRA COSTA",252,37.99,-122.11,M,M,0.0,0.0,M,M,0.0,0.0,0.0,M,0.0,0.0,0.0,0.0,0.0,0.0,M,0.0,0.0,0.0,M,M,0.0,0.0,M,0.0,0.0,0.0,0.0,0.0,0.0
US1CACC0011,"MARTINEZ 2.2 SW","CONTRA COSTA",692,37.97,-122.14,M,M,0.0,0.0,M,M,M,0.0,M,M,0.0,0.0,0.0,0.0,M,0.0,M,0.0,0.0,0.0,M,M,0.0,0.0,M,M,0.0,0.0,M,0.0,0.0
USW00093205,"MARYSVILLE YUBA COUNTY AP","YUBA",62,39.10,-121.57,0.0,0.0,0.0,0.0,M,0.0,0.0,0.0,0.0,M,0.0,0.0,0.0,0.0,0.0,0.0,M,0.0,0.0,M,M,0.0,M,M,0.0,0.0,0.0,0.0,0.0,0.0,0.0
US1CACL0001,"MAXWELL 5.1 N","COLUSA",91,39.35,-122.18,M,M,M,M,M,M,0.0,M,M,M,M,M,M,M,M,M,M,M,M,M,M,M,M,M,M,M,M,M,M,M,M
US1CALS0006,"MCARTHUR 16.0 SE","LASSEN",4177,40.89,-121.18,T,M,0.0,0.0,0.3,M,M,0.0,0.0,0.0,0.0,M,0.0,0.0,M,M,M,M,0.0,0.0,M,0.0,M,M,3.5,0.0,M,0.0,0.0,0.0,0.0
US1CAHM0051,"MCKINLEYVILLE 2.1 NE","HUMBOLDT",270,40.98,-124.09,M,M,0.0,M,0.0,M,M,M,M,M,M,M,M,M,M,M,M,M,M,M,M,M,M,M,M,M,M,M,M,M,M
US1CAHM0009,"MCKINLEYVILLE 2.3 NE","HUMBOLDT",270,40.98,-124.09,M,M,M,M,0.0,0.0,0.0,M,M,M,0.0,M,0.0,0.0,M,M,M,M,M,M,M,M,M,M,M,0.0,M,0.0,0.0,M,M
US1CAHM0004,"MCKINLEYVILLE 2.7 SE","HUMBOLDT",325,40.92,-124.08,M,M,0.0,M,M,0.0,0.0,M,0.0,M,0.0,M,0.0,0.0,M,M,M,M,M,0.0,M,0.0,M,M,M,0.0,M,0.0,0.0,M,M
US1CAHM0005,"MCKINLEYVILLE 7.3 ESE","HUMBOLDT",366,40.90,-124.00,M,M,0.0,M,0.0,0.0,0.0,M,0.0,M,0.0,M,0.0,0.0,M,M,M,M,M,0.0,M,0.0,M,M,M,0.0,M,0.0,0.0,M,M
US1CAPM0002,"MEADOW VALLEY 5.6 WSW","PLUMAS",4437,39.92,-121.10,M,M,0.0,0.0,3.0,2.0,0.0,0.0,0.0,T,M,M,0.0,0.0,M,M,M,M,0.0,M,M,M,M,M,M,0.0,0.0,0.0,0.0,0.0,0.0
US1CAMD0033,"MENDOCINO 2.7 NNE","MENDOCINO",421,39.34,-123.78,M,M,0.0,0.0,M,M,M,0.0,0.0,M,0.0,M,0.0,M,M,M,M,M,M,M,M,0.0,M,M,M,0.0,M,0.0,0.0,M,M
US1CASM0005,"MENLO PARK 2.4 W","SAN MATEO",25,37.48,-122.19,M,0.0,0.0,M,M,0.0,0.0,0.0,0.0,M,M,M,M,0.0,0.0,M,M,0.0,0.0,0.0,M,0.0,0.0,M,M,M,M,M,M,M,M
USW00023257,"MERCED MUNICIPAL AP","MERCED",152,37.28,-120.51,0.0,0.0,0.0,0.0,0.0,0.0,0.0,0.0,0.0,0.0,0.0,0.0,0.0,0.0,0.0,0.0,0.0,0.0,0.0,0.0,0.0,0.0,0.0,0.0,0.0,0.0,0.0,0.0,0.0,0.0,0.0
US1CASD0131,"MID-CITY SAN DIEGO 0.5W","SAN DIEGO",462,32.76,-117.07,M,M,0.0,0.0,0.0,M,M,0.0,0.0,0.0,0.0,0.0,0.0,0.0,0.0,0.0,0.0,0.0,0.0,0.0,M,0.0,0.0,0.0,M,M,0.0,0.0,0.0,0.0,0.0
US1CAMR0013,"MILL VALLEY 1.5 S","MARIN",209,37.89,-122.54,M,M,0.0,0.0,M,M,0.0,0.0,0.0,M,0.0,0.0,0.0,0.0,M,M,0.0,M,M,M,M,M,0.0,M,M,0.0,0.0,M,0.0,0.0,0.0
US1CASH0068,"MILLVILLE 3.6 SW","SHASTA",506,40.54,-122.17,M,0.0,0.0,0.0,M,M,0.0,0.0,0.0,M,0.0,0.0,0.0,0.0,M,M,M,M,M,M,M,0.0,M,M,M,0.0,0.0,0.0,0.0,0.0,0.0
USC00045679,"MINERAL","TEHAMA",4874,40.35,-121.61,6.0,1.0,0.0,0.0,0.0,M,0.0,0.0,0.0,M,M,M,0.0,0.0,0.0,0.0,0.0,0.0,0.0,0.0,0.0,M,M,M,M,M,M,M,M,M,M
US1CAHM0014,"MIRANDA 4.1 SW","HUMBOLDT",539,40.21,-123.89,M,M,0.0,0.0,M,0.0,0.0,M,M,M,0.0,M,0.0,0.0,M,M,M,M,M,M,M,M,M,M,M,M,M,M,M,M,M
US1CAOR0019,"MISSION VIEJO 1.3 SSE","ORANGE",704,33.60,-117.64,M,M,M,0.0,0.0,M,M,0.0,0.0,0.0,0.0,0.0,0.0,0.0,0.0,0.0,0.0,M,0.0,0.0,M,0.0,M,M,M,M,0.0,0.0,0.0,0.0,0.0
US1CAOR0047,"MISSION VIEJO 3.1 SSE","ORANGE",538,33.57,-117.64,M,M,M,M,M,M,M,M,M,M,M,M,M,M,M,M,M,M,M,M,M,M,M,M,M,M,M,M,M,0.0,0.0
US1CAOR0026,"MISSION VIEJO 3.5 SSE","ORANGE",613,33.56,-117.64,0.0,0.0,0.0,0.0,M,M,M,0.0,0.0,0.0,0.0,0.0,0.0,0.0,0.0,0.0,0.0,M,0.0,0.0,0.0,0.0,0.0,0.0,M,M,0.0,0.0,0.0,0.0,0.0
US1CAOR0035,"MISSION VIEJO 3.9 NNE","ORANGE",1051,33.66,-117.63,0.0,0.0,0.0,0.0,0.0,M,M,0.0,0.0,0.0,0.0,0.0,M,M,0.0,0.0,0.0,M,M,M,0.0,0.0,0.0,M,M,0.0,0.0,0.0,0.0,0.0,M
USW00023258,"MODESTO CITY COUNTY AP","STANISLAUS",73,37.62,-120.95,0.0,0.0,0.0,M,M,0.0,0.0,0.0,0.0,0.0,0.0,0.0,0.0,0.0,0.0,0.0,M,0.0,0.0,0.0,M,0.0,0.0,M,M,0.0,0.0,0.0,0.0,0.0,0.0
USW00023244,"MOFFETT FEDERAL AIRFIELD","SANTA CLARA",39,37.41,-122.05,0.0,0.0,0.0,M,M,M,0.0,0.0,0.0,0.0,0.0,0.0,0.0,M,0.0,0.0,0.0,0.0,0.0,0.0,0.0,0.0,0.0,0.0,M,0.0,0.0,0.0,0.0,0.0,0.0
US1CASC0005,"MONTE SERENO 0.4 SSW","SANTA CLARA",467,37.23,-121.99,M,M,0.0,0.0,M,M,0.0,0.0,M,0.0,0.0,M,0.0,0.0,M,M,M,M,M,M,M,M,M,M,M,M,M,M,0.0,0.0,0.0
USW00023259,"MONTEREY PENINSUL AP","MONTEREY",165,36.59,-121.85,0.0,0.0,0.0,M,0.0,M,0.0,0.0,0.0,0.0,0.0,0.0,0.0,0.0,0.0,0.0,0.0,0.0,0.0,0.0,0.0,0.0,0.0,0.0,M,0.0,0.0,0.0,0.0,0.0,0.0
US1CACC0025,"MORAGA 2.4 NNW","CONTRA COSTA",748,37.87,-122.14,M,M,0.0,0.0,M,M,0.0,0.0,0.0,0.0,0.0,0.0,0.0,0.0,M,0.0,M,0.0,0.0,0.0,M,M,0.0,0.0,M,0.0,0.0,0.0,0.0,0.0,0.0
US1CASC0045,"MORGAN HILL 1.4 SW","SANTA CLARA",433,37.12,-121.66,M,0.0,0.0,0.0,M,M,0.0,0.0,0.0,0.0,0.0,0.0,0.0,0.0,M,0.0,M,0.0,0.0,M,0.0,0.0,0.0,0.0,M,0.0,0.0,0.0,0.0,0.0,0.0
US1CASC0057,"MORGAN HILL 4.5 NW","SANTA CLARA",310,37.17,-121.70,M,M,M,0.0,M,0.0,0.0,0.0,0.0,0.0,0.0,0.0,0.0,0.0,0.0,0.0,M,0.0,0.0,0.0,0.0,0.0,0.0,0.0,M,0.0,0.0,0.0,0.0,0.0,0.0
US1CASC0048,"MORGAN HILL 6.4 NE","SANTA CLARA",2623,37.19,-121.55,M,M,M,M,M,M,0.0,0.0,0.0,M,M,0.0,0.0,0.0,0.0,0.0,M,M,M,0.0,0.0,0.0,M,M,M,0.0,M,M,M,M,M
US1CASR0022,"MORONGO VALLEY 2.3 NE","SAN BERNARDINO",3151,34.09,-116.56,0.0,0.0,0.0,0.0,0.0,M,M,0.0,0.0,0.0,0.0,0.0,0.0,0.0,0.0,0.0,0.0,0.0,0.0,0.0,0.0,0.0,0.0,0.0,M,0.0,0.0,0.0,0.0,0.0,0.0
USC00045860,"MORONGO VALLEY NORTH","SAN BERNARDINO",3144,34.09,-116.56,0.0,0.0,0.0,0.0,0.0,0.0,0.0,0.0,0.0,0.0,0.0,0.0,0.0,0.0,0.0,0.0,0.0,0.0,0.0,0.0,0.0,0.0,0.0,0.0,0.0,0.0,0.0,0.0,0.0,0.0,0.0
USC00045915,"MOUNT DIABLO JUNCTION","CONTRA COSTA",2169,37.88,-121.93,0.0,0.0,0.0,0.0,0.0,0.0,0.0,0.0,0.0,0.0,0.0,0.0,0.0,0.0,0.0,0.0,0.0,0.0,0.0,0.0,0.0,0.0,0.0,0.0,0.0,0.0,0.0,0.0,0.0,0.0,0.0
US1CASK0021,"MOUNT SHASTA 0.8 ESE","SISKIYOU",3752,41.32,-122.30,M,M,0.0,0.0,0.0,M,0.0,0.0,0.0,M,0.0,0.0,0.0,M,M,M,M,0.0,M,0.0,M,0.0,0.0,M,M,0.0,0.0,0.0,0.0,0.0,0.0
US1CASK0011,"MOUNT SHASTA 1.7 SSE","SISKIYOU",3592,41.30,-122.30,M,M,0.0,0.0,M,M,M,M,M,M,M,M,M,0.0,M,M,M,M,M,0.0,M,0.0,0.0,M,M,0.0,M,0.0,0.0,0.0,0.0
US1CASK0008,"MOUNT SHASTA 5.1 NW","SISKIYOU",3910,41.36,-122.40,4.0,0.5,0.0,M,0.0,M,M,M,M,M,M,M,M,M,M,M,M,M,M,M,M,M,M,M,M,M,M,M,M,M,M
US1CASC0001,"MOUNTAIN VIEW 1.2 S","SANTA CLARA",109,37.38,-122.08,M,M,0.0,0.0,M,M,0.0,0.0,0.0,M,0.0,0.0,0.0,0.0,M,0.0,M,0.0,0.0,M,M,0.0,M,M,M,M,M,M,M,M,M
USC00045968,"MT. LAGUNA #3","SAN DIEGO",5918,32.87,-116.42,M,M,M,M,M,M,M,M,M,M,M,M,M,M,M,M,M,M,M,M,M,M,M,M,3.1,3.1,M,M,M,M,M
US1CARV0043,"MURRIETA 3.6 NNE","RIVERSIDE",1723,33.61,-117.19,0.0,0.0,0.0,0.0,0.0,M,M,0.0,0.0,0.0,0.0,0.0,0.0,0.0,0.0,0.0,0.0,0.0,0.0,0.0,0.0,0.0,0.0,0.0,0.0,0.0,0.0,0.0,0.0,0.0,M
US1CANP0010,"NAPA 2.0 E","NAPA",219,38.30,-122.26,M,M,M,M,M,M,M,M,M,M,M,M,M,M,M,M,M,M,M,M,M,M,M,M,M,0.0,0.0,0.0,0.0,0.0,0.0
USW00093227,"NAPA COUNTY AIRPORT","NAPA",14,38.21,-122.28,0.0,0.0,0.0,M,M,0.0,0.0,0.0,0.0,M,0.0,0.0,M,M,0.0,0.0,0.0,0.0,0.0,0.0,0.0,0.0,0.0,0.0,M,0.0,0.0,0.0,0.0,0.0,0.0
USW00023179,"NEEDLES AIRPORT","SAN BERNARDINO",890,34.77,-114.62,0.0,0.0,0.0,0.0,M,0.0,0.0,0.0,0.0,0.0,0.0,0.0,0.0,0.0,0.0,0.0,0.0,0.0,0.0,0.0,0.0,0.0,0.0,0.0,0.0,0.0,0.0,0.0,0.0,0.0,0.0
USC00046136,"NEVADA CITY","NEVADA",2780,39.25,-121.00,0.0,0.0,0.0,0.0,0.0,0.0,0.0,0.0,0.0,0.0,0.0,0.0,0.0,0.0,0.0,0.0,0.0,0.0,0.0,0.0,0.0,0.0,0.0,0.0,0.0,0.0,0.0,0.0,0.0,0.0,0.0
US1CANV0041,"NEVADA CITY 1.7 SSE","NEVADA",3167,39.24,-121.01,T,M,M,0.0,M,0.0,0.0,0.0,0.0,0.0,0.0,0.0,0.0,0.0,M,0.0,M,0.0,0.0,0.0,M,M,0.0,M,M,0.0,0.0,0.0,0.0,0.0,0.0
US1CANV0001,"NEVADA CITY 3.4 NNW","NEVADA",2389,39.31,-121.04,M,0.0,0.0,0.0,M,0.0,0.0,0.0,0.0,M,0.0,0.0,0.0,0.0,M,0.0,M,0.0,0.0,0.0,M,M,0.0,0.0,M,0.0,0.0,0.0,0.0,0.0,0.0
US1CANV0022,"NEVADA CITY 5.4 W","NEVADA",1981,39.27,-121.12,M,0.1,0.0,0.0,M,0.0,0.0,0.0,M,M,0.0,0.0,0.0,0.0,M,M,M,0.0,0.0,0.0,M,M,M,M,M,M,M,0.0,0.0,0.0,M
USC00046174,"NEW MELONES DAM HQ","TUOLUMNE",960,38.00,-120.49,0.0,0.0,0.0,0.0,0.0,0.0,0.0,0.0,0.0,0.0,0.0,0.0,0.0,0.0,0.0,M,0.0,0.0,0.0,0.0,0.0,0.0,0.0,0.0,0.0,M,0.0,0.0,0.0,0.0,0.0
US1CAPC0034,"NEWCASTLE 0.4 SSW","PLACER",824,38.87,-121.14,M,M,M,M,M,0.0,0.0,0.0,M,M,M,0.0,0.0,0.0,M,0.0,M,0.0,0.0,0.0,M,0.0,M,M,M,M,M,M,M,0.0,0.0
US1CAPC0013,"NEWCASTLE 1.6 SSE","PLACER",800,38.85,-121.12,M,M,0.0,0.0,M,0.0,0.0,0.0,0.0,0.0,0.0,0.0,0.0,0.0,M,0.0,M,0.0,0.0,0.0,M,M,0.0,M,M,0.0,0.0,0.0,0.0,0.0,0.0
US1CAOR0016,"NEWPORT BEACH 3.1 ESE","ORANGE",84,33.59,-117.87,M,0.0,0.0,0.0,M,M,M,0.0,0.0,0.0,M,0.0,0.0,0.0,0.0,0.0,M,M,0.0,0.0,0.0,0.0,0.0,0.0,M,M,0.0,0.0,0.0,0.0,0.0
US1CARV0015,"NORCO 1.2 S","RIVERSIDE",661,33.91,-117.55,0.0,0.0,0.0,0.0,0.0,0.0,M,0.0,0.0,0.0,0.0,0.0,0.0,0.0,0.0,0.0,0.0,0.0,0.0,0.0,0.0,0.0,0.0,0.0,0.0,0.0,0.0,0.0,0.0,0.0,0.0
US1CARV0020,"NORCO 2.3 SE","RIVERSIDE",1091,33.91,-117.52,0.0,0.0,0.0,0.0,M,M,M,0.0,0.0,0.0,0.0,0.0,0.0,0.0,0.0,0.0,0.0,0.0,0.0,0.0,0.0,0.0,0.0,0.0,M,M,0.0,0.0,0.0,0.0,0.0
US1CAMR0037,"NOVATO 2.7 WNW","MARIN",76,38.11,-122.60,M,M,0.0,0.0,M,M,0.0,0.0,0.0,M,0.0,0.0,0.0,0.0,M,M,M,0.0,M,0.0,M,M,0.0,M,M,0.0,0.0,0.0,0.0,0.0,0.0
USC00046328,"OAK KNOLL W. C.","SISKIYOU",1979,41.84,-122.85,M,M,0.0,M,M,M,M,M,M,M,M,M,M,M,M,M,M,M,M,M,M,M,M,M,M,M,M,M,M,M,M
US1CASS0007,"OAKDALE 2.4 NE","STANISLAUS",200,37.79,-120.82,M,M,0.0,0.0,M,M,0.0,0.0,0.0,0.0,0.0,0.0,0.0,0.0,0.0,0.0,M,0.0,0.0,0.0,M,0.0,0.0,0.0,M,0.0,0.0,0.0,0.0,0.0,0.0
US1CAMA0012,"OAKHURST 1.4 SSE","MADERA",2542,37.31,-119.64,M,M,0.0,0.0,M,M,0.0,0.0,0.0,0.0,0.0,0.0,0.0,0.0,0.0,0.0,M,M,0.0,0.0,0.0,0.0,0.0,0.0,M,0.0,0.0,0.0,0.0,0.0,0.0
USW00023230,"OAKLAND METROPOLITAN INTL AP","ALAMEDA",6,37.72,-122.22,0.0,0.0,0.0,M,M,M,0.0,0.0,0.0,M,0.0,M,0.0,M,0.0,0.0,0.0,0.0,0.0,0.0,0.0,0.0,0.0,0.0,M,0.0,0.0,0.0,0.0,0.0,0.0
US1CASN0088,"OCCIDENTAL 2.8 SW","SONOMA",614,38.37,-122.97,M,M,0.0,0.0,M,M,0.0,0.0,0.0,M,0.0,0.0,0.0,0.0,M,M,M,M,M,M,M,0.0,0.0,M,M,0.0,0.0,0.0,0.0,0.0,0.0
US1CASD0076,"OCEANSIDE 8.1ENE","SAN DIEGO",189,33.25,-117.26,0.0,M,0.0,0.0,0.0,M,M,M,0.0,0.0,0.0,0.0,0.0,0.0,0.0,0.0,0.0,0.0,0.0,0.0,0.0,0.0,0.0,0.0,M,M,0.0,0.0,0.0,0.0,0.0
US1CASD0004,"OCEANSIDE 8.4NE","SAN DIEGO",252,33.27,-117.27,M,0.0,0.0,0.0,0.0,M,M,0.0,0.0,0.0,0.0,0.0,0.0,0.0,0.0,0.0,0.0,0.0,0.0,0.0,0.0,0.0,0.0,0.0,M,M,0.0,0.0,0.0,0.0,0.0
USW00053121,"OCEANSIDE MUNICIPAL AP","SAN DIEGO",28,33.22,-117.35,M,0.0,0.0,0.0,M,0.0,M,0.0,0.0,0.0,0.0,0.0,0.0,0.0,0.0,0.0,M,M,0.0,0.0,0.0,0.0,0.0,M,M,0.0,0.0,0.0,0.0,0.0,0.0
USW00003102,"ONTARIO INTL AP","SAN BERNARDINO",949,34.06,-117.60,0.0,0.0,0.0,0.0,M,M,M,0.0,0.0,0.0,0.0,0.0,0.0,0.0,0.0,0.0,0.0,0.0,0.0,0.0,0.0,0.0,0.0,M,M,0.0,0.0,0.0,0.0,0.0,0.0
US1CAKN0013,"ONYX 2.8 ENE","KERN",3038,35.70,-118.17,M,M,0.0,0.0,0.0,M,M,0.0,0.0,0.0,0.0,0.0,0.0,0.0,0.0,0.0,0.0,M,0.0,0.0,0.0,0.0,0.0,0.0,M,0.0,0.0,0.0,0.0,0.0,0.0
US1CAOR0031,"ORANGE 3.0 ENE","ORANGE",649,33.83,-117.78,0.0,0.0,0.0,0.0,M,M,M,0.0,0.0,0.0,0.0,0.0,0.0,0.0,0.0,0.0,M,M,0.0,0.0,0.0,0.0,0.0,0.0,M,0.0,0.0,0.0,0.0,0.0,0.0
US1CAOR0001,"ORANGE 3.5 ENE","ORANGE",811,33.83,-117.77,0.0,0.0,0.0,0.0,M,M,M,0.0,0.0,0.0,0.0,0.0,0.0,0.0,0.0,0.0,0.0,0.0,0.0,0.0,0.0,0.0,0.0,0.0,M,0.0,0.0,0.0,0.0,0.0,0.0
USC00046506,"ORLAND","GLENN",254,39.75,-122.20,M,M,M,M,M,M,M,M,M,M,M,M,M,M,M,M,M,M,M,M,M,M,M,M,M,M,M,M,M,M,0.0
US1CABT0002,"OROVILLE 2.7 ENE","BUTTE",535,39.51,-121.52,M,M,0.0,0.0,M,M,0.0,0.0,0.0,M,0.0,0.0,0.0,0.0,M,0.0,M,0.0,0.0,0.0,M,M,0.0,M,M,0.0,0.0,0.0,0.0,0.0,0.0
US1CABT0005,"OROVILLE 4.8 E","BUTTE",668,39.49,-121.48,M,M,0.0,0.0,M,M,0.0,0.0,M,M,0.0,0.0,0.0,0.0,M,0.0,M,M,0.0,0.0,M,M,M,M,M,0.0,0.0,0.0,0.0,0.0,0.0
US1CASM0001,"PACIFICA 0.3 W","SAN MATEO",227,37.61,-122.48,M,M,0.0,0.0,M,M,0.0,0.0,0.0,M,0.0,M,0.0,0.0,M,0.0,M,0.0,M,0.0,0.0,0.0,0.0,0.0,M,0.0,0.0,0.0,0.0,0.0,0.0
USW00093138,"PALM SPRINGS ASOS","RIVERSIDE",409,33.82,-116.50,0.0,0.0,0.0,0.0,M,0.0,0.0,0.0,0.0,0.0,0.0,0.0,0.0,0.0,0.0,0.0,0.0,0.0,0.0,0.0,0.0,0.0,0.0,0.0,0.0,0.0,M,0.0,0.0,0.0,M
USW00023182,"PALMDALE AP","LOS ANGELES",2523,34.63,-118.08,M,0.0,0.0,0.0,M,M,M,0.0,0.0,0.0,0.0,0.0,0.0,0.0,0.0,0.0,0.0,0.0,0.0,0.0,0.0,0.0,0.0,0.0,M,0.0,0.0,0.0,0.0,0.0,0.0
USC00046699,"PARKER RESRVOIR","SAN BERNARDINO",738,34.29,-114.17,0.0,0.0,0.0,0.0,0.0,0.0,0.0,0.0,0.0,0.0,0.0,0.0,0.0,0.0,0.0,0.0,0.0,0.0,0.0,0.0,0.0,0.0,0.0,0.0,0.0,0.0,0.0,0.0,0.0,0.0,0.0
US1CALA0043,"PASADENA 1.8 E","LOS ANGELES",911,34.16,-118.11,M,0.0,0.0,0.0,M,M,M,0.0,0.0,0.0,0.0,0.0,0.0,0.0,0.0,0.0,0.0,0.0,0.0,0.0,0.0,0.0,0.0,0.0,M,0.0,0.0,0.0,0.0,0.0,0.0
US1CALA0036,"PASADENA 2.0 SE","LOS ANGELES",739,34.14,-118.12,M,0.0,0.0,0.0,M,M,M,M,0.0,0.0,0.0,0.0,0.0,0.0,0.0,0.0,0.0,0.0,0.0,0.0,0.0,0.0,0.0,0.0,M,0.0,0.0,0.0,0.0,0.0,0.0
USW00093209,"PASO ROBLES MUNICIPAL AP","SAN LUIS OBISPO",810,35.67,-120.63,M,0.0,0.0,M,M,M,0.0,0.0,0.0,0.0,0.0,0.0,0.0,0.0,0.0,M,0.0,0.0,0.0,0.0,0.0,0.0,0.0,M,M,0.0,0.0,0.0,0.0,0.0,0.0
US1CASD0025,"PAUMA VALLEY 1.7 SE","SAN DIEGO",1132,33.29,-116.96,M,M,0.0,0.0,0.0,M,M,0.0,0.0,0.0,0.0,0.0,0.0,0.0,0.0,0.0,0.0,M,M,0.0,0.0,0.0,0.0,0.0,M,M,M,0.0,0.0,0.0,M
US1CASH0071,"PAYNES CREEK 7.9 NNW","SHASTA",973,40.43,-122.00,0.0,0.0,0.0,0.0,M,0.0,0.0,0.0,0.0,0.0,0.0,0.0,0.0,M,M,0.0,M,M,M,0.0,M,M,M,M,M,0.0,0.0,0.0,0.0,0.0,0.0
USC00046773,"PEARBLOSSOM","LOS ANGELES",3100,34.50,-117.90,0.0,0.0,0.0,0.0,0.0,0.0,0.0,0.0,0.0,0.0,0.0,0.0,0.0,0.0,0.0,0.0,0.0,0.0,0.0,0.0,0.0,0.0,0.0,0.0,0.0,0.0,0.0,0.0,0.0,0.0,0.0
US1CAPC0010,"PENRYN 0.4 SE","PLACER",610,38.85,-121.16,M,0.0,0.0,0.0,M,0.0,0.0,0.0,0.0,0.0,M,0.0,0.0,0.0,M,0.0,M,0.0,0.0,0.0,M,M,0.0,M,M,0.0,0.0,0.0,0.0,0.0,0.0
US1CAMR0009,"PETALUMA 10.1 W","MARIN",119,38.25,-122.81,M,M,0.0,0.0,M,0.0,0.0,0.0,0.0,M,M,0.0,0.0,0.0,M,M,M,M,M,0.0,M,0.0,M,M,M,0.0,0.0,0.0,0.0,0.0,0.0
US1CAHM0073,"PETROLIA 0.6 SSE","HUMBOLDT",92,40.32,-124.28,M,M,0.0,0.0,M,0.0,0.0,M,0.0,M,0.0,M,0.0,0.0,M,M,M,M,M,M,M,0.0,M,M,M,0.0,M,0.0,0.0,M,M
US1CAAL0001,"PIEDMONT 1.0 SE","ALAMEDA",372,37.81,-122.22,M,M,0.0,0.0,M,M,0.0,0.0,0.0,0.0,M,0.0,0.0,0.0,M,M,M,M,0.0,0.0,M,M,0.0,M,M,0.0,0.0,0.0,0.0,0.0,0.0
US1CASR0027,"PINON HILLS 3.5 N","SAN BERNARDINO",3494,34.48,-117.64,0.0,M,0.0,0.0,M,M,M,M,0.0,0.0,0.0,M,0.0,0.0,0.0,0.0,0.0,0.0,0.0,0.0,0.0,0.0,0.0,M,0.0,0.0,0.0,0.0,0.0,M,M
US1CAAM0005,"PIONEER 6.4 NE","AMADOR",4072,38.51,-120.50,M,M,M,M,M,M,0.0,0.0,0.0,0.0,0.0,0.0,0.0,M,0.0,0.0,M,M,M,M,M,M,0.0,0.0,M,M,0.0,M,0.0,0.0,M
USC00046946,"PIT RIVER PH 5","SHASTA",1458,40.99,-121.98,M,M,M,M,M,M,M,M,M,M,M,M,M,M,M,M,M,M,M,M,M,M,M,M,M,M,M,M,M,M,0.0
US1CAED0010,"PLACERVILLE 0.9 NE","EL DORADO",2036,38.74,-120.78,M,M,0.0,0.0,M,M,0.0,0.0,0.0,0.0,0.0,0.0,0.0,0.0,0.0,0.0,M,0.0,0.0,0.0,M,M,0.0,M,M,0.0,0.0,0.0,0.0,0.0,0.0
US1CAED0003,"PLACERVILLE 3.7 SW","EL DORADO",1754,38.70,-120.85,M,M,M,0.0,M,M,0.0,0.0,0.0,0.0,0.0,0.0,0.0,0.0,0.0,0.0,M,0.0,0.0,0.0,M,0.0,0.0,M,M,0.0,0.0,0.0,0.0,0.0,0.0
US1CAED0027,"PLACERVILLE 6.6 ESE","EL DORADO",2586,38.68,-120.69,M,0.3,0.0,0.0,M,M,0.0,0.0,0.0,0.0,0.0,0.0,0.0,0.0,0.0,0.0,M,M,0.0,0.0,M,M,0.0,M,M,0.0,0.0,0.0,0.0,0.0,0.0
US1CAAL0012,"PLEASANTON 0.4 ESE","ALAMEDA",344,37.67,-121.88,M,M,0.0,0.0,M,M,0.0,0.0,0.0,0.0,0.0,0.0,0.0,0.0,0.0,0.0,M,0.0,0.0,0.0,0.0,M,0.0,0.0,M,0.0,0.0,0.0,0.0,0.0,0.0
US1CAAL0004,"PLEASANTON 1.8 SSE","ALAMEDA",351,37.65,-121.87,M,M,0.0,0.0,M,M,0.0,0.0,0.0,M,0.0,0.0,0.0,0.0,0.0,0.0,M,0.0,0.0,0.0,0.0,M,0.0,0.0,M,0.0,0.0,0.0,0.0,0.0,0.0
US1CAED0011,"POLLOCK PINES 0.5 NW","EL DORADO",3894,38.76,-120.58,1.2,3.6,0.0,M,M,M,M,0.0,0.0,0.0,0.0,0.0,0.0,0.0,0.0,0.0,M,M,M,M,M,M,0.0,M,M,0.0,0.0,0.0,0.0,0.0,0.0
USC00047085,"PORTOLA","PLUMAS",4849,39.81,-120.47,0.0,T,0.0,M,2.5,M,M,0.0,0.0,0.0,0.0,0.0,0.0,0.0,0.0,0.0,0.0,0.0,0.0,0.0,M,0.0,0.0,0.0,0.0,0.0,0.0,0.0,0.0,0.0,0.0
US1CASM0009,"PORTOLA VALLEY 1.3 ENE","SAN MATEO",531,37.38,-122.20,M,M,0.0,0.0,M,M,M,M,M,M,M,M,M,0.0,M,0.0,M,M,M,M,0.0,M,0.0,M,M,M,M,M,M,M,M
US1CASD0022,"POWAY 1.4SW","SAN DIEGO",444,32.95,-117.06,M,M,M,0.0,0.0,M,M,0.0,0.0,0.0,0.0,0.0,0.0,0.0,0.0,0.0,0.0,0.0,0.0,0.0,0.0,0.0,0.0,0.0,M,M,0.0,0.0,0.0,0.0,0.0
US1CASD0012,"POWAY 3.2NE","SAN DIEGO",1206,33.00,-117.00,M,0.0,0.0,0.0,0.0,M,M,0.0,0.0,0.0,0.0,0.0,0.0,0.0,0.0,0.0,0.0,0.0,0.0,0.0,0.0,0.0,0.0,0.0,M,M,0.0,0.0,0.0,0.0,M
US1CASD0114,"POWAY 3.9 NNW","SAN DIEGO",648,33.04,-117.05,M,M,0.0,0.0,0.0,M,M,M,0.0,0.0,0.0,0.0,0.0,0.0,0.0,0.0,0.0,M,0.0,0.0,0.0,0.0,0.0,0.0,M,M,0.0,0.0,0.0,0.0,M
US1CASD0052,"POWAY 4.7NNW","SAN DIEGO",739,33.03,-117.05,M,0.0,0.0,0.0,0.0,M,M,0.0,0.0,0.0,0.0,0.0,0.0,0.0,0.0,0.0,0.0,0.0,0.0,0.0,0.0,0.0,0.0,0.0,M,M,0.0,0.0,0.0,0.0,M
USC00047195,"QUINCY","PLUMAS",3419,39.94,-120.95,M,M,M,M,0.5,0.5,M,M,M,M,0.0,M,M,M,M,M,M,M,M,M,M,M,M,M,M,M,M,M,M,M,0.0
US1CASD0072,"RAMONA 3ENE","SAN DIEGO",2034,33.05,-116.83,0.0,M,0.0,0.0,0.0,M,M,0.0,0.0,0.0,0.0,0.0,0.0,0.0,0.0,0.0,0.0,0.0,0.0,0.0,0.0,0.0,0.0,0.0,M,M,0.0,0.0,0.0,0.0,0.0
USW00053120,"RAMONA AIRPORT","SAN DIEGO",1393,33.04,-116.92,M,M,0.0,0.0,M,M,0.0,0.0,0.0,0.0,0.0,0.0,0.0,0.0,0.0,0.0,M,0.0,0.0,0.0,0.0,0.0,0.0,0.0,M,0.0,M,0.0,0.0,0.0,M
US1CASD0035,"RANCHO BERNARDO 0.5SE","SAN DIEGO",483,33.02,-117.07,M,M,0.0,0.0,0.0,M,M,0.0,0.0,0.0,0.0,M,0.0,0.0,0.0,0.0,0.0,0.0,0.0,0.0,0.0,0.0,M,0.0,M,M,0.0,0.0,0.0,0.0,M
US1CASR0034,"RANCHO CUCAMONGA 1.6 W","SAN BERNARDINO",1379,34.12,-117.60,0.0,0.0,M,0.0,M,M,M,0.0,0.0,0.0,0.0,0.0,0.0,0.0,0.0,0.0,0.0,0.0,0.0,0.0,0.0,0.0,0.0,0.0,M,M,0.0,0.0,0.0,0.0,0.0
US1CAMA0002,"RAYMOND 6.8 NE","MADERA",1801,37.27,-119.80,M,M,0.0,0.0,M,M,M,0.0,0.0,0.0,0.0,0.0,0.0,0.0,0.0,0.0,M,M,0.0,0.0,0.0,M,0.0,M,M,0.0,0.0,0.0,0.0,0.0,0.0
US1CATH0019,"RED BLUFF 2.8 N","TEHAMA",406,40.21,-122.24,M,0.0,0.0,0.0,M,M,0.0,0.0,0.0,M,0.0,0.0,0.0,0.0,M,M,M,M,M,M,M,0.0,M,M,M,M,0.0,0.0,0.0,0.0,0.0
US1CATH0014,"RED BLUFF 4.5 W","TEHAMA",501,40.17,-122.33,M,M,M,M,0.0,M,M,M,M,M,M,M,M,M,M,M,M,M,M,M,M,M,M,M,M,M,M,M,M,M,M
US1CATH0030,"RED BLUFF 4.9 SE","TEHAMA",265,40.12,-122.17,M,M,0.0,0.0,M,M,0.0,0.0,0.0,M,0.0,0.0,0.0,0.0,M,M,M,M,M,M,M,M,M,M,M,0.0,0.0,0.0,0.0,0.0,0.0
US1CATH0005,"RED BLUFF 6.0 W","TEHAMA",418,40.16,-122.35,M,M,0.0,0.0,M,M,0.0,0.0,0.0,M,0.0,0.0,0.0,0.0,M,M,M,0.0,M,M,M,M,M,M,M,0.0,0.0,0.0,0.0,0.0,0.0
USW00024216,"RED BLUFF MUNICIPAL AP","TEHAMA",353,40.15,-122.25,0.0,0.0,0.0,0.0,M,0.0,0.0,0.0,0.0,M,0.0,0.0,0.0,0.0,0.0,0.0,M,0.0,0.0,M,M,0.0,M,M,M,0.0,0.0,0.0,0.0,0.0,0.0
US1CASH0056,"REDDING 2.8 NW","SHASTA",661,40.60,-122.40,M,M,0.0,M,M,M,0.0,0.0,0.0,M,M,0.0,M,M,M,M,M,M,M,M,M,M,M,M,M,M,0.0,0.0,0.0,0.0,0.0
US1CASH0018,"REDDING 3.6 N","SHASTA",604,40.62,-122.35,M,0.0,0.0,0.0,M,0.0,0.0,0.0,0.0,M,0.0,0.0,0.0,0.0,M,M,M,M,M,M,M,0.0,M,M,M,0.0,0.0,0.0,0.0,0.0,0.0
US1CASH0011,"REDDING 3.7 N","SHASTA",618,40.63,-122.36,0.0,M,0.0,0.0,0.0,M,M,M,M,M,M,M,M,M,M,M,M,M,M,M,M,0.0,0.0,M,M,0.0,0.0,0.0,0.0,0.0,0.0
US1CASH0051,"REDDING 3.8 S","SHASTA",444,40.52,-122.37,M,M,0.0,0.0,M,M,M,M,M,M,M,M,M,M,M,M,M,M,M,M,M,M,M,M,M,M,M,M,M,M,M
US1CASH0010,"REDDING 7.9 NNE","SHASTA",681,40.67,-122.29,M,M,0.0,0.0,M,M,0.0,M,0.0,M,0.0,0.0,0.0,0.0,M,M,M,M,M,M,M,0.0,M,M,M,0.0,0.0,0.0,0.0,0.0,0.0
USW00024257,"REDDING MUNICIPAL AP","SHASTA",497,40.52,-122.30,0.0,0.0,0.0,0.0,M,0.0,0.0,0.0,0.0,M,0.0,0.0,0.0,0.0,0.0,0.0,M,M,0.0,M,M,0.0,M,M,M,0.0,0.0,0.0,0.0,0.0,0.0
US1CALA0078,"REDONDO BEACH 2.0 SSW","LOS ANGELES",82,33.83,-118.39,0.0,0.0,0.0,0.0,0.0,0.0,0.0,0.0,0.0,0.0,0.0,0.0,0.0,0.0,0.0,0.0,0.0,0.0,0.0,0.0,0.0,0.0,0.0,0.0,0.0,0.0,0.0,0.0,0.0,0.0,0.0
US1CASM0008,"REDWOOD CITY 2.5 SW","SAN MATEO",17,37.49,-122.24,M,M,0.0,0.0,M,M,0.0,0.0,0.0,0.0,0.0,0.0,0.0,0.0,0.0,0.0,M,M,M,M,M,M,M,M,M,M,M,M,M,M,M
US1CAMD0014,"REDWOOD VALLEY 1.5 ENE","MENDOCINO",912,39.27,-123.18,M,M,0.0,0.0,M,M,0.0,0.0,0.0,M,0.0,0.0,0.0,0.0,M,M,M,M,M,0.0,M,0.0,M,M,M,0.0,0.0,0.0,0.0,0.0,0.0
US1CASR0029,"RIALTO 2.1 N","SAN BERNARDINO",1482,34.14,-117.38,0.0,0.0,0.0,0.0,M,M,M,0.0,0.0,0.0,0.0,0.0,0.0,0.0,0.0,0.0,0.0,0.0,0.0,0.0,0.0,0.0,0.0,0.0,M,M,0.0,0.0,0.0,0.0,0.0
US1CARV0038,"RIVERSIDE 5.8 E","RIVERSIDE",1536,33.94,-117.30,M,M,M,0.0,0.0,M,M,M,M,M,0.0,0.0,0.0,0.0,M,M,M,M,0.0,0.0,0.0,M,M,M,M,M,0.0,0.0,M,M,M
USW00003171,"RIVERSIDE MUNICIPAL AP","RIVERSIDE",804,33.95,-117.44,0.0,0.0,0.0,0.0,M,M,M,0.0,0.0,0.0,0.0,0.0,0.0,0.0,0.0,0.0,0.0,0.0,0.0,0.0,0.0,0.0,0.0,M,M,0.0,M,0.0,0.0,0.0,0.0
US1CASN0071,"ROHNERT PARK 0.9 SW","SONOMA",96,38.34,-122.71,M,M,0.0,0.0,M,M,M,M,0.0,M,M,M,0.0,0.0,M,M,M,M,M,M,M,M,0.0,M,M,0.0,0.0,0.0,0.0,0.0,0.0
US1CAPC0007,"ROSEVILLE 4.7 WNW","PLACER",96,38.78,-121.38,M,0.0,0.0,0.0,M,0.0,0.0,0.0,0.0,0.0,0.0,0.0,0.0,0.0,M,0.0,M,0.0,M,M,M,M,M,M,M,0.0,0.0,0.0,0.0,0.0,0.0
US1CASA0012,"SACRAMENTO 2.0 SE","SACRAMENTO",34,38.55,-121.44,M,M,0.0,0.0,M,0.0,0.0,0.0,0.0,0.0,0.0,0.0,0.0,0.0,0.0,0.0,M,0.0,0.0,0.0,M,0.0,0.0,M,M,0.0,0.0,0.0,0.0,0.0,0.0
US1CASA0051,"SACRAMENTO 4.3 ENE","SACRAMENTO",52,38.59,-121.39,M,M,0.0,0.0,M,0.0,0.0,0.0,0.0,0.0,0.0,0.0,0.0,0.0,M,0.0,M,0.0,0.0,0.0,M,0.0,0.0,0.0,M,0.0,0.0,0.0,0.0,0.0,0.0
USW00023271,"SACRAMENTO 5ESE","SACRAMENTO",38,38.56,-121.42,0.0,0.0,0.0,M,M,0.0,0.0,M,0.0,M,0.0,M,M,0.0,0.0,0.0,M,M,M,M,M,0.0,M,M,M,M,0.0,0.0,0.0,M,M
US1CASA0058,"SACRAMENTO 6.5 NE","SACRAMENTO",80,38.63,-121.37,M,M,0.0,0.0,M,M,0.0,0.0,0.0,M,0.0,0.0,M,0.0,M,0.0,M,0.0,0.0,0.0,M,0.0,M,M,M,0.0,0.0,0.0,0.0,0.0,0.0
US1CASA0002,"SACRAMENTO 8.0 NE","SACRAMENTO",95,38.63,-121.36,M,M,0.0,0.0,M,0.0,0.0,0.0,0.0,0.0,0.0,0.0,0.0,0.0,M,0.0,M,0.0,0.0,0.0,M,M,0.0,M,M,0.0,0.0,0.0,0.0,0.0,0.0
USW00023232,"SACRAMENTO EXECUTIVE AP","SACRAMENTO",15,38.51,-121.50,0.0,0.0,0.0,0.0,M,0.0,0.0,0.0,0.0,0.0,0.0,0.0,0.0,0.0,0.0,0.0,M,0.0,0.0,M,M,0.0,M,M,M,0.0,0.0,0.0,0.0,0.0,0.0
US1CAMT0036,"SALINAS 2.7 WSW","MONTEREY",38,36.67,-121.68,M,M,0.0,0.0,M,M,0.0,0.0,0.0,0.0,0.0,0.0,0.0,0.0,0.0,0.0,M,0.0,0.0,0.0,0.0,0.0,0.0,0.0,M,0.0,0.0,0.0,0.0,0.0,0.0
US1CAMT0033,"SALINAS 3.2 NNW","MONTEREY",105,36.73,-121.66,M,M,0.0,M,M,M,0.0,0.0,0.0,0.0,0.0,0.0,0.0,0.0,0.0,0.0,M,0.0,0.0,0.0,0.0,0.0,0.0,0.0,M,0.0,0.0,0.0,0.0,0.0,0.0
USW00023233,"SALINAS AP","MONTEREY",74,36.66,-121.61,0.0,0.0,0.0,0.0,0.0,M,0.0,0.0,0.0,M,0.0,0.0,0.0,0.0,0.0,0.0,0.0,0.0,0.0,0.0,0.0,0.0,0.0,0.0,M,0.0,0.0,0.0,0.0,0.0,0.0
US1CAMR0005,"SAN ANSELMO 0.4 NE","MARIN",107,37.99,-122.56,M,M,M,M,M,M,M,M,M,M,0.0,M,M,M,M,M,M,M,M,0.0,M,M,M,M,M,0.0,M,0.0,M,M,0.0
US1CAMR0025,"SAN ANSELMO 2.0 NNW","MARIN",204,38.01,-122.58,M,0.0,0.0,0.0,M,M,0.0,0.0,0.0,M,0.0,0.0,0.0,0.0,M,M,M,0.0,0.0,0.0,M,M,0.0,M,M,M,0.0,0.0,0.0,0.0,0.0
US1CASD0173,"SAN DIEGO 1.9 W","SAN DIEGO",366,32.81,-117.17,M,0.0,0.0,0.0,0.0,M,M,0.0,0.0,0.0,0.0,0.0,0.0,0.0,0.0,0.0,0.0,M,0.0,0.0,0.0,0.0,0.0,0.0,M,M,0.0,0.0,0.0,0.0,0.0
US1CASD0080,"SAN DIEGO 13.9N","SAN DIEGO",406,32.92,-117.16,0.0,M,0.0,0.0,0.0,M,M,0.0,0.0,0.0,0.0,0.0,0.0,0.0,0.0,0.0,0.0,M,0.0,0.0,0.0,0.0,0.0,0.0,M,M,0.0,0.0,0.0,0.0,0.0
US1CASD0172,"SAN DIEGO 3.5 ENE","SAN DIEGO",715,32.83,-117.08,M,M,0.0,0.0,0.0,M,M,0.0,0.0,0.0,0.0,0.0,0.0,0.0,0.0,0.0,0.0,M,0.0,0.0,0.0,0.0,0.0,0.0,M,M,0.0,0.0,0.0,0.0,0.0
US1CASD0027,"SAN DIEGO 3.5NE","SAN DIEGO",344,32.75,-117.11,M,M,0.0,0.0,0.0,M,M,0.0,0.0,0.0,0.0,0.0,0.0,0.0,0.0,0.0,0.0,0.0,0.0,0.0,0.0,0.0,0.0,0.0,M,M,0.0,0.0,0.0,0.0,M
US1CASD0055,"SAN DIEGO 5.2WNW","SAN DIEGO",251,32.73,-117.24,M,0.0,0.0,0.0,0.0,M,M,0.0,0.0,0.0,0.0,0.0,0.0,0.0,0.0,M,0.0,0.0,M,M,M,0.0,M,0.0,M,M,0.0,M,0.0,0.0,0.0
US1CASD0115,"SAN DIEGO 7.8 SW","SAN DIEGO",24,32.75,-117.25,0.0,0.0,0.0,0.0,0.0,M,0.0,0.0,0.0,0.0,0.0,0.0,0.0,0.0,0.0,0.0,0.0,0.0,0.0,0.0,0.0,0.0,0.0,0.0,M,0.0,0.0,0.0,0.0,0.0,0.0
US1CASD0029,"SAN DIEGO 7.9NE","SAN DIEGO",242,32.81,-117.07,M,M,0.0,0.0,0.0,M,M,M,M,M,M,M,M,M,M,M,M,M,0.0,0.0,M,M,M,M,M,M,0.0,0.0,0.0,0.0,0.0
US1CASD0060,"SAN DIEGO 9.5 NNW","SAN DIEGO",284,32.84,-117.22,M,0.0,0.0,0.0,0.0,M,M,M,M,M,M,M,M,M,M,M,M,M,M,M,M,M,M,M,M,M,M,M,M,M,M
US1CASD0049,"SAN DIEGO 9NE","SAN DIEGO",292,32.82,-117.06,M,0.0,0.0,0.0,0.0,M,M,0.0,0.0,0.0,0.0,0.0,0.0,0.0,0.0,0.0,0.0,0.0,0.0,0.0,0.0,0.0,0.0,0.0,M,M,0.0,0.0,0.0,0.0,0.0
USW00003178,"SAN DIEGO BROWN FIELD","SAN DIEGO",515,32.57,-116.98,0.0,0.0,0.0,0.0,M,0.0,0.0,0.0,0.0,0.0,0.0,0.0,0.0,0.0,0.0,0.0,0.0,0.0,0.0,0.0,0.0,0.0,0.0,M,M,0.0,0.0,0.0,0.0,0.0,M
US1CASD0053,"SAN DIEGO COUNTRY ESTATES 1.5","SAN DIEGO",1474,33.02,-116.81,M,M,0.0,0.0,0.0,M,M,0.0,0.0,0.0,0.0,0.0,0.0,0.0,0.0,0.0,0.0,0.0,0.0,0.0,0.0,0.0,0.0,0.0,M,M,0.0,M,0.0,0.0,M
USW00023188,"SAN DIEGO INTERNATIONAL AP","SAN DIEGO",15,32.73,-117.18,0.0,0.0,0.0,0.0,0.0,0.0,0.0,0.0,0.0,0.0,0.0,0.0,0.0,0.0,0.0,0.0,M,0.0,0.0,0.0,0.0,0.0,0.0,0.0,0.0,0.0,0.0,0.0,0.0,0.0,M
USW00003131,"SAN DIEGO MONTGOMERY FIELD","SAN DIEGO",417,32.82,-117.14,0.0,0.0,0.0,0.0,M,0.0,0.0,0.0,0.0,0.0,0.0,0.0,0.0,0.0,0.0,0.0,0.0,0.0,0.0,0.0,0.0,0.0,0.0,0.0,M,0.0,0.0,0.0,0.0,0.0,M
US1CASF0004,"SAN FRANCISCO 1.1 SW","SAN FRANCISCO",194,37.76,-122.43,M,0.0,0.0,M,M,0.0,0.0,0.0,0.0,M,0.0,0.0,0.0,M,0.0,M,M,0.0,0.0,0.0,0.0,0.0,M,M,0.0,0.0,0.0,0.0,0.0,0.0,0.0
USW00023272,"SAN FRANCISCO DOWNTOWN","SAN FRANCISCO",150,37.77,-122.43,0.0,0.0,0.0,0.0,M,0.0,0.0,0.0,0.0,M,0.0,0.0,0.0,0.0,0.0,0.0,0.0,0.0,0.0,0.0,0.0,0.0,0.0,0.0,0.0,0.0,0.0,0.0,0.0,0.0,0.0
USW00023234,"SAN FRANCISCO INTERNATIONAL AP","SAN MATEO",8,37.62,-122.36,0.0,0.0,0.0,M,M,M,0.0,0.0,0.0,M,0.0,0.0,0.0,M,0.0,0.0,0.0,0.0,0.0,0.0,0.0,0.0,0.0,0.0,0.0,0.0,0.0,0.0,0.0,0.0,0.0
USW00023293,"SAN JOSE","SANTA CLARA",51,37.36,-121.92,0.0,0.0,0.0,M,M,M,0.0,0.0,0.0,0.0,0.0,M,0.0,M,0.0,0.0,0.0,0.0,0.0,0.0,0.0,0.0,0.0,0.0,M,0.0,0.0,0.0,0.0,0.0,M
US1CASC0052,"SAN JOSE 1.9 SW","SANTA CLARA",141,37.29,-121.88,M,M,M,0.0,M,0.0,M,M,0.0,M,M,M,0.0,0.0,0.0,M,M,M,0.0,M,M,0.0,0.0,M,M,0.0,0.0,0.0,0.0,0.0,0.0
US1CASC0012,"SAN JOSE 3.5 ENE","SANTA CLARA",200,37.32,-121.79,0.0,M,0.0,0.0,M,M,M,0.0,0.0,0.0,0.0,0.0,0.0,0.0,M,M,M,M,0.0,M,M,0.0,M,0.0,M,0.0,M,M,0.0,0.0,0.0
US1CASC0007,"SAN JOSE 4.6 NE","SANTA CLARA",318,37.35,-121.80,M,M,M,M,M,M,M,M,0.0,0.0,0.0,0.0,0.0,0.0,M,M,M,M,M,M,M,M,M,M,M,0.0,0.0,M,M,M,M
US1CASC0032,"SAN JOSE 6.2 W","SANTA CLARA",139,37.32,-121.96,M,M,M,0.0,M,M,0.0,0.0,0.0,0.0,0.0,M,0.0,0.0,0.0,0.0,M,M,0.0,M,0.0,0.0,0.0,0.0,M,0.0,0.0,0.0,0.0,0.0,0.0
US1CAST0002,"SAN JUAN BAUTISTA 0.5 S","SAN BENITO",252,36.84,-121.54,M,M,M,0.0,M,M,M,0.0,M,M,M,0.0,M,0.0,M,M,M,M,0.0,0.0,0.0,M,M,M,M,M,M,M,M,M,M
USW00093206,"SAN LUIS OBISPO MCCHESNEY FIELD","SAN LUIS OBISPO",200,35.24,-120.64,M,0.0,0.0,M,0.0,M,0.0,0.0,0.0,0.0,0.0,0.0,0.0,0.0,0.0,M,M,0.0,0.0,0.0,0.0,0.0,0.0,M,M,0.0,0.0,0.0,0.0,0.0,0.0
US1CASD0001,"SAN MARCOS 2.5 ENE","SAN DIEGO",666,33.15,-117.13,0.0,M,0.0,0.0,0.0,M,M,0.0,0.0,0.0,0.0,0.0,0.0,0.0,0.0,0.0,0.0,0.0,0.0,0.0,0.0,0.0,0.0,0.0,0.0,M,M,M,M,M,M
US1CASM0032,"SAN MATEO 0.8 NE","SAN MATEO",5,37.57,-122.30,M,M,0.0,0.0,M,0.0,0.0,0.0,0.0,M,0.0,0.0,0.0,0.0,0.0,0.0,M,0.0,0.0,0.0,0.0,0.0,0.0,0.0,M,0.0,0.0,M,M,M,M
US1CASM0017,"SAN MATEO 1.2 SW","SAN MATEO",114,37.55,-122.33,M,M,M,M,M,M,M,M,M,M,M,M,0.0,M,M,M,M,M,M,M,M,M,M,M,M,M,M,M,M,M,M
US1CAMR0032,"SAN RAFAEL 1.9 NNW","MARIN",15,38.00,-122.52,M,M,M,0.0,M,M,0.0,M,0.0,M,M,M,M,M,M,M,M,M,M,M,M,0.0,M,M,M,M,M,0.0,M,0.0,M
US1CAMR0029,"SAN RAFAEL 4.6 NNW","MARIN",195,38.04,-122.54,M,M,0.0,0.0,M,M,0.0,0.0,0.0,M,M,0.0,0.0,0.0,M,M,M,M,M,M,M,0.0,M,M,M,M,0.0,0.0,0.0,0.0,0.0
US1CAMR0024,"SAN RAFAEL 4.6 NW","MARIN",166,38.02,-122.57,M,M,M,0.0,M,M,0.0,0.0,0.0,M,0.0,0.0,0.0,0.0,M,M,M,0.0,M,M,M,0.0,0.0,M,M,0.0,0.0,0.0,0.0,M,0.0
US1CAFR0006,"SANGER 6.8 N","FRESNO",418,36.80,-119.55,0.0,M,0.0,M,M,M,0.0,M,M,0.0,M,M,0.0,0.0,M,M,M,M,0.0,M,M,M,M,M,M,0.0,0.0,0.0,M,M,M
US1CAOR0042,"SANTA ANA 2.0 N","ORANGE",110,33.77,-117.89,0.0,M,0.0,0.0,M,M,M,0.0,0.0,0.0,0.0,0.0,M,0.0,0.0,0.0,M,0.0,0.0,0.0,0.0,M,M,M,M,M,M,M,0.0,0.0,0.0
USW00093184,"SANTA ANA JOHN WAYNE AP","ORANGE",54,33.68,-117.87,0.0,0.0,0.0,0.0,0.0,0.0,0.0,0.0,0.0,0.0,0.0,0.0,0.0,0.0,0.0,0.0,0.0,0.0,0.0,0.0,0.0,0.0,0.0,0.0,0.0,0.0,0.0,0.0,0.0,0.0,0.0
US1CASB0017,"SANTA BARBARA 3.0 W","SANTA BARBARA",79,34.44,-119.77,M,M,M,M,M,M,M,M,M,M,M,M,M,M,M,M,M,M,M,M,M,M,M,M,M,0.0,M,M,M,M,M
US1CASB0011,"SANTA BARBARA 4.7 WNW","SANTA BARBARA",129,34.45,-119.80,0.0,0.0,0.0,0.0,M,M,M,0.0,0.0,0.0,0.0,0.0,0.0,0.0,0.0,0.0,M,M,0.0,0.0,0.0,0.0,0.0,0.0,M,0.0,0.0,0.0,0.0,0.0,0.0
USW00023190,"SANTA BARBARA MUNI AP","SANTA BARBARA",9,34.43,-119.84,M,0.0,0.0,M,0.0,0.0,0.0,0.0,0.0,0.0,0.0,0.0,0.0,0.0,0.0,0.0,0.0,0.0,0.0,0.0,0.0,0.0,0.0,M,M,0.0,0.0,0.0,0.0,0.0,0.0
US1CALA0060,"SANTA CLARITA 1.4 ESE","LOS ANGELES",1561,34.41,-118.49,M,M,M,M,M,M,M,M,M,M,M,M,M,M,M,M,M,M,0.0,M,M,M,M,M,M,M,M,M,M,M,M
USW00023273,"SANTA MARIA PUBLIC AP","SANTA BARBARA",242,34.90,-120.45,M,0.0,0.0,M,0.0,0.0,0.0,0.0,0.0,0.0,0.0,0.0,0.0,0.0,0.0,M,M,0.0,0.0,0.0,0.0,0.0,0.0,M,M,0.0,0.0,0.0,0.0,0.0,0.0
US1CASN0061,"SANTA ROSA 1.3 NW","SONOMA",173,38.46,-122.71,0.0,0.0,0.0,0.0,M,M,0.0,0.0,0.0,M,M,0.0,0.0,0.0,0.0,M,M,M,M,M,M,M,0.0,M,M,0.0,0.0,0.0,0.0,0.0,0.0
US1CASN0112,"SANTA ROSA 2.3 NW","SONOMA",137,38.47,-122.73,M,M,0.0,0.0,M,M,0.0,0.0,0.0,M,0.0,0.0,0.0,0.0,M,M,M,M,M,M,M,0.0,0.0,M,M,0.0,0.0,0.0,0.0,0.0,0.0
US1CASN0053,"SANTA ROSA 2.6 NE","SONOMA",273,38.47,-122.66,M,M,0.0,0.0,M,M,0.0,M,M,M,0.0,0.0,0.0,0.0,M,M,M,M,M,0.0,M,M,M,M,M,0.0,0.0,M,M,M,M
US1CASN0081,"SANTA ROSA 2.7 ENE","SONOMA",281,38.47,-122.66,M,M,M,M,M,M,M,M,M,M,M,M,M,M,M,M,M,M,M,0.0,M,M,M,M,M,M,M,M,M,M,M
US1CASN0042,"SANTA ROSA 2.9 ENE","SONOMA",292,38.47,-122.66,M,M,0.0,0.0,M,M,0.0,0.0,0.0,M,0.0,0.0,0.0,0.0,M,M,M,M,M,M,M,M,0.0,M,M,0.0,0.0,0.0,0.0,0.0,0.0
US1CASN0006,"SANTA ROSA 3.1 W","SONOMA",107,38.45,-122.76,M,M,0.0,0.0,M,M,0.0,0.0,0.0,M,0.0,0.0,0.0,0.0,M,M,M,M,M,0.0,M,0.0,M,M,M,0.0,M,0.0,0.0,0.0,0.0
US1CASN0126,"SANTA ROSA 5.3 E","SONOMA",424,38.44,-122.60,M,M,0.0,0.0,M,M,M,M,M,M,M,M,0.0,0.0,M,M,M,M,M,0.0,M,M,0.0,M,M,0.0,M,0.0,M,0.0,0.0
USW00023213,"SANTA ROSA SONOMA CO AP","SONOMA",114,38.50,-122.81,0.0,0.0,0.0,M,M,0.0,0.0,0.0,0.0,M,0.0,0.0,0.0,M,0.0,0.0,0.0,0.0,0.0,0.0,0.0,0.0,0.0,0.0,0.0,0.0,0.0,0.0,0.0,0.0,0.0
USC00048014,"SAUGUS POWER PLANT 1","LOS ANGELES",2088,34.59,-118.45,0.0,0.0,0.0,0.0,0.0,0.0,0.0,0.0,0.0,0.0,0.0,0.0,0.0,0.0,0.0,0.0,0.0,0.0,0.0,0.0,0.0,0.0,0.0,0.0,0.0,0.0,0.0,0.0,0.0,0.0,0.0
US1CASN0049,"SEBASTOPOL 1.1 SSE","SONOMA",168,38.38,-122.82,M,M,0.0,0.0,M,M,0.0,0.0,M,M,0.0,0.0,0.0,0.0,M,M,M,M,M,M,M,M,0.0,M,M,M,0.0,0.0,M,0.0,0.0
US1CASN0117,"SEBASTOPOL 1.4 WSW","SONOMA",178,38.39,-122.85,M,0.0,0.0,0.0,M,M,M,M,M,M,M,M,M,M,M,M,M,M,M,0.0,M,M,M,M,M,M,M,M,M,M,M
US1CASN0016,"SEBASTOPOL 4.5 WSW","SONOMA",423,38.38,-122.90,M,M,0.0,0.0,M,M,0.0,0.0,0.0,M,M,M,0.0,0.0,M,M,M,M,M,M,M,M,M,M,M,M,0.0,0.0,0.0,0.0,0.0
USC00048135,"SHASTA DAM","SHASTA",1075,40.71,-122.42,0.0,0.0,0.0,0.0,M,0.0,0.0,0.0,0.0,0.0,0.0,0.0,0.0,M,0.0,0.0,0.0,0.0,0.0,0.0,0.0,0.0,0.0,M,M,0.0,M,0.0,0.0,0.0,0.0
US1CASL0026,"SHELL BEACH 0.2 ENE","SAN LUIS OBISPO",74,35.16,-120.67,M,M,M,0.0,M,M,M,M,M,M,M,M,M,M,M,M,M,M,M,M,M,M,M,M,M,M,M,M,M,M,M
US1CALA0009,"SHERMAN OAKS 1.7 ENE","LOS ANGELES",638,34.15,-118.42,0.0,0.0,0.0,0.0,0.0,M,M,0.0,0.0,0.0,0.0,0.0,0.0,0.0,0.0,0.0,0.0,0.0,0.0,0.0,0.0,0.0,0.0,0.0,0.0,0.0,0.0,0.0,0.0,0.0,0.0
US1CASH0069,"SHINGLETOWN 2.5 E","SHASTA",3642,40.50,-121.84,M,T,0.0,0.0,M,M,0.0,0.0,0.0,M,0.0,0.0,0.0,0.0,M,M,M,M,M,0.0,M,0.0,M,M,M,0.0,M,M,M,0.0,0.0
US1CASH0006,"SHINGLETOWN 5.3 ENE","SHASTA",3963,40.52,-121.80,1.2,0.0,0.0,0.0,0.0,M,M,M,0.0,0.0,0.0,0.0,0.0,0.0,0.0,0.0,0.0,0.0,M,M,0.0,0.0,M,M,0.0,0.0,0.0,0.0,0.0,0.0,0.0
US1CASI0002,"SIERRAVILLE 1.2 SW","SIERRA",5111,39.58,-120.38,0.8,2.0,0.0,0.1,4.0,T,M,M,M,M,T,0.0,M,0.0,0.0,0.0,T,T,0.0,0.0,0.0,0.0,M,M,M,M,M,T,0.0,0.0,0.0
USC00048218,"SIERRAVILLE RS","SIERRA",4974,39.58,-120.37,0.0,0.0,0.0,T,0.0,4.0,0.0,0.0,0.0,0.0,0.0,0.0,0.0,0.0,0.0,0.0,0.0,0.0,0.0,0.0,0.0,0.0,0.0,0.0,0.0,0.0,M,M,M,M,M
US1CAOR0037,"SILVERADO 0.9 E","ORANGE",1439,33.75,-117.62,M,0.0,0.0,M,M,M,M,0.0,0.0,0.0,M,0.0,0.0,0.0,0.0,0.0,0.0,M,M,0.0,0.0,0.0,0.0,M,M,M,M,M,M,M,M
US1CAOR0006,"SILVERADO 1.0 ESE","ORANGE",1394,33.75,-117.62,M,M,M,0.0,M,M,M,M,M,M,0.0,0.0,0.0,M,M,M,M,M,0.0,0.0,0.0,M,M,M,M,M,0.0,0.0,M,M,M
US1CAPC0001,"SODA SPRINGS 1.5 SSW","PLACER",6885,39.30,-120.38,11.0,7.0,0.0,1.0,3.0,T,0.0,0.0,0.0,T,0.0,0.0,0.0,0.0,0.0,0.0,7.0,0.0,0.0,0.0,4.0,0.0,1.0,4.0,7.0,0.0,0.0,0.0,0.0,0.0,T
US1CASN0115,"SONOMA 0.4 SSE","SONOMA",79,38.29,-122.46,M,M,0.0,0.0,M,M,M,M,M,M,0.0,M,M,M,M,M,M,M,M,M,M,M,0.0,M,M,0.0,0.0,0.0,M,M,M
USC00048353,"SONORA","TUOLUMNE",1674,37.97,-120.39,0.0,M,M,0.0,0.0,0.0,0.0,0.0,M,M,0.0,0.0,0.0,0.0,M,M,M,0.0,0.0,M,M,0.0,M,M,M,M,0.0,0.0,0.0,M,0.0
US1CASZ0028,"SOQUEL 0.8 NE","SANTA CRUZ",414,37.00,-121.94,0.0,0.0,0.0,0.0,0.0,0.0,0.0,0.0,0.0,0.0,0.0,0.0,0.0,0.0,M,M,M,0.0,0.0,0.0,0.0,0.0,0.0,M,M,0.0,0.0,M,0.0,0.0,0.0
US1CAED0020,"SOUTH LAKE TAHOE 4.9 SW","EL DORADO",6324,38.88,-120.03,0.5,4.5,0.0,T,3.0,0.5,0.0,0.0,0.0,0.0,0.0,0.0,0.0,0.0,0.0,0.0,T,M,0.0,0.0,M,M,0.0,M,0.5,T,0.0,T,0.0,0.0,0.0
USW00093230,"SOUTH LAKE TAHOE AP","EL DORADO",6312,38.90,-119.99,M,0.0,0.0,M,M,0.0,M,0.0,0.0,0.0,0.0,0.0,0.0,0.0,0.0,0.0,M,0.0,0.0,M,M,0.0,M,M,M,0.0,M,0.0,0.0,0.0,M
US1CATL0017,"SPRINGVILLE 1.4 SSW","TULARE",937,36.11,-118.82,M,M,0.0,0.0,M,M,0.0,0.0,0.0,0.0,0.0,0.0,0.0,0.0,0.0,0.0,M,0.0,0.0,0.0,0.0,0.0,0.0,0.0,M,0.0,0.0,0.0,0.0,0.0,0.0
US1CASJ0011,"STOCKTON 2.5 NE","SAN JOAQUIN",1,38.00,-121.37,M,M,0.0,M,M,M,M,0.0,M,0.0,M,0.0,M,M,M,0.0,M,0.0,0.0,0.0,M,M,0.0,0.0,M,M,0.0,0.0,0.0,0.0,0.0
USW00023237,"STOCKTON METROPOLITAN AP","SAN JOAQUIN",26,37.89,-121.23,0.0,0.0,0.0,M,M,0.0,0.0,0.0,0.0,M,0.0,0.0,0.0,0.0,0.0,0.0,M,0.0,0.0,M,M,0.0,0.0,M,M,0.0,0.0,0.0,0.0,0.0,0.0
USC00048587,"STONY GORGE RESERVOIR","GLENN",800,39.59,-122.53,M,M,M,M,M,M,M,M,M,M,M,M,M,M,M,M,M,M,M,M,M,M,M,M,M,M,M,M,M,M,0.0
US1CARV0036,"SUNNYSLOPE 1.6 W","RIVERSIDE",946,34.02,-117.45,0.0,0.0,0.0,0.0,M,0.0,M,0.0,0.0,0.0,0.0,0.0,0.0,0.0,0.0,0.0,0.0,0.0,0.0,0.0,0.0,0.0,0.0,0.0,M,0.0,0.0,0.0,0.0,0.0,0.0
US1CASC0003,"SUNNYVALE 1.9 SE","SANTA CLARA",85,37.36,-122.00,M,M,0.0,0.0,M,M,0.0,0.0,0.0,0.0,0.0,0.0,0.0,0.0,M,0.0,M,0.0,0.0,0.0,0.0,M,0.0,0.0,M,0.0,0.0,0.0,0.0,0.0,0.0
US1CASC0042,"SUNNYVALE 3.6 S","SANTA CLARA",170,37.33,-122.02,M,M,0.0,0.0,M,M,0.0,0.0,0.0,0.0,M,0.0,0.0,0.0,M,M,M,M,0.0,0.0,0.0,0.0,0.0,0.0,M,0.0,0.0,0.0,0.0,0.0,0.0
US1CALS0004,"SUSANVILLE 0.6 WSW","LASSEN",4219,40.41,-120.66,M,M,0.0,1.0,2.0,M,M,0.0,M,0.0,M,M,0.0,0.0,M,M,M,M,0.0,M,M,M,M,M,M,M,M,M,M,M,M
USC00048702,"SUSANVILLE 2SW","LASSEN",4211,40.42,-120.66,0.5,0.0,0.0,M,1.0,T,0.0,0.0,T,0.0,0.0,0.0,0.0,0.0,0.0,0.0,0.0,0.0,0.0,0.0,0.0,0.0,0.0,0.0,0.0,0.0,0.0,0.0,0.0,0.0,0.0
US1CALS0001,"SUSANVILLE 3.2 SSW","LASSEN",4352,40.37,-120.67,1.0,0.5,T,0.9,3.5,0.5,T,0.1,T,T,0.1,0.0,0.0,0.0,0.0,0.0,0.0,0.0,0.0,0.0,0.0,0.0,T,T,T,T,0.0,0.0,0.0,0.0,0.0
USC00048713,"SUTTER HILL CDF","AMADOR",1586,38.38,-120.80,M,M,0.0,M,M,M,0.0,0.0,0.0,0.0,0.0,0.0,0.0,M,M,M,0.0,0.0,0.0,0.0,0.0,0.0,0.0,0.0,M,M,0.0,0.0,M,0.0,M
USC00048758,"TAHOE CITY","PLACER",6228,39.17,-120.14,3.5,5.0,0.0,T,2.0,0.0,0.0,0.0,0.0,0.0,0.0,0.0,0.0,0.0,0.0,0.0,T,0.0,0.0,0.0,0.0,0.0,T,0.0,1.0,0.0,T,0.0,0.0,0.0,0.0
USC00048760,"TAHOMA","EL DORADO",6313,39.06,-120.13,4.2,4.0,T,0.0,4.0,1.7,0.0,0.0,0.0,0.0,0.0,0.0,0.0,0.0,0.0,0.0,1.5,T,0.0,0.0,0.0,0.0,0.0,T,1.2,0.0,0.0,T,0.0,0.0,0.0
US1CAKN0003,"TEHACHAPI 2.2 W","KERN",3944,35.13,-118.48,M,M,M,M,M,M,2.0,M,M,M,M,M,M,M,M,M,M,M,M,M,M,M,M,M,M,M,M,M,M,M,M
US1CAKN0031,"TEHACHAPI 3.4 WNW","KERN",3886,35.15,-118.50,M,M,0.0,0.0,0.0,M,M,0.0,M,0.0,M,M,0.0,0.0,0.0,0.0,M,M,0.0,0.0,0.0,M,0.0,M,M,M,M,0.0,0.0,0.0,0.0
USC00048829,"TEHACHAPI 4 SE","KERN",4219,35.10,-118.42,M,M,M,M,M,M,1.5,M,M,M,M,M,M,M,M,M,M,M,M,M,M,M,M,M,M,M,M,M,M,M,M
US1CAVT0001,"THOUSAND OAKS 2.1 WSW","VENTURA",692,34.18,-118.90,0.0,0.0,0.0,0.0,M,M,M,0.0,0.0,0.0,0.0,0.0,0.0,0.0,0.0,0.0,M,M,0.0,0.0,0.0,0.0,0.0,0.0,0.0,0.0,0.0,0.0,0.0,0.0,0.0
US1CAVT0018,"THOUSAND OAKS 2.3 NE","VENTURA",1093,34.21,-118.84,M,M,M,M,M,M,M,M,M,0.0,0.0,M,0.0,M,M,M,M,M,0.0,M,M,M,0.0,0.0,0.0,M,0.0,M,M,M,0.0
US1CATL0011,"THREE RIVERS 1.7 NE","TULARE",1010,36.46,-118.89,M,M,0.0,0.0,0.0,M,M,0.0,0.0,0.0,0.0,0.0,0.0,0.0,0.0,0.0,M,M,0.0,0.0,0.0,0.0,0.0,0.0,M,0.0,0.0,0.0,0.0,0.0,0.0
US1CALA0044,"TORRANCE 0.7 E","LOS ANGELES",92,33.83,-118.33,0.0,0.0,0.0,0.0,0.0,M,M,0.0,0.0,0.0,0.0,0.0,0.0,0.0,0.0,0.0,M,0.0,0.0,0.0,0.0,0.0,0.0,0.0,0.0,0.0,0.0,0.0,0.0,0.0,0.0
US1CALA0003,"TORRANCE 2.8 SW","LOS ANGELES",200,33.79,-118.34,0.0,0.0,0.0,0.0,M,M,M,0.0,0.0,0.0,0.0,0.0,0.0,0.0,0.0,0.0,M,M,0.0,0.0,0.0,0.0,0.0,0.0,M,0.0,0.0,0.0,0.0,0.0,0.0
US1CASJ0014,"TRACY 1.1 SSW","SAN JOAQUIN",78,37.72,-121.44,M,M,M,M,M,M,M,0.0,M,M,M,M,M,M,M,M,M,M,M,M,M,M,M,M,M,M,M,M,M,M,M
US1CAHM0060,"TRINIDAD 0.2 NE","HUMBOLDT",180,41.06,-124.14,0.0,0.0,0.0,0.0,0.0,0.0,0.0,0.0,0.0,0.0,0.0,0.0,0.0,0.0,0.0,0.0,0.0,0.0,0.0,0.0,0.0,0.0,0.0,0.0,0.0,0.0,0.0,0.0,0.0,0.0,0.0
US1CAHM0046,"TRINIDAD 1.0 ENE","HUMBOLDT",287,41.06,-124.12,M,M,0.0,M,0.0,0.0,0.0,M,M,M,M,M,0.0,0.0,M,M,M,M,M,M,M,M,M,M,M,0.0,M,0.0,0.0,M,M
US1CAHM0006,"TRINIDAD 1.5 NNW","HUMBOLDT",201,41.08,-124.15,M,M,M,M,M,0.0,M,M,0.0,M,M,M,M,M,M,M,M,M,M,0.0,M,M,M,M,M,M,M,M,M,M,0.0
US1CATY0011,"TRINITY CENTER 0.6 ESE","TRINITY",2426,40.98,-122.70,M,M,0.0,0.0,M,0.0,0.0,M,0.0,M,M,0.0,0.0,0.0,M,M,M,M,M,M,M,M,M,M,M,0.0,0.0,0.0,0.0,0.0,0.0
USC00049035,"TRONA","SAN BERNARDINO",1694,35.76,-117.39,0.0,0.0,0.0,0.0,0.0,0.0,0.0,0.0,0.0,0.0,0.0,0.0,0.0,0.0,0.0,0.0,0.0,0.0,0.0,0.0,0.0,0.0,0.0,0.0,0.0,0.0,0.0,0.0,0.0,0.0,0.0
US1CANV0047,"TRUCKEE 5.9 ENE","NEVADA",5947,39.36,-120.10,1.0,1.0,0.0,T,3.2,0.0,M,M,0.0,0.0,0.0,0.0,0.0,0.0,0.0,0.0,T,0.0,0.0,0.0,0.0,0.0,T,0.0,0.5,0.0,0.0,0.0,0.0,0.0,0.0
USC00049040,"TRUCKEE-TAHOE AP","NEVADA",5898,39.32,-120.14,M,3.0,0.0,0.0,3.5,0.0,0.0,0.0,0.0,0.0,0.0,0.0,0.0,0.0,0.0,0.0,0.0,0.0,0.0,0.0,0.0,0.0,0.0,0.0,0.5,M,0.0,0.0,0.0,0.0,0.0
USC00049053,"TULELAKE","SISKIYOU",4034,41.96,-121.47,1.5,0.2,M,M,M,M,M,M,M,M,M,M,M,M,M,M,M,M,M,M,0.0,0.0,0.0,0.0,0.2,0.0,0.0,0.0,0.0,0.0,0.0
US1CATM0005,"TUOLUMNE CITY 2.0 N","TUOLUMNE",2914,37.99,-120.24,0.0,0.0,0.0,0.0,0.0,0.0,M,0.0,M,0.0,0.0,0.0,M,0.0,M,M,M,M,0.0,0.0,M,M,M,M,M,M,M,M,M,M,M
USC00049152,"U C L A","LOS ANGELES",430,34.07,-118.44,0.0,0.0,0.0,0.0,0.0,0.0,0.0,0.0,0.0,0.0,0.0,0.0,0.0,0.0,0.0,0.0,0.0,0.0,0.0,0.0,0.0,0.0,0.0,0.0,0.0,0.0,0.0,0.0,0.0,0.0,0.0
US1CAMD0009,"UKIAH 0.6 ESE","MENDOCINO",601,39.14,-123.20,M,M,0.0,0.0,M,M,0.0,0.0,0.0,M,0.0,M,0.0,0.0,M,M,M,M,M,0.0,M,0.0,M,M,M,0.0,0.0,0.0,0.0,0.0,0.0
US1CAMD0007,"UKIAH 1.2 NW","MENDOCINO",746,39.16,-123.22,M,M,M,M,M,M,M,M,M,M,M,M,M,M,M,M,M,M,M,M,M,M,M,M,M,0.0,M,M,M,M,M
US1CAMD0001,"UKIAH 8.4 NW","MENDOCINO",2491,39.22,-123.33,M,M,0.0,0.0,M,M,0.0,0.0,0.0,M,0.0,0.0,0.0,0.0,M,M,M,M,M,M,M,0.0,M,M,M,0.0,0.0,0.0,0.0,0.0,0.0
USW00023275,"UKIAH MUNICIPAL AP","MENDOCINO",601,39.13,-123.20,M,0.0,0.0,M,M,0.0,0.0,0.0,0.0,0.0,0.0,0.0,0.0,M,M,M,M,M,0.0,M,M,M,M,M,M,0.0,0.0,0.0,0.0,0.0,0.0
US1CASR0053,"UPLAND 1.8 NNE","SAN BERNARDINO",1778,34.14,-117.65,0.0,0.0,0.0,0.0,M,M,M,0.0,0.0,0.0,0.0,0.0,0.0,0.0,0.0,0.0,0.0,0.0,0.0,0.0,0.0,0.0,0.0,0.0,M,0.0,0.0,0.0,0.0,0.0,0.0
USW00093241,"VACAVILLE NUT TREE AP","SOLANO",109,38.38,-121.96,0.0,0.0,0.0,M,M,0.0,0.0,0.0,0.0,M,0.0,0.0,0.0,0.0,0.0,0.0,0.0,0.0,0.0,M,M,0.0,M,M,M,M,0.0,0.0,0.0,0.0,0.0
US1CASD0101,"VALLEY CENTER 6.4N","SAN DIEGO",1357,33.31,-117.04,0.0,0.0,0.0,0.0,0.0,M,M,0.0,0.0,0.0,0.0,0.0,0.0,0.0,0.0,0.0,0.0,M,0.0,0.0,0.0,0.0,0.0,0.0,0.0,M,0.0,0.0,0.0,0.0,0.0
USW00023130,"VAN NUYS AP","LOS ANGELES",770,34.21,-118.49,0.0,0.0,0.0,0.0,M,M,0.0,0.0,0.0,0.0,0.0,0.0,0.0,0.0,0.0,0.0,0.0,0.0,0.0,0.0,0.0,0.0,0.0,M,0.0,0.0,0.0,0.0,0.0,0.0,0.0
USC00049298,"VERDI 2W","SIERRA",5428,39.52,-120.03,2.0,3.0,0.0,T,6.0,T,0.0,0.0,0.0,T,T,0.0,0.0,0.0,0.0,0.0,T,0.0,0.0,0.0,0.0,T,0.0,0.0,T,0.0,0.0,0.0,0.0,0.0,T
USC00049325,"VICTORVILLE","SAN BERNARDINO",2879,34.53,-117.29,0.0,0.0,0.0,0.0,0.0,0.0,0.0,0.0,0.0,0.0,0.0,0.0,0.0,0.0,0.0,0.0,0.0,0.0,0.0,0.0,0.0,0.0,0.0,0.0,0.0,0.0,0.0,0.0,0.0,0.0,0.0
USC00049351,"VINTON","PLUMAS",4949,39.81,-120.19,0.0,0.0,0.0,0.0,2.0,0.0,0.0,T,0.0,0.0,0.0,0.0,0.0,0.0,0.0,0.0,0.0,0.0,0.0,0.0,0.0,0.0,0.0,T,1.0,0.0,0.0,0.0,0.0,0.0,0.0
USC00049367,"VISALIA","TULARE",303,36.33,-119.30,M,M,M,0.0,0.0,M,M,M,M,0.0,0.0,M,M,0.0,0.0,0.0,0.0,M,M,0.0,0.0,0.0,0.0,M,M,M,0.0,0.0,0.0,M,M
US1CATL0005,"VISALIA 0.7 SSE","TULARE",318,36.32,-119.32,M,M,0.0,0.0,M,M,M,0.0,0.0,0.0,0.0,0.0,0.0,0.0,M,M,M,M,0.0,0.0,M,M,M,0.0,M,0.0,0.0,M,M,M,0.0
US1CASD0039,"VISTA 1.5NNW","SAN DIEGO",417,33.22,-117.25,M,M,0.0,0.0,0.0,M,M,0.0,0.0,0.0,M,0.0,0.0,0.0,0.0,0.0,0.0,M,0.0,0.0,0.0,0.0,0.0,0.0,0.0,M,0.0,0.0,0.0,0.0,0.0
US1CAAM0009,"VOLCANO 3.2 N","AMADOR",2425,38.49,-120.63,M,M,M,0.0,M,M,M,M,M,0.0,0.0,0.0,0.0,0.0,0.0,0.0,M,M,M,M,M,M,M,M,M,M,M,M,M,M,M
US1CAAM0002,"VOLCANO 5.4 NE","AMADOR",3487,38.50,-120.56,2.0,1.0,0.0,0.0,M,M,M,M,M,0.0,M,M,M,M,M,M,0.0,M,M,M,M,M,M,M,M,M,M,M,M,M,M
US1CAKN0026,"WALKER BASIN 0.9 E","KERN",3434,35.41,-118.51,M,M,0.0,0.0,0.0,M,M,0.0,0.0,0.0,0.0,0.0,0.0,0.0,0.0,0.0,M,0.0,0.0,0.0,0.0,0.0,0.0,0.0,M,M,0.0,0.0,0.0,0.0,0.0
US1CACC0018,"WALNUT CREEK 1.4 SSE","CONTRA COSTA",277,37.88,-122.03,M,M,0.0,0.0,M,M,0.0,0.0,0.0,0.0,0.0,0.0,0.0,0.0,M,0.0,M,M,0.0,0.0,M,M,0.0,0.0,M,0.0,0.0,0.0,0.0,0.0,0.0
US1CACC0004,"WALNUT CREEK 1.7 SSE","CONTRA COSTA",243,37.88,-122.03,M,M,0.0,0.0,M,M,0.0,0.0,0.0,0.0,0.0,0.0,0.0,0.0,M,0.0,M,M,0.0,0.0,M,M,M,M,M,M,M,M,M,M,M
US1CACC0031,"WALNUT CREEK 2.3 WSW","CONTRA COSTA",252,37.89,-122.08,M,M,0.0,0.0,M,M,0.0,0.0,M,0.0,M,0.0,0.0,0.0,M,M,M,M,0.0,M,M,M,M,0.0,M,M,M,0.0,0.0,0.0,M
USC00049452,"WASCO","KERN",291,35.59,-119.35,M,0.0,M,M,M,0.0,0.0,M,M,0.0,0.0,0.0,0.0,0.0,0.0,M,M,M,M,0.0,0.0,M,M,0.0,0.0,M,M,0.0,0.0,0.0,0.0
US1CASZ0051,"WATSONVILLE 3.9 NW","SANTA CRUZ",329,36.96,-121.82,0.0,M,0.0,M,0.0,M,0.0,0.0,0.0,0.0,0.0,0.0,0.0,0.0,0.0,0.0,M,0.0,0.0,0.0,0.0,0.0,0.0,0.0,M,0.0,0.0,0.0,0.0,0.0,M
USW00023277,"WATSONVILLE MUNICIPAL AP","SANTA CRUZ",160,36.94,-121.79,0.0,0.0,0.0,M,0.0,0.0,0.0,0.0,0.0,0.0,0.0,0.0,0.0,M,0.0,0.0,0.0,0.0,0.0,0.0,0.0,0.0,0.0,0.0,M,0.0,0.0,0.0,0.0,0.0,0.0
USC00049490,"WEAVERVILLE","TRINITY",2058,40.74,-122.94,0.0,0.0,0.0,0.0,0.0,0.0,0.0,0.0,0.0,0.0,0.0,0.0,0.0,0.0,M,M,0.0,0.0,0.0,0.0,0.0,0.0,0.0,0.0,0.0,0.0,0.0,0.0,0.0,0.0,0.0
US1CASK0003,"WEED 5.4 N","SISKIYOU",3063,41.49,-122.37,0.0,0.3,0.0,T,0.0,M,M,M,0.0,0.0,0.0,T,0.0,M,M,0.0,0.0,0.0,0.0,0.0,M,0.0,T,0.0,0.0,0.0,T,0.0,0.0,0.0,0.0
US1CAMN0004,"WEST BISHOP 14.4 NW","MONO",6393,37.51,-118.64,0.0,0.1,0.0,0.0,0.1,0.5,T,0.0,0.0,0.0,0.0,0.0,0.0,0.0,0.0,0.0,0.0,0.0,0.0,0.0,M,M,M,M,M,M,M,M,0.0,0.0,0.1
US1CAMD0019,"WESTPORT 1.6 NNE","MENDOCINO",722,39.66,-123.77,M,M,M,M,M,M,M,M,M,M,0.0,M,0.0,0.0,M,M,M,M,M,M,M,M,M,M,M,M,M,0.0,M,M,M
USC00049621,"WHISKEYTOWN RESERVOIR","SHASTA",1295,40.61,-122.53,0.0,0.0,0.0,M,0.0,0.0,0.0,M,0.0,0.0,0.0,0.0,0.0,0.0,0.0,0.0,0.0,M,0.0,0.0,M,M,M,M,M,M,M,M,M,M,M
US1CAHM0066,"WHITETHORN 1.7 NNW","HUMBOLDT",967,40.04,-123.96,M,M,M,M,M,M,M,M,M,M,M,M,M,M,M,M,M,M,M,M,M,0.0,0.0,M,M,M,M,0.0,0.0,M,M
US1CASH0067,"WHITMORE 4.1 NNE","SHASTA",2692,40.68,-121.87,M,M,0.0,M,M,M,M,M,M,M,M,M,M,M,M,M,M,M,M,0.0,0.0,M,M,0.0,M,M,M,M,M,M,M
US1CALA0010,"WHITTIER 2.9 WNW","LOS ANGELES",171,33.99,-118.07,0.0,0.0,0.0,M,0.0,0.0,M,0.0,0.0,0.0,0.0,0.0,0.0,0.0,0.0,0.0,0.0,0.0,0.0,0.0,0.0,M,0.0,0.0,0.0,0.0,0.0,0.0,0.0,0.0,0.0
US1CAHM0022,"WILLOW CREEK 4.5 NNE","HUMBOLDT",655,40.94,-123.62,M,M,M,M,M,0.0,0.0,M,M,M,M,M,M,0.0,M,M,M,M,M,M,M,M,M,M,M,M,0.0,0.0,0.0,M,0.0
US1CAHM0048,"WILLOW CREEK 4.9 NNE","HUMBOLDT",501,40.95,-123.63,M,M,0.0,M,0.0,0.0,0.0,M,0.0,M,0.0,M,0.0,0.0,M,M,M,0.0,M,0.0,M,0.0,M,M,M,0.0,0.0,0.0,0.0,M,0.0
USC00049699,"WILLOWS 6 W","GLENN",234,39.52,-122.30,0.0,0.0,0.0,0.0,0.0,0.0,0.0,0.0,0.0,0.0,0.0,M,M,M,0.0,0.0,0.0,0.0,0.0,M,M,M,M,0.0,0.0,0.0,0.0,M,M,0.0,0.0
US1CASN0063,"WINDSOR 0.6 NNE","SONOMA",157,38.55,-122.79,M,M,0.0,0.0,M,M,0.0,0.0,0.0,M,0.0,0.0,0.0,0.0,M,M,M,M,M,M,M,M,0.0,M,M,0.0,0.0,0.0,0.0,0.0,0.0
US1CAMR0002,"WOODACRE 0.6 SW","MARIN",439,38.01,-122.64,M,M,0.0,M,M,M,M,M,M,M,M,M,M,M,M,M,M,M,M,M,M,M,M,M,M,M,M,M,M,M,M
US1CASM0022,"WOODSIDE 3.4 S","SAN MATEO",1591,37.38,-122.26,M,0.0,0.0,M,M,M,0.0,0.0,0.0,0.0,0.0,0.0,0.0,0.0,0.0,M,0.0,0.0,0.0,0.0,M,0.0,0.0,M,M,M,M,M,M,M,M
US1CASR0069,"WRIGHTWOOD 4.8 NE","SAN BERNARDINO",4255,34.42,-117.58,M,M,M,M,M,M,M,M,M,M,M,0.0,M,M,M,M,M,M,M,M,M,M,M,M,M,M,M,M,M,M,M
US1CAMA0003,"YOSEMITE LAKES 4.7 S","MADERA",1598,37.12,-119.76,M,M,0.0,0.0,M,M,M,0.0,M,M,0.0,0.0,0.0,0.0,0.0,0.0,M,M,0.0,0.0,0.0,M,0.0,0.0,M,M,0.0,0.0,0.0,0.0,0.0
USC00049866,"YREKA","SISKIYOU",2624,41.70,-122.64,0.4,0.0,0.0,T,0.0,0.0,0.0,0.0,0.0,0.0,0.0,0.0,0.0,0.0,0.0,0.0,0.0,0.0,0.0,0.0,0.0,0.0,0.0,0.0,0.0,0.0,0.0,0.0,0.0,0.0,0.0
US1CASK0005,"YREKA 0.9 WNW","SISKIYOU",2691,41.73,-122.65,0.4,M,0.0,M,M,M,M,T,0.0,M,0.0,M,M,0.0,M,M,M,M,M,M,M,M,M,M,M,0.0,M,0.0,0.0,M,0.0
USC00049884,"YUCCA MESA","SAN BERNARDINO",3444,34.22,-116.41,0.0,0.0,M,M,M,0.0,0.0,0.0,M,M,0.0,0.0,0.0,0.0,0.0,0.0,M,0.0,0.0,0.0,M,M,M,M,0.0,0.0,0.0,0.0,0.0,0.0,M
USC00049888,"YUCCA VALLEY","SAN BERNARDINO",3248,34.13,-116.39,0.0,0.0,0.0,0.0,0.0,0.0,0.0,0.0,0.0,0.0,0.0,0.0,0.0,0.0,0.0,0.0,0.0,0.0,0.0,0.0,0.0,0.0,0.0,0.0,0.0,0.0,0.0,0.0,0.0,0.0,0.0
