Missouri Snowfall, January 2018
"GHCN ID","Station Name",County,Elevation,Latitude,Longitude,"Jan 1","Jan 2","Jan 3","Jan 4","Jan 5","Jan 6","Jan 7","Jan 8","Jan 9","Jan 10","Jan 11","Jan 12","Jan 13","Jan 14","Jan 15","Jan 16","Jan 17","Jan 18","Jan 19","Jan 20","Jan 21","Jan 22","Jan 23","Jan 24","Jan 25","Jan 26","Jan 27","Jan 28","Jan 29","Jan 30","Jan 31"
USC00230051,"ALBANY","GENTRY",875,40.25,-94.33,M,M,M,0.0,0.0,0.0,M,M,0.0,0.0,0.0,0.6,0.0,0.0,1.0,0.0,0.0,0.0,0.0,0.0,0.0,0.0,0.2,0.1,0.0,M,0.0,0.0,0.0,0.0,0.0
US1MOFSA075,"ALBANY 0.7 NE","GENTRY",938,40.26,-94.33,M,M,0.0,0.0,0.0,M,M,M,0.0,0.0,M,M,M,M,M,M,0.0,0.0,0.0,M,M,M,M,M,M,0.0,M,M,M,0.0,0.0
US1MOPL0021,"ALDRICH 5.0 ESE","POLK",0,37.52,-93.47,0.0,0.0,0.0,0.0,0.0,0.0,0.0,M,0.0,M,0.0,0.1,0.0,0.6,1.5,0.8,0.0,0.0,0.0,0.0,0.0,M,T,0.0,0.0,0.0,M,0.0,0.0,0.0,0.0
USC00230127,"ALTON","OREGON",813,36.69,-91.40,0.0,0.0,0.0,0.0,0.0,0.0,0.0,0.0,0.0,0.0,0.0,0.0,0.0,T,T,1.3,0.0,0.0,0.0,0.0,0.0,0.0,0.0,0.0,0.0,0.0,0.0,0.0,0.0,0.0,0.0
US1MOFSA149,"ALTON 1.7 NNW","OREGON",879,36.72,-91.41,0.0,0.0,0.0,0.0,0.0,M,M,M,M,M,M,M,M,M,M,M,M,M,M,M,M,M,M,M,M,M,M,M,0.0,M,M
USC00230143,"AMITY 4 NE","DEKALB",974,39.89,-94.36,0.0,0.0,0.0,0.0,0.0,0.0,0.0,0.0,0.0,0.0,0.0,T,0.0,1.0,1.0,0.0,0.0,0.0,0.0,0.0,0.0,0.0,1.0,0.0,0.0,0.0,0.0,0.0,0.0,0.0,0.0
US1MOFSA119,"ANDERSON 3.2 NNW","MCDONALD",1097,36.70,-94.47,0.0,0.0,0.0,0.0,0.0,0.0,0.0,M,0.0,0.0,0.0,0.0,0.0,0.0,0.0,4.0,0.0,0.0,0.0,0.0,0.0,M,0.0,0.0,0.0,0.0,M,0.0,0.0,0.0,0.0
USC00230163,"ANDERSON 3W","MCDONALD",1117,36.64,-94.49,M,M,M,M,M,M,M,M,M,M,M,M,M,M,M,3.0,M,M,M,M,M,M,M,M,M,M,M,M,M,M,M
US1MOMD0005,"ANDERSON 6.8 W","MCDONALD",891,36.66,-94.57,0.0,0.0,0.0,0.0,0.0,0.0,0.0,M,0.0,0.0,0.0,0.0,0.0,M,0.0,4.5,0.0,0.0,0.0,0.0,0.0,M,M,0.0,0.0,M,M,M,0.0,M,0.0
US1MOFSA133,"ANNISTON 1.9 WNW","MISSISSIPPI",308,36.84,-89.36,M,0.0,0.0,0.0,0.0,M,M,M,0.0,M,0.0,0.0,M,M,M,M,0.0,0.0,0.0,M,M,M,M,M,M,M,M,M,M,M,M
USC00230204,"APPLETON CITY","ST. CLAIR",866,38.19,-94.03,0.0,0.0,0.0,0.0,0.0,0.0,0.0,0.0,0.0,0.0,0.0,0.0,M,0.0,1.0,0.1,0.0,0.0,0.0,0.0,0.0,0.0,M,0.0,0.0,M,0.0,0.0,0.0,M,0.0
US1MOBS0004,"APPLETON CITY 1.9 NW","BATES",915,38.21,-94.05,0.0,0.0,0.0,0.0,0.0,0.0,0.0,M,0.0,0.0,M,0.0,0.0,0.4,1.2,0.0,0.0,0.0,0.0,0.0,0.0,0.0,M,0.0,0.0,0.0,0.0,0.0,0.0,0.0,0.0
US1MOJF0018,"ARNOLD 0.5 E","JEFFERSON",527,38.43,-90.36,M,M,M,M,M,M,M,M,M,M,M,M,M,M,0.3,M,M,M,M,M,M,M,M,0.0,M,M,M,M,M,M,M
USC00230304,"ASH GROVE 4S","GREENE",1129,37.26,-93.59,0.0,0.0,0.0,0.0,0.0,0.0,0.0,0.0,0.0,0.0,0.0,0.0,0.0,0.3,3.0,0.0,0.0,0.0,0.0,0.0,M,0.0,0.0,0.0,0.0,0.0,0.0,0.0,0.0,0.0,0.0
US1MOBN0032,"ASHLAND 0.7 WNW","BOONE",895,38.78,-92.27,M,0.0,0.0,0.0,0.0,0.0,0.0,M,M,M,M,M,0.0,0.0,1.7,0.0,0.0,0.0,0.0,0.0,0.0,M,T,0.0,0.0,0.0,0.0,0.0,0.0,0.0,0.0
US1MOBN0073,"ASHLAND 2.1 NW","BOONE",875,38.80,-92.28,M,M,M,M,M,M,M,M,M,M,M,M,M,M,2.0,M,M,M,M,M,M,M,M,M,M,M,M,M,M,M,M
US1MOBN0007,"ASHLAND 4.2 E","BOONE",774,38.77,-92.18,0.0,0.0,0.0,0.0,0.0,0.0,0.0,M,0.0,0.0,0.0,M,0.0,0.0,1.0,0.0,0.0,0.0,0.0,0.0,0.0,M,M,0.0,0.0,0.0,M,0.0,0.0,0.0,0.0
US1MOFSA067,"AVA 0.8 NNW","DOUGLAS",1316,36.96,-92.67,0.0,0.0,0.0,0.0,0.0,0.0,0.0,M,M,M,M,M,0.0,M,M,0.0,0.0,0.0,0.0,0.0,0.0,M,0.0,0.0,0.0,0.0,M,0.0,0.0,M,M
US1MODG0011,"AVA 6.0 NW","DOUGLAS",1230,37.01,-92.75,M,M,M,M,M,M,M,M,M,M,M,M,M,1.0,1.0,M,M,M,M,M,M,M,M,M,M,M,M,M,M,M,M
US1MOSL0027,"BALLWIN 0.5 NNW","ST. LOUIS",653,38.60,-90.55,M,M,M,M,M,M,M,M,M,M,M,M,M,M,0.5,0.0,T,M,M,M,M,M,M,M,M,M,M,M,M,M,M
US1MOSL0049,"BALLWIN 1.6 E","ST. LOUIS",569,38.59,-90.52,0.0,0.0,0.0,0.0,0.0,0.0,0.0,M,0.0,0.0,0.0,0.0,0.0,0.0,0.5,0.0,0.0,0.0,0.0,0.0,0.0,M,0.0,0.0,0.0,0.0,0.0,0.0,0.0,0.0,0.0
US1MOGR0048,"BATTLEFIELD 3.3 E","GREENE",1248,37.12,-93.31,0.0,0.0,0.0,0.0,0.0,0.0,0.0,M,M,0.0,0.0,T,0.0,1.0,1.0,1.0,0.0,0.0,0.0,0.0,0.0,M,M,0.0,0.0,0.0,M,0.0,0.0,0.0,0.0
USC00230608,"BETHANY","HARRISON",949,40.26,-94.03,M,M,M,M,M,M,M,M,0.0,0.0,M,M,0.0,0.0,1.0,0.0,0.0,0.0,0.0,0.0,0.0,0.0,0.5,0.0,0.0,M,M,M,M,M,0.0
US1MOFSA081,"BETHANY 1.3 NE","HARRISON",984,40.28,-94.01,0.0,0.0,0.0,0.0,0.0,0.0,0.0,M,0.0,M,M,M,0.0,0.0,M,0.0,0.0,0.0,0.0,0.0,0.0,M,M,0.0,0.0,0.0,0.0,0.0,M,0.0,0.0
USC00230657,"BILLINGS  1SW","CHRISTIAN",1310,37.05,-93.58,M,M,M,M,M,M,M,M,M,M,M,0.2,M,0.2,1.9,M,0.0,0.0,M,M,0.0,0.0,0.0,0.0,M,M,M,0.0,0.0,0.0,0.0
US1MOSF0007,"BISMARCK 1.3 S","ST. FRANCOIS",1013,37.75,-90.63,0.0,0.0,0.0,0.0,0.0,0.0,0.0,M,0.0,M,M,0.0,0.0,M,M,0.0,0.0,0.0,0.0,0.0,0.0,M,0.0,0.0,0.0,0.0,M,0.0,0.0,0.0,0.0
US1MOSN0002,"BLACKBURN 3.0 NNE","SALINE",749,39.15,-93.47,0.0,0.0,0.0,0.0,0.0,0.0,0.0,M,0.0,0.0,M,M,0.0,0.1,1.0,0.0,0.0,0.0,0.0,0.0,0.0,M,M,0.0,0.0,0.0,0.0,0.0,0.0,0.0,0.0
US1MOFSA207,"BLOOMFIELD 2.9 S","STODDARD",564,36.85,-89.94,M,M,0.0,0.0,0.0,M,M,M,M,M,M,M,M,M,M,M,0.0,0.0,0.0,M,M,M,M,0.0,0.0,M,M,M,M,0.0,0.0
USC00230747,"BLUE LICK","SALINE",790,39.02,-93.20,0.0,0.0,0.0,0.0,0.0,0.0,0.0,0.0,0.0,0.0,0.0,M,0.0,0.1,M,1.5,0.0,0.0,0.0,0.0,0.0,0.0,0.0,0.0,0.0,0.0,0.0,0.0,0.0,0.0,0.0
US1MOFSA095,"BLUE SPRINGS 0.9 NW","JACKSON",965,39.03,-94.29,0.0,0.0,0.0,0.0,0.0,0.0,0.0,M,0.0,0.0,M,0.0,0.0,0.0,0.0,M,0.0,0.0,0.0,0.0,0.0,M,0.0,0.0,0.0,0.0,0.0,0.0,0.0,0.0,0.0
USC00230789,"BOLIVAR 1 NE","POLK",987,37.62,-93.39,M,M,M,M,M,M,M,M,M,M,M,M,M,0.6,1.5,0.0,0.0,0.0,M,M,0.0,0.0,0.0,0.0,0.0,M,M,0.0,0.0,0.0,0.0
US1MOFSA167,"BOLIVAR 1.0 ENE","POLK",1014,37.62,-93.40,0.0,0.0,0.0,0.0,0.0,M,M,M,0.0,0.0,0.0,M,M,M,M,M,0.0,0.0,0.0,M,M,M,M,0.0,0.0,0.0,M,M,M,0.0,0.0
US1MOPL0024,"BOLIVAR 2.7 NE","POLK",1006,37.63,-93.38,0.0,0.0,0.0,0.0,0.0,0.0,0.0,M,M,0.0,0.0,M,0.0,M,M,0.0,0.0,0.0,0.0,0.0,0.0,M,M,0.0,0.0,0.0,M,0.0,0.0,0.0,0.0
US1MOPL0013,"BOLIVAR 9.0 N","POLK",919,37.74,-93.41,0.0,0.0,0.0,0.0,0.0,0.0,0.0,M,0.0,0.0,0.0,M,0.0,M,M,0.0,0.0,0.0,0.0,0.0,0.0,M,M,0.0,0.0,0.0,0.0,0.0,0.0,0.0,0.0
US1MOCP0007,"BOONVILLE 0.5 ESE","COOPER",739,38.96,-92.74,0.0,0.0,0.0,T,0.0,0.0,0.0,0.0,0.0,0.0,0.0,T,0.0,0.0,2.3,0.0,T,0.0,0.0,0.0,0.0,0.0,T,0.0,0.0,0.0,0.0,0.0,0.0,T,0.0
US1MOFSA053,"BOONVILLE 3.7 SE","COOPER",679,38.93,-92.69,0.0,0.0,0.0,0.0,0.0,0.0,0.0,M,0.0,0.0,M,M,M,0.0,0.0,1.2,0.0,0.0,0.0,0.0,0.0,M,M,0.0,0.0,0.0,0.0,0.0,0.0,0.0,0.0
US1MOFSA163,"BOWLING GREEN 0.6 SE","PIKE",896,39.33,-91.19,0.0,0.0,0.0,0.0,0.0,0.0,0.0,M,0.0,M,0.0,0.0,0.0,0.0,0.0,0.0,0.0,0.0,0.0,0.0,0.0,M,0.0,0.0,0.0,0.0,0.0,0.0,0.0,0.0,0.0
USC00230856,"BOWLING GREEN 1 E","PIKE",887,39.34,-91.17,0.0,0.0,0.0,0.0,0.0,0.0,M,0.0,M,M,M,M,M,M,1.0,0.0,M,0.0,0.0,0.0,M,0.0,M,M,0.0,0.0,0.0,M,M,M,M
US1MOTY0001,"BRANSON 3.8 E","TANEY",1024,36.64,-93.18,M,M,M,M,M,M,M,M,M,M,M,M,M,T,2.0,4.3,0.0,0.0,0.0,0.0,0.0,M,M,M,M,M,M,M,M,M,M
USC00230887,"BRANSON AIRPORT","TANEY",1286,36.54,-93.20,0.0,M,M,0.0,0.0,0.0,0.0,M,0.0,0.0,0.0,0.0,M,M,2.3,0.0,0.0,0.0,M,0.0,0.0,0.0,0.0,0.0,0.0,0.0,M,0.0,0.0,0.0,0.0
USC00230980,"BROOKFIELD","LINN",767,39.76,-93.06,0.0,0.0,0.0,0.0,0.0,0.0,0.0,0.0,0.0,0.0,0.0,0.0,0.0,0.0,0.3,0.0,0.0,0.0,0.0,0.0,0.0,0.0,0.0,0.0,0.0,0.0,0.0,0.0,0.0,0.0,0.0
US1MOFSA115,"BROOKFIELD 1.2 WSW","LINN",824,39.78,-93.10,0.0,0.0,0.0,0.0,0.0,0.0,0.0,M,0.0,0.0,M,M,0.0,0.0,1.5,0.0,0.0,0.0,0.0,0.0,0.0,M,0.0,0.0,0.0,0.0,0.0,0.0,M,0.0,0.0
US1MOLN0004,"BROOKFIELD 3.7 NNE","LINN",832,39.84,-93.06,0.0,0.0,0.0,0.0,0.0,0.0,0.0,0.0,0.0,0.0,0.0,T,0.0,T,1.0,0.0,0.0,0.0,0.0,0.0,0.0,0.0,0.0,0.0,0.0,0.0,0.0,0.0,T,0.0,0.0
US1MOFSA077,"BROOKLINE 2.3 NNW","GREENE",1296,37.20,-93.42,0.0,0.0,0.0,0.0,0.0,0.0,0.0,M,0.0,0.0,0.0,0.0,0.0,0.0,1.5,0.0,0.0,0.0,0.0,0.0,0.0,M,0.0,0.0,0.0,0.0,0.0,0.0,0.0,0.0,0.0
US1MOCM0002,"BRUMLEY 5.6 SW","CAMDEN",742,38.02,-92.55,0.0,0.0,0.0,0.0,0.0,0.0,0.0,M,0.0,0.0,0.0,T,0.0,0.0,1.5,0.0,0.0,0.0,0.0,0.0,0.0,M,M,0.0,0.0,0.0,M,0.0,0.0,0.0,0.0
US1MOFSA059,"BUFFALO 1.0 SW","DALLAS",1178,37.63,-93.10,0.0,0.0,0.0,0.0,0.0,0.0,0.0,M,0.0,0.0,0.0,M,0.0,M,M,0.0,0.0,0.0,0.0,0.0,0.0,M,M,0.0,0.0,0.0,M,0.0,0.0,0.0,0.0
USC00231087,"BUFFALO 2N","DALLAS",1071,37.67,-93.11,0.0,0.0,0.0,0.0,0.0,0.0,0.0,0.0,0.0,M,0.0,0.0,0.0,0.1,2.0,0.0,0.0,0.0,0.0,M,0.0,0.0,0.0,0.0,0.0,0.0,0.0,0.0,0.0,0.0,0.0
USC00231141,"BURLINGTON JUNCTION 1NW","NODAWAY",922,40.45,-95.07,0.0,0.0,0.0,0.0,0.0,0.0,0.0,0.0,0.0,0.0,1.0,0.0,0.0,0.5,0.5,0.0,0.0,0.0,0.0,0.0,0.0,0.0,0.0,0.0,0.0,0.0,0.0,0.0,0.0,0.0,0.0
US1MOFSA013,"BUTLER 0.8 SSW","BATES",843,38.25,-94.35,0.0,0.0,0.0,0.0,0.0,0.0,0.0,M,0.0,0.0,M,M,0.0,0.4,1.0,0.4,0.0,0.0,0.0,0.0,0.0,0.0,T,0.0,0.0,0.0,M,0.0,0.0,0.0,0.0
USC00231145,"BUTLER 4W","BATES",790,38.26,-94.40,0.0,0.0,0.0,0.0,0.0,0.0,0.0,0.0,0.0,0.0,0.0,M,0.0,1.0,1.7,0.0,0.0,0.0,0.0,0.0,0.0,0.0,T,0.0,0.0,0.0,0.0,0.0,0.0,0.0,0.0
US1MOFSA221,"CALEDONIA 1.8 NNW","WASHINGTON",902,37.79,-90.78,0.0,0.0,0.0,0.0,0.0,0.0,0.0,M,0.0,0.0,M,0.0,0.0,0.0,0.0,0.0,0.0,0.0,0.0,0.0,0.0,M,0.0,0.0,0.0,0.0,M,0.0,0.0,0.0,0.0
USC00231189,"CALIFORNIA","MONITEAU",879,38.63,-92.55,0.0,0.0,0.0,0.0,0.0,0.0,0.0,0.0,0.0,0.0,0.0,0.0,0.0,0.0,1.5,0.0,0.0,0.0,0.0,0.0,0.0,0.0,0.0,0.0,0.0,0.0,0.0,0.0,0.0,0.0,0.0
US1MOFSA135,"CALIFORNIA 0.3 SW","MONITEAU",892,38.63,-92.57,0.0,0.0,0.0,0.0,0.0,0.0,0.0,M,0.0,0.0,0.0,M,0.0,0.0,0.0,2.5,0.0,0.0,0.0,0.0,0.0,M,0.0,0.0,0.0,0.0,0.0,0.0,0.0,M,M
USC00231216,"CAMERON","DEKALB",1010,39.75,-94.25,0.0,0.0,0.0,0.0,0.0,0.0,0.0,0.0,0.0,0.0,0.0,0.3,0.0,0.1,0.5,0.0,0.0,0.0,0.0,0.0,0.0,0.0,0.3,0.0,0.0,0.0,0.0,0.0,0.1,0.0,0.0
USC00231275,"CANTON L AND D 20","LEWIS",490,40.14,-91.52,0.0,0.0,0.0,0.0,0.0,0.0,0.0,0.0,0.0,0.0,0.0,0.0,0.0,0.0,2.0,0.0,0.0,0.0,0.0,0.0,0.0,0.0,0.0,0.0,0.0,0.0,0.0,0.0,T,0.0,0.0
USC00231283,"CAP AU GRIS LOCK & DAM 25","LINCOLN",450,39.00,-90.69,0.0,0.0,0.0,0.0,T,0.0,0.0,0.0,0.0,0.0,0.0,0.0,0.0,0.0,1.0,0.0,0.0,0.0,0.0,0.0,0.0,0.0,0.0,0.0,0.0,0.0,0.0,0.0,0.0,0.0,0.0
USW00003935,"CAPE GIRARDEAU MUNICIPAL AP","SCOTT",336,37.23,-89.57,0.0,0.0,0.0,0.0,0.0,0.0,0.0,0.0,0.0,M,M,M,0.0,M,M,0.0,0.0,0.0,0.0,M,M,0.0,0.0,0.0,0.0,0.0,M,0.0,0.0,0.0,0.0
US1MOJS0010,"CARL JUNCTION 3.4 WSW","JASPER",889,37.15,-94.60,M,M,0.0,0.0,0.0,0.0,M,M,0.0,0.0,0.0,0.0,0.0,M,3.5,0.0,0.0,0.0,0.0,M,0.0,0.0,0.0,0.0,0.0,M,M,0.0,0.0,0.0,0.0
USC00231340,"CARROLLTON","CARROLL",705,39.36,-93.49,0.0,0.0,T,0.0,0.0,0.0,0.0,0.0,0.0,0.0,0.0,0.0,0.0,T,T,0.0,0.0,0.0,0.0,0.0,0.0,0.0,T,0.0,0.0,0.0,0.0,0.0,0.0,0.0,0.0
US1MOFSA033,"CARROLLTON 1.0 NNE","CARROLL",745,39.38,-93.49,M,M,M,0.0,0.0,M,M,M,0.0,0.0,M,M,M,M,M,M,0.0,0.0,0.0,M,M,M,M,0.0,0.0,0.0,M,M,M,0.0,0.0
US1MOFSA097,"CARTHAGE 1.5 S","JASPER",1079,37.15,-94.31,0.0,0.0,0.0,0.0,0.0,0.0,0.0,0.0,0.0,M,0.0,M,0.0,M,M,0.0,0.0,0.0,0.0,0.0,0.0,M,M,0.0,0.0,0.0,0.0,0.0,0.0,0.0,0.0
US1MOJS0016,"CARTHAGE 3.8 SW","JASPER",1003,37.12,-94.36,0.0,0.0,0.0,0.0,0.0,0.0,0.0,M,0.0,0.0,0.0,0.0,0.0,0.0,2.5,M,0.0,0.0,M,M,M,M,M,0.0,0.0,0.0,0.0,0.0,0.0,0.0,0.0
US1MOFSA155,"CARUTHERSVILLE 1.6 N","PEMISCOT",282,36.20,-89.67,M,M,M,M,M,M,M,M,M,M,M,M,M,M,M,M,M,M,M,0.0,0.0,M,0.0,M,0.0,0.0,M,M,M,0.0,0.0
USC00231383,"CASSVILLE","BARRY",1376,36.69,-93.87,M,M,M,M,M,M,M,M,0.0,0.0,0.0,0.0,M,0.3,2.7,3.0,0.0,0.0,0.0,0.0,0.0,0.0,0.0,0.0,0.0,0.0,0.0,0.0,0.0,0.0,0.0
US1MOFSA009,"CASSVILLE 0.5 SW","BARRY",1329,36.67,-93.87,0.0,0.0,0.0,0.0,0.0,0.0,0.0,M,0.0,0.0,0.0,M,0.0,M,M,M,0.0,0.0,0.0,0.0,0.0,M,M,0.0,0.0,0.0,M,0.0,0.0,0.0,0.0
US1MOBY0025,"CASSVILLE 4.8 SSE","BARRY",1223,36.61,-93.84,0.0,0.0,T,0.0,0.0,0.0,0.0,M,0.0,0.0,M,T,0.0,0.5,1.5,3.0,0.0,0.0,0.0,0.0,0.0,M,T,0.0,0.0,0.0,M,0.0,0.0,0.0,0.0
US1MOJF0021,"CEDAR HILL 2.6 N","JEFFERSON",500,38.39,-90.64,0.0,0.0,0.0,0.0,0.0,0.0,0.0,M,0.0,0.0,M,M,M,0.0,M,0.0,0.0,0.0,0.0,0.0,0.0,M,0.0,0.0,0.0,0.0,M,0.0,M,0.0,0.0
US1MOLV0001,"CHILLICOTHE 0.9 WNW","LIVINGSTON",764,39.80,-93.57,0.0,M,M,0.0,0.0,0.0,0.0,M,0.0,0.0,M,0.0,0.0,0.0,1.0,0.0,0.0,0.0,0.0,0.0,0.0,M,T,0.0,0.0,0.0,0.0,0.0,M,0.0,0.0
US1MOFSA117,"CHILLICOTHE 2.9 E","LIVINGSTON",784,39.80,-93.50,M,M,0.0,0.0,M,M,M,M,0.0,0.0,M,M,M,M,M,M,M,M,M,M,M,M,0.0,0.0,0.0,0.0,0.0,0.0,M,0.0,0.0
USC00231580,"CHILLICOTHE 2S","LIVINGSTON",780,39.78,-93.54,0.0,0.0,0.1,0.0,0.0,0.0,0.0,0.0,0.0,0.0,0.0,0.0,0.0,0.2,0.5,0.0,0.0,0.0,0.0,0.0,0.0,0.0,0.0,0.0,0.0,0.0,0.0,0.0,T,0.0,0.0
USC00231600,"CLARENCE CANNON DAM","RALLS",702,39.53,-91.64,M,0.0,0.0,0.0,0.0,0.0,0.0,0.0,0.0,M,0.0,0.0,M,0.0,0.6,M,0.0,0.0,0.0,0.0,0.0,0.0,0.0,0.0,M,0.0,0.0,0.0,M,0.0,0.0
USC00231640,"CLARKSVILLE L&D 24","PIKE",460,39.37,-90.91,0.0,0.0,0.0,0.0,0.2,0.0,0.0,0.0,0.0,0.0,0.0,0.0,T,0.0,0.2,0.0,0.0,0.0,0.0,0.0,0.0,0.0,0.0,0.0,0.0,0.0,0.0,0.0,T,0.0,0.0
USC00231674,"CLEARWATER DAM","WAYNE",660,37.13,-90.78,0.0,0.0,0.0,0.0,0.0,0.0,0.0,0.0,0.0,0.0,0.0,0.0,M,M,M,M,M,M,M,0.0,0.0,0.0,0.0,0.0,0.0,0.0,0.0,0.0,0.0,0.0,0.0
US1MOCR0020,"CLEVER 4.0 ENE","CHRISTIAN",1171,37.06,-93.41,M,M,M,M,M,M,0.0,M,M,0.0,M,M,M,1.0,0.8,M,M,M,M,M,M,M,M,M,M,M,M,M,M,M,M
US1MORN0006,"CLIFTON HILL 1.2 SSE","RANDOLPH",663,39.42,-92.66,0.0,0.0,0.0,0.0,0.0,0.0,0.0,M,0.0,0.0,M,M,0.0,M,M,0.0,0.0,0.0,0.0,0.0,0.0,M,M,0.0,0.0,0.0,M,0.0,0.0,0.0,0.0
USC00231711,"CLINTON","HENRY",770,38.40,-93.77,0.0,0.0,0.0,0.0,0.0,0.0,0.0,0.0,0.0,0.0,0.0,0.0,0.0,0.9,1.5,0.0,0.0,0.0,0.0,0.0,0.0,0.0,T,0.0,0.0,0.0,0.0,0.0,0.0,0.0,0.0
US1MOFSA083,"CLINTON 0.9 NNW","HENRY",797,38.38,-93.77,0.0,0.0,0.0,0.0,0.0,M,M,M,0.0,M,M,M,M,M,M,M,0.0,0.0,0.0,M,M,M,M,0.0,0.0,0.0,M,M,M,0.0,0.0
US1MOHN0012,"CLINTON 1.4 E","HENRY",766,38.37,-93.74,0.0,0.0,0.0,0.0,0.0,M,M,M,0.0,M,M,M,0.0,M,M,M,0.0,M,0.0,M,M,M,M,0.0,0.0,0.0,M,0.0,0.0,0.0,M
USC00231748,"COLE CAMP 3NW","BENTON",1000,38.48,-93.26,0.0,M,0.0,T,0.0,0.0,0.0,M,0.0,0.0,M,T,0.0,0.3,1.5,0.0,0.0,0.0,0.0,0.0,0.0,M,M,0.0,0.0,0.0,M,0.0,0.0,0.0,0.0
US1MOSR0012,"COLLINS 5.5 WNW","ST. CLAIR",974,37.92,-93.71,M,0.0,0.0,0.0,0.0,0.0,0.0,M,0.0,0.0,0.0,M,0.0,M,M,0.0,M,M,M,M,M,M,M,M,0.0,0.0,M,0.0,0.0,0.0,0.0
US1MOSR0013,"COLLINS 5.6 N","ST. CLAIR",827,37.97,-93.61,0.0,0.0,M,0.0,0.0,0.0,0.0,M,0.0,0.0,0.0,0.0,1.0,2.0,0.0,0.0,0.0,0.0,0.0,0.0,0.0,M,T,0.0,0.0,0.0,M,0.0,0.0,0.0,0.0
USC00231773,"COLOMA","CARROLL",834,39.53,-93.53,0.0,0.0,0.0,0.0,0.0,0.0,0.0,0.0,0.0,0.0,0.0,0.0,0.0,0.0,0.6,0.0,0.0,0.0,0.0,0.0,0.0,0.0,0.0,0.0,0.0,0.0,0.0,0.0,0.0,0.0,0.0
US1MOBN0050,"COLUMBIA 0.6 W","BOONE",754,38.95,-92.34,0.0,0.0,0.0,0.0,0.0,0.0,0.0,0.0,0.0,0.0,T,0.1,0.0,0.4,1.5,0.0,0.0,0.0,0.0,0.0,0.0,T,0.0,0.0,0.0,0.0,0.0,0.0,T,0.0,0.0
US1MOFSA019,"COLUMBIA 1.3 NW","BOONE",761,38.97,-92.34,0.0,0.0,0.0,0.0,0.0,0.0,0.0,M,0.0,0.0,M,M,0.0,M,M,0.0,0.0,0.0,0.0,0.0,0.0,M,0.0,0.0,0.0,0.0,0.0,0.0,0.0,0.0,0.0
US1MOBN0002,"COLUMBIA 1.4 NNW","BOONE",755,38.97,-92.34,0.0,0.0,0.0,0.0,0.0,0.0,0.0,0.0,0.0,0.0,0.0,T,0.0,0.0,2.0,0.0,0.0,0.0,0.0,0.0,0.0,0.0,T,0.0,0.0,0.0,0.0,0.0,0.0,0.0,0.0
US1MOBN0039,"COLUMBIA 1.6 W","BOONE",718,38.95,-92.36,0.0,0.0,0.0,M,M,M,M,M,M,0.0,M,M,0.0,M,2.0,0.0,0.0,0.0,0.0,0.0,0.0,M,M,0.0,0.0,0.0,0.0,0.0,0.0,0.0,0.0
US1MOBN0036,"COLUMBIA 2.0 W","BOONE",762,38.95,-92.36,0.0,0.0,0.0,0.0,0.0,0.0,0.0,M,0.0,0.0,M,M,0.0,0.0,M,0.0,0.0,0.0,0.0,0.0,0.0,0.0,M,0.0,0.0,0.0,M,0.0,0.0,0.0,0.0
US1MOBN0042,"COLUMBIA 2.3 SE","BOONE",751,38.93,-92.30,M,0.0,M,T,M,M,M,M,M,M,M,M,M,M,2.0,0.0,0.0,0.0,M,M,M,M,M,0.0,0.0,0.0,M,M,0.0,0.0,0.0
US1MOBN0005,"COLUMBIA 2.4 S","BOONE",715,38.94,-92.30,M,M,M,M,M,M,M,M,M,M,M,T,M,M,2.1,M,M,M,M,M,M,M,T,M,M,M,M,M,M,M,M
US1MOBN0057,"COLUMBIA 2.9 WSW","BOONE",659,38.93,-92.37,0.0,M,M,M,M,M,M,M,M,M,M,M,M,M,M,0.0,0.0,0.0,0.0,0.0,0.0,M,0.0,0.0,0.0,0.0,0.0,0.0,0.0,0.0,0.0
US1MOBN0001,"COLUMBIA 3.4 WNW","BOONE",742,38.98,-92.38,0.0,0.0,0.0,0.0,0.0,0.0,0.0,0.0,0.0,0.0,M,T,0.0,0.0,2.2,0.0,0.0,0.0,0.0,0.0,0.0,M,0.0,0.0,0.0,0.0,0.0,0.0,0.0,0.0,0.0
US1MOBN0053,"COLUMBIA 4.6 WSW","BOONE",663,38.94,-92.41,0.0,0.0,0.0,0.0,0.0,0.0,0.0,M,0.0,0.0,M,M,0.0,M,M,0.0,0.0,0.0,0.0,0.0,M,M,M,0.0,0.0,0.0,M,M,M,M,M
US1MOBN0018,"COLUMBIA 4.9 NNW","BOONE",718,39.02,-92.37,0.0,0.0,0.0,0.0,0.0,0.0,M,M,M,0.0,0.0,0.0,0.0,0.2,2.0,T,0.0,0.0,0.0,0.0,0.0,M,T,0.0,0.0,M,0.0,0.0,T,0.0,0.0
US1MOBN0068,"COLUMBIA 6.6 SW","BOONE",678,38.88,-92.41,0.0,0.0,0.0,0.0,0.0,0.0,M,0.0,0.0,0.0,M,M,M,M,0.0,0.0,0.0,M,0.0,M,M,M,0.0,0.0,0.0,0.0,0.0,0.0,0.0,0.0,0.0
US1MOBN0063,"COLUMBIA 6.8 WNW","BOONE",712,38.98,-92.45,0.0,0.0,0.0,0.0,0.0,0.0,0.0,M,M,0.0,M,M,0.0,M,M,M,0.0,0.0,0.0,0.0,0.0,M,M,0.0,0.0,0.0,0.0,0.0,0.0,0.0,0.0
US1MOBN0012,"COLUMBIA 6.9 WNW","BOONE",676,38.99,-92.45,0.0,0.0,0.0,0.0,0.0,0.0,0.0,M,0.0,0.0,M,M,0.0,0.0,2.1,0.0,0.0,0.0,0.0,0.0,0.0,M,T,0.0,0.0,0.0,0.0,0.0,0.0,0.0,0.0
USW00003945,"COLUMBIA REGIONAL AP","BOONE",893,38.82,-92.22,0.0,0.0,0.0,0.0,0.0,0.0,0.0,0.0,0.0,0.0,T,T,0.0,0.3,1.2,0.0,0.0,0.0,0.0,0.0,0.0,T,M,M,M,M,M,M,M,M,M
USC00231801,"COLUMBIA U OF M","BOONE",720,38.94,-92.32,0.0,0.0,0.0,0.0,0.0,0.0,0.0,0.0,0.0,0.0,0.0,T,0.0,0.0,2.0,0.0,0.0,0.0,0.0,0.0,0.0,0.0,T,0.0,0.0,0.0,0.0,0.0,0.0,0.0,0.0
USC00231822,"CONCEPTION","NODAWAY",1108,40.24,-94.68,0.0,0.0,0.0,0.0,0.0,0.0,0.0,0.0,0.0,0.0,0.0,T,0.0,T,1.0,0.0,0.0,0.0,0.0,0.0,0.0,0.0,T,0.0,0.0,0.0,0.0,0.0,0.0,0.0,0.0
US1MOND0002,"CONCEPTION JUNCTION 0.3 SE","NODAWAY",1040,40.27,-94.69,0.0,0.0,0.0,0.0,0.0,0.0,0.0,0.0,0.0,0.0,0.3,0.5,T,0.5,0.5,0.0,0.0,0.0,0.0,0.0,0.0,0.0,0.5,0.0,0.0,0.0,0.0,0.0,0.5,0.0,0.0
USC00231837,"CONCORDIA","LAFAYETTE",765,38.98,-93.57,0.0,0.0,0.0,0.0,0.0,0.0,0.0,0.0,0.0,0.0,0.0,T,0.0,0.2,1.5,T,0.0,0.0,0.0,0.0,0.0,0.0,T,0.0,0.0,0.0,0.0,0.0,T,0.0,0.0
US1MOWB0001,"CONWAY 8.9 SW","WEBSTER",1260,37.43,-92.96,M,M,0.0,0.0,0.0,0.0,M,M,0.0,M,M,M,0.0,M,M,M,M,M,0.0,0.0,0.0,M,0.0,0.0,0.0,0.0,M,0.0,0.0,0.0,0.0
USC00231924,"COSBY 2W","ANDREW",910,39.85,-94.71,0.0,0.0,T,0.0,0.0,0.0,0.0,0.0,0.0,0.0,0.0,0.5,0.0,1.0,0.5,0.0,0.0,0.0,0.0,0.0,0.0,0.0,0.2,0.0,0.0,0.0,0.0,0.0,0.0,0.0,0.0
US1MOCF0007,"CUBA 6.4 NNW","CRAWFORD",932,38.15,-91.45,0.0,0.0,M,0.0,0.0,M,0.0,M,0.0,M,M,M,M,0.0,M,M,M,0.0,M,0.0,M,M,M,0.0,0.0,0.0,M,0.0,M,M,0.0
USC00232220,"DE SOTO","JEFFERSON",731,38.14,-90.51,0.0,0.0,0.0,0.0,0.0,0.0,0.0,0.0,0.0,0.0,0.0,0.0,0.0,0.0,0.2,T,0.0,0.0,0.0,0.0,0.0,0.0,0.0,0.0,0.0,0.0,0.0,0.0,0.0,0.0,0.0
US1MOST0002,"DEXTER 2.3 W","STODDARD",401,36.79,-90.00,M,M,M,0.0,M,M,M,M,M,M,M,M,M,M,M,M,M,0.0,M,M,M,M,M,M,M,M,M,M,M,M,M
USC00232240,"DIAMOND 2W","NEWTON",1070,36.99,-94.36,M,M,M,M,M,M,M,M,M,M,M,M,M,M,M,M,M,M,M,M,0.0,0.0,0.0,M,M,M,M,M,0.0,0.0,0.0
US1MOJF0013,"DITTMER 2.1 WSW","JEFFERSON",705,38.32,-90.72,0.0,0.0,0.0,T,M,0.0,0.0,M,M,M,M,M,T,0.0,0.5,0.0,T,0.0,0.0,0.0,M,M,0.0,0.0,0.0,0.0,M,0.0,T,0.0,0.0
US1MOMS0003,"DIXON 1.2 NE","MARIES",1006,38.01,-92.08,0.0,0.0,0.0,0.0,0.0,0.0,0.0,M,0.0,0.0,0.0,0.0,0.0,0.0,M,0.0,0.0,0.0,0.0,0.0,0.0,M,0.0,0.0,0.0,0.0,0.0,0.0,0.0,0.0,0.0
US1MOFSA181,"DONIPHAN 2.7 NE","RIPLEY",518,36.65,-90.78,0.0,0.0,0.0,0.0,0.0,0.0,0.0,M,0.0,0.0,0.0,0.0,0.0,0.0,3.5,0.0,0.0,0.0,0.0,0.0,0.0,M,0.0,0.0,0.0,0.0,0.0,0.0,M,0.0,0.0
USC00232318,"DOWNING","SCHUYLER",870,40.49,-92.37,0.0,0.0,0.0,0.0,0.0,0.0,0.0,0.0,0.0,0.0,0.0,0.3,0.0,0.0,1.2,0.0,0.0,0.0,0.0,0.0,0.0,0.0,0.1,0.0,0.0,0.0,0.0,0.0,0.0,0.0,0.0
US1MOPL0014,"DUNNEGAN 2.4 NNW","POLK",1022,37.74,-93.59,0.0,0.0,0.0,0.0,0.0,0.0,0.0,M,0.0,0.0,0.0,0.1,0.0,0.6,1.3,0.0,0.0,0.0,0.0,0.0,0.0,M,0.1,0.0,0.0,0.0,M,0.0,0.0,0.0,0.0
USC00232482,"EDINA","KNOX",808,40.16,-92.17,0.0,0.0,0.0,0.0,T,0.0,0.0,T,0.0,0.0,0.0,M,0.0,T,M,0.0,0.0,0.0,0.0,0.0,0.0,0.0,0.0,0.0,0.0,0.0,0.0,0.0,T,0.0,0.0
US1MOFSA103,"EDINA 2.3 E","KNOX",781,40.17,-92.13,0.0,0.0,0.0,0.0,0.0,0.0,0.0,M,0.0,0.0,M,0.0,0.0,0.0,M,0.0,0.0,0.0,0.0,0.0,0.0,M,M,0.0,0.0,0.0,0.0,0.0,M,0.0,0.0
US1MOFSA189,"EDMUNDSON 0.7 NNW","ST. LOUIS",581,38.74,-90.37,M,0.0,0.0,M,M,M,0.0,M,0.0,0.0,M,T,M,M,M,M,0.0,0.0,0.0,0.0,0.0,M,M,0.0,0.0,0.0,0.0,0.0,0.0,0.0,0.0
US1MOSR0008,"EL DORADO SPRINGS 12.0 NE","ST. CLAIR",808,37.99,-93.86,0.0,0.0,0.0,0.0,0.0,0.0,0.0,M,0.0,0.0,0.0,0.0,0.0,0.8,1.5,0.0,0.0,0.0,0.0,0.0,0.0,M,0.0,0.0,0.0,0.0,M,0.0,0.0,0.0,0.0
US1MOML0001,"ELDON 3.8 NW","MILLER",892,38.39,-92.63,M,0.0,0.0,M,M,M,M,M,0.0,0.0,M,M,0.0,M,M,M,M,0.0,0.0,M,0.0,M,0.0,0.0,0.0,0.0,M,0.0,0.0,0.0,0.0
US1MOFSA179,"ELLINGTON 5.8 SE","REYNOLDS",705,37.18,-90.89,0.0,0.0,0.0,0.0,0.0,M,M,M,M,M,M,M,M,M,M,M,M,M,M,M,M,M,M,M,M,M,M,M,M,M,M
USC00232568,"ELM","JOHNSON",850,38.87,-94.04,0.0,0.0,0.0,0.0,0.0,0.0,0.0,0.0,0.0,0.0,0.0,0.0,0.0,1.0,1.5,0.0,0.0,0.0,0.0,0.0,0.0,0.0,0.0,0.0,0.0,0.0,0.0,0.0,0.0,0.0,0.0
US1MOBY0012,"EMERALD BEACH 3.0 S","BARRY",1070,36.53,-93.66,0.0,0.0,0.0,0.0,0.0,0.0,0.0,M,0.0,0.0,0.0,M,M,0.1,1.6,3.2,0.0,0.0,0.0,0.0,0.0,M,M,0.0,0.0,0.0,M,0.0,0.0,0.0,0.0
US1MOSE0015,"EMERALD BEACH 5.5 E","STONE",1010,36.57,-93.57,0.0,0.0,0.0,0.0,0.0,0.0,0.0,0.0,0.0,0.0,0.0,M,0.0,0.0,2.7,4.0,0.0,0.0,0.0,0.0,0.0,M,M,0.0,0.0,0.0,M,0.0,0.0,0.0,0.0
US1MOFSA203,"EMINENCE 0.1 SSE","SHANNON",659,37.15,-91.36,0.0,0.0,0.0,0.0,0.0,0.0,0.0,M,0.0,0.0,0.0,0.0,M,M,M,0.0,0.0,0.0,0.0,0.0,0.0,M,0.0,0.0,0.0,0.0,M,M,0.0,M,M
USC00232619,"EMINENCE 1 N","SHANNON",640,37.16,-91.36,M,M,M,M,M,M,M,M,M,M,M,M,M,M,0.5,0.0,0.0,0.0,M,M,0.0,0.0,0.0,0.0,0.0,0.0,0.0,0.0,0.0,0.0,0.0
US1MOCE0017,"EUGENE 4.8 NE","COLE",828,38.41,-92.35,0.0,0.0,0.0,0.0,0.0,0.0,0.0,0.0,0.0,0.0,0.0,0.0,0.0,T,1.0,0.0,0.0,0.0,0.0,0.0,0.0,0.0,T,0.0,0.0,0.0,0.0,0.0,0.0,0.0,0.0
USC00232700,"EXCELSIOR SPRINGS 4S","CLAY",800,39.29,-94.22,0.0,0.0,M,M,M,M,M,M,M,M,M,M,M,M,M,0.0,0.0,0.0,0.0,0.0,M,M,0.0,0.0,0.0,M,M,M,M,0.0,0.0
US1MOGR0058,"FAIR GROVE 4.7 SSW","GREENE",1342,37.33,-93.20,0.0,0.0,M,M,M,0.0,0.0,M,0.0,0.0,0.0,M,M,1.0,2.0,0.5,0.0,0.0,0.0,0.0,0.0,M,M,0.0,M,M,M,M,M,0.0,M
US1MOPL0008,"FAIR PLAY 1.3 E","POLK",1010,37.63,-93.55,0.0,0.0,0.0,0.0,0.0,0.0,0.0,M,0.0,0.0,0.0,M,0.0,T,1.5,0.0,0.0,0.0,0.0,0.0,0.0,M,0.0,0.0,0.0,0.0,M,0.0,0.0,0.0,0.0
USC00232809,"FARMINGTON","ST. FRANCOIS",928,37.79,-90.41,0.0,0.0,0.0,0.0,0.0,0.0,0.0,0.0,M,M,M,M,M,M,0.0,0.5,0.0,0.0,0.0,0.0,0.0,M,0.0,0.0,0.0,0.0,0.0,0.0,0.0,M,M
US1MOFSA187,"FARMINGTON 1.5 WSW","ST. FRANCOIS",889,37.77,-90.45,0.0,0.0,0.0,0.0,0.0,0.0,0.0,M,0.0,M,M,0.0,0.0,0.0,0.0,M,0.0,0.0,0.0,0.0,0.0,M,0.0,0.0,0.0,0.0,M,0.0,0.0,0.0,0.0
US1MOFSA089,"FAYETTE 2.3 S","HOWARD",640,39.11,-92.69,0.0,0.0,0.0,0.0,0.0,0.0,0.0,M,M,0.0,M,M,0.0,0.0,M,0.0,0.0,0.0,0.0,0.0,0.0,M,M,0.0,0.0,0.0,0.0,0.0,0.0,0.0,0.0
USC00232850,"FESTUS","JEFFERSON",600,38.23,-90.40,0.0,0.0,0.0,0.0,0.0,0.0,0.0,0.0,0.0,0.0,0.0,0.0,0.0,0.0,0.1,0.0,0.0,0.0,0.0,0.0,0.0,0.0,0.0,0.0,0.0,0.0,0.0,0.0,0.0,0.0,0.0
USC00232941,"FLEMINGTON 4E","POLK",1004,37.79,-93.43,M,M,M,M,M,M,M,0.0,M,M,M,M,M,1.0,2.0,0.0,0.0,0.0,M,M,M,0.0,M,M,M,M,M,M,0.0,0.0,0.0
US1MOSL0055,"FLORISSANT 2.5 NE","ST. LOUIS",531,38.83,-90.30,0.0,0.0,0.0,0.0,M,0.0,0.0,0.0,M,M,M,0.0,0.0,0.0,1.0,0.0,0.0,0.0,0.0,0.0,M,M,M,0.0,0.0,0.0,0.0,M,M,0.0,0.0
US1MOSL0024,"FLORISSANT 2.9 W","ST. LOUIS",563,38.80,-90.38,0.0,0.0,0.0,0.0,0.1,0.0,0.0,M,0.0,0.0,0.0,0.0,M,M,1.1,0.0,M,0.0,0.0,0.0,0.0,M,M,0.0,0.0,0.0,0.0,0.0,0.0,M,0.0
US1MOTY0027,"FORSYTH 0.9 S","TANEY",835,36.67,-93.11,0.0,0.0,0.0,0.0,0.0,M,M,M,M,M,M,M,M,M,M,M,M,M,M,M,M,M,M,M,M,M,M,M,M,M,M
USC00232981,"FORT LEONARD WOOD","PULASKI",1123,37.75,-92.11,M,M,M,M,M,M,M,M,M,M,M,M,M,M,M,0.0,0.0,0.0,0.0,M,0.0,0.0,0.0,M,M,M,0.0,0.0,0.0,0.0,0.0
US1MOPU0014,"FORT LEONARD WOOD 5.4 SE","PULASKI",840,37.65,-92.08,0.0,0.0,0.0,0.0,0.0,0.0,0.0,M,0.0,0.0,M,M,0.0,0.3,1.0,0.0,0.0,0.0,0.0,0.0,0.0,M,M,0.0,0.0,0.0,M,0.0,0.0,0.0,0.0
USC00233038,"FREDERICKTOWN","MADISON",719,37.57,-90.31,0.0,0.0,0.0,0.0,0.0,0.0,0.0,M,0.0,M,M,0.0,0.0,0.0,0.0,0.0,0.0,0.0,0.0,0.0,0.0,M,0.0,0.0,0.0,0.0,M,0.0,0.0,0.0,0.0
USC00233043,"FREEDOM","OSAGE",805,38.46,-91.70,0.0,0.0,0.0,0.0,0.0,0.0,0.0,0.0,0.0,0.0,0.0,0.0,0.0,0.0,1.0,0.0,0.0,0.0,0.0,0.0,0.0,0.0,T,0.0,0.0,0.0,0.0,0.0,0.0,0.0,0.0
US1MOCW0019,"FULTON 3.3 S","CALLAWAY",788,38.81,-91.95,0.0,0.0,0.0,0.0,0.0,0.0,0.0,M,M,0.0,0.0,M,0.0,M,M,M,M,0.0,0.0,0.0,M,M,M,0.0,0.0,0.0,M,0.0,0.0,0.0,0.0
US1MOFSA027,"FULTON 3.4 SW","CALLAWAY",876,38.82,-92.00,0.0,0.0,0.0,0.0,0.0,0.0,0.0,M,M,0.0,0.0,M,0.0,0.0,M,0.0,0.0,0.0,0.0,M,M,M,0.0,0.0,0.0,0.0,M,M,M,0.0,0.0
US1MOFSA153,"GAINESVILLE 6.2 ENE","OZARK",758,36.62,-92.31,0.0,0.0,0.0,0.0,0.0,0.0,0.0,M,0.0,0.0,0.0,M,0.0,M,M,0.0,0.0,0.0,0.0,0.0,0.0,M,0.0,0.0,0.0,0.0,M,0.0,0.0,M,M
US1MODV0003,"GALLATIN 0.4 WSW","DAVIESS",941,39.91,-93.97,0.0,0.0,0.0,T,0.0,0.0,0.0,T,0.0,0.0,0.0,M,M,M,0.5,0.0,0.0,0.0,0.0,0.0,0.0,0.0,0.1,0.0,0.0,0.0,0.0,0.0,0.1,0.0,0.0
US1MOFSA061,"GALLATIN 1.1 WNW","DAVIESS",882,39.92,-93.98,0.0,0.0,0.0,0.0,0.0,0.0,M,0.0,0.0,0.0,M,0.0,0.0,M,0.0,0.0,0.0,0.0,0.0,0.0,0.0,M,M,0.0,0.0,0.0,0.0,M,0.0,0.0,0.0
USC00233102,"GALLATIN 1W","DAVIESS",921,39.91,-93.97,0.0,0.0,0.0,T,0.0,0.0,0.0,0.0,0.0,0.0,0.0,M,M,0.2,0.5,0.0,0.0,0.0,0.0,0.0,0.0,0.0,0.1,0.0,0.0,0.0,0.0,0.0,0.1,0.0,0.0
US1MOCS0012,"GARDEN CITY 3.9 N","CASS",881,38.62,-94.18,0.0,0.0,0.0,0.0,0.0,0.0,0.0,M,0.0,0.0,M,M,M,M,M,M,0.0,0.0,0.0,0.0,0.0,M,M,0.0,0.0,0.0,0.0,0.0,0.0,0.0,0.0
US1MOCY0016,"GLADSTONE 2.6 N","CLAY",908,39.25,-94.56,0.0,0.0,0.0,0.0,0.0,0.0,0.0,M,0.0,0.0,M,M,0.0,1.5,0.5,0.0,0.0,0.0,0.0,0.0,0.0,M,M,0.0,0.0,0.0,0.0,0.0,0.0,0.0,0.0
US1MOCY0011,"GLADSTONE 4.0 NNE","CLAY",974,39.27,-94.53,0.0,0.0,0.0,0.0,0.0,0.0,0.0,0.0,0.0,M,M,0.1,0.0,M,M,M,0.0,0.0,M,M,M,0.0,T,0.0,M,M,M,M,T,T,M
USC00233222,"GLASGOW","HOWARD",590,39.22,-92.85,0.0,0.0,0.0,0.0,0.0,0.0,0.0,0.0,0.0,0.0,0.0,0.0,0.0,0.0,2.0,0.0,0.0,0.0,0.0,0.0,0.0,0.0,0.0,0.0,0.0,0.0,0.0,0.0,0.0,0.0,0.0
US1MOHW0005,"GLASGOW 0.4 W","HOWARD",703,39.23,-92.85,0.0,0.0,0.0,0.0,0.0,0.0,M,M,M,0.0,0.0,M,0.0,M,M,0.0,0.0,M,0.0,0.0,M,M,M,0.0,0.0,0.0,0.0,0.0,M,M,0.0
US1MOCY0006,"GLENAIRE 0.6 W","CLAY",820,39.22,-94.46,0.0,0.0,0.0,0.0,0.0,0.0,M,M,0.0,0.0,0.0,M,0.0,0.7,M,0.0,0.0,0.0,0.0,0.0,0.0,M,M,M,M,M,M,M,M,M,M
USC00233262,"GOLDEN CITY 6 S","DADE",1083,37.30,-94.08,M,M,M,M,M,M,M,M,M,M,M,M,M,0.0,3.0,0.0,0.0,0.0,M,M,M,M,M,M,M,M,M,M,M,M,M
US1MOPL0019,"GOODSON 0.5 NNW","POLK",1042,37.71,-93.26,0.0,0.0,0.0,0.0,0.0,0.0,0.0,M,M,0.0,0.0,0.0,0.0,0.5,1.2,0.0,0.0,0.0,0.0,0.0,0.0,M,T,0.0,0.0,0.0,0.0,0.0,0.0,0.0,0.0
US1MOJC0003,"GRAIN VALLEY 0.4 SW","JACKSON",797,39.00,-94.21,0.0,0.0,0.0,0.0,0.0,0.0,0.0,M,0.0,0.0,0.0,T,0.0,1.2,0.3,0.0,0.0,0.0,0.0,0.0,0.0,0.0,0.2,0.0,0.0,0.0,0.0,0.0,0.0,0.0,0.0
US1MOFSA227,"GRANT CITY 0.5 NE","WORTH",1066,40.49,-94.41,0.0,0.0,0.0,0.0,0.0,0.0,M,0.0,0.0,0.0,M,0.5,0.0,0.0,0.5,0.0,0.0,0.0,0.0,0.0,0.0,M,0.1,0.0,0.0,0.0,0.0,0.0,M,0.0,0.0
USC00233375,"GRANT CITY 5WSW","WORTH",1089,40.46,-94.50,0.0,0.0,0.0,0.0,0.0,0.0,0.0,0.0,0.0,0.0,0.0,T,0.0,0.3,0.6,0.0,0.0,0.0,0.0,0.0,0.0,0.0,T,0.0,0.0,0.0,0.0,0.0,0.3,0.0,0.0
US1MOCM0020,"GRAVOIS MILLS 8.4 S","CAMDEN",911,38.19,-92.85,0.0,0.0,0.0,0.0,0.0,0.0,0.0,M,0.0,0.0,M,M,0.0,0.5,1.7,0.0,0.0,0.0,0.0,0.0,0.0,M,M,0.0,0.0,0.0,M,0.0,0.0,0.0,0.0
USC00233416,"GREEN CITY 5N","SULLIVAN",1035,40.35,-92.95,0.0,0.0,0.0,0.0,0.0,0.0,0.0,0.0,0.0,0.0,0.0,T,0.0,0.0,0.5,0.0,0.0,0.0,0.0,0.0,0.0,0.0,0.0,0.0,0.0,0.0,0.0,0.0,T,0.0,0.0
US1MOPS0002,"GREEN RIDGE 0.3 NNW","PETTIS",906,38.62,-93.41,0.0,0.0,0.0,0.0,0.0,0.0,0.0,0.0,0.0,0.0,0.0,0.0,0.0,0.2,1.6,0.0,0.0,0.0,0.0,0.0,0.0,0.0,T,0.0,0.0,0.0,0.0,0.0,0.0,0.0,0.0
US1MOPS0007,"GREEN RIDGE 1.2 SW","PETTIS",898,38.61,-93.43,0.0,0.0,0.0,0.0,0.0,0.0,0.0,M,0.0,M,M,M,M,M,M,M,M,M,0.0,0.0,0.0,M,M,0.0,0.0,0.0,M,0.0,0.0,0.0,0.0
US1MOPS0004,"GREEN RIDGE 3.3 SW","PETTIS",968,38.59,-93.45,M,M,0.0,0.0,0.0,0.0,M,M,M,0.0,M,M,M,M,M,M,M,M,M,M,0.0,M,0.0,M,0.0,M,M,0.0,M,0.0,0.0
US1MOFSA057,"GREENFIELD 0.8 SSW","DADE",1119,37.41,-93.85,0.0,0.0,0.0,0.0,0.0,M,M,M,0.0,0.0,0.0,0.0,M,M,M,M,0.0,0.0,0.0,M,M,M,0.0,0.0,0.0,0.0,0.0,0.0,0.0,0.0,0.0
US1MOFSA223,"GREENVILLE 5.2 WNW","WAYNE",696,37.16,-90.53,0.0,0.0,0.0,0.0,0.0,0.0,M,0.0,M,M,M,0.0,0.0,M,0.0,0.0,0.0,0.0,0.0,0.0,M,M,0.0,0.0,0.0,M,M,M,0.0,0.0,0.0
USC00233568,"HAMILTON 2W","CALDWELL",900,39.74,-94.03,0.0,0.0,0.0,0.0,0.0,0.0,0.0,0.0,0.0,0.0,0.0,M,0.0,1.0,M,0.0,0.0,0.0,0.0,0.0,0.0,0.0,0.0,0.0,0.0,0.0,0.0,0.0,T,0.0,0.0
US1MOMA0004,"HANNIBAL 0.4 ENE","MARION",649,39.71,-91.38,0.0,0.0,0.0,0.0,0.1,0.0,0.0,M,0.0,M,0.0,M,M,0.0,M,M,M,M,M,M,0.0,M,M,M,0.0,M,M,0.0,0.0,0.0,0.0
USC00233601,"HANNIBAL WATER WORKS","MARION",712,39.72,-91.37,0.0,0.0,0.0,0.0,T,0.0,0.0,0.0,0.0,0.0,0.0,T,0.0,0.0,1.0,0.0,0.0,0.0,0.0,0.0,0.0,0.0,0.0,0.0,0.0,0.0,0.0,0.0,0.0,0.0,0.0
US1MOBN0020,"HARRISBURG 5.9 SSE","BOONE",745,39.06,-92.44,0.0,0.0,0.0,T,0.0,0.0,T,0.0,0.0,0.0,0.0,0.0,0.0,T,2.3,0.0,0.0,0.0,0.0,0.0,0.0,0.0,T,0.0,0.0,0.0,0.0,0.0,0.0,0.0,0.0
US1MOFSA037,"HARRISONVILLE 0.4 W","CASS",948,38.65,-94.36,0.0,0.0,0.0,0.0,0.0,0.0,0.0,M,0.0,0.0,M,M,0.0,M,M,0.0,0.0,0.0,0.0,0.0,0.0,M,M,0.0,0.0,0.0,0.0,0.0,0.0,0.0,0.0
USC00233661,"HARTVILLE","WRIGHT",1148,37.25,-92.50,M,M,M,M,M,M,M,M,M,M,M,M,M,0.5,1.5,0.5,0.0,M,M,M,M,M,M,M,M,M,M,M,0.0,0.0,0.0
US1MOFSA229,"HARTVILLE 0.5 SSE","WRIGHT",1165,37.24,-92.51,0.0,0.0,0.0,0.0,0.0,0.0,M,0.0,0.0,0.0,0.0,0.0,0.0,M,0.0,0.0,0.0,0.0,0.0,0.0,M,0.0,0.0,0.0,0.0,0.0,0.0,0.0,0.0,0.0,0.0
USC00233793,"HERMANN","GASCONADE",514,38.70,-91.43,0.0,0.0,0.0,0.0,0.0,0.0,0.0,0.0,M,M,M,M,M,0.0,0.8,0.0,0.0,0.0,0.0,0.0,0.0,0.0,0.0,0.0,0.0,0.0,0.0,0.0,0.0,0.0,0.0
US1MOGS0003,"HERMANN 3.0 S","GASCONADE",902,38.66,-91.43,0.0,0.0,0.0,0.0,0.0,0.0,0.0,M,0.0,0.0,M,M,0.0,0.0,0.0,0.0,0.0,M,0.0,0.0,0.0,M,M,0.0,0.0,0.0,M,0.0,0.0,0.0,0.0
US1MOFSA085,"HERMITAGE 0.5 ESE","HICKORY",824,37.94,-93.31,M,M,0.0,0.0,0.0,M,M,M,0.0,0.0,0.0,M,M,M,M,M,0.0,0.0,0.0,M,M,M,M,0.0,0.0,0.0,M,M,M,0.0,0.0
USC00233835,"HIGBEE 4S","HOWARD",845,39.24,-92.51,0.0,0.0,0.0,0.0,0.0,0.0,T,0.0,0.0,0.0,0.0,T,0.0,T,2.0,0.0,0.0,0.0,0.0,0.0,0.0,0.0,0.0,0.0,0.0,0.0,0.0,0.0,0.0,0.0,0.0
USC00233838,"HIGGINSVILLE","LAFAYETTE",836,39.07,-93.71,0.0,0.0,0.0,0.0,0.0,0.0,0.0,0.0,0.0,0.0,0.0,T,0.0,0.0,1.0,M,0.0,0.0,0.0,0.0,0.0,0.0,T,0.0,0.0,0.0,0.0,0.0,0.0,0.0,0.0
US1MOFSA107,"HIGGINSVILLE 0.9 NNE","LAFAYETTE",817,39.08,-93.72,M,M,0.0,0.0,0.0,M,M,M,M,M,M,M,M,M,M,M,0.0,0.0,0.0,M,M,M,M,0.0,0.0,0.0,M,M,M,0.0,0.0
US1MOMY0006,"HIGH HILL 2.0 N","MONTGOMERY",845,38.90,-91.37,M,M,M,M,M,M,M,M,M,M,M,M,M,M,0.0,M,M,M,M,M,M,M,M,M,M,M,M,M,M,M,M
US1MOFSA099,"HILLSBORO 0.5 SSW","JEFFERSON",840,38.22,-90.57,0.0,0.0,0.0,0.0,0.0,0.0,0.0,M,0.0,0.0,0.0,M,M,0.0,0.8,0.0,0.0,0.0,0.0,0.0,0.0,M,0.0,0.0,0.0,0.0,M,0.0,0.0,0.0,0.0
US1MOJH0001,"HOLDEN 6.2 S","JOHNSON",863,38.62,-93.99,0.0,0.0,0.0,0.0,0.0,0.0,0.0,M,0.0,0.0,M,M,0.0,0.5,1.0,0.0,0.0,0.0,0.0,0.0,0.0,0.0,M,0.0,0.0,0.0,0.0,0.0,0.0,0.0,0.0
US1MOTY0012,"HOLLISTER 3.8 SW","TANEY",1286,36.58,-93.26,0.0,0.0,0.0,0.0,0.0,0.0,0.0,M,0.0,0.0,0.0,0.0,0.0,M,M,M,0.0,0.0,0.0,0.0,0.0,M,0.0,0.0,0.0,0.0,M,0.0,0.0,0.0,0.0
US1MOCW0012,"HOLTS SUMMIT 2.5 NNE","CALLAWAY",840,38.68,-92.10,M,M,M,M,M,M,M,M,M,M,M,M,M,M,1.8,M,M,M,M,M,M,M,M,M,M,M,M,M,M,M,M
US1MOND0006,"HOPKINS 3.9 WSW","NODAWAY",1201,40.54,-94.89,0.0,0.0,0.5,0.0,0.0,0.0,0.0,0.0,0.0,0.0,1.5,0.0,0.0,0.7,0.0,0.0,0.0,0.0,0.0,0.0,0.0,0.0,T,0.0,0.0,0.0,0.0,0.0,T,0.0,0.0
USC00234019,"HOUSTON","TEXAS",1224,37.32,-91.96,M,M,M,M,M,M,M,M,M,M,M,M,M,0.4,0.9,0.0,0.0,0.0,M,M,0.0,0.0,0.0,M,M,M,M,M,0.0,0.0,0.0
US1MOFSA215,"HOUSTON 2.0 S","TEXAS",1194,37.29,-91.96,0.0,0.0,0.0,0.0,0.0,M,M,M,0.0,0.0,M,M,M,M,M,M,0.0,0.0,0.0,M,M,M,0.0,0.0,0.0,0.0,0.0,0.0,0.0,M,M
US1MOTX0007,"HOUSTON 4.5 ESE","TEXAS",1358,37.29,-91.89,0.0,0.0,0.0,0.0,0.0,0.0,0.0,0.0,0.0,0.0,0.0,T,0.0,0.2,0.9,0.3,0.0,0.0,0.0,0.0,0.0,0.0,0.0,0.0,0.0,0.0,0.0,0.0,0.0,0.0,0.0
US1MOTX0040,"HOUSTON 5.0 SE","TEXAS",1410,37.28,-91.89,0.0,0.0,0.0,0.0,0.0,0.0,0.0,M,0.0,0.0,M,M,0.0,M,M,M,0.0,0.0,0.0,0.0,0.0,M,M,0.0,0.0,0.0,M,0.0,0.0,0.0,M
US1MORN0008,"HUNTSVILLE 5.6 SW","RANDOLPH",727,39.38,-92.61,0.0,0.0,0.0,0.0,0.0,0.0,0.0,M,0.0,0.0,M,M,0.0,0.0,1.5,0.0,0.0,0.0,0.0,0.0,0.0,M,M,0.0,0.0,0.0,0.0,0.0,0.0,0.0,0.0
US1MOFSA209,"HURLEY 3.5 NNE","STONE",1309,36.98,-93.48,0.0,0.0,0.0,0.0,0.0,0.0,0.0,M,0.0,0.0,0.0,0.0,0.0,0.0,0.0,0.0,0.0,0.0,0.0,0.0,0.0,M,0.0,0.0,0.0,0.0,0.0,0.0,0.0,0.0,0.0
USC00234136,"IBERIA","MILLER",938,38.10,-92.31,0.0,0.0,M,0.0,0.0,0.0,0.0,0.0,0.0,0.0,0.0,0.0,0.0,0.0,1.5,0.0,0.0,0.0,0.0,0.0,0.0,0.0,0.0,0.0,0.0,0.0,0.0,0.0,0.0,0.0,0.0
US1MOFSA131,"IBERIA 5.6 NE","MILLER",909,38.16,-92.24,0.0,0.0,0.0,0.0,0.0,0.0,0.0,M,0.0,0.0,0.0,M,0.8,0.0,2.5,0.0,0.0,0.0,0.0,0.0,0.0,M,0.0,0.0,0.0,0.0,0.0,0.0,0.0,0.0,0.0
USC00234154,"INDEPENDENCE","JACKSON",985,39.06,-94.39,0.0,0.0,0.0,0.0,0.0,0.0,0.0,0.0,0.0,0.0,0.0,T,0.0,0.5,0.7,0.0,0.0,0.0,0.0,0.0,0.0,0.0,T,0.0,0.0,0.0,0.0,0.0,0.0,T,0.0
US1MOFSA093,"IRON MOUNTAIN LAKE 2.9 WNW","IRON",1086,37.70,-90.67,0.0,0.0,0.0,0.0,0.0,0.0,0.0,M,0.0,0.0,M,0.0,0.0,0.0,0.0,0.0,0.0,0.0,0.0,0.0,0.0,M,0.0,0.0,0.0,0.0,M,0.0,0.0,0.0,0.0
USC00234226,"JACKSON","CAPE GIRARDEAU",440,37.38,-89.67,M,M,M,M,M,M,M,M,M,0.0,M,M,M,M,M,0.7,M,M,M,M,M,M,M,M,M,M,M,M,M,M,M
US1MOFSA031,"JACKSON 1.0 SW","CAPE GIRARDEAU",436,37.37,-89.67,0.0,0.0,0.0,0.0,0.0,0.0,0.0,M,M,M,M,M,0.0,0.0,0.0,0.5,0.0,0.0,0.0,0.0,0.0,M,M,0.0,0.0,0.0,M,0.0,0.0,0.0,0.0
US1MODV0002,"JAMESPORT 1.3 ESE","DAVIESS",973,39.96,-93.78,0.0,0.0,0.0,0.0,0.0,0.0,0.0,M,0.0,0.0,M,2.0,0.0,M,1.0,0.0,0.0,0.0,0.0,0.0,0.0,M,M,0.0,0.0,0.0,0.0,0.0,T,0.0,0.0
US1MOMT0006,"JAMESTOWN 2.7 WNW","MONITEAU",838,38.78,-92.52,0.0,0.0,0.0,0.0,0.0,0.0,M,M,0.0,0.0,M,0.0,0.0,M,M,0.0,0.0,0.0,0.0,0.0,0.0,M,0.0,0.0,0.0,0.0,0.0,0.0,0.0,0.0,0.0
US1MOCE0009,"JEFFERSON CITY 2.6 NW","COLE",604,38.60,-92.22,0.0,0.0,0.0,0.0,0.0,0.0,0.0,M,M,M,0.0,M,0.0,0.0,1.7,M,0.0,0.0,M,M,M,M,M,M,M,M,M,M,M,M,M
US1MOFSA051,"JEFFERSON CITY 3.0 ESE","COLE",620,38.56,-92.14,0.0,0.0,0.0,0.0,0.0,0.0,0.0,M,0.0,0.0,M,0.0,M,M,M,M,0.0,0.0,0.0,0.0,0.0,M,0.0,0.0,0.0,0.0,M,0.0,0.0,0.0,0.0
US1MOCE0007,"JEFFERSON CITY 5.9 W","COLE",739,38.56,-92.30,0.0,0.0,0.0,0.0,0.0,0.0,0.0,M,0.0,0.0,0.0,M,0.0,0.0,2.0,0.0,0.0,0.0,0.0,0.0,0.0,M,M,0.0,0.0,0.0,M,0.0,0.0,0.0,0.0
USW00003963,"JEFFERSON CITY MEMORIAL AP","CALLAWAY",573,38.59,-92.16,0.0,0.0,M,0.0,0.0,0.0,0.0,0.0,0.0,0.0,M,M,0.0,M,M,M,0.0,0.0,0.0,0.0,0.0,M,M,M,M,M,M,M,M,M,M
USC00234271,"JEFFERSON CITY WTR PL","COLE",670,38.59,-92.18,0.0,0.0,0.0,0.0,0.0,0.0,0.0,0.0,0.0,0.0,0.0,0.0,0.0,0.0,1.0,0.0,0.0,0.0,0.0,0.0,0.0,0.0,0.0,0.0,0.0,0.0,0.0,0.0,0.0,0.0,0.0
US1MONW0017,"JOPLIN 4.2 SW","NEWTON",865,37.04,-94.56,M,M,M,M,M,M,M,M,0.0,0.0,0.0,0.0,M,M,M,M,0.0,0.0,0.0,0.0,0.0,M,0.0,0.0,0.0,0.0,M,M,M,M,M
USW00013987,"JOPLIN REGIONAL  AIRPORT","JASPER",972,37.15,-94.50,M,M,M,M,M,M,M,M,0.0,M,M,M,M,M,M,M,M,M,M,M,M,M,M,M,M,M,M,M,M,M,M
US1MOFSA045,"KAHOKA 0.6 S","CLARK",692,40.41,-91.72,M,M,M,M,M,M,M,M,M,M,M,M,M,M,M,M,M,M,M,M,M,M,M,0.0,M,M,M,M,0.0,M,M
USW00003947,"KANSAS CITY INTL AP","PLATTE",1005,39.30,-94.73,0.0,0.0,0.0,0.0,0.0,0.0,0.0,0.0,0.0,M,0.4,0.0,0.0,2.1,0.0,M,0.0,0.0,0.0,M,0.0,0.2,0.0,0.0,0.0,0.0,0.0,0.0,T,0.0,0.0
USC00234382,"KEARNEY 3E","CLAY",840,39.37,-94.33,0.0,0.0,0.0,0.0,0.0,0.0,M,0.0,0.0,0.0,0.0,T,0.0,M,1.0,0.0,0.0,0.0,0.0,0.0,0.0,0.0,T,0.0,0.0,0.0,0.0,0.0,0.0,0.0,0.0
US1MOFSA069,"KENNETT 0.8 N","DUNKLIN",256,36.25,-90.05,M,M,M,0.0,0.0,M,M,M,0.0,0.0,M,M,M,M,M,M,0.0,0.0,0.0,M,M,M,0.0,0.0,0.0,M,M,M,M,0.0,0.0
US1MOFSA041,"KEYTESVILLE 0.3 E","CHARITON",686,39.43,-92.93,0.0,0.0,0.0,0.0,0.0,0.0,M,0.0,0.0,0.0,M,M,0.0,0.0,M,0.0,0.0,0.0,0.0,0.0,M,0.0,M,0.0,0.0,0.0,0.0,0.0,0.0,0.0,0.0
US1MOSE0009,"KIMBERLING CITY 1.5 WNW","STONE",1017,36.65,-93.45,M,M,M,M,M,M,M,M,M,M,M,M,M,2.5,5.0,M,M,M,M,M,M,M,M,M,M,M,M,M,M,M,M
US1MOGN0008,"KING CITY 5.7 NW","GENTRY",1065,40.11,-94.60,0.0,0.0,0.0,0.0,0.0,0.0,M,0.0,0.0,0.0,0.0,0.0,0.0,0.0,0.0,0.0,0.0,0.0,0.0,0.0,0.0,M,0.0,0.0,0.0,0.0,0.0,0.0,0.0,0.0,0.0
US1MOCW0018,"KINGDOM CITY 3.2 NNW","CALLAWAY",864,38.99,-91.97,0.0,0.0,0.0,0.0,0.0,0.0,0.0,M,0.0,0.0,0.0,M,0.0,0.0,1.0,0.0,0.0,0.0,0.0,0.0,0.0,M,M,0.0,0.0,0.0,M,0.0,0.0,0.0,0.0
US1MOFSA025,"KINGSTON 0.1 WNW","CALDWELL",909,39.64,-94.04,0.0,0.0,0.0,0.0,0.0,0.0,0.0,M,0.0,0.0,0.0,M,0.0,0.0,0.0,M,0.0,0.0,0.0,0.0,0.0,M,M,0.0,0.0,0.0,0.0,0.0,0.0,0.0,0.0
USC00234544,"KIRKSVILLE","ADAIR",970,40.21,-92.57,0.0,0.0,T,0.0,0.0,0.0,0.0,0.0,0.0,0.0,0.0,T,0.0,T,2.0,0.0,0.0,0.0,0.0,0.0,0.0,0.0,T,0.0,0.0,0.0,0.0,0.0,T,0.0,0.0
US1MOFSA001,"KIRKSVILLE 1.4 S","ADAIR",942,40.17,-92.58,0.0,0.0,0.0,0.0,0.0,0.0,0.0,M,0.0,0.0,M,M,0.0,0.0,2.0,0.0,0.0,0.0,0.0,0.0,0.0,M,M,0.0,0.0,0.0,0.0,0.0,M,0.0,0.0
US1MOSL0004,"KIRKWOOD 1.6 S","ST. LOUIS",636,38.56,-90.42,0.0,0.0,0.0,0.0,0.0,0.0,0.0,0.0,0.0,0.0,M,M,M,M,M,M,M,M,M,M,0.0,M,0.0,0.0,0.0,0.0,M,0.0,0.0,0.0,0.0
US1MOFSA011,"LAMAR 0.3 ESE","BARTON",968,37.49,-94.27,0.0,0.0,0.0,0.0,0.0,0.0,M,M,0.0,0.0,0.0,M,0.0,0.0,0.0,M,0.0,0.0,0.0,0.0,0.0,M,0.0,0.0,0.0,0.0,0.0,0.0,0.0,0.0,0.0
USC00234705,"LAMAR 7N","BARTON",963,37.60,-94.28,M,M,M,M,M,M,M,M,M,M,M,M,M,M,0.1,0.5,0.0,0.0,M,M,0.0,0.0,0.0,M,M,M,M,M,0.0,0.0,0.0
US1MOFSA201,"LAMBERT 0.8 ESE","SCOTT",325,37.09,-89.54,0.0,0.0,0.0,0.0,0.0,0.0,0.0,M,M,M,M,M,M,M,M,M,M,M,M,M,M,M,M,M,M,M,M,M,M,M,M
US1MOFSA197,"LANCASTER 0.2 SE","SCHUYLER",942,40.52,-92.53,0.0,0.0,0.0,0.0,0.0,0.0,0.0,M,0.0,0.0,0.0,0.5,0.0,0.0,1.0,0.0,0.0,0.0,0.0,0.0,0.0,M,M,0.0,0.0,0.0,0.0,0.0,0.0,0.0,0.0
US1MOFSA105,"LEBANON 1.3 E","LACLEDE",1280,37.67,-92.64,0.0,0.0,0.0,0.0,0.0,0.0,0.0,M,M,0.0,0.0,M,0.0,M,M,0.0,0.0,0.0,0.0,0.0,0.0,M,M,0.0,0.0,0.0,0.0,0.0,0.0,0.0,0.0
US1MOLD0021,"LEBANON 2.4 SE","LACLEDE",1257,37.65,-92.63,0.0,0.0,M,M,0.0,0.0,0.0,M,0.0,0.0,0.0,M,0.0,1.0,1.5,0.0,0.0,0.0,0.0,0.0,0.0,M,M,0.0,0.0,0.0,0.0,0.0,0.0,0.0,0.0
USC00234911,"LEXINGTON 2SSW","LAFAYETTE",865,39.16,-93.89,0.0,0.0,0.0,0.0,0.0,0.0,0.0,0.0,0.0,0.0,0.0,T,0.0,0.3,0.5,0.0,0.0,0.0,0.0,0.0,0.0,0.0,T,0.0,0.0,0.0,0.0,0.0,T,T,0.0
US1MOCY0020,"LIBERTY 4.1 NNW","CLAY",918,39.30,-94.44,M,M,M,M,M,M,M,M,M,M,M,M,0.0,M,M,M,M,M,0.0,M,M,M,M,M,M,M,0.0,M,0.0,M,0.0
US1MOFSA047,"LIBERTY 9.4 NNE","CLAY",754,39.28,-94.25,0.0,0.0,0.0,0.0,M,M,M,M,0.0,0.0,M,M,M,M,M,M,0.0,0.0,0.0,M,M,M,0.0,0.0,0.0,M,M,M,M,0.0,0.0
USC00234919,"LICKING 4N","TEXAS",1180,37.55,-91.88,M,M,M,M,M,M,M,M,M,M,M,M,M,M,M,M,M,M,M,M,0.0,0.0,0.0,M,M,M,M,M,0.0,0.0,0.0
US1MOFSA015,"LINCOLN 0.4 NNE","BENTON",948,38.40,-93.33,0.0,0.0,0.0,0.0,0.0,0.0,0.0,M,0.0,0.0,M,0.0,M,M,M,0.0,0.0,0.0,0.0,0.0,0.0,M,0.0,M,0.0,0.0,0.0,0.0,0.0,0.0,0.0
US1MOFSA151,"LINN 0.8 SE","OSAGE",906,38.47,-91.83,0.0,0.0,0.0,0.0,0.0,0.0,0.0,M,0.0,0.0,0.0,0.0,0.0,0.0,1.5,0.0,0.0,0.0,0.0,0.0,0.0,M,M,0.0,0.0,0.0,0.0,0.0,0.0,0.0,0.0
US1MOFSA029,"LINN CREEK 9.4 SE","CAMDEN",1014,37.96,-92.57,0.0,0.0,0.0,0.0,0.0,0.0,0.0,M,M,0.0,0.0,M,M,M,M,0.0,0.0,0.0,0.0,0.0,0.0,M,M,0.0,0.0,0.0,0.0,0.0,0.0,0.0,0.0
USC00234982,"LINNEUS 3SE","LINN",814,39.86,-93.15,0.0,0.0,0.0,0.0,0.0,0.0,0.0,0.0,0.0,0.0,0.0,0.0,0.0,0.0,1.0,0.0,0.0,0.0,0.0,0.0,0.0,0.0,0.0,0.0,0.0,0.0,0.0,0.0,0.0,0.0,0.0
USC00235027,"LOCKWOOD","DADE",1077,37.39,-93.95,0.0,0.0,0.0,0.0,0.0,0.0,0.0,0.0,0.0,0.0,0.0,0.0,0.0,0.0,1.5,1.0,0.0,0.0,0.0,0.0,0.0,0.0,0.0,0.0,0.0,0.0,0.0,0.0,0.0,0.0,0.0
USC00235050,"LONG BRANCH RESERVOIR","MACON",820,39.75,-92.51,0.0,0.0,0.0,0.0,0.0,0.0,0.0,0.0,0.0,0.0,0.0,T,0.0,1.0,0.0,0.0,0.0,0.0,0.0,0.0,0.0,0.0,0.0,0.0,0.0,0.0,0.0,0.0,T,0.0,0.0
USC00235098,"LOUISIANA","PIKE",512,39.45,-91.05,0.0,0.0,0.0,0.0,0.2,0.0,0.0,M,M,M,M,M,M,0.0,M,0.0,0.0,0.0,0.0,0.0,0.0,0.0,0.0,0.0,0.0,0.0,0.0,0.0,M,0.0,M
US1MOSR0001,"LOWRY CITY 3.8 ESE","ST. CLAIR",774,38.13,-93.66,0.0,0.0,0.0,0.0,0.0,0.0,M,M,0.0,0.0,M,0.0,0.0,M,1.6,M,0.0,0.0,M,M,M,M,M,0.0,0.0,0.0,M,M,0.0,0.0,0.0
US1MOMT0005,"LUPUS 0.1 NE","MONITEAU",576,38.85,-92.45,0.0,M,M,M,M,M,M,M,M,M,M,M,M,M,M,M,M,M,M,M,0.0,M,M,0.0,0.0,0.0,M,0.0,0.0,M,0.0
US1MOMC0004,"MACON 0.4 NNW","MACON",878,39.74,-92.47,M,M,M,M,M,M,M,M,0.0,M,M,M,0.0,0.0,M,M,0.0,M,0.0,M,M,M,M,0.0,M,M,M,M,M,M,M
US1MOFSA121,"MACON 1.5 N","MACON",882,39.76,-92.47,0.0,0.0,0.0,0.0,0.0,0.0,0.0,M,0.0,0.0,M,M,M,M,M,M,0.0,0.0,0.0,M,M,M,M,0.0,0.0,0.0,0.0,0.0,0.0,0.0,0.0
US1MOMC0002,"MACON 4.6 NE","MACON",790,39.79,-92.41,M,M,M,M,M,M,M,M,M,M,M,M,M,M,1.0,M,M,M,M,M,M,M,M,M,M,M,M,M,M,M,M
USC00235207,"MALDEN MUNICIPAL AP","DUNKLIN",290,36.60,-89.99,M,0.0,0.0,0.0,0.0,0.0,M,0.0,0.0,0.0,0.0,T,3.0,M,0.0,2.0,0.0,0.0,0.0,0.0,M,0.0,0.0,0.0,0.0,0.0,0.0,M,0.0,0.0,0.0
US1MOSL0018,"MANCHESTER 1.4 SE","ST. LOUIS",565,38.58,-90.50,0.0,M,0.0,0.0,0.0,0.0,0.0,M,0.0,0.0,M,M,M,0.0,M,0.0,0.0,0.0,0.0,0.0,0.0,M,M,0.0,0.0,0.0,M,0.0,0.0,0.0,0.0
USC00235227,"MANSFIELD","WRIGHT",1448,37.11,-92.58,M,M,M,M,M,M,M,M,M,M,M,M,M,0.5,1.5,0.0,0.0,0.0,M,M,0.0,0.0,M,M,M,M,M,M,0.0,0.0,0.0
US1MODG0006,"MANSFIELD 3.7 SSE","DOUGLAS",1150,37.06,-92.57,0.0,0.0,0.0,0.0,0.0,M,M,M,M,M,M,M,0.0,0.0,1.5,0.0,0.0,0.0,0.0,0.0,0.0,M,M,0.0,0.0,0.0,M,0.0,0.0,0.0,0.0
US1MOSL0070,"MAPLEWOOD 1.3 SE","ST. LOUIS",507,38.60,-90.31,0.0,0.0,0.0,M,M,0.0,0.0,M,0.0,M,M,M,M,0.0,M,0.0,M,0.0,0.0,0.0,0.0,M,M,0.0,0.0,0.0,M,0.0,0.0,M,0.0
US1MOFSA017,"MARBLE HILL 0.4 NE","BOLLINGER",463,37.31,-89.97,0.0,0.0,0.0,0.0,0.0,0.0,0.0,M,M,M,M,M,0.0,0.0,0.0,M,0.0,0.0,0.0,0.0,0.0,M,0.0,0.0,0.0,0.0,M,M,0.0,0.0,0.0
USW00013991,"MARSHALL","SALINE",790,39.13,-93.22,0.0,0.0,0.0,0.0,0.0,0.0,0.0,0.0,0.0,0.0,0.0,T,0.0,T,1.0,0.0,0.0,0.0,0.0,0.0,0.0,0.0,0.0,0.0,0.0,0.0,0.0,0.0,0.0,0.0,0.0
US1MOFSA195,"MARSHALL 1.0 NNW","SALINE",794,39.13,-93.21,0.0,0.0,0.0,0.0,0.0,0.0,0.0,M,0.0,0.0,M,M,0.0,0.0,M,0.0,M,0.0,0.0,0.0,0.0,M,M,0.0,0.0,M,0.0,0.0,0.0,0.0,0.0
USC00235307,"MARSHFIELD","WEBSTER",1473,37.34,-92.91,M,M,M,M,M,M,M,M,M,M,M,M,M,0.3,1.3,2.0,M,M,M,M,0.0,0.0,0.0,M,M,M,M,M,0.0,0.0,0.0
US1MOWB0007,"MARSHFIELD 0.9 SE","WEBSTER",1496,37.33,-92.90,0.0,0.0,0.0,0.0,0.0,0.0,0.0,M,M,0.0,0.0,M,0.0,0.8,1.5,M,0.0,0.0,0.0,0.0,0.0,M,M,0.0,0.0,0.0,M,0.0,0.0,0.0,0.0
US1MOFSA225,"MARSHFIELD 1.4 W","WEBSTER",1460,37.34,-92.94,0.0,0.0,0.0,0.0,0.0,0.0,0.0,M,0.0,0.0,0.0,0.0,M,M,M,M,0.0,0.0,0.0,M,M,M,0.0,0.0,0.0,0.0,0.0,0.0,0.0,0.0,0.0
US1MOWB0005,"MARSHFIELD 3.6 S","WEBSTER",1538,37.29,-92.90,0.0,0.0,0.0,0.0,0.0,0.0,0.0,M,0.0,0.0,0.0,M,0.0,1.6,M,M,0.0,0.0,0.0,0.0,0.0,M,M,0.0,0.0,0.0,M,0.0,0.0,0.0,0.0
US1MOWB0029,"MARSHFIELD 3.7 SE","WEBSTER",1431,37.30,-92.87,0.0,0.0,0.0,0.0,0.0,0.0,0.0,0.0,0.0,M,0.0,M,0.0,M,M,0.0,0.0,M,0.0,0.0,M,M,M,0.0,0.0,0.0,M,0.0,0.0,0.0,0.0
US1MOWB0030,"MARSHFIELD 4.1 WSW","WEBSTER",1429,37.32,-92.98,M,M,M,M,M,M,M,M,M,M,M,M,T,1.0,1.5,0.0,M,M,M,M,M,M,M,M,M,M,M,M,M,M,M
US1MOWR0008,"MARTHASVILLE 0.5 W","WARREN",537,38.63,-91.06,0.0,0.0,0.0,T,0.0,0.0,0.0,0.0,0.0,0.0,0.0,T,T,0.0,1.5,T,0.0,0.0,0.0,0.0,0.0,0.0,T,T,0.0,M,M,0.0,M,T,M
US1MOFSA147,"MARYVILLE 1.4 SSW","NODAWAY",1099,40.32,-94.88,0.0,0.0,0.0,0.0,0.0,0.0,0.0,0.0,0.0,0.0,0.0,0.0,0.0,0.0,0.0,M,0.0,0.0,0.0,0.0,0.0,M,0.0,0.0,0.0,0.0,0.0,0.0,0.0,0.0,M
USC00235340,"MARYVILLE 2E","NODAWAY",985,40.35,-94.83,0.0,0.0,0.0,0.0,0.0,0.0,0.0,0.0,0.0,0.0,0.5,M,0.0,0.5,0.2,0.0,0.0,0.0,0.0,0.0,0.0,0.0,0.6,0.0,0.0,0.0,0.0,0.0,0.3,0.0,0.0
US1MOFSA063,"MAYSVILLE 0.4 SSE","DEKALB",955,39.88,-94.36,0.0,0.0,0.0,0.0,0.0,0.0,0.0,0.0,0.0,M,M,0.0,0.0,M,0.0,0.0,0.0,0.0,0.0,0.0,M,M,0.0,0.0,0.0,0.0,0.0,0.0,0.0,0.0,0.0
USC00235492,"MEMPHIS","SCOTLAND",770,40.46,-92.18,0.0,0.0,T,0.0,0.0,0.0,0.0,0.0,0.0,0.0,0.0,T,0.0,0.0,3.0,0.0,0.0,0.0,0.0,0.0,0.0,0.0,T,0.0,0.0,0.0,0.0,0.0,T,0.0,0.0
US1MOFSA199,"MEMPHIS 0.1 S","SCOTLAND",794,40.46,-92.17,0.0,0.0,0.0,0.0,0.0,0.0,0.0,M,M,M,0.0,M,0.0,0.0,M,0.0,0.0,0.0,0.0,0.0,0.0,M,M,0.0,0.0,M,0.0,0.0,M,0.0,0.0
US1MOFSA007,"MEXICO 3.3 SSW","AUDRAIN",824,39.12,-91.89,M,M,M,M,M,M,M,M,0.0,M,M,M,M,M,M,M,0.0,0.0,M,M,M,M,M,0.0,0.0,0.0,0.0,M,M,0.0,0.0
US1MOAN0008,"MEXICO 5.8 SE","AUDRAIN",836,39.10,-91.81,0.0,0.0,0.0,0.0,0.0,0.0,0.0,M,0.0,0.0,M,0.0,0.0,0.0,0.0,0.0,0.0,0.0,0.0,0.0,0.0,M,0.0,0.0,0.0,0.0,0.0,0.0,0.0,0.0,0.0
US1MOMY0002,"MIDDLETOWN 3.5 SW","MONTGOMERY",808,39.09,-91.46,0.0,0.0,0.0,0.0,0.0,0.0,0.0,0.0,0.0,0.0,0.0,0.0,0.0,0.0,0.6,0.0,0.0,0.0,0.0,0.0,0.0,0.0,0.0,0.0,0.0,0.0,0.0,0.0,0.0,0.0,0.0
USC00235578,"MILAN","SULLIVAN",840,40.22,-93.11,0.0,0.0,0.0,0.0,0.0,0.0,0.0,0.0,0.0,0.0,0.0,0.0,0.0,0.0,0.8,0.0,0.0,0.0,0.0,0.0,0.0,0.0,0.0,0.0,0.0,0.0,0.0,0.0,0.0,0.0,0.0
US1MOFSA211,"MILAN 1.2 SW","SULLIVAN",974,40.19,-93.14,0.0,0.0,0.0,0.0,0.0,0.0,0.0,M,0.0,0.0,M,M,0.0,0.0,M,0.0,0.0,0.0,0.0,0.0,0.0,M,M,0.0,0.0,0.0,0.0,0.0,M,0.0,0.0
USC00235594,"MILLER","LAWRENCE",1259,37.21,-93.84,M,M,M,M,M,M,M,M,M,M,M,M,M,M,M,2.5,0.0,0.0,M,M,0.0,0.0,0.0,0.0,0.0,M,M,M,M,M,M
US1MOLW0004,"MILLER 6.2 WNW","LAWRENCE",1215,37.25,-93.94,0.0,0.0,0.0,0.0,0.0,0.0,0.0,0.0,0.0,0.0,0.0,T,0.0,T,2.5,0.5,M,0.0,0.0,0.0,0.0,0.0,T,0.0,0.0,0.0,0.0,0.0,0.0,0.0,0.0
US1MOLW0009,"MILLER 9.2 WNW","LAWRENCE",1136,37.25,-94.00,0.0,0.0,0.0,0.0,0.0,0.0,0.0,M,M,0.0,0.0,0.0,0.0,T,2.5,0.3,0.0,0.0,0.0,0.0,0.0,M,M,0.0,M,M,M,M,M,M,M
USC00235671,"MOBERLY","RANDOLPH",860,39.42,-92.44,0.0,0.0,0.0,0.0,0.0,0.0,0.0,0.0,0.0,0.0,0.0,T,0.0,0.0,1.0,0.0,0.0,0.0,0.0,0.0,0.0,0.0,0.0,0.0,0.0,0.0,0.0,0.0,0.0,0.0,0.0
US1MORN0004,"MOBERLY 0.8 WSW","RANDOLPH",863,39.42,-92.45,0.0,0.0,0.0,0.0,0.0,0.0,0.0,M,0.0,0.0,M,M,0.0,0.0,2.0,0.0,0.0,0.0,0.0,0.0,0.0,M,M,0.0,0.0,0.0,M,0.0,0.0,0.0,0.0
US1MOFSA175,"MOBERLY 2.5 N","RANDOLPH",873,39.46,-92.44,M,M,0.0,0.0,0.0,M,M,M,0.0,0.0,0.0,M,M,M,M,M,0.0,0.0,0.0,M,M,M,0.0,0.0,0.0,0.0,M,M,M,0.0,0.0
USC00235704,"MONETT 4SW","BARRY",1420,36.86,-93.96,M,M,M,M,M,M,M,M,0.0,0.0,0.0,0.0,M,M,2.6,3.6,0.0,0.0,M,M,0.0,0.0,0.0,M,M,M,M,M,0.0,0.0,0.0
USC00235708,"MONROE CITY","MONROE",741,39.63,-91.72,0.0,0.0,0.0,T,0.0,0.0,0.0,0.0,0.0,0.0,0.0,0.0,0.0,0.0,0.6,0.0,0.0,0.0,0.0,0.0,0.0,0.0,T,0.0,0.0,0.0,0.0,0.0,0.0,0.0,0.0
US1MOMA0007,"MONROE CITY 0.3 NW","MARION",737,39.66,-91.74,M,M,M,M,M,M,M,M,M,M,M,M,M,M,1.3,M,M,M,M,M,M,M,M,M,M,M,M,M,M,M,M
USC00235715,"MONTAUK STATE PARK","DENT",945,37.45,-91.68,M,M,M,M,M,M,M,M,M,0.0,0.0,0.0,M,M,M,M,M,M,M,M,M,M,M,M,M,M,M,M,M,M,M
US1MOFSA139,"MONTGOMERY CITY 0.8 SE","MONTGOMERY",850,38.97,-91.50,0.0,0.0,0.0,0.0,0.0,0.0,0.0,M,0.0,0.0,0.0,0.0,0.0,0.0,0.0,0.0,0.0,0.0,0.0,0.0,0.0,M,0.0,0.0,0.0,0.0,0.0,0.0,0.0,0.0,0.0
US1MOFSA111,"MONTICELLO 0.4 SSW","LEWIS",584,40.11,-91.72,0.0,0.0,0.0,0.0,0.0,0.0,0.0,M,0.0,0.0,0.0,M,0.0,0.0,0.0,M,0.0,0.0,0.0,0.0,0.0,M,0.0,0.0,0.0,0.0,0.0,0.0,0.0,0.0,0.0
USC00235784,"MORRISVILLE 2SW","POLK",1040,37.46,-93.44,M,M,M,M,M,M,M,0.0,M,M,M,M,M,M,M,M,M,M,M,M,M,M,M,M,M,M,M,M,M,M,M
US1MOFSA087,"MOUND CITY 0.2 WNW","HOLT",919,40.14,-95.24,0.0,0.0,0.0,0.0,0.0,0.0,0.0,0.0,0.0,0.0,M,0.0,M,M,M,M,0.0,0.0,0.0,0.0,0.0,M,M,0.0,0.0,0.0,0.0,0.0,0.0,0.0,0.0
US1MOLW0025,"MOUNT VERNON 0.2 E","LAWRENCE",1235,37.10,-93.81,0.0,0.0,0.0,0.0,0.0,M,M,M,0.0,0.0,M,T,0.0,0.0,M,M,0.0,0.0,0.0,0.0,0.0,M,M,0.0,0.0,0.0,M,0.0,0.0,0.0,0.0
US1MOFSA109,"MOUNT VERNON 1.3 NNW","LAWRENCE",1263,37.12,-93.83,0.0,0.0,0.0,0.0,0.0,0.0,0.0,M,0.0,0.0,0.0,M,0.0,0.0,M,M,0.0,0.0,0.0,0.0,0.0,M,M,0.0,0.0,0.0,0.0,0.0,0.0,0.0,0.0
US1MOWT0014,"MOUNTAIN GROVE 13.0 NNW","WRIGHT",1118,37.30,-92.37,0.0,0.0,0.0,0.0,0.0,0.0,0.0,M,0.0,0.0,0.0,0.0,0.0,0.0,0.0,0.0,0.0,0.0,0.0,0.0,0.0,M,0.0,0.0,0.0,0.0,M,0.0,0.0,0.0,0.0
US1MODG0001,"MOUNTAIN GROVE 14.0 S","DOUGLAS",1148,36.93,-92.27,0.0,0.0,0.0,0.0,0.0,0.0,M,M,0.0,0.0,M,M,0.0,1.5,0.5,0.0,0.0,0.0,0.0,0.0,0.0,M,M,0.0,0.0,0.0,0.0,0.0,0.0,0.0,0.0
USC00235834,"MOUNTAIN GROVE 2 N","WRIGHT",1466,37.15,-92.26,M,M,M,M,M,M,M,M,M,M,M,M,M,M,M,M,M,M,M,M,M,M,M,M,M,M,M,M,0.0,0.0,0.0
US1MOSH0001,"MOUNTAIN VIEW 7.0 NE","SHANNON",1096,37.06,-91.60,0.0,0.0,0.0,0.0,0.0,0.0,0.0,M,M,M,M,0.0,0.0,0.1,M,T,0.0,0.0,0.0,0.0,M,M,0.0,0.0,0.0,M,M,0.0,0.0,0.0,0.0
US1MOHL0026,"MOUNTAIN VIEW 7.9 W","HOWELL",1180,37.00,-91.84,0.0,0.0,0.0,0.0,0.0,0.0,0.0,M,M,M,M,0.0,0.0,M,M,M,0.0,0.0,0.0,0.0,0.0,M,M,0.0,0.0,0.0,M,0.0,0.0,0.0,0.0
US1MOOR0023,"MYRTLE 0.3 E","OREGON",560,36.51,-91.26,M,M,M,0.0,M,M,M,M,M,M,M,M,M,M,M,M,M,M,M,M,M,M,M,M,M,0.0,M,M,M,M,M
USC00235916,"NAPOLEON","LAFAYETTE",680,39.13,-94.06,M,0.0,0.0,0.0,0.0,M,M,M,0.0,0.0,0.0,0.0,M,M,M,T,0.0,0.0,0.0,M,M,0.0,T,0.0,0.0,0.0,M,M,0.0,0.0,0.0
US1MOSN0003,"NELSON 1.0 SW","SALINE",749,38.98,-93.04,0.0,0.0,0.0,0.0,0.0,0.0,0.0,M,M,M,M,M,M,M,M,M,M,M,M,M,M,M,M,M,M,M,M,M,M,M,M
USC00235976,"NEOSHO","NEWTON",1033,36.86,-94.36,M,M,M,M,M,M,M,M,M,0.0,0.0,0.0,M,M,2.0,4.5,M,M,M,M,0.0,0.0,0.0,0.0,M,M,M,M,M,M,M
US1MOFSA145,"NEOSHO 3.9 WNW","NEWTON",1152,36.86,-94.44,0.0,0.0,0.0,0.0,0.0,0.0,0.0,M,0.0,0.0,0.0,0.0,0.0,0.0,2.0,4.5,0.0,0.0,0.0,0.0,0.0,M,0.0,0.0,0.0,0.0,M,0.0,0.0,0.0,0.0
US1MOFSA217,"NEVADA 0.2 W","VERNON",868,37.84,-94.36,0.0,0.0,0.0,0.0,0.0,M,M,M,0.0,0.0,M,M,M,M,M,M,0.0,0.0,0.0,M,M,M,M,0.0,0.0,0.0,M,0.0,0.0,0.0,0.0
USC00235987,"NEVADA WATER PLANT","VERNON",871,37.84,-94.37,M,M,M,M,M,M,M,M,M,0.0,0.0,0.0,M,1.0,M,M,M,M,M,M,M,M,M,M,M,M,M,M,0.0,0.0,0.0
US1MOCW0009,"NEW BLOOMFIELD 5.2 W","CALLAWAY",595,38.73,-92.18,0.0,0.0,0.0,M,0.0,0.0,0.0,M,0.0,0.0,M,M,0.0,0.0,1.5,M,M,0.0,0.0,0.0,0.0,M,M,0.0,0.0,0.0,M,0.0,0.0,0.0,0.0
USC00236012,"NEW FRANKLIN 1W","HOWARD",641,39.02,-92.76,0.0,0.0,0.0,0.0,0.0,0.0,0.0,0.0,0.0,0.0,0.0,T,0.0,0.1,1.7,0.0,0.0,0.0,0.0,0.0,0.0,0.0,0.1,0.0,0.0,0.0,0.0,0.0,0.0,0.0,0.0
US1MOFR0022,"NEW HAVEN 8.3 SSE","FRANKLIN",619,38.51,-91.14,0.0,0.0,0.0,0.0,0.0,0.0,0.0,M,M,M,M,M,T,0.0,0.6,M,T,M,M,0.0,0.0,M,M,0.0,0.0,0.0,M,0.0,0.0,M,0.0
US1MOFSA173,"NEW LONDON 0.9 SSW","RALLS",692,39.57,-91.40,0.0,0.0,0.0,0.0,0.0,0.0,0.0,M,0.0,0.0,0.0,0.0,0.0,0.0,0.0,0.0,0.0,0.0,0.0,0.0,0.0,M,0.0,0.0,0.0,0.0,0.0,0.0,0.0,0.0,0.0
US1MORL0001,"NEW LONDON 3.0 NNW","RALLS",615,39.63,-91.41,0.0,0.0,0.0,0.0,0.0,0.0,0.0,M,0.0,0.0,0.0,M,0.0,0.0,1.1,0.0,0.0,0.0,0.0,0.0,M,M,M,0.0,M,0.0,0.0,0.0,0.0,0.0,0.0
US1MONM0007,"NEW MADRID 0.2 SE","NEW MADRID",301,36.59,-89.55,M,M,0.0,0.0,0.0,M,M,M,M,M,M,M,M,M,M,M,M,0.0,0.0,M,M,M,0.0,0.0,0.0,0.0,M,M,M,0.0,0.0
US1MOPH0025,"NEWBURG 9.6 SSW","PHELPS",1144,37.79,-91.97,0.0,M,M,M,M,M,M,M,M,0.0,M,M,M,M,M,M,M,M,M,M,M,M,M,M,M,M,M,M,M,M,M
US1MOCR0013,"NIXA 2.7 SSW","CHRISTIAN",1267,37.01,-93.32,0.0,0.0,0.0,0.0,0.0,0.0,0.0,0.0,0.0,0.0,0.0,0.0,0.0,1.0,0.8,1.8,0.0,0.0,0.0,0.0,0.0,M,T,0.0,0.0,0.0,M,M,M,M,M
US1MOMD0001,"NOEL 3.8 NNE","MCDONALD",850,36.59,-94.45,0.0,0.0,0.0,0.0,0.0,0.0,0.0,0.0,0.0,0.0,0.0,0.0,0.0,0.0,T,1.5,0.0,0.0,0.0,0.0,0.0,0.0,0.0,0.0,0.0,0.0,0.0,0.0,0.0,0.0,0.0
US1MOCG0007,"OAK RIDGE 0.2 NW","CAPE GIRARDEAU",596,37.50,-89.73,M,0.0,M,M,M,M,M,M,M,M,M,M,M,M,M,M,M,0.0,M,M,M,M,M,0.0,0.0,M,M,M,0.0,0.0,0.0
USC00236357,"OREGON","HOLT",1045,39.98,-95.15,0.0,0.0,0.0,0.0,0.0,0.0,0.0,0.0,0.0,0.0,M,M,0.0,M,0.0,0.0,0.0,0.0,0.0,0.0,0.0,0.0,M,0.0,0.0,0.0,0.0,0.0,0.0,0.0,0.0
US1MOFSA185,"OSCEOLA 0.3 SW","ST. CLAIR",814,38.04,-93.70,0.0,0.0,0.0,0.0,0.0,0.0,0.0,M,0.0,0.0,0.0,0.0,0.0,0.0,0.0,0.0,0.0,0.0,0.0,0.0,0.0,0.0,0.0,0.0,0.0,0.0,0.0,0.0,0.0,0.0,0.0
US1MOFSA073,"OWENSVILLE 0.5 S","GASCONADE",961,38.34,-91.50,0.0,0.0,0.0,0.0,0.0,0.0,0.0,M,0.0,0.0,M,M,0.0,M,M,M,0.0,0.0,0.0,0.0,0.0,M,M,0.0,0.0,0.0,0.0,0.0,0.0,0.0,0.0
US1MOFSA043,"OZARK 1.6 SE","CHRISTIAN",1339,37.00,-93.19,0.0,0.0,0.0,0.0,0.0,0.0,0.0,M,0.0,0.0,0.0,0.0,0.0,M,M,M,0.0,0.0,0.0,0.0,0.0,M,0.0,0.0,0.0,0.0,0.0,0.0,0.0,0.0,0.0
USC00236460,"OZARK BEACH","TANEY",834,36.67,-93.11,M,M,M,M,M,M,M,M,M,M,M,M,M,M,M,M,M,M,M,M,M,M,M,M,M,M,M,M,0.0,0.0,0.0
US1MOFR0017,"PACIFIC 2.4 WNW","FRANKLIN",647,38.49,-90.79,0.0,0.0,0.0,0.0,0.0,0.0,0.0,M,0.0,0.0,M,T,M,0.0,0.5,T,0.0,0.0,0.0,0.0,0.0,M,0.0,0.0,0.0,0.0,M,M,M,0.0,0.0
US1MOFSA127,"PALMYRA 1.0 W","MARION",650,39.79,-91.54,0.0,0.0,0.0,0.0,0.0,0.0,0.0,0.0,0.0,0.0,0.0,M,0.0,0.0,0.0,0.0,0.0,0.0,0.0,0.0,0.0,M,M,0.0,0.0,0.0,0.0,0.0,M,0.0,0.0
US1MOMA0005,"PALMYRA 4.5 NNW","MARION",659,39.85,-91.56,0.0,0.0,0.0,0.0,0.0,0.0,0.0,M,0.0,0.0,0.0,M,0.0,0.0,M,0.0,0.0,0.0,0.0,0.0,M,M,M,0.0,0.0,0.0,M,0.0,0.0,0.0,0.0
US1MOFSA137,"PARIS 0.7 S","MONROE",718,39.47,-92.00,0.0,0.0,0.0,0.0,0.0,M,M,M,0.0,0.0,M,0.0,M,M,M,0.0,0.0,0.0,0.0,0.0,0.0,M,0.0,0.0,0.0,0.0,0.0,0.0,0.0,0.0,0.0
US1MOPT0008,"PARKVILLE 6.2 WNW","PLATTE",966,39.23,-94.78,0.0,0.0,0.0,0.0,0.0,0.0,M,0.0,M,0.0,M,0.5,0.0,1.0,0.7,0.0,0.0,0.0,0.0,0.0,0.0,M,0.5,0.0,0.0,0.0,0.0,0.0,T,M,0.0
USC00236563,"PATTONSBURG 2S","DAVIESS",825,40.01,-94.13,M,M,M,M,M,M,M,0.0,M,M,M,0.0,M,M,1.0,M,M,0.0,M,0.0,M,0.0,0.0,M,M,M,M,M,0.0,M,0.0
US1MODK0003,"PATTONSBURG 6.9 SW","DEKALB",855,39.99,-94.24,0.0,0.0,0.0,0.0,0.0,0.0,0.0,M,0.0,0.0,0.0,M,0.0,M,M,0.0,0.0,0.0,0.0,0.0,0.0,M,0.0,0.0,0.0,0.0,0.0,0.0,0.0,0.0,0.0
US1MOFSA157,"PERRYVILLE 1.1 NE","PERRY",571,37.74,-89.86,0.0,0.0,0.0,0.0,0.0,0.0,0.0,0.0,0.0,0.0,0.0,0.0,0.0,0.0,0.0,1.0,0.0,0.0,0.0,0.0,0.0,0.0,0.0,0.0,0.0,0.0,0.0,0.0,0.0,0.0,0.0
USC00236641,"PERRYVILLE WATER PLT","PERRY",502,37.73,-89.92,0.0,0.0,0.0,0.0,0.0,0.0,0.0,0.0,0.0,0.0,0.0,0.0,0.0,0.0,0.0,0.0,0.0,0.0,0.0,0.0,0.0,0.0,0.0,0.0,0.0,0.0,0.0,0.0,0.0,0.0,0.0
US1MOLD0026,"PHILLIPSBURG 5.0 NW","LACLEDE",1294,37.61,-92.85,0.0,M,M,M,M,0.0,0.0,M,0.0,M,M,M,0.0,0.5,1.5,M,M,M,0.0,M,M,M,0.0,0.0,M,0.0,M,M,0.0,M,M
US1MOFSA165,"PLATTE CITY 0.3 ENE","PLATTE",938,39.36,-94.77,0.0,0.0,0.0,0.0,0.0,M,M,M,0.0,0.0,M,M,0.0,0.0,M,0.0,0.0,0.0,0.0,M,M,M,M,0.0,0.0,0.0,0.0,0.0,0.0,0.0,0.0
US1MOPT0009,"PLATTE CITY 2.0 SSE","PLATTE",837,39.33,-94.76,0.0,0.0,0.0,0.0,0.0,0.0,0.0,0.0,0.0,0.0,0.0,0.5,0.0,1.2,0.5,0.0,T,0.0,0.0,0.0,0.0,0.0,0.1,M,M,M,M,M,M,M,M
US1MOPT0007,"PLATTE CITY 2.9 NNE","PLATTE",857,39.40,-94.75,0.0,M,M,M,M,0.0,M,M,0.0,M,M,M,M,M,M,0.0,M,0.0,M,M,0.0,M,M,0.0,M,0.0,0.0,M,M,M,0.0
US1MOFSA049,"PLATTSBURG 0.6 W","CLINTON",945,39.56,-94.47,0.0,0.0,0.0,0.0,0.0,0.0,0.0,M,0.0,0.0,0.0,0.0,0.0,0.0,0.0,0.0,0.0,0.0,M,0.0,0.0,M,M,0.0,0.0,0.0,0.0,0.0,0.0,0.0,0.0
USC00236745,"PLEASANT HILL WFO","CASS",1000,38.81,-94.26,0.0,0.0,0.0,0.0,0.0,0.0,0.0,0.0,0.0,0.0,T,0.0,0.0,1.9,0.2,0.0,0.0,0.0,0.0,0.0,0.0,0.1,0.0,0.0,0.0,0.0,0.0,0.0,T,0.0,0.0
US1MOCY0002,"PLEASANT VALLEY 0.8 NW","CLAY",876,39.23,-94.49,0.0,0.0,0.0,0.0,0.0,0.0,0.0,M,0.0,M,M,0.2,0.0,M,M,M,0.0,0.0,0.0,0.0,0.0,M,M,0.0,0.0,0.0,0.0,M,M,0.0,0.0
USC00236775,"POLO","CALDWELL",976,39.55,-94.03,0.0,0.0,0.0,0.0,0.0,0.0,0.0,0.0,0.0,0.0,0.0,T,0.0,0.5,M,0.0,0.0,0.0,0.0,0.0,0.0,0.0,T,0.0,0.0,0.0,0.0,0.0,T,0.0,0.0
USC00236777,"POMME DE TERRE DAM","HICKORY",907,37.90,-93.32,M,M,0.0,M,0.0,M,M,M,M,M,M,M,M,M,M,M,M,M,M,M,M,M,M,0.0,M,0.0,M,M,0.0,M,0.0
USC00236791,"POPLAR BLUFF","BUTLER",370,36.76,-90.41,0.0,0.0,0.0,0.0,0.0,M,M,0.0,0.0,0.0,0.0,0.0,0.0,M,0.0,4.4,0.0,M,M,M,0.0,M,0.0,0.0,0.0,0.0,0.0,0.0,M,M,M
US1MOFSA023,"POPLAR BLUFF 4.2 NW","BUTLER",492,36.81,-90.46,0.0,0.0,0.0,0.0,0.0,0.0,0.0,M,0.0,M,M,M,0.0,0.0,0.0,M,0.0,0.0,0.0,0.0,0.0,M,0.0,0.0,0.0,0.0,0.0,M,0.0,0.0,0.0
USW00003975,"POPLAR BLUFF MUNICIPAL AP","BUTLER",327,36.77,-90.32,0.0,0.0,M,0.0,M,0.0,0.0,0.0,0.0,M,M,M,0.0,M,M,M,0.0,0.0,0.0,0.0,M,M,0.0,0.0,0.0,0.0,M,0.0,0.0,0.0,0.0
US1MOWS0002,"POTOSI 3.2 W","WASHINGTON",980,37.93,-90.84,0.0,0.0,0.0,0.0,0.0,M,0.0,M,M,M,M,M,M,0.0,0.7,M,0.0,0.0,0.0,0.0,M,M,M,0.0,0.0,0.0,M,0.0,0.0,0.0,0.0
USC00236826,"POTOSI 4 SW","WASHINGTON",1105,37.90,-90.84,0.0,0.0,T,0.0,0.0,0.0,0.0,0.0,0.0,0.0,0.0,T,T,0.0,0.6,0.1,T,0.0,0.0,0.0,0.0,0.0,T,0.0,0.0,0.0,0.0,0.0,0.0,0.0,0.0
USC00236866,"PRINCETON","MERCER",980,40.40,-93.58,0.0,0.0,0.0,0.0,0.0,0.0,0.0,0.0,0.0,0.0,0.0,T,0.0,T,1.0,0.0,0.0,0.0,0.0,0.0,0.0,0.0,T,0.0,0.0,0.0,0.0,0.0,T,0.0,0.0
US1MOMR0002,"PRINCETON 0.4 SE","MERCER",961,40.39,-93.58,M,0.0,0.0,0.0,0.0,M,M,M,0.0,M,M,M,M,M,M,0.0,0.0,0.0,0.0,M,M,M,M,M,0.0,0.0,M,M,0.0,0.0,0.0
US1MOFSA129,"PRINCETON 1.4 NNE","MERCER",974,40.42,-93.58,0.0,0.0,0.0,0.0,0.0,0.0,0.0,0.0,0.0,0.0,M,0.3,0.0,0.0,M,0.2,0.0,0.0,0.0,0.0,0.0,M,M,0.0,0.0,0.0,0.0,0.0,0.0,0.0,0.0
US1MOFSA213,"PROTEM","TANEY",850,36.51,-92.80,0.0,0.0,0.0,0.0,0.0,0.0,0.0,0.0,0.0,0.0,0.0,0.0,0.0,0.0,0.0,0.0,0.0,0.0,0.0,0.0,0.0,0.0,0.0,0.0,0.0,0.0,0.0,0.0,0.0,0.0,0.0
US1MOLN0008,"PURDIN 4.3 W","LINN",831,39.95,-93.25,0.0,0.0,0.0,0.0,0.0,0.0,0.0,M,0.0,0.0,M,M,M,T,M,M,M,M,M,M,M,M,M,M,M,M,M,M,M,M,M
US1MOBY0005,"PURDY 4.8 SSW","BARRY",1446,36.75,-93.94,0.0,0.0,0.0,0.0,0.0,0.0,0.0,M,0.0,0.0,0.0,M,0.0,0.0,2.5,2.0,0.0,0.0,0.0,0.0,0.0,M,M,0.0,0.0,0.0,M,0.0,0.0,0.0,0.0
US1MOTX0038,"RAYMONDVILLE 3.5 SE","TEXAS",1296,37.31,-91.78,0.0,0.0,0.0,0.0,0.0,0.0,0.0,M,M,0.0,M,M,0.0,M,M,M,0.0,0.0,0.0,0.0,0.0,M,M,0.0,0.0,0.0,M,0.0,0.0,0.0,0.0
USC00237051,"RAYMORE","CASS",1040,38.80,-94.44,0.0,0.0,0.0,0.0,0.0,0.0,0.0,0.0,0.0,0.0,0.0,T,0.0,0.7,0.1,0.0,0.0,0.0,0.0,0.0,0.0,0.0,T,0.0,0.0,0.0,0.0,0.0,0.0,0.0,0.0
US1MOJC0035,"RAYTOWN 2.7 SSE","JACKSON",814,38.96,-94.44,M,M,0.0,0.0,M,0.0,0.0,M,M,M,M,M,M,M,M,0.0,M,M,0.0,M,M,M,M,M,M,0.0,0.0,M,M,M,M
USC00237064,"RAYTOWN NO 2","JACKSON",935,38.97,-94.48,0.0,0.0,0.0,0.0,0.0,0.0,0.0,0.0,0.0,0.0,0.0,0.1,0.0,0.9,1.0,T,0.0,0.0,0.0,0.0,0.0,0.0,0.3,0.0,0.0,0.0,0.0,0.0,0.0,T,0.0
US1MOAW0007,"REA 5.5 E","ANDREW",1063,40.06,-94.66,0.0,0.0,0.0,0.0,0.0,0.0,0.0,0.0,0.0,0.0,M,M,0.0,0.5,0.2,M,0.0,0.0,0.0,0.0,0.0,M,M,0.0,0.0,0.0,0.0,0.0,0.0,0.0,0.0
US1MOGR0105,"REPUBLIC 0.8 SE","GREENE",1269,37.11,-93.47,M,M,M,M,0.0,0.0,0.0,0.0,0.0,0.0,0.0,T,0.0,0.8,1.5,0.8,0.0,0.0,0.0,0.0,0.0,0.0,T,0.0,0.0,0.0,0.0,0.0,0.0,0.0,0.0
US1MOMY0003,"RHINELAND 5.9 WNW","MONTGOMERY",904,38.75,-91.62,0.0,0.0,M,0.0,0.0,0.0,0.0,M,M,0.0,M,M,0.0,0.0,M,0.0,0.0,0.0,0.0,0.0,0.0,M,M,0.0,0.0,0.0,M,0.0,0.0,0.0,0.0
US1MOBS0001,"RICH HILL 4.9 SE","BATES",768,38.06,-94.29,M,M,M,M,M,M,M,M,M,M,M,M,M,1.0,2.0,M,0.0,M,M,M,M,M,M,M,M,M,M,M,M,M,M
US1MOFSA169,"RICHLAND 3.6 NNE","PULASKI",1198,37.91,-92.37,0.0,0.0,0.0,0.0,0.0,0.0,0.0,M,0.0,M,0.0,0.0,0.0,0.0,0.0,M,0.0,0.0,0.0,0.0,0.0,M,0.0,0.0,0.0,0.0,0.0,0.0,0.0,0.0,0.0
US1MOFSA177,"RICHMOND 0.8 ESE","RAY",817,39.27,-93.96,0.0,0.0,0.0,0.0,M,M,M,M,0.0,0.0,M,M,M,M,M,M,0.0,0.0,0.0,M,M,M,M,0.0,0.0,M,M,M,M,0.0,0.0
USC00237116,"RICHMOND 3S","RAY",700,39.24,-93.97,0.0,0.0,0.0,0.0,0.0,0.0,0.0,0.0,0.0,0.0,0.0,T,0.0,0.4,0.6,0.0,0.0,0.0,0.0,0.0,0.0,0.0,0.0,0.0,0.0,0.0,0.0,0.0,0.0,0.0,0.0
US1MOFSA005,"ROCKPORT 0.5 E","ATCHISON",965,40.42,-95.51,0.0,0.0,0.0,0.0,0.0,0.0,0.0,0.0,0.0,0.0,M,M,0.0,M,M,0.0,0.0,0.0,0.0,0.0,0.0,M,M,0.0,0.0,0.0,0.0,0.0,0.0,0.0,0.0
US1MOWB0031,"ROGERSVILLE 2.5 E","WEBSTER",1471,37.11,-93.01,0.0,0.0,0.0,M,0.0,0.0,0.0,M,M,0.0,0.0,0.0,0.0,M,1.0,1.5,0.0,0.0,0.0,0.0,0.0,M,M,0.0,0.0,0.0,M,0.0,0.0,0.0,0.0
US1MOPH0035,"ROLLA 0.4 SE","PHELPS",1103,37.94,-91.76,0.0,0.0,0.0,0.0,0.0,0.0,0.0,M,M,M,M,M,0.0,M,M,0.0,0.0,0.0,0.0,0.0,M,M,M,0.0,0.0,0.0,M,0.0,0.0,0.0,0.0
US1MOFSA161,"ROLLA 0.9 SE","PHELPS",1073,37.94,-91.76,0.0,0.0,0.0,0.0,0.0,0.0,0.0,M,M,0.0,M,M,0.0,0.0,M,0.0,0.0,0.0,0.0,0.0,0.0,M,0.0,0.0,0.0,0.0,M,0.0,0.0,M,M
US1MOPH0016,"ROLLA 1.3 NE","PHELPS",1084,37.96,-91.75,0.0,0.0,0.0,0.0,0.0,0.0,0.0,M,0.0,0.0,0.0,M,0.0,M,1.5,0.0,0.0,M,0.0,M,M,M,M,M,M,M,M,M,M,M,M
US1MOPH0030,"ROLLA 3.0 WSW","PHELPS",866,37.94,-91.82,0.0,0.0,0.0,0.0,0.0,0.0,0.0,M,M,M,M,M,0.0,T,1.5,0.0,0.0,0.0,0.0,0.0,M,M,M,0.0,0.0,0.0,M,0.0,0.0,M,0.0
US1MOPH0033,"ROLLA 3.2 SSW","PHELPS",1048,37.90,-91.78,0.0,0.0,0.0,T,0.0,0.0,0.0,M,0.0,0.0,M,T,0.0,T,1.5,0.4,0.0,0.0,0.0,0.0,0.0,M,M,0.0,0.0,0.0,M,0.0,0.0,0.0,0.0
US1MOPH0029,"ROLLA 3.3 WSW","PHELPS",936,37.93,-91.82,0.0,0.0,0.0,M,0.0,0.0,0.0,M,0.0,0.0,M,M,0.0,M,1.0,0.0,0.0,0.0,0.0,0.0,0.0,M,M,0.0,0.0,0.0,M,0.0,0.0,0.0,0.0
US1MOPH0010,"ROLLA 6.4 NNW","PHELPS",862,38.03,-91.82,M,M,M,M,M,M,M,M,M,M,M,M,M,M,1.5,M,M,M,M,M,M,M,M,M,M,M,M,M,M,M,M
US1MOPH0028,"ROLLA 7.6 SSE","PHELPS",1128,37.85,-91.71,0.0,0.0,0.0,0.0,0.0,0.0,M,M,M,M,M,0.0,0.0,0.0,M,M,0.0,0.0,0.0,0.0,0.0,M,M,0.0,0.0,0.0,M,0.0,0.0,0.0,0.0
US1MOPH0013,"ROLLA 8.1 S","PHELPS",1128,37.83,-91.76,0.0,0.0,0.0,0.0,0.0,0.0,0.0,M,0.0,0.0,M,M,0.0,M,1.5,0.1,0.0,M,0.0,0.0,0.0,M,T,0.0,0.0,0.0,M,M,0.0,0.0,0.0
US1MOPH0037,"ROLLA 8.1 SSE","PHELPS",1165,37.84,-91.72,0.0,0.0,0.0,T,0.0,0.0,0.0,M,M,M,M,M,0.0,T,1.2,T,0.0,0.0,0.0,0.0,0.0,M,M,0.0,0.0,0.0,0.0,0.0,0.0,0.0,0.0
US1MOPH0017,"ROLLA 8.2 SSE","PHELPS",1023,37.84,-91.70,0.0,0.0,0.0,0.0,0.0,0.0,0.0,M,0.0,0.0,M,M,0.0,0.0,M,M,0.0,0.0,0.0,0.0,0.0,M,M,0.0,0.0,0.0,M,0.0,0.0,0.0,0.0
USC00237263,"ROLLA MISSOURI S&T","PHELPS",1173,37.96,-91.78,0.0,0.0,0.0,0.0,0.0,0.0,0.0,0.0,0.0,0.0,0.0,0.0,0.0,0.0,1.2,0.1,0.0,0.0,0.0,0.0,0.0,0.0,0.0,0.0,0.0,0.0,0.0,0.0,0.0,0.0,0.0
USC00237300,"ROSEBUD","GASCONADE",960,38.45,-91.38,0.0,0.0,0.0,0.0,0.0,0.0,0.0,0.0,0.0,0.0,0.0,T,0.0,0.0,0.8,0.0,0.0,0.0,0.0,0.0,0.0,0.0,0.0,0.0,0.0,0.0,0.0,0.0,0.0,0.0,0.0
USC00237309,"ROUND SPRING 2SW","SHANNON",829,37.26,-91.43,0.0,0.0,0.0,0.0,0.0,M,0.0,0.0,0.0,0.0,0.0,0.0,M,0.0,0.7,0.0,0.0,0.0,0.0,M,M,0.0,0.0,0.0,0.0,0.0,0.0,0.0,0.0,0.0,0.0
USC00237506,"SALEM","DENT",1211,37.63,-91.54,0.0,M,M,M,M,M,M,M,M,M,M,M,M,0.0,0.8,M,0.0,0.0,M,0.0,0.0,0.0,M,M,M,M,M,M,M,M,M
US1MOFSA065,"SALEM 1.8 NW","DENT",1129,37.66,-91.55,0.0,0.0,T,T,0.0,0.0,0.0,0.0,0.0,0.0,0.0,T,T,0.0,0.2,0.6,0.0,0.0,0.0,0.0,0.0,0.0,0.0,0.0,0.0,0.0,0.0,0.0,0.0,0.0,0.0
US1MODT0011,"SALEM 11.7 NNW","DENT",1010,37.78,-91.65,0.0,0.0,0.0,M,0.0,0.0,0.0,M,0.0,0.0,M,M,0.0,0.0,1.3,M,0.0,0.0,0.0,0.0,M,M,0.0,0.0,0.0,0.0,M,M,0.0,0.0,0.0
US1MODT0008,"SALEM 14.9 E","DENT",1241,37.60,-91.26,M,M,M,M,M,M,0.0,M,0.0,M,M,M,M,M,M,M,M,M,M,M,M,M,M,M,M,M,M,M,M,M,M
US1MODT0007,"SALEM 4.3 S","DENT",1312,37.58,-91.53,0.0,0.0,0.0,0.0,0.0,0.0,0.0,M,0.0,0.0,M,M,M,0.0,M,M,0.0,0.0,0.0,0.0,M,M,M,0.0,0.0,0.0,M,0.0,0.0,0.0,0.0
USC00237514,"SALISBURY","CHARITON",730,39.42,-92.81,0.0,0.0,0.0,0.0,0.0,0.0,0.0,0.0,0.0,0.0,0.0,T,0.0,T,1.0,T,0.0,0.0,0.0,0.0,0.0,0.0,T,0.0,0.0,0.0,0.0,0.0,T,0.0,0.0
US1MOME0004,"SANTA FE 1.4 WNW","MONROE",693,39.38,-91.84,M,M,M,M,M,M,M,M,M,M,M,M,M,M,M,M,M,M,M,M,M,M,M,M,M,M,M,0.0,M,M,M
US1MOFSA003,"SAVANNAH 0.6 NNE","ANDREW",1106,39.95,-94.82,0.0,0.0,0.0,0.0,0.0,M,M,M,0.0,0.0,0.0,M,M,M,M,M,0.0,0.0,0.0,M,M,M,M,0.0,0.0,0.0,0.0,0.0,0.0,0.0,0.0
USC00237578,"SAVERTON LOCK AND DAM 22","RALLS",472,39.64,-91.25,0.0,0.0,M,0.0,0.0,0.0,0.0,0.0,0.0,0.0,0.0,0.0,0.0,0.0,2.0,0.0,0.0,0.0,0.0,M,M,0.0,0.0,0.0,0.0,0.0,0.0,0.0,0.0,0.0,0.0
US1MOSC0005,"SCOTT CITY 0.9 E","SCOTT",420,37.22,-89.52,0.0,0.0,0.0,0.0,0.0,0.0,0.0,M,0.0,M,M,0.5,0.0,0.0,0.0,2.0,0.0,0.0,0.0,0.0,M,M,0.0,0.0,0.0,0.0,M,0.0,0.0,0.0,0.0
US1MOFSA159,"SEDALIA 1.5 SSW","PETTIS",856,38.68,-93.24,0.0,0.0,0.0,0.0,0.0,M,M,M,0.0,0.0,0.0,M,M,M,M,M,0.0,0.0,0.0,M,M,M,M,0.0,0.0,0.0,M,M,M,0.0,0.0
USC00237632,"SEDALIA WATER PLANT","PETTIS",780,38.68,-93.22,0.0,0.0,0.0,0.0,0.0,0.0,0.0,0.0,0.0,0.0,0.0,T,0.0,T,2.0,0.0,0.0,0.0,0.0,0.0,0.0,0.0,T,0.0,0.0,0.0,0.0,0.0,0.0,0.0,0.0
US1MOBY0003,"SELIGMAN 3.0 N","BARRY",1480,36.57,-93.94,0.0,0.0,0.0,0.0,0.0,0.0,0.0,M,0.0,0.0,0.0,M,0.0,0.0,0.2,3.0,0.0,0.0,0.0,0.0,0.0,M,0.0,0.0,0.0,0.0,M,0.0,0.0,0.0,0.0
USC00237720,"SHELBINA","SHELBY",747,39.68,-92.05,0.0,0.0,0.0,0.0,0.0,0.0,0.0,0.0,0.0,0.0,0.0,0.0,0.0,0.0,1.2,0.0,0.0,0.0,0.0,0.0,0.0,0.0,0.0,0.0,0.0,0.0,0.0,0.0,0.0,0.0,0.0
US1MOFSA205,"SHELBYVILLE 0.3 SE","SHELBY",758,39.80,-92.04,0.0,0.0,0.0,0.0,0.0,0.0,0.0,M,0.0,0.0,M,M,0.0,0.0,0.0,0.0,0.0,0.0,0.0,0.0,0.0,M,M,0.0,0.0,0.0,0.0,0.0,0.0,0.0,0.0
US1MOSE0016,"SHELL KNOB 5.6 ESE","STONE",971,36.59,-93.55,M,0.0,M,M,M,0.0,0.0,M,M,M,M,0.0,M,M,M,M,M,M,M,M,0.0,M,0.0,M,0.0,M,M,0.0,0.0,0.0,0.0
US1MONW0004,"SHOAL CREEK ESTATES 0.2 SE","NEWTON",988,37.02,-94.49,0.0,0.0,0.0,0.0,0.0,0.0,0.0,0.0,0.0,0.0,0.0,T,0.0,T,4.0,1.5,0.0,0.0,0.0,0.0,0.0,0.0,T,0.0,0.0,0.0,0.0,0.0,0.0,0.0,0.0
USC00237772,"SIKESTON POWER STATION","SCOTT",310,36.88,-89.62,0.0,0.0,0.0,0.0,0.0,0.0,0.0,0.0,0.0,0.0,0.0,0.0,0.0,0.0,0.0,M,0.0,0.0,0.0,0.0,0.0,0.0,0.0,0.0,M,0.0,0.0,0.0,0.0,0.0,0.0
US1MOCY0019,"SMITHVILLE 3.4 E","CLAY",941,39.38,-94.51,M,M,M,M,M,M,M,M,M,M,M,M,M,0.9,0.5,M,M,M,M,M,M,M,M,M,M,M,M,M,M,M,M
USC00237862,"SMITHVILLE LAKE","CLAY",904,39.39,-94.56,0.0,0.0,0.0,0.0,0.0,0.0,0.0,0.0,0.0,0.0,0.0,T,M,M,M,0.0,0.0,0.0,0.0,0.0,0.0,0.0,0.0,0.0,0.0,0.0,M,M,0.0,0.0,0.0
USC00237963,"SPICKARD 7 W","GRUNDY",875,40.25,-93.72,0.0,0.0,0.0,0.0,0.0,0.0,0.0,0.0,0.0,0.0,0.0,T,0.0,0.0,1.0,0.0,0.0,0.0,0.0,0.0,0.0,0.0,M,0.0,0.0,0.0,0.0,0.0,0.0,0.0,0.0
US1MOGR0027,"SPRINGFIELD 0.7 ENE","GREENE",1342,37.20,-93.27,0.0,0.0,0.0,0.0,0.0,0.0,0.0,M,0.0,M,0.0,T,0.0,0.8,1.3,M,0.0,M,0.0,0.0,0.0,M,M,0.0,0.0,0.0,M,0.0,0.0,0.0,0.0
US1MOGR0100,"SPRINGFIELD 1.0 SSE","GREENE",1314,37.18,-93.28,0.0,0.0,0.0,0.0,0.0,0.0,0.0,M,M,0.0,0.0,M,0.0,1.2,0.8,0.3,0.0,0.0,0.0,0.0,0.0,M,M,0.0,0.0,0.0,M,0.0,0.0,0.0,0.0
US1MOGR0074,"SPRINGFIELD 4.0 SW","GREENE",1269,37.15,-93.33,0.0,0.0,0.0,T,0.0,0.0,0.0,M,0.0,0.0,0.0,0.1,0.0,1.0,1.4,1.8,0.0,0.0,0.0,0.0,0.0,M,T,0.0,0.0,0.0,M,0.0,0.0,0.0,0.0
US1MOGR0110,"SPRINGFIELD 4.4 SSE","GREENE",1298,37.13,-93.27,0.0,0.0,0.0,M,0.0,0.0,0.0,M,0.0,0.0,0.0,M,0.0,M,M,M,0.0,0.0,0.0,0.0,0.0,M,M,0.0,0.0,0.0,M,0.0,0.0,0.0,0.0
US1MOGR0047,"SPRINGFIELD 4.8 WSW","GREENE",1263,37.16,-93.36,M,0.0,M,M,M,M,M,M,M,M,M,M,M,M,M,M,M,M,M,M,M,M,M,M,M,M,M,M,M,M,M
US1MOGR0052,"SPRINGFIELD 4.9 SE","GREENE",1222,37.15,-93.22,M,M,M,M,M,M,M,M,M,M,M,0.0,0.0,0.8,0.9,0.6,0.0,0.0,0.0,0.0,M,M,0.0,M,M,M,M,M,M,M,M
USW00093981,"SPRINGFIELD WFO","GREENE",1280,37.24,-93.40,0.0,0.0,0.0,0.0,0.0,0.0,0.0,0.0,0.0,0.0,0.0,0.0,0.0,0.5,2.2,0.0,M,0.0,0.0,0.0,0.0,0.0,0.0,0.0,0.0,0.0,0.0,0.0,0.0,0.0,0.0
USW00013995,"SPRINGFIELD WSO AP","GREENE",1262,37.24,-93.39,0.0,0.0,T,0.0,0.0,0.0,0.0,0.0,0.0,0.0,T,T,0.0,0.5,2.2,T,0.0,0.0,0.0,0.0,0.0,T,0.0,0.0,0.0,0.0,0.0,0.0,0.0,0.0,0.0
USC00237398,"ST CHARLES 7 SSW","ST. LOUIS",450,38.69,-90.52,0.0,0.0,0.0,0.0,T,0.0,0.0,0.0,0.0,0.0,0.0,T,T,0.0,M,0.0,T,0.0,0.0,0.0,0.0,0.0,T,0.0,0.0,0.0,0.0,0.0,0.0,0.0,0.0
USW00053904,"ST CHARLES COUNTY AP","ST. CHARLES",436,38.93,-90.43,0.0,0.0,0.0,M,0.0,0.0,0.0,0.0,0.0,0.0,M,M,0.0,M,M,M,0.0,0.0,0.0,0.0,0.0,M,M,M,M,M,M,M,M,M,M
USC00237397,"ST CHARLES ELM POINT","ST. CHARLES",467,38.81,-90.52,0.0,0.0,0.0,0.0,T,0.0,0.0,0.0,0.0,0.0,0.0,T,0.0,0.0,1.2,0.0,T,0.0,0.0,0.0,0.0,0.0,T,0.0,0.0,0.0,0.0,0.0,0.0,0.0,0.0
USW00013994,"ST LOUIS LAMBERT INTL AP","ST. LOUIS",531,38.75,-90.37,0.0,0.0,T,0.2,T,0.0,0.0,0.0,0.0,0.0,T,T,0.0,0.1,0.9,T,T,0.0,0.0,0.0,0.0,T,T,0.0,0.0,0.0,0.0,T,T,0.0,0.0
USC00237452,"ST LOUIS SCIENCE CENTER","ST. LOUIS",545,38.63,-90.27,0.0,0.0,0.0,0.0,0.0,0.0,0.0,0.0,0.0,0.0,0.0,T,0.0,0.0,0.7,0.0,0.0,M,M,0.0,0.0,0.0,0.0,0.0,0.0,0.0,0.0,0.0,0.0,0.0,0.0
USW00003966,"ST LOUIS SPIRIT OF ST LOUIS AP","ST. LOUIS",462,38.66,-90.66,0.0,0.0,0.0,0.0,0.0,0.0,0.0,0.0,0.0,0.0,M,M,0.0,M,M,M,0.0,0.0,0.0,0.0,0.0,M,M,M,M,M,M,M,M,M,M
US1MOSS0027,"ST. CHARLES 2.3 NE","ST. CHARLES",538,38.81,-90.48,M,M,M,M,0.2,M,M,M,M,M,M,M,M,M,0.5,M,M,M,M,M,M,M,M,M,M,M,M,M,M,M,M
US1MOSS0020,"ST. CHARLES 9.5 WSW","ST. CHARLES",488,38.73,-90.68,M,M,M,M,M,M,M,M,M,M,M,M,M,M,0.8,M,M,M,M,M,M,M,M,M,M,M,M,M,M,M,M
US1MOFR0007,"ST. CLAIR 3.7 W","FRANKLIN",794,38.35,-91.05,M,M,M,M,M,M,M,M,M,M,M,M,M,M,0.8,M,M,M,M,M,M,M,M,M,M,M,M,M,M,M,M
US1MOPH0020,"ST. JAMES 1.2 SE","PHELPS",949,37.99,-91.60,M,0.0,0.0,0.0,0.0,0.0,0.0,M,M,0.0,M,0.0,0.0,0.0,0.8,0.0,M,0.0,0.0,0.0,0.0,M,M,0.0,0.0,0.0,M,0.0,0.0,0.0,0.0
US1MOPH0027,"ST. JAMES 10.1 SSE","PHELPS",1066,37.86,-91.55,0.0,0.0,0.0,0.0,0.0,0.0,0.0,M,0.0,M,M,M,0.0,0.0,M,0.0,0.0,0.0,0.0,0.0,0.0,M,0.0,0.0,0.0,0.0,M,0.0,0.0,0.0,0.0
US1MOCF0008,"ST. JAMES 7.7 SE","CRAWFORD",998,37.92,-91.52,0.0,0.0,0.0,M,0.0,0.0,M,M,0.0,M,M,M,M,M,M,M,M,M,M,M,0.0,M,M,M,M,M,M,M,M,M,0.0
US1MOBC0004,"ST. JOSEPH 4.4 E","BUCHANAN",902,39.77,-94.74,0.0,0.0,0.0,0.0,0.0,0.0,0.0,M,0.0,T,0.0,0.0,0.0,1.5,T,0.0,0.0,0.0,0.0,0.0,0.0,M,T,0.0,0.0,0.0,0.0,0.0,0.0,0.0,0.0
USC00237434,"ST. JOSEPH ROSECRANS ANG","BUCHANAN",814,39.77,-94.90,M,M,M,0.0,M,M,M,M,M,M,M,M,M,0.8,M,M,0.0,0.0,0.0,0.0,0.0,0.0,0.4,0.0,0.0,M,M,M,0.0,M,M
US1MOSLC007,"ST. LOUIS 5.7 SW","ST. LOUIS (CITY)",490,38.58,-90.29,0.0,0.0,0.0,0.0,T,0.0,0.0,M,0.0,0.0,0.0,M,0.0,0.0,0.9,0.0,0.0,0.0,0.0,0.0,0.0,M,0.0,0.0,0.0,0.0,M,0.0,0.0,0.0,0.0
US1MOSS0037,"ST. PETERS 2.2 NE","ST. CHARLES",533,38.80,-90.58,M,M,M,M,M,M,M,M,M,M,M,M,M,M,0.8,M,M,M,M,M,M,M,M,M,M,M,M,M,M,M,M
US1MOPU0026,"ST. ROBERT 1.1 NNE","PULASKI",1033,37.84,-92.15,0.0,0.0,0.0,0.0,0.0,0.0,0.0,M,0.0,M,0.0,M,0.0,M,M,0.0,0.0,0.0,0.0,0.0,M,M,M,0.0,0.0,0.0,M,0.0,0.0,0.0,0.0
US1MONW0019,"STARK CITY 5.5 ENE","NEWTON",1147,36.89,-94.10,0.0,0.0,0.0,0.0,0.0,0.0,0.0,M,0.0,0.0,0.0,M,0.0,M,3.0,3.0,0.0,0.0,0.0,0.0,0.0,M,M,0.0,0.0,0.0,M,0.0,0.0,0.0,0.0
USC00237414,"STE GENEVIEVE","STE. GENEVIEVE",377,37.97,-90.06,0.0,0.0,0.0,0.0,0.0,0.0,T,0.0,0.0,0.0,0.0,T,0.0,0.0,0.5,0.0,0.0,0.0,0.0,0.0,0.0,0.0,0.0,0.0,0.0,0.0,0.0,0.0,0.0,0.0,0.0
US1MOSG0005,"STE. GENEVIEVE 11.1 SSW","STE. GENEVIEVE",853,37.83,-90.14,0.0,0.0,0.0,0.0,0.0,0.0,0.0,M,M,M,M,M,M,M,M,M,0.0,0.0,0.0,0.0,M,M,0.0,0.0,0.0,0.0,M,0.0,0.0,0.0,0.0
US1MOSG0004,"STE. GENEVIEVE 12.5 WSW","STE. GENEVIEVE",783,37.89,-90.25,0.0,0.0,0.0,0.0,0.0,0.0,0.0,M,M,M,M,M,M,0.0,0.8,0.0,0.0,0.0,0.0,0.0,0.0,M,M,0.0,0.0,0.0,M,M,0.0,0.0,0.0
US1MOFSA055,"STEELVILLE 10.2 SSE","CRAWFORD",925,37.84,-91.27,0.0,0.0,0.0,0.0,0.0,0.0,0.0,M,M,0.0,M,M,0.0,0.0,M,0.0,0.0,0.0,0.0,0.0,0.0,M,0.0,0.0,0.0,0.0,M,0.0,0.0,M,M
US1MOCF0001,"STEELVILLE 5.6 SW","CRAWFORD",1037,37.92,-91.44,0.0,M,0.0,0.0,M,M,M,0.0,0.0,M,0.0,0.0,0.0,M,1.0,0.0,0.0,M,0.0,M,M,0.0,M,0.0,M,0.0,0.0,0.0,M,0.0,0.0
USC00238051,"STEFFENVILLE","LEWIS",690,39.97,-91.89,0.0,0.0,0.0,0.0,0.0,0.0,0.0,0.0,0.0,0.0,0.0,0.0,0.0,0.0,1.0,0.0,0.0,0.0,0.0,0.0,0.0,0.0,0.0,0.0,0.0,0.0,0.0,0.0,T,0.0,0.0
US1MOFSA186,"STEN GENEVIEVE 0.5 S","STE. GENEVIEVE",426,37.97,-90.05,0.0,0.0,0.0,0.0,0.0,M,M,M,0.0,0.0,0.0,0.0,M,M,M,M,0.0,0.0,0.0,0.0,0.0,0.0,0.0,0.0,0.0,0.0,0.0,0.0,0.0,0.0,0.0
US1MODK0001,"STEWARTSVILLE 2.8 NNE","DEKALB",1020,39.79,-94.48,0.0,0.0,0.0,0.0,0.0,0.0,0.0,M,0.0,0.0,M,0.0,0.0,1.5,0.0,0.0,0.0,0.0,0.0,0.0,0.0,0.0,1.0,0.0,0.0,0.0,0.0,0.0,0.0,0.0,0.0
US1MOFSA021,"STN JOSEPH 2.1 NE","BUCHANAN",988,39.78,-94.80,M,M,0.0,0.0,0.0,M,M,M,0.0,0.0,M,M,M,M,M,M,0.0,0.0,0.0,M,M,M,M,0.0,0.0,0.0,0.0,0.0,0.0,0.0,0.0
US1MOFSA183,"STN PETERS 1.3 NNE","ST. CHARLES",525,38.80,-90.60,0.0,0.0,0.0,0.0,0.0,0.0,0.0,M,0.0,0.0,T,T,0.0,M,M,M,0.0,0.0,0.0,0.0,0.0,M,M,0.0,0.0,0.0,0.0,0.0,0.0,0.0,0.0
US1MOFSA039,"STOCKTON 0.2 NW","CEDAR",955,37.70,-93.80,0.0,0.0,0.0,0.0,0.0,0.0,0.0,M,0.0,0.0,0.0,0.0,0.0,M,0.0,0.0,0.0,0.0,0.0,0.0,0.0,M,0.0,0.0,0.0,0.0,0.0,0.0,0.0,0.0,0.0
US1MOCD0002,"STOCKTON 2.5 NNE","CEDAR",846,37.73,-93.79,0.0,0.0,0.0,0.0,0.0,0.0,0.0,M,0.0,0.0,M,T,0.0,0.2,1.5,T,0.0,0.0,0.0,0.0,0.0,M,T,0.0,0.0,0.0,M,0.0,0.0,0.0,0.0
US1MOCD0004,"STOCKTON 5.6 S","CEDAR",1050,37.62,-93.80,0.0,0.0,0.0,0.0,0.0,M,0.0,M,M,0.0,M,0.0,M,M,M,M,M,M,M,M,M,M,M,0.0,0.0,0.0,0.0,0.0,0.0,0.0,0.0
USC00238082,"STOCKTON DAM","CEDAR",922,37.70,-93.77,M,M,M,M,M,M,M,M,M,M,M,M,M,M,M,M,M,M,M,M,M,M,M,M,M,M,M,M,0.0,0.0,0.0
USC00238223,"SWEET SPRINGS","SALINE",675,38.97,-93.42,0.0,0.0,0.0,0.0,0.0,0.0,0.0,0.0,0.0,0.0,0.0,T,0.0,T,2.0,0.0,0.0,0.0,0.0,0.0,0.0,0.0,0.0,0.0,0.0,0.0,0.0,0.0,0.0,0.0,0.0
USC00238252,"TABLE ROCK DAM","TANEY",940,36.59,-93.31,M,M,M,M,M,M,M,M,M,M,M,M,M,M,M,M,M,M,M,M,M,M,M,M,M,M,M,M,0.0,0.0,0.0
USC00238292,"TARKIO #2","ATCHISON",978,40.44,-95.39,0.0,0.0,T,0.0,0.0,0.0,0.0,0.0,0.0,0.0,1.0,2.0,T,0.7,0.3,0.0,0.0,0.0,0.0,0.0,M,M,M,M,M,M,M,M,M,M,M
USC00238313,"TECUMSEH 1NE","OZARK",828,36.60,-92.26,M,M,M,M,M,M,M,M,M,M,M,M,M,0.5,0.5,3.0,0.0,0.0,M,M,M,0.0,M,M,M,M,M,M,0.0,0.0,0.0
US1MOOZ0002,"THEODOSIA 6.2 SW","OZARK",718,36.52,-92.75,M,M,M,M,M,M,M,M,M,M,M,M,M,M,M,3.5,0.0,0.0,0.0,0.0,0.0,M,0.0,0.0,0.0,M,M,0.0,0.0,0.0,0.0
USC00238444,"TRENTON","GRUNDY",837,40.08,-93.61,0.0,0.0,0.0,0.0,0.0,0.0,0.0,0.0,0.0,0.0,0.0,T,0.0,0.0,0.2,0.0,0.0,0.0,0.0,0.0,0.0,0.0,M,0.0,0.0,0.0,0.0,0.0,0.0,0.0,0.0
US1MOFSA079,"TRENTON 1.2 N","GRUNDY",837,40.10,-93.60,0.0,0.0,0.0,0.0,0.0,0.0,0.0,M,0.0,0.0,M,M,0.0,M,M,0.0,0.0,0.0,0.0,0.0,0.0,M,M,0.0,0.0,0.0,0.0,0.0,M,0.0,0.0
US1MOGY0003,"TRENTON 7.8 E","GRUNDY",882,40.07,-93.46,0.0,0.0,M,0.0,0.0,0.0,0.0,M,0.0,M,M,M,0.0,M,1.5,0.0,0.0,0.0,0.0,0.0,0.0,M,M,0.0,0.0,0.0,0.0,0.0,T,0.0,0.0
US1MOFSA113,"TROY 1.2 NNE","LINCOLN",486,38.99,-90.97,0.0,0.0,0.0,0.0,0.0,0.0,0.0,M,0.0,0.0,M,M,0.0,0.0,0.0,0.0,0.0,0.0,0.0,0.0,0.0,M,M,0.0,0.0,0.0,0.0,0.0,0.0,M,M
US1MOML0004,"TUSCUMBIA 0.1 S","MILLER",691,38.23,-92.46,0.0,0.0,0.0,0.0,0.0,0.0,0.0,M,0.0,0.0,0.0,0.0,0.0,M,M,M,0.0,0.0,0.0,0.0,0.0,M,0.0,0.0,0.0,0.0,0.0,0.0,M,M,M
US1MOCD0003,"UMBER VIEW HEIGHTS 0.1 WSW","CEDAR",983,37.62,-93.81,0.0,0.0,0.0,0.0,0.0,0.0,0.0,M,0.0,0.0,0.0,M,0.0,0.2,1.5,0.0,0.0,0.0,0.0,0.0,0.0,M,M,0.0,0.0,0.0,M,0.0,0.0,M,M
US1MOFSA071,"UNION 0.8 NE","FRANKLIN",538,38.46,-91.00,0.0,0.0,0.0,0.0,0.0,0.0,0.0,M,0.0,0.0,M,M,M,0.0,1.4,0.5,0.0,0.0,0.0,0.0,0.0,M,0.0,0.0,0.0,0.0,M,M,0.0,M,0.0
US1MOFR0003,"UNION 1.6 N","FRANKLIN",689,38.47,-91.02,0.0,0.0,0.0,0.0,0.0,0.0,0.0,T,0.0,M,M,M,0.0,0.0,M,0.0,0.0,0.0,0.0,0.0,0.0,M,0.0,0.0,0.0,0.0,M,0.0,0.0,0.0,0.0
USC00238523,"UNIONVILLE","PUTNAM",1060,40.47,-93.00,0.0,0.0,T,0.0,0.0,0.0,0.0,0.0,0.0,0.0,0.0,T,0.0,0.0,1.8,0.0,0.0,0.0,0.0,0.0,0.0,0.0,0.0,0.0,0.0,0.0,0.0,0.0,T,0.0,0.0
US1MOFSA171,"UNIONVILLE 0.8 W","PUTNAM",1063,40.48,-93.02,M,M,0.0,0.0,0.0,M,M,M,0.0,0.0,M,T,0.0,0.0,0.0,0.0,M,0.0,0.0,0.0,0.0,M,0.0,0.0,0.0,0.0,0.0,0.0,T,0.0,0.0
USC00238524,"UNITY VILLAGE","JACKSON",942,38.95,-94.40,0.0,0.0,0.0,0.0,0.0,0.0,0.0,0.0,0.0,0.0,0.0,M,0.0,1.0,1.5,0.0,0.0,0.0,0.0,0.0,0.0,0.0,T,0.0,0.0,0.0,0.0,0.0,0.0,0.0,0.0
US1MOHN0011,"URICH 1.6 NNW","HENRY",824,38.48,-94.01,0.0,0.0,0.0,0.0,0.0,0.0,M,M,M,M,M,M,M,M,M,M,M,M,M,M,0.0,0.0,0.0,0.0,M,M,M,M,M,M,M
USC00238542,"URICH 2SW","HENRY",900,38.43,-94.03,M,M,M,M,M,M,M,0.0,M,M,M,M,M,M,M,M,M,M,M,M,M,M,M,M,M,M,M,M,M,M,M
US1MOBS0005,"URICH 6.6 SW","BATES",829,38.40,-94.10,M,M,M,M,M,M,M,M,M,M,M,M,M,1.0,0.9,M,M,M,M,M,M,M,0.1,M,M,M,M,M,M,M,M
USC00238555,"VALLEY CITY","JOHNSON",691,38.87,-93.60,0.0,0.0,0.0,0.0,0.0,0.0,0.0,0.0,0.0,0.0,0.0,T,0.0,0.5,0.5,0.0,0.0,0.0,0.0,0.0,0.0,0.0,T,0.0,0.0,0.0,0.0,0.0,0.0,0.0,0.0
US1MOFSA035,"VAN BUREN 7.2 SW","CARTER",653,36.94,-91.11,0.0,0.0,0.0,0.0,0.0,0.0,0.0,M,M,0.0,M,0.0,M,0.0,0.0,0.0,0.0,0.0,0.0,0.0,0.0,M,0.0,0.0,0.0,0.0,M,M,0.0,0.0,0.0
USC00238577,"VANDALIA","AUDRAIN",764,39.31,-91.49,0.0,0.0,0.0,0.0,0.0,0.0,0.0,0.0,0.0,0.0,0.0,0.0,0.0,0.0,M,0.0,0.0,0.0,0.0,0.0,0.0,0.0,0.0,0.0,0.0,0.0,0.0,0.0,0.0,M,0.0
US1MOFSA141,"VERSAILLES 0.2 SE","MORGAN",1027,38.43,-92.84,0.0,0.0,0.0,0.0,0.0,0.0,0.0,M,0.0,0.0,M,0.0,0.0,M,0.0,0.0,0.0,0.0,0.0,0.0,0.0,M,M,0.0,0.0,0.0,0.0,0.0,0.0,0.0,0.0
USC00238609,"VIBURNUM","IRON",1285,37.71,-91.13,0.0,0.0,0.0,0.0,0.0,0.0,0.0,0.0,0.0,0.0,0.0,T,0.0,0.0,M,T,0.0,0.0,0.0,0.0,0.0,0.0,0.0,0.0,0.0,0.0,0.0,0.0,0.0,0.0,0.0
USW00013997,"VICHY ROLLA NATL AP","MARIES",1110,38.13,-91.76,M,M,M,M,M,M,M,M,0.0,M,M,M,M,M,M,M,M,M,M,M,M,M,M,M,M,M,M,M,M,M,M
US1MOFSA125,"VIENNA 4.3 NNW","MARIES",791,38.24,-91.98,0.0,0.0,0.0,0.0,0.0,0.0,0.0,M,0.0,0.0,0.0,0.0,0.0,0.0,1.0,0.0,0.0,0.0,0.0,0.0,0.0,M,0.0,0.0,0.0,0.0,0.0,0.0,0.0,0.0,0.0
US1MOPL0025,"WALNUT GROVE 2.8 NNE","POLK",1102,37.45,-93.53,0.0,0.0,0.0,0.0,0.0,0.0,0.0,0.0,0.0,0.0,0.0,M,M,M,M,0.0,0.0,0.0,0.0,0.0,M,M,0.0,0.0,0.0,0.0,0.0,0.0,0.0,0.0,0.0
US1MOGR0075,"WALNUT GROVE 5.2 SE","GREENE",1080,37.36,-93.48,0.0,0.0,0.0,0.0,0.0,0.0,0.0,0.0,0.0,M,M,T,0.0,0.5,2.5,T,M,M,0.0,0.0,0.0,0.0,T,M,M,M,M,M,M,M,M
USC00238700,"WAPPAPELLO DAM","WAYNE",410,36.92,-90.28,0.0,M,0.0,0.0,0.0,0.0,0.0,0.0,M,0.0,0.0,M,M,M,M,0.0,M,M,0.0,0.0,0.0,M,0.0,M,M,0.0,0.0,0.0,0.0,0.0,0.0
US1MOFSA101,"WARRENSBURG 1.1 NNE","JOHNSON",824,38.77,-93.72,0.0,0.0,0.0,0.0,0.0,0.0,0.0,M,0.0,0.0,M,M,0.0,0.5,1.0,0.0,0.0,0.0,0.0,0.0,0.0,0.0,M,0.0,0.0,0.0,0.0,0.0,0.0,0.0,0.0
USC00238712,"WARRENSBURG 4NW","JOHNSON",796,38.78,-93.80,M,0.0,0.0,0.0,0.0,0.0,0.0,0.0,0.0,0.0,0.0,M,0.0,M,0.0,0.0,0.0,0.0,0.0,M,0.0,M,M,0.0,0.0,0.0,0.0,0.0,0.0,0.0,0.0
USC00238725,"WARRENTON 1 N","WARREN",827,38.83,-91.14,0.0,0.0,0.0,0.0,0.0,0.0,0.0,0.0,0.0,0.0,0.0,0.0,0.0,0.0,1.5,0.0,0.0,0.0,0.0,0.0,0.0,0.0,0.0,0.0,0.0,0.0,0.0,0.0,0.0,0.0,0.0
US1MOFSA219,"WARRENTON 1.1 WSW","WARREN",856,38.81,-91.16,0.0,0.0,0.0,0.0,0.0,0.0,0.0,M,0.0,0.0,M,0.0,0.0,0.0,0.0,0.0,0.0,0.0,0.0,0.0,0.0,M,0.0,0.0,0.0,0.0,0.0,0.0,0.0,0.0,M
US1MOBT0008,"WARSAW 8.3 NW","BENTON",867,38.34,-93.46,0.0,0.0,0.0,0.0,0.0,0.0,M,M,0.0,M,M,T,0.0,0.5,2.2,T,T,0.0,0.0,0.0,0.0,M,T,0.0,0.0,0.0,M,0.0,0.0,0.0,0.0
USC00238740,"WASHBURN 5 W","BARRY",1400,36.58,-94.05,0.0,0.0,0.0,0.0,0.0,0.0,0.0,0.0,0.0,0.0,0.0,M,0.0,0.0,0.2,3.0,0.0,0.0,0.0,0.0,0.0,0.0,0.0,0.0,0.0,0.0,0.0,0.0,0.0,0.0,0.0
USC00238746,"WASHINGTON","FRANKLIN",487,38.54,-90.98,0.0,0.0,0.0,0.0,0.0,0.0,0.0,0.0,0.0,0.0,0.0,0.0,0.0,0.0,0.5,T,0.0,0.0,0.0,0.0,0.0,0.0,0.0,0.0,0.0,0.0,0.0,0.0,0.0,0.0,0.0
US1MOFR0008,"WASHINGTON 1.6 SE","FRANKLIN",546,38.54,-90.99,M,0.0,0.0,0.0,0.0,0.0,M,M,M,M,M,M,0.0,M,M,M,M,M,M,M,M,M,0.0,M,M,0.0,0.0,M,M,0.0,M
US1MOFR0010,"WASHINGTON 2.7 ESE","FRANKLIN",529,38.54,-90.97,0.0,0.0,0.0,0.0,0.0,0.0,0.0,M,0.0,0.0,M,M,0.0,0.0,1.3,M,0.0,0.0,0.0,0.0,0.0,M,M,0.0,0.0,0.0,M,0.0,0.0,M,0.0
US1MOFR0015,"WASHINGTON 4.0 S","FRANKLIN",656,38.50,-91.00,0.0,0.0,0.0,M,M,0.0,0.0,M,0.0,0.0,M,M,M,0.0,M,M,0.0,0.0,0.0,0.0,0.0,M,0.0,0.0,0.0,0.0,M,M,0.0,0.0,0.0
USC00238754,"WASOLA 5N","DOUGLAS",1226,36.86,-92.59,M,M,M,M,M,M,M,M,M,M,M,M,M,M,M,1.0,0.0,0.0,M,M,M,M,M,M,M,M,M,M,M,M,M
USC00238770,"WAVERLY","LAFAYETTE",800,39.21,-93.53,0.0,0.0,0.0,0.0,0.0,0.0,0.0,0.0,0.0,0.0,0.0,0.1,0.0,T,1.4,T,0.0,0.0,0.0,0.0,0.0,0.0,T,0.0,0.0,0.0,0.0,0.0,0.0,0.0,0.0
USC00238777,"WAYNESVILLE 2 W","PULASKI",890,37.81,-92.23,0.0,M,0.0,0.0,0.0,0.0,0.0,0.0,0.0,M,0.0,0.0,0.0,M,M,M,M,M,0.0,0.0,0.0,M,M,M,M,0.0,0.0,0.0,0.0,0.0,0.0
US1MOPU0025,"WAYNESVILLE 3.5 WSW","PULASKI",1052,37.81,-92.28,M,M,M,M,M,M,M,M,M,M,M,M,M,M,0.2,M,M,M,M,M,M,M,M,M,M,M,M,M,M,M,M
US1MOPU0021,"WAYNESVILLE 3.9 NNW","PULASKI",997,37.88,-92.25,0.0,M,0.0,0.0,0.0,0.0,0.0,M,0.0,M,0.0,M,0.0,M,1.5,0.0,0.0,0.0,M,0.0,0.0,M,0.0,0.0,M,0.0,M,0.0,0.0,0.0,M
US1MOSL0050,"WEBSTER GROVES 1.6 NNE","ST. LOUIS",503,38.61,-90.34,M,M,M,M,M,M,M,M,0.0,0.0,M,M,M,M,M,M,M,M,M,M,M,M,M,M,M,M,M,M,M,M,0.0
USC00238805,"WELDON SPRING NWS","ST. CHARLES",584,38.70,-90.68,0.0,0.0,0.0,0.0,T,0.0,0.0,0.0,0.0,0.0,0.0,T,T,0.0,1.1,0.0,T,0.0,0.0,0.0,0.0,0.0,T,0.0,0.0,0.0,0.0,0.0,T,T,0.0
US1MOSS0024,"WENTZVILLE 2.0 NNW","ST. CHARLES",549,38.84,-90.88,0.0,0.0,0.0,0.0,0.0,0.0,0.0,M,0.0,M,M,M,0.0,0.0,1.0,0.0,0.0,0.0,0.0,M,0.0,M,M,0.0,0.0,0.0,M,0.0,0.0,0.0,0.0
USC00238880,"WEST PLAINS","HOWELL",1105,36.73,-91.87,M,M,M,M,M,M,M,M,M,M,M,M,M,M,1.0,M,M,0.0,M,M,M,M,M,M,M,M,M,M,M,0.0,0.0
US1MOHL0025,"WEST PLAINS 1.0 W","HOWELL",1103,36.73,-91.87,0.0,0.0,0.0,0.0,0.0,M,0.0,M,M,M,M,0.0,0.0,M,1.0,M,M,0.0,0.0,0.0,0.0,M,0.0,0.0,0.0,0.0,M,0.0,0.0,0.0,0.0
US1MOHL0041,"WEST PLAINS 1.5 NW","HOWELL",1027,36.76,-91.88,0.0,0.0,0.0,0.0,0.0,0.0,0.0,M,0.0,M,M,0.0,0.0,0.5,0.3,0.9,0.0,0.0,0.0,0.0,0.0,M,0.0,0.0,0.0,0.0,M,0.0,0.0,0.0,0.0
US1MOHL0030,"WEST PLAINS 10.6 S","HOWELL",927,36.59,-91.90,0.0,M,M,M,M,M,M,M,M,M,M,M,M,M,0.5,4.0,M,M,M,M,M,M,M,M,M,M,M,M,M,M,M
US1MOFSA091,"WEST PLAINS 2.2 NNW","HOWELL",1122,36.77,-91.88,0.0,0.0,0.0,0.0,0.0,0.0,0.0,M,M,0.0,0.0,0.0,0.0,0.0,M,M,0.0,0.0,0.0,0.0,M,M,M,0.0,0.0,0.0,0.0,0.0,M,0.0,M
US1MOHL0038,"WEST PLAINS 8.3 NNE","HOWELL",1063,36.84,-91.78,0.0,0.0,0.0,0.0,0.0,0.0,0.0,M,0.0,M,M,0.0,0.0,M,M,M,0.0,0.0,M,0.0,M,M,0.0,M,0.0,M,M,M,0.0,0.0,0.0
US1MOHC0007,"WHEATLAND 2.7 S","HICKORY",1050,37.90,-93.39,0.0,0.0,0.0,0.0,0.0,0.0,0.0,M,0.0,0.0,0.0,T,0.0,0.5,1.4,0.0,0.0,0.0,0.0,0.0,0.0,M,0.0,0.0,0.0,0.0,M,M,0.0,0.0,0.0
US1MOGR0081,"WILLARD 2.6 W","GREENE",1072,37.29,-93.46,0.0,0.0,0.0,0.0,0.0,0.0,0.0,M,0.0,0.0,0.0,0.0,0.0,0.0,0.0,M,0.0,0.0,0.0,0.0,0.0,0.0,0.0,0.0,0.0,0.0,M,0.0,0.0,0.0,0.0
US1MOGR0038,"WILLARD 5.8 NNE","GREENE",1161,37.36,-93.36,0.0,0.0,0.0,0.0,0.0,0.0,0.0,M,0.0,0.0,0.0,T,0.0,0.5,2.5,0.1,0.0,0.0,0.0,0.0,0.0,0.0,0.0,0.0,0.0,0.0,M,0.0,0.0,0.0,0.0
USC00239034,"WINDSOR #2","HENRY",877,38.53,-93.53,0.0,0.0,0.0,0.0,0.0,0.0,0.0,0.0,0.0,0.0,0.0,0.0,0.0,T,2.0,0.0,0.0,0.0,0.0,0.0,0.0,0.0,T,0.0,0.0,0.0,0.0,0.0,0.0,T,0.0
US1MOHN0009,"WINDSOR 4.2 SSE","HENRY",885,38.48,-93.53,0.0,0.0,0.0,0.0,0.0,0.0,0.0,M,0.0,0.0,M,M,0.0,M,M,0.0,0.0,0.0,0.0,0.0,0.0,M,M,0.0,0.0,0.0,0.0,0.0,0.0,0.0,0.0
USC00239056,"WINONA 3 SW","SHANNON",961,36.98,-91.38,0.0,0.0,0.0,0.0,0.0,0.0,0.0,0.0,0.0,0.0,0.0,0.0,0.0,0.0,0.4,0.0,0.0,0.0,0.0,0.0,0.0,0.0,0.0,0.0,0.0,0.0,0.0,0.0,0.0,0.0,0.0
