Arizona Snowfall, January 2016
"GHCN ID","Station Name",County,Elevation,Latitude,Longitude,"Jan 1","Jan 2","Jan 3","Jan 4","Jan 5","Jan 6","Jan 7","Jan 8","Jan 9","Jan 10","Jan 11","Jan 12","Jan 13","Jan 14","Jan 15","Jan 16","Jan 17","Jan 18","Jan 19","Jan 20","Jan 21","Jan 22","Jan 23","Jan 24","Jan 25","Jan 26","Jan 27","Jan 28","Jan 29","Jan 30","Jan 31"
USC00020159,"ALPINE","APACHE",8048,33.85,-109.15,0.0,0.0,0.0,0.0,T,2.0,0.0,6.0,0.0,0.0,0.0,0.0,0.0,0.0,0.0,M,M,M,0.0,0.0,0.0,0.0,M,M,0.0,0.0,0.0,0.0,0.0,M,M
US1AZMR0416,"ANTHEM 1.7 NW","MARICOPA",1950,33.88,-112.14,0.0,0.0,0.0,M,M,M,M,M,M,M,0.0,0.0,0.0,0.0,0.0,0.0,0.0,0.0,0.0,0.0,0.0,0.0,0.0,0.0,0.0,0.0,0.0,0.0,0.0,0.0,M
US1AZPN0020,"APACHE JUNCTION 2.5 WSW","PINAL",1591,33.40,-111.58,0.0,0.0,0.0,M,M,M,M,M,M,0.0,0.0,0.0,0.0,0.0,0.0,0.0,0.0,0.0,0.0,M,0.0,0.0,0.0,0.0,0.0,0.0,0.0,0.0,0.0,0.0,0.0
US1AZPN0035,"APACHE JUNCTION 3.0 ESE","PINAL",1719,33.39,-111.49,0.0,0.0,0.0,M,M,M,M,M,M,M,0.0,0.0,0.0,0.0,0.0,M,0.0,0.0,0.0,0.0,0.0,0.0,0.0,0.0,0.0,0.0,0.0,0.0,0.0,0.0,0.0
US1AZPN0027,"APACHE JUNCTION 3.2 N","PINAL",1910,33.46,-111.54,0.0,0.0,0.0,M,M,M,M,M,M,M,0.0,0.0,0.0,0.0,0.0,0.0,0.0,0.0,0.0,0.0,0.0,0.0,0.0,0.0,0.0,0.0,0.0,0.0,M,M,0.0
US1AZPN0010,"APACHE JUNCTION 4.9 ESE","PINAL",1774,33.37,-111.47,0.0,0.0,0.0,0.0,M,M,M,M,M,0.0,0.0,0.0,0.0,0.0,0.0,M,0.0,0.0,0.0,0.0,0.0,0.0,0.0,0.0,0.0,0.0,0.0,0.0,0.0,0.0,0.0
US1AZPN0008,"APACHE JUNCTION 5.3 ESE","PINAL",1756,33.36,-111.47,0.0,0.0,0.0,0.0,M,M,0.0,M,M,0.0,0.0,0.0,0.0,0.0,0.0,0.0,0.0,0.0,0.0,0.0,0.0,0.0,0.0,0.0,0.0,0.0,0.0,0.0,0.0,0.0,0.0
US1AZPN0024,"APACHE JUNCTION 5.5 ESE","PINAL",1831,33.37,-111.46,M,M,M,M,M,M,M,M,M,0.0,0.0,0.0,0.0,0.0,0.0,0.0,0.0,0.0,0.0,0.0,0.0,0.0,0.0,0.0,0.0,0.0,0.0,0.0,0.0,0.0,0.0
USC00020404,"ARIZONA CITY","PINAL",1525,32.73,-111.69,0.0,0.0,0.0,0.0,0.0,0.0,0.0,0.0,0.0,0.0,0.0,0.0,0.0,0.0,0.0,0.0,0.0,0.0,0.0,0.0,0.0,0.0,0.0,0.0,0.0,0.0,0.0,0.0,0.0,0.0,0.0
US1AZYV0007,"ASH FORK 4.9 SW","YAVAPAI",5149,35.17,-112.53,0.0,0.0,0.0,M,M,M,M,M,M,0.0,0.0,0.0,0.0,0.0,0.0,M,0.0,0.0,0.0,M,0.0,0.0,0.0,0.0,0.0,0.0,0.0,0.0,0.0,0.0,0.0
US1AZMR0344,"AVONDALE 3.8 NE","MARICOPA",1011,33.47,-112.30,0.0,0.0,0.0,0.0,M,M,M,M,0.0,0.0,0.0,0.0,0.0,0.0,0.0,0.0,0.0,0.0,0.0,0.0,0.0,0.0,0.0,0.0,0.0,0.0,0.0,0.0,0.0,0.0,0.0
USC00020586,"BAGDAD","YAVAPAI",3934,34.60,-113.17,0.0,0.0,0.0,0.0,0.0,0.0,0.0,T,T,0.0,0.0,0.0,0.0,0.0,0.0,0.0,0.0,0.0,0.0,0.0,0.0,0.0,0.0,0.0,0.0,0.0,0.0,0.0,0.0,0.0,0.0
USC00020672,"BEAVER DAM","MOHAVE",1931,36.91,-113.94,0.0,0.0,0.0,0.0,0.0,0.0,0.0,0.0,0.0,0.0,0.0,0.0,0.0,0.0,0.0,0.0,0.0,0.0,0.0,0.0,0.0,0.0,0.0,0.0,0.0,0.0,0.0,0.0,0.0,0.0,0.0
USC00020678,"BELLEMONT WFO","COCONINO",7150,35.23,-111.82,0.0,0.0,0.0,2.2,1.7,7.8,12.2,0.9,0.0,T,0.0,0.0,0.0,0.0,3.3,0.0,0.0,T,0.5,0.0,0.0,0.0,0.0,0.0,0.0,0.0,0.0,0.0,0.0,0.0,1.7
US1AZCH0064,"BENSON 3.4 W","COCHISE",4117,31.96,-110.35,0.0,0.0,0.0,0.0,M,M,M,1.0,M,0.0,0.0,0.0,0.0,0.0,0.0,0.0,0.0,0.0,M,0.0,0.0,0.0,0.0,0.0,0.0,0.0,0.0,0.0,0.0,0.0,0.0
USC00020750,"BETATAKIN","NAVAJO",7284,36.68,-110.54,0.0,0.0,0.0,0.0,0.0,5.0,6.0,1.0,0.0,0.0,0.0,0.0,0.0,0.0,1.0,0.0,0.0,0.0,0.0,1.0,0.0,0.0,0.0,0.0,0.0,0.0,0.0,0.0,0.0,0.0,0.0
USC00020808,"BLACK RIVER PUMPS","GRAHAM",6063,33.48,-109.75,0.0,0.0,0.0,0.0,0.0,0.0,1.5,5.5,T,0.0,0.0,0.0,0.0,0.0,0.0,1.5,0.0,0.0,0.0,0.0,0.0,0.0,0.0,0.0,0.0,0.0,0.0,0.0,0.0,0.0,0.0
USC00020871,"BLUE RIDGE RS","COCONINO",6878,34.61,-111.19,0.0,0.0,0.0,T,T,M,M,17.0,0.0,0.0,0.0,0.0,0.0,0.0,0.0,T,0.0,0.0,0.0,0.0,0.0,0.0,0.0,0.0,0.0,0.0,0.0,0.0,0.0,0.0,0.0
USC00021001,"BRIGHT ANGEL RS","COCONINO",7998,36.21,-112.06,0.0,0.0,0.0,2.3,5.5,7.5,13.5,0.0,0.0,0.0,0.0,0.0,0.0,0.0,0.0,0.0,0.0,0.0,T,2.0,0.0,0.0,0.0,0.0,0.0,0.0,0.0,0.0,0.0,0.0,2.5
US1AZMR0434,"BUCKEYE 5.2 NE","MARICOPA",1033,33.43,-112.53,0.0,0.0,0.0,0.0,M,M,M,M,0.0,0.0,0.0,0.0,0.0,0.0,0.0,0.0,0.0,0.0,0.0,0.0,0.0,0.0,0.0,0.0,0.0,0.0,0.0,0.0,0.0,M,0.0
US1AZMR0041,"BUCKEYE 7.8 SE","MARICOPA",911,33.34,-112.49,0.0,0.0,0.0,0.0,M,M,M,M,M,0.0,0.0,0.0,0.0,0.0,0.0,0.0,0.0,0.0,0.0,0.0,0.0,0.0,0.0,0.0,0.0,0.0,0.0,0.0,0.0,0.0,0.0
USC00021050,"BULLHEAD CITY","MOHAVE",531,35.14,-114.57,0.0,0.0,0.0,0.0,0.0,0.0,0.0,0.0,0.0,0.0,0.0,0.0,0.0,0.0,0.0,0.0,0.0,0.0,0.0,0.0,0.0,0.0,0.0,0.0,0.0,0.0,0.0,0.0,0.0,0.0,0.0
USC00021248,"CANYON DE CHELLY","APACHE",5608,36.15,-109.54,0.0,0.0,0.0,T,T,0.0,T,1.4,T,0.0,0.0,0.0,0.0,0.0,0.3,0.0,0.0,0.0,0.0,0.0,0.0,0.0,0.0,0.0,0.0,0.0,0.0,0.0,0.0,0.0,0.0
US1AZMR0031,"CAREFREE 2.1 E","MARICOPA",2639,33.82,-111.88,0.0,0.0,0.0,M,M,M,M,M,M,0.0,0.0,0.0,0.0,0.0,0.0,0.0,0.0,0.0,0.0,0.0,0.0,0.0,0.0,0.0,0.0,0.0,0.0,0.0,0.0,0.0,0.0
US1AZPN0063,"CASA GRANDE 3.0 ENE","PINAL",1417,32.89,-111.70,0.0,0.0,0.0,0.0,M,M,M,M,M,0.0,M,0.0,0.0,0.0,0.0,0.0,0.0,0.0,0.0,0.0,0.0,0.0,0.0,0.0,0.0,0.0,0.0,0.0,0.0,0.0,0.0
US1AZPN0037,"CASA GRANDE 5.7 SE","PINAL",1477,32.81,-111.68,0.0,0.0,0.0,0.0,M,M,0.0,M,0.0,0.0,0.0,0.0,0.0,0.0,0.0,0.0,0.0,0.0,0.0,0.0,0.0,0.0,0.0,0.0,0.0,0.0,0.0,0.0,0.0,0.0,0.0
US1AZPN0033,"CASA GRANDE 6.5 NNW","PINAL",1486,32.96,-111.78,0.0,0.0,0.0,0.0,M,M,M,M,M,0.0,0.0,0.0,0.0,0.0,0.0,0.0,0.0,0.0,0.0,0.0,0.0,0.0,0.0,0.0,0.0,0.0,0.0,0.0,0.0,0.0,0.0
US1AZPN0054,"CASA GRANDE 6.6 NE","PINAL",1458,32.94,-111.67,0.0,M,M,M,M,M,M,M,M,M,M,M,M,M,M,M,M,M,M,M,M,M,M,M,M,M,M,M,M,M,M
USC00021353,"CASTLE HOT SPRINGS","YAVAPAI",1990,33.98,-112.36,0.0,0.0,0.0,0.0,0.0,0.0,0.0,0.0,0.0,0.0,0.0,0.0,0.0,0.0,0.0,0.0,0.0,0.0,0.0,0.0,0.0,0.0,0.0,0.0,0.0,0.0,0.0,0.0,0.0,0.0,0.0
US1AZPM0231,"CATALINA 2.5 ESE","PIMA",3347,32.49,-110.88,0.0,0.0,0.0,0.0,M,M,M,1.0,M,0.0,0.0,0.0,0.0,0.0,0.0,0.0,0.0,0.0,0.0,0.0,0.0,0.0,0.0,0.0,0.0,0.0,0.0,0.0,0.0,0.0,0.0
US1AZMR0158,"CAVE CREEK 1.0 WSW","MARICOPA",1936,33.80,-111.98,0.0,0.0,0.0,0.0,M,M,M,M,M,0.0,0.0,0.0,0.0,0.0,0.0,0.0,0.0,0.0,0.0,M,0.0,0.0,0.0,0.0,0.0,0.0,0.0,0.0,0.0,0.0,0.0
US1AZMR0017,"CAVE CREEK 2.9 SSW","MARICOPA",1957,33.79,-111.98,0.0,0.0,0.0,M,M,M,M,M,M,0.0,0.0,0.0,0.0,0.0,0.0,0.0,0.0,0.0,0.0,0.0,0.0,0.0,0.0,0.0,0.0,0.0,0.0,M,0.0,0.0,0.0
US1AZMR0419,"CAVE CREEK 4.2 SSW","MARICOPA",1940,33.77,-111.98,0.0,0.0,0.0,M,M,M,M,M,M,0.0,0.0,0.0,0.0,0.0,0.0,0.0,0.0,0.0,0.0,0.0,0.0,0.0,0.0,0.0,0.0,0.0,0.0,0.0,0.0,0.0,0.0
US1AZMR0372,"CAVE CREEK 9.4 WSW","MARICOPA",1782,33.80,-112.11,0.0,0.0,0.0,M,M,M,M,M,M,0.0,M,0.0,0.0,0.0,0.0,M,0.0,0.0,0.0,0.0,0.0,0.0,0.0,0.0,0.0,0.0,0.0,0.0,0.0,0.0,0.0
US1AZMR0047,"CHANDLER 0.7 E","MARICOPA",1208,33.29,-111.86,M,0.0,0.0,0.0,M,M,M,M,M,M,0.0,0.0,0.0,M,0.0,0.0,0.0,0.0,M,M,M,0.0,0.0,0.0,M,0.0,M,M,0.0,M,M
US1AZMR0341,"CHANDLER 2.6 ENE","MARICOPA",1244,33.31,-111.80,0.0,0.0,0.0,M,M,M,M,M,M,M,0.0,0.0,0.0,0.0,M,0.0,0.0,0.0,0.0,0.0,0.0,0.0,0.0,0.0,0.0,0.0,0.0,0.0,0.0,0.0,0.0
US1AZMR0197,"CHANDLER 3.8 N","MARICOPA",1208,33.36,-111.85,0.0,0.0,0.0,0.0,M,M,M,M,0.0,0.0,0.0,0.0,0.0,0.0,0.0,0.0,0.0,0.0,0.0,0.0,0.0,0.0,0.0,0.0,0.0,0.0,0.0,0.0,0.0,0.0,0.0
US1AZMR0278,"CHANDLER 5.4 SSE","MARICOPA",1252,33.23,-111.80,0.0,0.0,0.0,0.0,M,M,M,M,M,M,0.0,0.0,0.0,0.0,0.0,0.0,0.0,0.0,0.0,0.0,0.0,0.0,0.0,0.0,0.0,0.0,0.0,0.0,0.0,0.0,0.0
US1AZMR0157,"CHANDLER 6.6 SE","MARICOPA",1265,33.22,-111.78,0.0,0.0,0.0,0.0,M,M,0.0,M,0.0,M,0.0,0.0,0.0,0.0,0.0,0.0,0.0,0.0,0.0,0.0,0.0,0.0,0.0,0.0,0.0,0.0,0.0,0.0,0.0,0.0,0.0
USC00021654,"CHINO VALLEY","YAVAPAI",4749,34.76,-112.46,0.0,0.0,0.0,0.0,0.0,T,0.0,0.2,T,0.0,0.0,0.0,0.0,0.0,0.0,0.0,0.0,0.0,0.0,0.0,0.0,0.0,0.0,0.0,0.0,0.0,0.0,0.0,0.0,0.0,0.0
US1AZYV0061,"CHINO VALLEY 4.7 WNW","YAVAPAI",4931,34.77,-112.53,0.0,0.0,M,M,M,M,M,M,M,0.0,M,0.0,M,M,M,0.0,0.0,0.0,0.0,M,M,0.0,0.0,0.0,0.0,0.0,0.0,0.0,0.0,0.0,M
USC00021664,"CHIRICAHUA NATIONAL MONUMENT","COCHISE",5299,32.01,-109.36,0.0,0.0,0.0,0.0,0.0,0.0,0.0,0.0,0.0,0.0,0.5,0.0,0.0,0.0,0.0,0.0,0.0,0.0,0.0,0.0,0.0,0.0,0.0,0.0,0.0,0.0,0.0,0.0,0.0,0.0,0.0
US1AZMH0024,"CHLORIDE 0.2 WNW","MOHAVE",4025,35.42,-114.20,0.0,0.0,0.0,M,M,M,M,M,M,0.0,0.0,0.0,0.0,0.0,0.0,0.0,0.0,0.0,0.0,M,0.0,0.0,0.0,0.0,0.0,0.0,0.0,0.0,0.0,0.0,0.0
USC00022109,"CORDES","YAVAPAI",3770,34.31,-112.17,0.0,0.0,0.0,0.0,0.0,0.0,0.0,0.0,0.0,0.0,0.0,0.0,0.0,0.0,T,0.0,0.0,0.0,0.0,0.0,0.0,0.0,0.0,0.0,0.0,0.0,0.0,0.0,0.0,0.0,0.0
US1AZYV0055,"CORNVILLE 0.8 SSE","YAVAPAI",3320,34.71,-111.92,0.0,0.0,0.0,M,M,M,M,M,M,0.0,0.0,0.0,0.0,0.0,0.0,M,0.0,0.0,0.0,M,0.0,0.0,0.0,0.0,0.0,0.0,0.0,0.0,0.0,0.0,0.0
US1AZPM0013,"CORONA DE TUSCON 0.4 SE","PIMA",3442,31.95,-110.76,0.0,0.0,0.0,M,0.0,M,1.5,M,M,M,M,M,M,M,M,M,M,M,M,M,M,M,M,M,M,M,M,M,M,M,M
US1AZYV0018,"COTTONWOOD 1.4 WSW","YAVAPAI",3503,34.72,-112.02,0.0,0.0,0.0,M,M,M,M,M,M,0.0,0.0,0.0,0.0,0.0,0.0,M,0.0,0.0,0.0,M,0.0,M,0.0,0.0,0.0,0.0,0.0,0.0,0.0,0.0,0.0
USC00022527,"DIAMOND M RANCH","MOHAVE",5491,35.29,-113.37,0.0,0.0,0.0,0.0,0.0,2.0,4.0,3.5,T,0.0,T,0.0,0.0,0.0,0.0,T,0.0,0.0,0.0,0.0,0.0,0.0,0.0,0.0,0.0,0.0,0.0,0.0,0.0,0.0,0.0
US1AZCH0050,"DOUGLAS 1.0 E","COCHISE",4087,31.34,-109.52,0.0,0.0,0.0,0.0,M,M,0.0,M,0.0,0.0,0.0,0.0,0.0,0.0,0.0,0.0,0.0,0.0,0.0,0.0,0.0,0.0,0.0,0.0,0.0,0.0,0.0,0.0,0.0,0.0,0.0
USW00093026,"DOUGLAS BISBEE INL AP","COCHISE",4104,31.46,-109.61,0.0,0.0,0.0,0.0,M,0.0,M,M,M,M,M,M,M,M,0.0,0.0,0.0,0.0,0.0,0.0,0.0,0.0,0.0,0.0,0.0,0.0,0.0,0.0,0.0,0.0,M
USC00022790,"EHRENBERG 2 E","LA PAZ",465,33.61,-114.47,M,M,0.0,0.0,M,M,M,M,M,0.0,0.0,0.0,M,0.0,M,M,M,0.0,M,M,0.0,M,M,0.0,M,0.0,0.0,M,M,M,M
US1AZMR0398,"EL MIRAGE 1.6 S","MARICOPA",1110,33.59,-112.32,0.0,0.0,0.0,M,M,M,M,M,0.0,M,0.0,0.0,0.0,0.0,0.0,0.0,0.0,0.0,0.0,0.0,0.0,0.0,0.0,0.0,0.0,0.0,0.0,0.0,0.0,0.0,0.0
US1AZCN0033,"FLAGSTAFF 2.2 SW","COCONINO",7041,35.17,-111.68,0.0,0.0,0.0,0.2,4.5,8.9,6.3,6.0,0.3,0.0,T,0.0,0.0,0.0,M,2.4,0.0,0.0,0.0,0.3,0.0,0.0,0.0,0.0,0.0,0.0,0.0,0.0,0.0,0.0,M
US1AZCN0022,"FLAGSTAFF 3.1 NNW","COCONINO",7134,35.23,-111.67,0.0,0.0,0.0,0.0,M,M,M,M,0.0,0.0,0.0,0.0,0.0,0.0,0.0,M,0.0,0.0,0.0,M,0.0,0.0,0.0,0.0,0.0,0.0,0.0,0.0,0.0,0.0,0.0
US1AZCN0031,"FLAGSTAFF 3.2 E","COCONINO",6886,35.19,-111.59,M,M,M,M,3.0,4.0,5.4,4.3,0.2,0.0,0.0,0.0,M,0.0,0.0,1.5,M,0.0,M,0.0,M,M,0.0,M,M,0.0,M,M,M,0.0,0.0
US1AZCN0006,"FLAGSTAFF 3.2 NNW","COCONINO",7086,35.23,-111.67,M,M,M,0.3,1.8,5.5,8.5,1.0,M,M,M,M,M,M,M,2.0,M,M,M,M,M,M,M,M,M,M,M,M,M,M,M
US1AZCN0014,"FLAGSTAFF 3.4 NE","COCONINO",6968,35.22,-111.60,0.0,0.0,0.0,0.0,1.0,4.0,7.5,M,M,0.0,0.0,0.0,0.0,0.0,0.0,2.5,0.0,0.0,0.0,M,0.0,0.0,0.0,0.0,0.0,0.0,0.0,0.0,0.0,0.0,0.0
US1AZCN0019,"FLAGSTAFF 3.5 E","COCONINO",6878,35.19,-111.59,0.0,0.0,0.0,M,2.3,6.0,5.0,5.8,M,0.0,M,0.0,0.0,0.0,0.0,2.3,0.0,0.0,0.0,M,0.0,0.0,0.0,0.0,0.0,0.0,0.0,0.0,0.0,0.0,0.0
USC00023009,"FLAGSTAFF 4 SW","COCONINO",7123,35.16,-111.73,0.0,0.0,0.0,3.0,0.1,10.0,M,17.0,T,0.0,0.0,0.0,0.0,0.0,T,2.0,0.0,0.0,0.0,0.0,0.0,0.0,0.0,0.0,0.0,0.0,0.0,0.0,0.0,0.0,T
US1AZCN0021,"FLAGSTAFF 6.8 NW","COCONINO",7318,35.26,-111.74,0.0,0.0,0.0,T,2.8,5.1,6.4,5.7,0.5,T,T,0.0,0.0,0.0,0.0,3.2,0.0,0.0,0.0,0.4,0.0,0.0,0.0,0.0,0.0,0.0,0.0,0.0,M,0.0,0.0
US1AZCN0002,"FLAGSTAFF 7.8 SSW","COCONINO",6818,35.09,-111.70,0.0,0.0,0.0,0.4,4.2,8.2,5.5,8.7,0.4,0.0,0.0,0.0,0.0,0.0,0.0,2.8,0.0,0.0,0.0,0.2,0.0,0.0,0.0,0.0,0.0,0.0,0.0,0.0,0.0,0.0,0.0
US1AZCN0027,"FLAGSTAFF 8.2 NE","COCONINO",6621,35.26,-111.53,0.0,0.0,0.0,0.0,0.8,1.8,3.5,2.0,0.0,0.0,0.0,0.0,0.0,0.0,0.0,1.0,0.0,0.0,0.0,0.0,0.0,0.0,0.0,0.0,0.0,0.0,0.0,0.0,0.0,0.0,0.0
USW00003103,"FLAGSTAFF PULLIAM AP","COCONINO",7001,35.14,-111.67,0.0,0.0,0.0,4.5,2.4,12.3,11.5,0.2,0.0,T,0.0,0.0,0.0,0.0,3.0,0.0,0.0,0.0,0.1,0.0,0.0,0.0,0.0,0.0,0.0,0.0,0.0,0.0,0.0,0.0,2.4
US1AZPN0059,"FLORENCE 6.2 SE","PINAL",1813,32.96,-111.32,0.0,0.0,0.0,0.0,M,M,M,M,M,0.0,0.0,0.0,0.0,0.0,0.0,0.0,0.0,0.0,0.0,0.0,M,M,M,M,M,M,M,M,M,M,M
US1AZPN0025,"FLORENCE 9.1 NW","PINAL",1527,33.11,-111.51,0.0,0.0,0.0,M,M,M,M,M,M,0.0,0.0,0.0,0.0,0.0,0.0,0.0,0.0,0.0,0.0,0.0,0.0,0.0,0.0,0.0,0.0,0.0,0.0,0.0,0.0,0.0,0.0
US1AZPM0046,"FLOWING WELLS 2.1 NW","PIMA",2237,32.32,-111.03,M,M,M,M,M,M,M,M,M,M,M,0.0,0.0,M,0.0,M,M,0.0,M,M,0.0,M,M,M,M,0.0,M,M,0.0,M,M
US1AZPM0063,"FLOWING WELLS 3.1 W","PIMA",2341,32.29,-111.06,0.0,0.0,0.0,0.0,M,M,0.0,0.0,M,0.0,0.0,0.0,0.0,0.0,0.0,0.0,0.0,0.0,0.0,0.0,0.0,0.0,0.0,0.0,0.0,0.0,0.0,0.0,0.0,0.0,0.0
US1AZPM0049,"FLOWING WELLS 3.9 W","PIMA",2323,32.30,-111.08,0.0,0.0,0.0,0.0,M,M,M,M,M,0.0,M,0.0,M,0.0,0.0,0.0,0.0,0.0,0.0,0.0,0.0,0.0,0.0,0.0,0.0,0.0,0.0,0.0,0.0,0.0,0.0
US1AZPM0047,"FLOWING WELLS 6.4 NNW","PIMA",2480,32.38,-111.04,0.0,0.0,0.0,0.0,M,M,0.0,M,M,0.0,0.0,0.0,0.0,0.0,0.0,0.0,0.0,0.0,0.0,0.0,0.0,0.0,0.0,0.0,0.0,0.0,0.0,M,M,0.0,0.0
USC00023190,"FOUNTAIN HILLS","MARICOPA",1580,33.60,-111.71,M,M,M,0.0,0.0,0.0,M,M,M,M,0.0,0.0,0.0,0.0,M,M,M,M,M,M,M,0.0,M,M,M,M,M,0.0,0.0,M,M
US1AZMR0206,"FOUNTAIN HILLS 0.3 NNW","MARICOPA",1561,33.61,-111.71,M,M,M,M,M,M,M,M,M,0.0,M,M,M,M,M,M,M,M,M,M,M,M,M,M,M,M,M,M,M,M,M
US1AZMR0319,"FOUNTAIN HILLS 2.5 SW","MARICOPA",1860,33.59,-111.74,M,M,M,M,0.0,0.0,0.0,0.0,0.0,0.0,M,M,M,M,M,M,M,M,M,M,M,M,M,M,M,M,M,M,M,M,M
USC00023303,"GANADO","APACHE",6338,35.71,-109.55,M,0.0,0.0,0.0,T,2.0,0.0,1.0,0.0,0.0,0.0,0.0,0.0,0.0,T,0.0,0.0,0.0,0.0,0.0,0.0,0.0,0.0,0.0,0.0,0.0,0.0,0.0,0.0,0.0,0.0
US1AZMR0218,"GILBERT 3.6 ENE","MARICOPA",1297,33.37,-111.72,0.0,0.0,0.0,0.0,M,M,M,M,M,0.0,0.0,0.0,0.0,0.0,0.0,0.0,0.0,0.0,0.0,0.0,0.0,0.0,0.0,0.0,0.0,0.0,0.0,0.0,0.0,0.0,0.0
US1AZMR0075,"GILBERT 3.8 NW","MARICOPA",1225,33.37,-111.81,0.0,0.0,0.0,0.0,M,M,M,M,0.0,0.0,0.0,0.0,0.0,0.0,0.0,0.0,0.0,0.0,0.0,0.0,0.0,0.0,0.0,0.0,0.0,0.0,0.0,0.0,0.0,0.0,0.0
US1AZMR0378,"GILBERT 7.2 SSE","MARICOPA",1306,33.25,-111.74,0.0,0.0,0.0,0.0,M,M,M,M,M,0.0,0.0,0.0,0.0,0.0,0.0,0.0,0.0,0.0,0.0,0.0,0.0,0.0,0.0,0.0,0.0,0.0,0.0,0.0,0.0,0.0,0.0
US1AZMR0357,"GILBERT 9.1 SSE","MARICOPA",0,33.22,-111.75,0.0,0.0,0.0,0.0,M,M,M,M,0.0,0.0,0.0,0.0,0.0,0.0,0.0,0.0,0.0,0.0,0.0,0.0,0.0,0.0,0.0,0.0,0.0,0.0,0.0,0.0,0.0,0.0,0.0
US1AZMR0338,"GILBERT 9.9 SSE","MARICOPA",1311,33.21,-111.74,0.0,M,0.0,0.0,M,M,M,M,M,0.0,M,0.0,0.0,0.0,0.0,0.0,M,0.0,0.0,0.0,0.0,0.0,0.0,0.0,0.0,0.0,0.0,0.0,0.0,0.0,0.0
USC00023448,"GISELA","GILA",2899,34.11,-111.28,0.0,0.0,0.0,0.0,0.0,0.0,0.0,0.0,0.0,0.0,0.0,0.0,0.0,0.0,0.0,0.0,0.0,0.0,0.0,0.0,0.0,0.0,0.0,0.0,0.0,0.0,0.0,0.0,0.0,0.0,0.0
US1AZMR0209,"GLENDALE 10.7 NNE","MARICOPA",1414,33.66,-112.08,0.0,0.0,0.0,0.0,M,M,M,M,0.0,0.0,0.0,0.0,0.0,0.0,0.0,0.0,0.0,0.0,0.0,0.0,0.0,0.0,0.0,0.0,0.0,0.0,0.0,M,0.0,0.0,0.0
US1AZMR0226,"GLENDALE 3.0 NNE","MARICOPA",1201,33.57,-112.16,0.0,0.0,0.0,M,M,M,M,M,0.0,0.0,0.0,0.0,0.0,0.0,0.0,0.0,0.0,0.0,0.0,0.0,0.0,0.0,0.0,0.0,0.0,0.0,M,M,0.0,M,M
US1AZMR0046,"GLENDALE 3.5 S","MARICOPA",1139,33.53,-112.20,0.0,0.0,0.0,0.0,M,M,M,M,0.0,0.0,0.0,0.0,0.0,0.0,0.0,0.0,0.0,0.0,0.0,0.0,0.0,0.0,0.0,0.0,0.0,0.0,0.0,0.0,0.0,0.0,0.0
US1AZMR0160,"GLENDALE 6.9 N","MARICOPA",1270,33.63,-112.16,0.0,0.0,0.0,M,M,M,M,M,M,0.0,M,0.0,0.0,0.0,0.0,0.0,0.0,0.0,0.0,0.0,0.0,0.0,0.0,0.0,0.0,0.0,0.0,0.0,0.0,0.0,M
USC00023501,"GLOBE #3","GILA",3659,33.39,-110.79,M,M,M,M,M,M,M,1.5,1.0,M,M,M,M,M,M,M,M,M,M,M,M,M,M,M,M,M,M,M,M,M,M
US1AZMH0001,"GOLDEN VALLEY 10.1 N","MOHAVE",3481,35.37,-114.24,0.0,0.0,0.0,0.0,M,M,M,M,M,0.0,M,0.0,0.0,0.0,0.0,M,0.0,0.0,0.0,M,0.0,0.0,0.0,0.0,0.0,0.0,0.0,0.0,0.0,0.0,M
US1AZMH0003,"GOLDEN VALLEY 2.6 WNW","MOHAVE",2824,35.23,-114.27,0.0,0.0,0.0,M,M,M,0.0,M,M,M,M,0.0,0.0,0.0,0.0,M,M,M,0.0,0.0,0.0,0.0,0.0,M,M,0.0,0.0,M,0.0,0.0,0.0
US1AZMR0245,"GOODYEAR 2.9 W","MARICOPA",975,33.43,-112.40,0.0,0.0,0.0,M,M,M,M,M,M,0.0,0.0,0.0,0.0,0.0,0.0,0.0,0.0,0.0,0.0,0.0,0.0,0.0,0.0,0.0,0.0,0.0,0.0,0.0,0.0,0.0,0.0
US1AZMR0349,"GOODYEAR 4.4 WNW","MARICOPA",995,33.45,-112.42,M,0.0,0.0,M,M,M,M,M,0.0,0.0,0.0,0.0,M,0.0,0.0,0.0,0.0,0.0,0.0,0.0,0.0,0.0,0.0,0.0,0.0,0.0,0.0,0.0,0.0,0.0,0.0
US1AZMR0170,"GOODYEAR 5.9 WSW","MARICOPA",906,33.41,-112.45,0.0,M,0.0,0.0,M,M,M,0.0,M,0.0,M,0.0,M,0.0,0.0,0.0,0.0,0.0,0.0,0.0,0.0,M,0.0,M,0.0,0.0,0.0,M,0.0,0.0,0.0
USC00023584,"GRAND CANYON EAST ENTRANCE","COCONINO",7478,36.04,-111.83,0.0,0.0,0.0,0.0,3.2,3.5,3.0,0.3,0.0,0.0,0.0,0.0,0.0,0.0,0.0,0.0,0.0,0.0,0.0,0.1,0.0,0.0,0.0,0.1,0.0,0.0,0.0,0.0,0.0,0.0,0.0
USC00023582,"GRAND CANYON VISITOR CENTER","COCONINO",7081,36.06,-112.11,0.0,0.0,0.0,T,3.0,6.0,7.0,1.5,0.0,0.0,0.0,0.0,0.0,0.0,0.0,1.0,0.0,0.0,0.0,0.5,0.0,0.0,0.0,0.0,0.0,0.0,0.0,0.0,0.0,0.0,0.0
US1AZPM0269,"GREEN VALLEY 0.7 W","PIMA",2960,31.87,-111.00,0.0,0.0,0.0,0.0,M,M,M,M,M,0.0,0.0,0.0,0.0,0.0,0.0,0.0,0.0,0.0,0.0,0.0,0.0,0.0,0.0,0.0,0.0,0.0,0.0,0.0,0.0,0.0,0.0
US1AZPM0211,"GREEN VALLEY 1.3 NNW","PIMA",2994,31.87,-111.00,0.0,0.0,0.0,0.0,M,M,M,M,M,M,M,0.0,M,0.0,0.0,0.0,0.0,M,0.0,0.0,0.0,0.0,0.0,0.0,0.0,0.0,0.0,0.0,0.0,0.0,M
US1AZPM0272,"GREEN VALLEY 2.7 NNE","PIMA",2842,31.89,-110.98,0.0,0.0,0.0,0.0,M,M,M,M,M,M,0.0,0.0,M,0.0,0.0,M,M,M,M,0.0,M,0.0,M,M,0.0,M,0.0,0.0,0.0,M,M
US1AZPM0194,"GREEN VALLEY 3.7 NE","PIMA",2882,31.89,-110.95,0.0,0.0,0.0,0.0,M,M,M,M,M,M,M,M,M,M,M,M,M,M,M,M,M,M,M,M,M,M,M,M,M,M,M
US1AZPM0172,"GREEN VALLEY 3.9 NE","PIMA",2862,31.89,-110.95,0.0,0.0,0.0,0.0,M,M,M,M,0.0,0.0,0.0,0.0,0.0,0.0,0.0,0.0,0.0,0.0,0.0,0.0,0.0,0.0,0.0,0.0,0.0,0.0,0.0,0.0,0.0,0.0,0.0
US1AZPM0091,"GREEN VALLEY 4.8 NW","PIMA",2919,31.89,-110.93,0.0,0.0,0.0,0.0,M,M,M,M,M,0.0,0.0,0.0,0.0,0.0,0.0,0.0,0.0,0.0,0.0,0.0,0.0,0.0,0.0,0.0,0.0,0.0,0.0,0.0,0.0,0.0,0.0
USC00023828,"HAPPY JACK RS","COCONINO",7478,34.74,-111.41,0.0,0.0,0.0,0.0,M,M,M,M,M,M,M,0.0,0.0,0.0,0.0,0.0,0.0,0.0,0.0,0.0,0.0,0.0,0.0,0.0,0.0,0.0,0.0,0.0,0.0,0.0,0.0
USC00023961,"HEBER (BLACK MESA) RANGER STATION","NAVAJO",6588,34.39,-110.56,0.0,0.0,0.0,T,0.0,0.0,3.0,8.0,0.0,0.0,0.0,0.0,0.0,T,0.0,0.0,0.0,0.0,0.0,0.0,0.0,0.0,0.0,0.0,0.0,0.0,0.0,0.0,0.0,0.0,0.0
US1AZCH0052,"HEREFORD 1.1 WSW","COCHISE",4231,31.43,-110.12,0.0,0.0,0.0,M,M,M,M,M,0.0,0.0,M,0.0,0.0,M,M,0.0,M,M,0.0,0.0,0.0,M,M,M,M,M,0.0,0.0,0.0,0.0,0.0
US1AZCH0063,"HEREFORD 7.8 WNW","COCHISE",4603,31.45,-110.22,0.0,M,0.0,0.0,M,M,0.0,M,0.0,0.0,0.0,0.0,0.0,0.0,0.0,0.0,0.0,0.0,0.0,0.0,0.0,0.0,0.0,0.0,0.0,0.0,0.0,0.0,0.0,0.0,0.0
US1AZCH0031,"HEREFORD 8.4 W","COCHISE",4837,31.42,-110.24,0.0,M,M,M,M,M,M,M,M,M,M,M,M,M,M,M,M,M,M,M,M,M,M,M,M,M,M,M,M,0.0,0.0
US1AZCH0054,"HEREFORD 9.0 SW","COCHISE",4773,31.35,-110.21,0.0,0.0,0.0,0.0,M,M,0.0,1.8,M,0.0,0.0,0.0,0.0,0.0,0.0,0.0,0.0,0.0,0.0,0.0,0.0,0.0,0.0,0.0,0.0,0.0,0.0,0.0,0.0,0.0,0.0
US1AZCH0039,"HUACHUCA CITY 3.4 N","COCHISE",4325,31.68,-110.33,0.0,0.0,0.0,0.0,M,M,0.0,T,M,0.0,0.0,0.0,0.0,0.0,0.0,0.0,0.0,0.0,0.0,M,0.0,0.0,M,0.0,0.0,0.0,0.0,0.0,0.0,0.0,0.0
USC00024453,"JEROME","YAVAPAI",4949,34.75,-112.11,0.0,0.0,0.0,0.0,0.0,1.0,T,0.2,0.0,0.0,0.0,0.0,0.0,0.0,0.0,T,0.0,0.0,0.0,0.0,0.0,0.0,0.0,0.0,0.0,0.0,0.0,0.0,0.0,0.0,0.0
USC00024534,"KARTCHNER CAVERNS","COCHISE",4689,31.84,-110.36,0.0,0.0,0.0,0.0,M,M,M,M,M,0.0,0.0,0.0,0.0,0.0,0.0,0.0,0.0,0.0,0.0,0.0,0.0,0.0,0.0,0.0,0.0,0.0,0.0,0.0,0.0,0.0,0.0
US1AZMH0022,"KINGMAN 12.5 N","MOHAVE",3759,35.36,-114.01,0.0,0.0,0.0,M,M,M,M,M,M,0.0,0.0,0.0,0.0,0.0,0.0,0.0,0.0,0.0,0.0,M,0.0,0.0,0.0,0.0,0.0,0.0,0.0,0.0,0.0,0.0,0.0
USW00093167,"KINGMAN MOHAVE COUNTY AP","MOHAVE",3419,35.26,-113.93,0.0,0.0,0.0,0.0,0.0,0.0,0.0,M,0.0,0.0,0.0,0.0,0.0,0.0,0.0,0.0,0.0,0.0,0.0,0.0,0.0,0.0,0.0,0.0,0.0,0.0,0.0,0.0,0.0,0.0,M
USC00024675,"KITT PEAK","PIMA",6788,31.96,-111.60,M,0.0,0.0,0.0,0.0,0.0,0.0,2.5,0.0,0.0,M,0.0,0.0,0.0,0.0,0.0,0.0,0.0,0.0,0.0,0.0,0.0,0.0,0.0,0.0,0.0,0.0,0.0,0.0,0.0,0.0
US1AZMH0005,"LAKE HAVASU 2.6 N","MOHAVE",968,34.52,-114.32,0.0,0.0,0.0,0.0,M,M,M,M,0.0,0.0,M,0.0,0.0,0.0,0.0,0.0,0.0,0.0,0.0,0.0,0.0,0.0,0.0,0.0,0.0,0.0,0.0,0.0,0.0,0.0,0.0
US1AZMH0006,"LAKE HAVASU 3.5 NE","MOHAVE",1481,34.52,-114.28,0.0,0.0,0.0,0.0,M,M,M,0.0,0.0,0.0,0.0,0.0,0.0,0.0,0.0,0.0,0.0,0.0,0.0,M,0.0,0.0,0.0,0.0,0.0,0.0,0.0,0.0,0.0,0.0,0.0
USC00024761,"LAKE HAVASU CITY","MOHAVE",449,34.50,-114.36,0.0,0.0,0.0,0.0,0.0,0.0,0.0,0.0,0.0,0.0,0.0,0.0,0.0,0.0,0.0,0.0,0.0,0.0,0.0,0.0,0.0,0.0,0.0,0.0,0.0,0.0,0.0,0.0,0.0,0.0,0.0
US1AZMR0111,"LAVEEN 3.0 SE","MARICOPA",1118,33.34,-112.15,0.0,0.0,0.0,M,M,M,M,M,M,0.0,0.0,0.0,0.0,0.0,0.0,0.0,0.0,0.0,0.0,M,0.0,0.0,0.0,0.0,0.0,0.0,0.0,0.0,0.0,0.0,M
US1AZMR0412,"LITCHFIELD PARK 0.4 N","MARICOPA",1029,33.50,-112.35,0.0,M,0.0,M,M,M,M,M,M,M,0.0,0.0,0.0,0.0,M,0.0,0.0,0.0,0.0,0.0,M,0.0,M,0.0,0.0,M,0.0,0.0,M,0.0,M
US1AZMR0132,"LITCHFIELD PARK 0.6 NNE","MARICOPA",1057,33.51,-112.35,0.0,0.0,0.0,M,0.0,0.0,0.0,0.0,0.0,0.0,0.0,0.0,0.0,0.0,0.0,0.0,0.0,0.0,0.0,0.0,0.0,0.0,0.0,0.0,0.0,0.0,0.0,0.0,0.0,0.0,0.0
US1AZMR0035,"LITCHFIELD PARK 1.1 E","MARICOPA",1039,33.50,-112.34,0.0,0.0,0.0,M,M,M,M,M,M,0.0,0.0,0.0,0.0,0.0,0.0,0.0,0.0,0.0,0.0,0.0,0.0,0.0,0.0,0.0,0.0,0.0,0.0,0.0,0.0,0.0,0.0
US1AZMR0402,"LITCHFIELD PARK 6.5 WNW","MARICOPA",1139,33.51,-112.46,0.0,0.0,0.0,0.0,M,M,M,M,0.0,0.0,0.0,0.0,0.0,0.0,0.0,0.0,0.0,0.0,0.0,M,0.0,0.0,0.0,0.0,0.0,0.0,0.0,0.0,0.0,0.0,0.0
US1AZPN0045,"MARANA 19.4 NNE","PINAL",3066,32.68,-111.06,0.0,0.0,0.0,M,M,M,M,M,M,0.0,0.0,0.0,0.0,0.0,0.0,0.0,0.0,0.0,M,0.0,0.0,0.0,0.0,0.0,0.0,0.0,M,M,0.0,0.0,0.0
US1AZPN0053,"MARANA 8.1 N","PINAL",2327,32.55,-111.20,0.0,0.0,0.0,0.0,M,M,M,M,M,0.0,0.0,0.0,0.0,0.0,M,M,M,0.0,0.0,0.0,0.0,0.0,M,0.0,0.0,0.0,0.0,0.0,0.0,0.0,0.0
US1AZPM0234,"MARANA 8.4 E","PIMA",2792,32.45,-111.08,0.0,0.0,0.0,0.0,M,M,M,M,M,0.0,0.0,0.0,0.0,0.0,0.0,0.0,0.0,0.0,0.0,0.0,0.0,0.0,0.0,0.0,0.0,0.0,0.0,0.0,0.0,0.0,0.0
US1AZPM0252,"MARANA 8.4 SE","PIMA",2138,32.36,-111.10,0.0,0.0,0.0,0.0,M,M,0.0,M,M,M,0.0,0.0,0.0,0.0,0.0,0.0,0.0,0.0,0.0,0.0,0.0,0.0,0.0,0.0,0.0,0.0,0.0,0.0,0.0,0.0,0.0
US1AZYV0005,"MAYER 8.5 SSE","YAVAPAI",3236,34.28,-112.20,0.0,M,M,M,M,M,M,M,M,0.0,0.0,0.0,0.0,0.0,0.0,M,0.0,0.0,0.0,0.0,0.0,0.0,0.0,0.0,0.0,0.0,0.0,0.0,0.0,0.0,0.0
USC00025412,"MC NARY 2N","NAVAJO",7338,34.11,-109.86,0.0,0.0,0.0,0.0,0.2,1.6,4.0,8.2,1.1,0.0,T,0.0,0.0,0.0,0.0,1.3,0.0,0.0,0.0,0.1,0.0,0.0,0.0,0.0,0.0,0.0,0.0,0.0,0.0,0.0,0.0
US1AZMR0010,"MESA 0.6 NNW","MARICOPA",1316,33.43,-111.74,0.0,0.0,0.0,0.0,M,M,M,M,M,0.0,0.0,0.0,0.0,0.0,0.0,0.0,0.0,0.0,0.0,0.0,0.0,0.0,0.0,0.0,0.0,0.0,0.0,0.0,0.0,0.0,0.0
US1AZMR0068,"MESA 1.3 NNE","MARICOPA",1354,33.43,-111.73,M,M,M,M,M,M,M,M,M,M,M,0.0,0.0,0.0,M,0.0,0.0,M,M,M,M,M,M,M,M,M,M,M,M,M,M
US1AZMR0096,"MESA 1.5 SSW","MARICOPA",1267,33.40,-111.75,0.0,0.0,0.0,M,M,M,M,M,0.0,0.0,0.0,0.0,0.0,0.0,0.0,0.0,0.0,0.0,0.0,0.0,0.0,0.0,0.0,0.0,0.0,0.0,0.0,0.0,0.0,0.0,0.0
US1AZMR0261,"MESA 1.6 ENE","MARICOPA",1261,33.43,-111.80,0.0,0.0,0.0,M,M,M,M,M,M,0.0,0.0,0.0,0.0,0.0,0.0,0.0,0.0,0.0,0.0,0.0,0.0,0.0,0.0,0.0,0.0,0.0,0.0,0.0,0.0,M,0.0
US1AZMR0288,"MESA 13.4 E","MARICOPA",1665,33.43,-111.59,0.0,0.0,0.0,M,M,M,M,M,M,0.0,0.0,0.0,0.0,0.0,0.0,0.0,0.0,0.0,0.0,0.0,0.0,0.0,0.0,0.0,0.0,0.0,0.0,0.0,0.0,0.0,0.0
US1AZMR0342,"MESA 13.6 ESE","MARICOPA",1472,33.35,-111.60,0.0,0.0,0.0,0.0,M,M,M,M,M,0.0,0.0,0.0,0.0,0.0,0.0,0.0,0.0,0.0,0.0,0.0,0.0,0.0,0.0,0.0,0.0,0.0,0.0,0.0,0.0,0.0,0.0
US1AZMR0260,"MESA 4.3 SW","MARICOPA",1205,33.37,-111.86,0.0,0.0,0.0,M,M,M,M,M,0.0,0.0,0.0,0.0,0.0,0.0,0.0,0.0,0.0,0.0,0.0,0.0,0.0,0.0,0.0,0.0,0.0,0.0,0.0,0.0,0.0,0.0,0.0
US1AZMR0368,"MESA 5.0 SW","MARICOPA",1199,33.37,-111.88,M,M,M,M,M,M,M,M,M,M,0.0,M,M,M,M,M,M,M,M,M,M,M,M,M,M,M,M,M,M,M,M
US1AZMR0105,"MESA 6.4 ENE","MARICOPA",1785,33.47,-111.64,0.0,0.0,0.0,0.0,M,M,M,M,M,M,M,M,M,M,M,M,M,M,M,M,M,M,M,M,M,M,M,M,M,M,M
US1AZMR0048,"MESA 7.9 WSW","MARICOPA",1205,33.36,-111.86,0.0,0.0,0.0,0.0,M,M,M,M,0.0,M,0.0,0.0,0.0,0.0,0.0,0.0,0.0,0.0,0.0,0.0,0.0,0.0,0.0,0.0,0.0,0.0,0.0,0.0,0.0,0.0,0.0
USC00025494,"METEOR CRATER","COCONINO",5534,35.04,-111.02,0.0,0.0,0.0,0.0,0.0,0.0,0.1,0.0,0.0,0.0,0.0,0.0,0.0,0.0,0.0,0.0,0.0,0.0,0.0,0.0,0.0,0.0,0.0,0.0,0.0,0.0,0.0,0.0,0.0,0.0,0.0
USC00025512,"MIAMI","GILA",3559,33.40,-110.87,M,M,M,M,M,M,M,1.2,M,M,M,M,M,M,M,M,M,M,M,M,M,M,M,M,M,M,M,M,M,M,M
USC00025635,"MONTEZUMA CASTLE NM","YAVAPAI",3179,34.61,-111.84,0.0,0.0,0.0,0.0,0.0,0.0,0.0,0.0,0.0,0.0,0.0,0.0,0.0,0.0,0.0,0.0,0.0,0.0,0.0,0.0,0.0,0.0,0.0,0.0,0.0,0.0,0.0,0.0,0.0,0.0,0.0
USC00025825,"NATURAL BRIDGE","GILA",4607,34.32,-111.45,0.0,0.0,0.0,0.0,0.0,0.0,6.5,5.0,0.0,0.0,0.0,0.0,0.0,0.0,T,0.0,0.0,0.0,0.0,0.0,0.0,0.0,0.0,0.0,0.0,0.0,0.0,0.0,0.0,0.0,0.0
US1AZMR0190,"NEW RIVER 3.0 SSW","MARICOPA",1922,33.88,-112.17,M,0.0,0.0,M,M,M,M,M,M,0.0,0.0,M,0.0,M,0.0,0.0,0.0,0.0,0.0,0.0,0.0,M,M,0.0,0.0,0.0,0.0,M,0.0,M,0.0
US1AZPN0049,"ORACLE 1.1 WSW","PINAL",4511,32.61,-110.79,0.0,0.0,0.0,0.0,M,M,M,4.5,M,0.0,M,0.0,0.0,0.0,0.0,M,0.0,0.0,0.0,0.0,0.0,0.0,0.0,0.0,0.0,0.0,0.0,0.0,0.0,0.0,0.0
US1AZPN0062,"ORACLE 8.8 W","PINAL",3491,32.59,-110.92,0.0,0.0,0.0,0.0,M,M,M,M,M,0.0,0.0,0.0,0.0,0.0,0.0,0.0,0.0,0.0,0.0,0.0,0.0,0.0,0.0,0.0,0.0,0.0,0.0,M,0.0,M,0.0
US1AZPM0176,"ORO VALLEY 0.4 NW","PIMA",2539,32.39,-110.97,0.0,0.0,0.0,0.0,M,M,M,M,M,0.0,0.0,0.0,0.0,0.0,0.0,0.0,0.0,0.0,0.0,0.0,0.0,0.0,0.0,0.0,0.0,0.0,0.0,0.0,0.0,0.0,M
US1AZPM0069,"ORO VALLEY 1.1 ESE","PIMA",2712,32.42,-110.95,0.0,0.0,0.0,0.0,M,M,M,M,M,0.0,0.0,0.0,0.0,0.0,0.0,0.0,0.0,0.0,0.0,0.0,0.0,0.0,0.0,0.0,0.0,0.0,0.0,0.0,0.0,0.0,M
US1AZPM0101,"ORO VALLEY 1.3 W","PIMA",2491,32.39,-110.98,0.0,0.0,0.0,0.0,M,M,M,M,M,M,M,0.0,0.0,0.0,0.0,0.0,0.0,0.0,0.0,0.0,0.0,0.0,0.0,0.0,0.0,0.0,0.0,0.0,0.0,0.0,0.0
US1AZPM0066,"ORO VALLEY 2.0 SSW","PIMA",2540,32.40,-110.98,M,M,M,M,M,M,M,M,M,M,0.0,0.0,0.0,0.0,0.0,0.0,0.0,0.0,0.0,0.0,0.0,0.0,0.0,0.0,0.0,0.0,0.0,0.0,0.0,0.0,M
US1AZPM0139,"ORO VALLEY 2.1 NNW","PIMA",2737,32.42,-110.98,0.0,0.0,0.0,0.0,M,M,M,M,M,M,0.0,0.0,0.0,0.0,0.0,0.0,0.0,0.0,0.0,0.0,0.0,0.0,0.0,0.0,0.0,0.0,0.0,0.0,0.0,0.0,0.0
US1AZPM0071,"ORO VALLEY 2.5 N","PIMA",2954,32.46,-110.96,0.0,0.0,0.0,0.0,M,M,0.0,M,M,0.0,0.0,0.0,0.0,0.0,0.0,0.0,0.0,0.0,0.0,0.0,0.0,0.0,0.0,0.0,0.0,0.0,0.0,0.0,0.0,0.0,0.0
US1AZPM0083,"ORO VALLEY 2.8 NNE","PIMA",2980,32.46,-110.95,0.0,0.0,0.0,0.0,M,M,M,M,M,M,0.0,0.0,0.0,M,0.0,0.0,0.0,0.0,0.0,0.0,M,0.0,0.0,0.0,0.0,0.0,0.0,0.0,0.0,0.0,M
US1AZPM0141,"ORO VALLEY 3.1 NNW","PIMA",2842,32.43,-110.99,0.0,0.0,0.0,M,0.0,M,M,M,M,0.0,0.0,0.0,0.0,0.0,0.0,0.0,0.0,0.0,0.0,0.0,0.0,0.0,0.0,0.0,0.0,0.0,0.0,0.0,0.0,0.0,0.0
US1AZPM0162,"ORO VALLEY 4.0 NNW","PIMA",2914,32.45,-110.97,0.0,0.0,0.0,0.0,M,M,M,M,M,0.0,0.0,0.0,0.0,0.0,0.0,0.0,0.0,0.0,0.0,0.0,0.0,0.0,0.0,0.0,0.0,0.0,0.0,0.0,0.0,0.0,0.0
US1AZPM0266,"ORO VALLEY 4.1 NNW","PIMA",2924,32.45,-110.97,M,M,M,M,M,M,M,M,M,0.0,0.0,0.0,0.0,0.0,0.0,0.0,0.0,0.0,0.0,0.0,0.0,0.0,0.0,0.0,M,M,M,M,M,M,M
US1AZPM0120,"ORO VALLEY 4.9 N","PIMA",2935,32.46,-110.95,0.0,0.0,0.0,0.0,M,M,0.0,M,M,0.0,0.0,0.0,M,0.0,0.0,0.0,0.0,0.0,0.0,0.0,0.0,M,M,0.0,0.0,0.0,0.0,0.0,0.0,0.0,0.0
US1AZPM0138,"ORO VALLEY 4.9 NNW","PIMA",2969,32.46,-110.99,0.0,0.0,0.0,0.0,M,M,M,M,M,M,M,M,M,M,M,M,M,0.0,0.0,0.0,0.0,0.0,0.0,0.0,0.0,0.0,0.0,0.0,0.0,0.0,0.0
US1AZPM0137,"ORO VALLEY 5.8 N","PIMA",2999,32.47,-110.96,0.0,0.0,0.0,0.0,M,M,M,M,M,0.0,0.0,0.0,0.0,0.0,0.0,0.0,0.0,0.0,0.0,0.0,0.0,0.0,0.0,0.0,0.0,0.0,0.0,0.0,0.0,0.0,0.0
USC00026190,"PAINTED DESERT NP","APACHE",5758,35.07,-109.77,0.0,0.0,0.0,0.0,0.0,0.0,T,T,0.1,0.0,0.0,0.0,0.0,0.0,0.0,0.0,0.0,0.0,0.0,0.0,0.0,0.0,0.0,0.0,0.0,0.0,0.0,0.0,0.0,0.0,0.0
USC00026242,"PARADISE","COCHISE",5459,31.94,-109.22,0.0,0.0,0.0,0.0,1.2,0.0,0.0,3.9,1.7,0.0,0.3,0.0,0.0,0.0,0.0,0.0,0.0,0.0,0.0,0.0,0.0,0.0,0.0,0.0,0.0,0.0,0.0,0.0,0.0,0.0,0.0
US1AZMR0058,"PARADISE VALLEY 1.9 NW","MARICOPA",1386,33.56,-111.97,M,0.0,0.0,M,M,M,M,M,M,0.0,M,0.0,0.0,0.0,M,M,0.0,0.0,0.0,0.0,0.0,0.0,0.0,0.0,0.0,0.0,0.0,0.0,0.0,0.0,0.0
US1AZYV0034,"PAULDEN 2.3 SSE","YAVAPAI",4422,34.86,-112.45,0.0,0.0,0.0,M,M,M,M,0.0,0.0,0.0,0.0,M,0.0,0.0,0.0,0.0,0.0,0.0,0.0,0.0,0.0,0.0,0.0,0.0,0.0,0.0,0.0,0.0,0.0,0.0,0.0
USW00093139,"PAYSON","GILA",4849,34.23,-111.34,0.0,0.0,0.0,0.0,0.0,1.5,4.5,7.4,1.7,0.0,0.0,0.0,0.0,0.0,0.0,0.0,0.0,0.0,0.0,0.0,0.0,0.0,0.0,0.0,0.0,0.0,0.0,0.0,0.0,0.0,0.0
US1AZGL0001,"PAYSON 1.0 WSW","GILA",4934,34.24,-111.34,0.0,0.0,0.0,0.0,0.0,0.5,0.0,9.5,0.5,0.0,0.0,M,0.0,0.0,0.0,M,0.0,0.0,0.0,0.0,0.0,0.0,0.0,0.0,0.0,0.0,0.0,0.0,0.0,0.0,0.0
US1AZGL0008,"PAYSON 2.0 WNW","GILA",4933,34.25,-111.35,M,0.0,M,M,M,M,M,12.0,M,M,M,M,M,0.0,0.0,M,M,0.0,0.0,M,0.0,0.0,M,M,M,0.0,0.0,M,M,0.0,M
USC00026468,"PETRIFIED FOREST NP","NAVAJO",5444,34.80,-109.89,0.0,0.0,0.0,0.0,0.0,0.0,0.0,0.0,0.0,0.0,0.0,0.0,0.0,0.0,0.0,0.0,0.0,0.0,0.0,0.0,0.0,0.0,0.0,0.0,0.0,0.0,0.0,0.0,0.0,0.0,0.0
USC00026471,"PHANTOM RANCH","COCONINO",2529,36.11,-112.09,0.0,0.0,0.0,0.0,0.0,0.0,0.0,0.0,0.0,0.0,0.0,0.0,0.0,0.0,0.0,0.0,0.0,0.0,0.0,0.0,0.0,0.0,0.0,0.0,0.0,0.0,0.0,0.0,0.0,0.0,0.0
US1AZMR0242,"PHOENIX 10.0 S","MARICOPA",1256,33.30,-112.07,0.0,0.0,0.0,0.0,M,M,M,M,M,0.0,0.0,0.0,0.0,0.0,0.0,0.0,0.0,0.0,0.0,0.0,0.0,0.0,0.0,0.0,0.0,0.0,0.0,0.0,0.0,0.0,0.0
US1AZMR0313,"PHOENIX 10.2 S","MARICOPA",1199,33.29,-112.09,0.0,0.0,0.0,0.0,M,M,M,M,M,0.0,0.0,0.0,0.0,0.0,0.0,M,0.0,0.0,0.0,0.0,0.0,0.0,0.0,0.0,0.0,0.0,0.0,0.0,0.0,0.0,0.0
US1AZMR0334,"PHOENIX 10.5 NNW","MARICOPA",1250,33.58,-112.13,0.0,0.0,0.0,M,M,M,M,M,0.0,0.0,0.0,0.0,0.0,0.0,0.0,0.0,0.0,0.0,0.0,0.0,0.0,0.0,0.0,0.0,0.0,0.0,0.0,0.0,0.0,0.0,M
US1AZMR0382,"PHOENIX 10.8 SSE","MARICOPA",1189,33.30,-112.00,0.0,0.0,0.0,M,M,M,M,M,0.0,0.0,0.0,0.0,0.0,0.0,M,0.0,0.0,0.0,0.0,0.0,0.0,0.0,0.0,0.0,0.0,0.0,0.0,0.0,M,0.0,0.0
US1AZMR0138,"PHOENIX 11.5 NNW","MARICOPA",1276,33.61,-112.13,0.0,0.0,0.0,M,M,M,M,M,M,M,0.0,0.0,0.0,0.0,0.0,0.0,0.0,0.0,0.0,0.0,0.0,0.0,0.0,0.0,0.0,0.0,0.0,0.0,0.0,0.0,0.0
US1AZMR0259,"PHOENIX 11.6 N","MARICOPA",1525,33.61,-112.04,0.0,0.0,M,M,M,M,M,M,M,0.0,0.0,0.0,0.0,0.0,0.0,0.0,0.0,0.0,0.0,0.0,0.0,0.0,0.0,0.0,0.0,0.0,0.0,0.0,0.0,0.0,0.0
US1AZMR0220,"PHOENIX 12.8 N","MARICOPA",1457,33.63,-112.06,0.0,0.0,0.0,M,M,M,M,M,M,0.0,0.0,0.0,0.0,0.0,0.0,0.0,0.0,0.0,0.0,0.0,0.0,0.0,0.0,0.0,0.0,0.0,0.0,0.0,0.0,0.0,0.0
US1AZMR0420,"PHOENIX 13.0 NNW","MARICOPA",1285,33.62,-112.14,0.0,0.0,0.0,M,M,M,M,M,M,0.0,0.0,0.0,0.0,0.0,0.0,M,0.0,0.0,0.0,0.0,0.0,0.0,0.0,0.0,0.0,0.0,0.0,0.0,0.0,0.0,0.0
US1AZMR0131,"PHOENIX 3.8 NNW","MARICOPA",1125,33.50,-112.09,0.0,0.0,0.0,M,M,M,M,M,M,0.0,0.0,0.0,0.0,0.0,0.0,0.0,0.0,0.0,0.0,0.0,0.0,0.0,0.0,0.0,0.0,0.0,0.0,0.0,0.0,0.0,0.0
US1AZMR0025,"PHOENIX 4.2 NE","MARICOPA",1163,33.50,-112.03,0.0,0.0,0.0,M,M,M,M,M,M,0.0,0.0,0.0,0.0,0.0,0.0,0.0,0.0,0.0,0.0,0.0,0.0,0.0,0.0,0.0,0.0,0.0,0.0,0.0,0.0,0.0,0.0
US1AZMR0039,"PHOENIX 4.9 S","MARICOPA",1104,33.47,-112.06,M,M,M,M,M,M,M,M,0.0,M,M,0.0,M,M,M,M,0.0,M,M,M,M,M,M,0.0,M,M,M,M,M,M,M
US1AZMR0343,"PHOENIX 5.4 NE","MARICOPA",1201,33.49,-112.00,M,M,M,M,M,M,M,M,M,M,M,0.0,0.0,0.0,0.0,M,M,M,0.0,0.0,0.0,0.0,M,M,M,0.0,0.0,0.0,M,0.0,0.0
US1AZMR0140,"PHOENIX 5.6 N","MARICOPA",1166,33.53,-112.08,0.0,0.0,0.0,M,M,M,M,M,M,0.0,0.0,0.0,0.0,0.0,0.0,0.0,0.0,0.0,0.0,0.0,0.0,0.0,0.0,0.0,0.0,0.0,0.0,0.0,0.0,0.0,0.0
US1AZMR0034,"PHOENIX 5.6 SW","MARICOPA",1026,33.39,-112.14,0.0,0.0,0.0,0.0,M,M,M,M,0.0,0.0,0.0,0.0,0.0,0.0,0.0,0.0,0.0,0.0,0.0,0.0,0.0,0.0,0.0,0.0,0.0,M,M,M,M,M,M
US1AZMR0326,"PHOENIX 6.3 SSW","MARICOPA",1311,33.35,-112.09,0.0,0.0,0.0,M,M,M,M,M,0.0,0.0,0.0,0.0,0.0,0.0,M,0.0,0.0,0.0,0.0,0.0,0.0,0.0,0.0,0.0,0.0,0.0,0.0,0.0,0.0,0.0,0.0
US1AZMR0222,"PHOENIX 6.7 WSW","MARICOPA",1013,33.41,-112.18,0.0,0.0,0.0,0.0,M,M,M,M,M,0.0,0.0,0.0,0.0,0.0,0.0,0.0,0.0,0.0,0.0,0.0,0.0,0.0,0.0,0.0,0.0,0.0,0.0,0.0,0.0,0.0,0.0
US1AZMR0057,"PHOENIX 7.4 NE","MARICOPA",1333,33.52,-111.98,0.0,M,0.0,M,M,M,M,M,M,0.0,0.0,0.0,M,0.0,0.0,0.0,M,0.0,M,M,0.0,0.0,0.0,0.0,0.0,0.0,0.0,0.0,0.0,M,0.0
US1AZMR0356,"PHOENIX 7.7 N","MARICOPA",1223,33.55,-112.06,0.0,0.0,0.0,M,M,M,M,M,M,0.0,0.0,0.0,0.0,0.0,0.0,0.0,M,0.0,0.0,0.0,0.0,0.0,0.0,0.0,0.0,0.0,0.0,0.0,0.0,0.0,0.0
US1AZMR0211,"PHOENIX 8.8 NNW","MARICOPA",1192,33.55,-112.15,0.0,M,0.0,M,M,M,M,M,M,0.0,0.0,0.0,0.0,0.0,0.0,0.0,M,0.0,0.0,0.0,0.0,0.0,0.0,0.0,0.0,0.0,0.0,0.0,0.0,0.0,0.0
US1AZMR0082,"PHOENIX 9.2 NE","MARICOPA",1469,33.57,-112.01,0.0,0.0,0.0,M,M,M,M,M,M,M,0.0,0.0,0.0,0.0,0.0,M,M,0.0,0.0,0.0,0.0,0.0,0.0,0.0,0.0,0.0,0.0,0.0,0.0,0.0,0.0
US1AZMR0228,"PHOENIX 9.5 SE","MARICOPA",1235,33.33,-111.97,0.0,0.0,0.0,0.0,M,M,M,M,M,0.0,0.0,0.0,0.0,0.0,0.0,0.0,0.0,0.0,0.0,0.0,0.0,0.0,0.0,0.0,0.0,0.0,0.0,0.0,0.0,0.0,0.0
USW00003184,"PHOENIX DEER VALLEY MUNICIPAL AP","MARICOPA",1455,33.69,-112.08,0.0,0.0,0.0,0.0,M,0.0,0.0,0.0,0.0,M,0.0,0.0,0.0,0.0,M,0.0,0.0,0.0,0.0,0.0,0.0,0.0,0.0,0.0,0.0,0.0,0.0,0.0,0.0,0.0,M
USW00023183,"PHOENIX SKY HARBOR INTL AP","MARICOPA",1107,33.43,-112.00,0.0,0.0,0.0,0.0,0.0,0.0,0.0,0.0,0.0,0.0,0.0,0.0,0.0,0.0,0.0,0.0,0.0,0.0,0.0,0.0,0.0,0.0,0.0,0.0,0.0,0.0,0.0,0.0,0.0,0.0,M
US1AZGH0002,"PIMA 0.7 ESE","GRAHAM",2850,32.89,-109.81,0.0,0.0,0.0,0.0,M,M,M,M,M,0.0,0.0,0.0,0.0,0.0,0.0,0.0,0.0,0.0,0.0,0.0,0.0,0.0,0.0,0.0,0.0,0.0,0.0,0.0,M,M,M
USC00026601,"PINETOP 2E","NAVAJO",7198,34.12,-109.92,0.0,0.0,0.0,0.0,0.2,4.7,8.2,6.6,0.3,0.0,T,0.0,0.0,0.0,0.0,1.6,0.0,0.0,0.0,0.2,0.0,0.0,0.0,0.0,0.0,0.0,0.0,0.0,0.0,0.0,0.0
US1AZNV0007,"PINETOP-LAKESIDE 4.0 ESE","NAVAJO",7193,34.11,-109.90,0.0,0.0,0.0,0.0,0.2,3.5,6.2,9.5,0.3,0.0,T,0.0,0.0,0.0,0.0,1.3,0.0,0.0,0.0,M,0.0,0.0,0.0,0.0,0.0,0.0,0.0,0.0,0.0,0.0,0.0
USC00026603,"PINNACLE PEAK","MARICOPA",2564,33.73,-111.86,0.0,0.0,0.0,0.0,0.0,0.0,0.0,0.0,M,0.0,0.0,0.0,0.0,0.0,0.0,0.0,0.0,0.0,0.0,0.0,0.0,0.0,0.0,0.0,0.0,0.0,0.0,0.0,M,0.0,0.0
USC00026616,"PIPE SPRINGS NATL MON","MOHAVE",4919,36.86,-112.74,M,0.0,0.0,0.0,2.0,0.0,1.0,T,0.0,0.0,0.0,0.0,0.0,0.0,0.0,0.0,0.0,0.0,0.0,0.0,0.0,0.0,0.0,0.0,0.0,0.0,0.0,0.0,0.0,0.0,0.0
USC00026653,"PLEASANT VALLEY","GILA",5182,34.10,-110.97,M,0.0,0.0,0.0,M,M,M,M,M,0.0,0.0,0.0,0.0,0.0,0.0,0.0,0.0,0.0,0.0,0.0,0.0,0.0,0.0,0.0,0.0,0.0,0.0,0.0,0.0,0.0,0.0
USC00026716,"PORTAL 4 SW","COCHISE",5389,31.88,-109.21,0.0,0.0,0.0,0.0,1.0,0.0,T,2.3,0.0,0.0,0.0,0.0,0.0,0.0,0.0,T,0.0,0.0,0.0,0.0,0.0,0.0,0.0,0.0,0.0,0.0,0.0,0.0,0.0,0.0,0.0
USC00026796,"PRESCOTT","YAVAPAI",5204,34.57,-112.43,0.0,0.0,0.0,0.0,0.0,1.3,0.3,1.6,0.0,0.0,0.0,0.0,0.0,0.0,0.0,0.0,0.0,0.0,0.0,0.0,0.0,0.0,0.0,0.0,0.0,0.0,0.0,0.0,0.0,0.0,0.0
US1AZYV0049,"PRESCOTT 0.8 S","YAVAPAI",5678,34.53,-112.46,0.0,0.0,0.0,0.0,M,3.0,2.0,2.5,0.0,0.0,0.0,0.0,0.0,0.0,0.0,0.0,0.0,0.0,0.0,M,0.0,0.0,0.0,0.0,0.0,0.0,0.0,0.0,0.0,0.0,0.0
US1AZYV0052,"PRESCOTT 11.1 SW","YAVAPAI",4810,34.43,-112.61,0.0,0.0,0.0,M,M,2.6,M,1.4,M,0.0,M,0.0,0.0,0.0,0.0,M,0.0,0.0,0.0,M,0.0,0.0,0.0,0.0,0.0,0.0,0.0,0.0,0.0,0.0,0.0
US1AZYV0029,"PRESCOTT 2.4 NNE","YAVAPAI",5362,34.57,-112.44,0.0,0.0,0.0,M,M,1.5,0.5,M,M,M,0.0,0.0,0.0,0.0,0.0,0.0,0.0,0.0,0.0,M,0.0,0.0,0.0,0.0,0.0,0.0,0.0,0.0,0.0,0.0,0.0
US1AZYV0017,"PRESCOTT 2.9 WNW","YAVAPAI",5689,34.56,-112.51,0.0,0.0,0.0,M,0.0,4.2,2.6,3.5,0.0,0.0,0.0,0.0,0.0,0.0,0.0,0.0,0.0,0.0,0.0,M,0.0,0.0,0.0,0.0,0.0,0.0,0.0,0.0,0.0,0.0,0.0
US1AZYV0032,"PRESCOTT 3.1 NW","YAVAPAI",6554,34.58,-112.49,0.0,M,M,M,M,3.0,1.5,2.0,M,0.0,M,0.0,0.0,0.0,M,M,M,M,M,M,0.0,0.0,0.0,0.0,0.0,0.0,0.0,0.0,0.0,0.0,0.0
US1AZYV0022,"PRESCOTT 4.4 ENE","YAVAPAI",5407,34.56,-112.39,M,M,M,M,M,M,M,M,0.0,0.0,0.0,M,0.0,0.0,0.0,0.0,0.0,0.0,M,M,0.0,0.0,0.0,0.0,0.0,0.0,0.0,0.0,0.0,0.0,M
US1AZYV0042,"PRESCOTT 4.6 N","YAVAPAI",5245,34.61,-112.46,M,M,M,M,M,1.8,0.4,1.6,T,M,T,0.0,M,M,M,M,M,M,M,M,M,M,M,M,M,M,M,M,M,M,M
US1AZYV0040,"PRESCOTT 4.8 E","YAVAPAI",5377,34.54,-112.38,M,M,M,0.0,0.0,1.5,M,2.5,0.0,M,0.0,0.0,0.0,0.0,0.0,0.0,0.0,0.0,0.0,0.0,0.0,0.0,0.0,0.0,0.0,0.0,0.0,M,0.0,0.0,M
US1AZYV0041,"PRESCOTT 7.5 NNE","YAVAPAI",5057,34.64,-112.42,M,M,M,M,M,0.5,M,M,T,M,M,M,M,M,M,M,M,M,M,M,M,M,M,M,M,M,M,M,M,M,M
USW00023184,"PRESCOTT LOVE FIELD","YAVAPAI",5041,34.65,-112.42,0.0,M,0.0,M,M,M,M,M,M,M,M,M,M,M,M,M,M,M,M,M,M,M,M,M,M,M,M,M,0.0,M,M
US1AZYV0001,"PRESCOTT VALLEY 1.1 ESE","YAVAPAI",4996,34.60,-112.30,0.0,0.0,0.0,0.0,0.0,0.8,0.3,1.0,T,0.0,0.0,0.0,0.0,0.0,0.0,0.0,0.0,0.0,0.0,M,0.0,0.0,0.0,0.0,0.0,0.0,0.0,0.0,0.0,0.0,0.0
US1AZYV0043,"PRESCOTT VALLEY 3.7 NNW","YAVAPAI",4963,34.66,-112.34,M,M,M,M,M,0.5,0.2,1.5,0.3,M,M,M,M,M,M,M,M,M,M,M,M,M,M,M,M,M,M,M,M,M,M
US1AZYV0057,"PRESCOTT VALLEY 5.7 N","YAVAPAI",4879,34.69,-112.32,0.0,0.0,M,M,M,M,M,M,M,M,M,M,M,M,M,M,M,M,M,M,M,M,M,M,M,M,M,M,M,M,M
US1AZPN0016,"QUEEN CREEK 4.3 E","PINAL",1500,33.25,-111.56,0.0,0.0,0.0,0.0,M,M,M,0.0,M,M,M,M,M,M,M,M,M,M,M,M,M,M,M,M,M,M,M,M,M,M,M
US1AZPN0007,"QUEEN CREEK 5.1 SE","PINAL",1479,33.20,-111.57,0.0,0.0,0.0,M,M,M,M,M,M,0.0,0.0,0.0,0.0,0.0,0.0,0.0,0.0,0.0,0.0,0.0,0.0,0.0,0.0,0.0,0.0,0.0,0.0,0.0,0.0,0.0,0.0
US1AZPN0006,"QUEEN CREEK 8.2 ESE","PINAL",1540,33.20,-111.51,0.0,0.0,0.0,M,M,M,M,M,M,0.0,0.0,0.0,0.0,0.0,0.0,0.0,0.0,0.0,0.0,0.0,0.0,0.0,0.0,0.0,0.0,0.0,0.0,0.0,0.0,0.0,0.0
US1AZSC0007,"RIO RICO 3.6 E","SANTA CRUZ",3887,31.47,-110.92,0.0,0.0,0.0,0.0,M,M,0.0,M,0.0,0.0,0.0,0.0,M,0.0,M,M,0.0,0.0,0.0,0.0,0.0,M,M,M,M,M,0.0,M,M,M,M
US1AZSC0013,"RIO RICO 4.4 WSW","SANTA CRUZ",3886,31.44,-111.04,0.0,0.0,0.0,0.0,M,M,M,M,M,0.0,0.0,0.0,0.0,0.0,0.0,0.0,0.0,0.0,0.0,0.0,0.0,0.0,0.0,0.0,0.0,0.0,0.0,0.0,0.0,0.0,0.0
US1AZPN0050,"SADDLEBROOKE 1.5 SW","PINAL",3222,32.52,-110.90,0.0,0.0,0.0,0.0,M,M,M,M,M,0.0,0.0,0.0,0.0,0.0,0.0,M,0.0,0.0,0.0,0.0,0.0,0.0,0.0,0.0,0.0,0.0,0.0,0.0,0.0,0.0,0.0
USC00027390,"SAFFORD AGRICULTURAL CTR","GRAHAM",2953,32.81,-109.68,0.0,0.0,0.0,0.0,0.0,0.0,0.0,0.0,0.0,0.0,0.0,0.0,0.0,0.0,0.0,0.0,0.0,0.0,0.0,0.0,0.0,0.0,0.0,0.0,0.0,0.0,0.0,0.0,0.0,0.0,0.0
US1AZPM0109,"SAHUARITA 2.6 WNW","PIMA",2867,31.96,-110.99,0.0,0.0,0.0,0.0,M,M,M,0.0,0.0,0.0,0.0,0.0,0.0,0.0,0.0,0.0,0.0,0.0,0.0,0.0,0.0,0.0,0.0,0.0,0.0,0.0,0.0,0.0,0.0,0.0,0.0
US1AZPM0113,"SAHUARITA 3.3 SW","PIMA",2916,31.92,-110.99,0.0,M,0.0,0.0,M,M,0.0,M,M,0.0,0.0,0.0,0.0,0.0,0.0,0.0,0.0,0.0,0.0,0.0,0.0,0.0,0.0,0.0,0.0,0.0,0.0,0.0,0.0,0.0,M
USC00027435,"SAINT JOHNS","APACHE",5789,34.52,-109.40,0.0,0.0,0.0,0.0,0.0,0.0,T,0.0,2.5,0.0,0.0,0.0,0.0,0.0,3.0,0.0,0.0,0.0,0.0,0.0,0.0,0.0,0.0,0.0,0.0,0.0,0.0,0.0,0.0,0.0,0.0
USC00027488,"SANDERS","APACHE",5852,35.22,-109.32,0.0,0.0,0.0,0.0,T,T,1.2,1.0,0.0,0.0,0.0,0.0,0.0,0.0,0.0,0.0,0.0,0.0,0.0,0.0,0.0,0.0,0.0,0.0,0.0,0.0,0.0,0.0,0.0,0.0,0.0
US1AZMR0110,"SCOTTSDALE 0.9 SW","MARICOPA",1343,33.58,-111.91,M,M,M,M,0.0,M,M,M,M,M,M,M,M,M,M,M,M,M,M,M,M,M,M,M,M,M,M,M,M,M,M
US1AZMR0264,"SCOTTSDALE 11.6 NNW","MARICOPA",1488,33.65,-111.99,0.0,0.0,0.0,M,M,M,M,M,0.0,0.0,0.0,0.0,0.0,0.0,0.0,0.0,0.0,0.0,0.0,M,0.0,0.0,0.0,0.0,0.0,0.0,0.0,0.0,0.0,0.0,0.0
US1AZMR0232,"SCOTTSDALE 17.7 N","MARICOPA",2682,33.75,-111.85,0.0,0.0,0.0,M,M,M,M,M,M,0.0,0.0,0.0,0.0,0.0,0.0,0.0,0.0,0.0,0.0,0.0,0.0,0.0,0.0,0.0,0.0,0.0,0.0,0.0,0.0,0.0,0.0
US1AZMR0016,"SCOTTSDALE 2.3 NE","MARICOPA",2562,33.71,-111.84,0.0,0.0,0.0,0.0,M,M,M,M,M,0.0,0.0,0.0,0.0,0.0,0.0,0.0,0.0,0.0,0.0,0.0,0.0,0.0,0.0,0.0,0.0,0.0,0.0,0.0,0.0,0.0,0.0
US1AZMR0375,"SCOTTSDALE 2.9 S","MARICOPA",1199,33.46,-111.88,0.0,0.0,0.0,M,M,M,M,M,0.0,0.0,0.0,0.0,0.0,0.0,0.0,0.0,0.0,0.0,0.0,0.0,0.0,0.0,0.0,0.0,0.0,0.0,0.0,0.0,0.0,0.0,0.0
US1AZMR0207,"SCOTTSDALE 3.7 SSW","MARICOPA",1192,33.45,-111.92,0.0,0.0,0.0,M,M,M,M,M,M,0.0,0.0,0.0,0.0,0.0,0.0,0.0,0.0,0.0,0.0,0.0,0.0,0.0,0.0,0.0,0.0,0.0,0.0,0.0,0.0,0.0,0.0
US1AZMR0113,"SCOTTSDALE 4.0 NW","MARICOPA",1428,33.62,-111.96,M,M,0.0,0.0,M,M,M,M,M,M,0.0,0.0,M,0.0,0.0,0.0,0.0,0.0,0.0,0.0,0.0,M,M,0.0,0.0,0.0,0.0,0.0,0.0,0.0,0.0
US1AZMR0164,"SCOTTSDALE 5.1 E","MARICOPA",1799,33.62,-111.84,0.0,0.0,0.0,0.0,M,M,M,M,M,0.0,0.0,0.0,M,0.0,0.0,0.0,0.0,0.0,0.0,M,0.0,M,0.0,0.0,0.0,M,M,0.0,M,M,0.0
US1AZMR0045,"SCOTTSDALE 5.3 NNW","MARICOPA",2277,33.76,-111.90,0.0,0.0,M,M,M,M,M,M,M,0.0,0.0,0.0,0.0,0.0,0.0,M,0.0,0.0,0.0,0.0,0.0,0.0,0.0,0.0,0.0,0.0,M,0.0,0.0,0.0,0.0
US1AZMR0350,"SCOTTSDALE 7.5 NNW","MARICOPA",1378,33.60,-111.95,0.0,0.0,0.0,0.0,M,M,M,M,M,0.0,0.0,0.0,0.0,0.0,0.0,0.0,0.0,0.0,0.0,0.0,0.0,0.0,0.0,0.0,0.0,0.0,0.0,M,0.0,0.0,0.0
US1AZMR0071,"SCOTTSDALE 7.8 SSW","MARICOPA",1271,33.47,-111.94,0.0,0.0,0.0,M,M,M,M,M,M,0.0,0.0,0.0,0.0,0.0,0.0,0.0,0.0,0.0,0.0,0.0,0.0,0.0,0.0,0.0,0.0,0.0,0.0,0.0,0.0,0.0,0.0
US1AZMR0387,"SCOTTSDALE 8.0 N","MARICOPA",1458,33.62,-111.89,0.0,0.0,0.0,M,M,0.0,M,M,M,0.0,0.0,0.0,0.0,0.0,0.0,0.0,0.0,0.0,0.0,0.0,0.0,0.0,0.0,0.0,0.0,0.0,0.0,0.0,0.0,0.0,0.0
US1AZMR0384,"SCOTTSDALE 9.3 NE","MARICOPA",1838,33.59,-111.77,0.0,0.0,0.0,0.0,M,M,M,M,M,0.0,0.0,0.0,0.0,0.0,0.0,M,0.0,0.0,0.0,0.0,0.0,0.0,0.0,0.0,0.0,0.0,0.0,0.0,0.0,0.0,0.0
US1AZMR0258,"SCOTTSDALE 9.4 NNE","MARICOPA",1627,33.63,-111.86,M,M,M,M,M,M,M,M,M,M,M,M,M,M,M,0.0,M,M,M,M,M,M,M,M,M,M,M,M,M,M,0.0
USW00003192,"SCOTTSDALE MUNICIPAL AP","MARICOPA",1473,33.62,-111.91,0.0,0.0,0.0,0.0,0.0,0.0,0.0,0.0,0.0,0.0,0.0,0.0,0.0,0.0,0.0,0.0,0.0,0.0,M,0.0,0.0,0.0,0.0,0.0,0.0,0.0,0.0,0.0,0.0,0.0,M
US1AZYV0054,"SEDONA 3.4 W","YAVAPAI",4429,34.86,-111.82,M,0.0,M,M,M,1.3,M,M,M,M,M,0.0,M,0.0,M,M,M,0.0,0.0,M,M,0.0,0.0,0.0,M,0.0,M,0.0,0.0,0.0,0.0
US1AZYV0062,"SEDONA 5.6 S","YAVAPAI",4073,34.78,-111.77,0.0,0.0,0.0,M,M,M,M,M,0.0,0.0,M,0.0,0.0,0.0,0.0,M,0.0,0.0,0.0,0.0,0.0,0.0,0.0,0.0,0.0,0.0,0.0,0.0,0.0,0.0,0.0
US1AZYV0030,"SEDONA 9.0 WSW","YAVAPAI",3682,34.80,-111.90,0.0,0.0,0.0,M,M,M,M,M,M,0.0,0.0,0.0,0.0,0.0,0.0,M,0.0,0.0,0.0,M,0.0,0.0,0.0,0.0,0.0,0.0,0.0,0.0,0.0,0.0,0.0
USC00027716,"SELIGMAN","YAVAPAI",5249,35.33,-112.88,0.0,0.0,0.0,0.0,0.0,0.0,1.5,3.0,0.0,0.0,0.0,0.0,0.0,0.0,0.5,0.0,0.0,0.0,0.0,0.0,0.0,0.0,0.0,0.0,0.0,0.0,0.0,0.0,0.0,0.0,0.0
US1AZNV0003,"SHOW LOW 5.9 WNW","NAVAJO",6326,34.27,-110.12,0.0,0.0,0.0,0.0,M,M,1.5,8.5,M,0.0,0.0,0.0,0.0,0.0,0.0,1.0,0.0,0.0,0.0,0.0,0.0,0.0,0.0,0.0,0.0,0.0,0.0,0.0,0.0,0.0,M
US1AZNV0010,"SHOW LOW 6.5 WNW","NAVAJO",6254,34.28,-110.13,0.0,0.0,0.0,0.0,0.0,0.0,0.5,3.5,0.5,0.0,0.0,0.0,0.0,0.0,0.0,0.5,0.0,0.0,0.0,0.0,0.0,0.0,0.0,0.0,0.0,0.0,0.0,0.0,0.0,0.0,0.0
USC00027855,"SHOW LOW AIRPORT","NAVAJO",6409,34.26,-110.01,0.0,0.0,0.0,0.0,0.0,0.0,6.0,2.0,0.5,0.0,0.0,0.0,0.0,0.0,1.0,0.0,0.0,0.0,0.0,0.0,0.0,0.0,0.0,0.0,0.0,0.0,0.0,0.0,0.0,0.0,0.0
US1AZCH0003,"SIERRA VISTA 0.4 ESE","COCHISE",4615,31.56,-110.32,0.0,0.0,0.0,0.0,M,M,0.0,M,M,0.0,0.0,0.0,0.0,0.0,0.0,0.0,0.0,0.0,0.0,0.0,0.0,0.0,0.0,0.0,0.0,0.0,0.0,0.0,0.0,0.0,M
US1AZCH0017,"SIERRA VISTA 1.3 E","COCHISE",4565,31.55,-110.28,0.0,0.0,0.0,0.0,M,M,M,0.8,T,0.0,0.0,0.0,0.0,0.0,0.0,0.0,0.0,0.0,0.0,0.0,0.0,0.0,0.0,0.0,0.0,0.0,0.0,0.0,0.0,0.0,0.0
US1AZCH0057,"SIERRA VISTA 1.8 SE","COCHISE",4625,31.53,-110.28,0.0,0.0,0.0,0.0,M,M,M,0.2,T,0.0,0.0,0.0,0.0,0.0,0.0,0.0,0.0,0.0,0.0,0.0,0.0,0.0,0.0,0.0,0.0,0.0,0.0,0.0,0.0,0.0,0.0
US1AZSC0012,"SIERRA VISTA 10.1 W","SANTA CRUZ",4957,31.56,-110.47,M,M,M,M,M,M,M,2.5,0.0,M,M,M,M,M,M,M,M,M,M,M,M,M,M,M,M,M,M,M,M,M,M
US1AZCH0008,"SIERRA VISTA 4.8 SE","COCHISE",4548,31.50,-110.24,M,M,M,0.0,M,M,0.0,M,M,0.0,0.0,0.0,0.0,0.0,0.0,0.0,M,0.0,0.0,0.0,0.0,0.0,0.0,0.0,0.0,0.0,0.0,0.0,M,M,M
US1AZCH0015,"SIERRA VISTA 4.9 SE","COCHISE",4630,31.49,-110.25,M,0.0,0.0,0.0,M,M,0.0,M,M,M,M,M,M,0.0,0.0,M,M,M,0.0,0.0,M,M,M,M,M,M,M,M,M,0.0,M
US1AZCH0027,"SIERRA VISTA 7.2 SE","COCHISE",4560,31.47,-110.23,0.0,0.0,0.0,M,M,M,M,M,M,M,M,M,M,M,0.0,0.0,0.0,0.0,0.0,0.0,0.0,0.0,0.0,0.0,0.0,0.0,0.0,0.0,0.0,0.0,0.0
US1AZCH0041,"SIERRA VISTA 9.2 SSE","COCHISE",4754,31.43,-110.23,0.0,0.0,0.0,0.0,M,M,M,M,0.0,0.0,0.0,0.0,0.0,0.0,0.0,0.0,0.0,0.0,0.0,0.0,0.0,0.0,0.0,0.0,0.0,0.0,0.0,0.0,0.0,0.0,0.0
USC00028012,"SNOWFLAKE","NAVAJO",5641,34.51,-110.08,0.0,0.0,0.0,0.0,0.0,0.0,T,1.0,0.0,0.0,0.0,0.0,0.0,0.0,2.0,0.0,0.0,0.0,0.0,0.0,0.0,0.0,0.0,0.0,0.0,0.0,0.0,0.0,0.0,0.0,0.0
US1AZNV0012,"SNOWFLAKE 5.6 W","NAVAJO",5806,34.50,-110.17,0.0,0.0,0.0,0.0,M,M,M,1.3,T,0.0,0.0,0.0,0.0,0.0,0.0,1.8,0.0,0.0,0.0,0.0,0.0,0.0,0.0,0.0,0.0,0.0,0.0,0.0,0.0,0.0,0.0
US1AZYM0002,"SOMERTON 3.0 ESE","YUMA",180,32.57,-114.66,0.0,0.0,0.0,M,M,M,M,M,0.0,0.0,0.0,0.0,0.0,0.0,0.0,0.0,0.0,0.0,0.0,0.0,0.0,0.0,0.0,0.0,0.0,0.0,0.0,0.0,0.0,M,0.0
US1AZSC0001,"SONOITA 1.3 SE","SANTA CRUZ",4833,31.67,-110.64,0.0,0.0,0.0,M,M,M,M,M,0.0,0.0,0.0,0.0,0.0,0.0,0.0,0.0,0.0,0.0,0.0,M,0.0,0.0,0.0,0.0,0.0,0.0,0.0,0.0,0.0,0.0,0.0
USC00028162,"SPRINGERVILLE","APACHE",6996,34.13,-109.28,0.0,0.0,0.0,T,0.0,0.0,0.0,0.0,0.0,0.0,0.0,0.0,0.0,0.0,0.0,0.6,0.0,0.0,0.0,0.0,0.0,0.0,0.0,0.0,0.0,0.0,0.0,0.0,0.0,0.0,0.0
US1AZMR0103,"SUN CITY 1.2 NNW","MARICOPA",1198,33.63,-112.29,0.0,0.0,0.0,M,M,M,M,M,M,M,M,M,M,0.0,0.0,0.0,0.0,0.0,0.0,0.0,0.0,0.0,0.0,0.0,0.0,0.0,0.0,0.0,0.0,0.0,0.0
US1AZMR0026,"SUN CITY WEST 1.0 W","MARICOPA",1260,33.66,-112.37,0.0,0.0,0.0,M,M,M,M,M,M,0.0,0.0,M,0.0,0.0,0.0,0.0,0.0,0.0,0.0,0.0,0.0,0.0,0.0,0.0,0.0,0.0,0.0,0.0,0.0,0.0,0.0
USC00028326,"SUNRISE MOUNTAIN","APACHE",9382,33.97,-109.56,0.0,0.0,0.0,0.0,2.0,5.0,12.0,18.0,2.0,0.0,0.0,0.0,0.0,0.0,3.0,0.0,0.0,0.0,2.0,0.0,0.0,0.0,0.0,0.0,0.0,M,0.0,0.0,0.0,0.0,0.0
USC00028329,"SUNSET CRATER NATL MON","COCONINO",6978,35.37,-111.54,0.3,0.0,0.0,0.3,2.4,T,6.4,0.3,0.5,0.0,0.0,0.0,0.0,0.0,0.0,0.0,0.0,0.0,0.0,0.0,0.0,0.0,0.0,0.0,0.0,0.0,0.0,0.0,0.0,0.0,0.0
US1AZMR0042,"SURPRISE 1.3 ESE","MARICOPA",1332,33.65,-112.45,0.0,0.0,0.0,0.0,M,M,M,M,M,0.0,M,0.0,0.0,0.0,0.0,0.0,0.0,0.0,0.0,0.0,0.0,0.0,0.0,0.0,0.0,0.0,0.0,0.0,0.0,0.0,M
US1AZMR0413,"SURPRISE 4.4 W","MARICOPA",1269,33.63,-112.41,0.0,0.0,0.0,M,M,M,M,M,0.0,0.0,M,M,M,M,M,0.0,M,M,M,M,M,0.0,0.0,0.0,M,M,M,M,M,M,M
US1AZMR0239,"SURPRISE 6.3 WNW","MARICOPA",1331,33.66,-112.43,M,M,M,M,M,M,M,M,M,0.0,0.0,0.0,0.0,0.0,0.0,0.0,0.0,0.0,0.0,0.0,0.0,0.0,0.0,0.0,0.0,0.0,0.0,0.0,0.0,0.0,0.0
USC00028396,"TACNA 3 NE","YUMA",324,32.72,-113.92,M,M,0.0,0.0,0.0,0.0,0.0,M,M,0.0,0.0,0.0,0.0,0.0,M,M,M,M,M,0.0,M,0.0,M,M,M,M,M,0.0,0.0,0.0,0.0
US1AZNV0013,"TAYLOR 2.3 SE","NAVAJO",5680,34.43,-110.07,M,M,M,M,M,M,M,1.0,M,M,M,M,M,M,M,M,M,M,M,M,M,M,M,M,M,M,M,M,M,M,M
US1AZNV0009,"TAYLOR 3.2 WNW","NAVAJO",5726,34.47,-110.14,0.0,0.0,0.0,0.0,0.0,M,M,1.0,M,0.0,0.0,0.0,0.0,0.0,0.0,1.0,0.0,0.0,0.0,0.0,0.0,0.0,0.0,0.0,0.0,0.0,0.0,0.0,0.0,0.0,0.0
USC00028468,"TEEC NOS POS","APACHE",5289,36.92,-109.09,0.0,0.0,0.0,0.0,0.0,0.0,T,T,0.0,0.0,0.0,0.0,0.0,0.0,T,0.0,0.0,0.0,0.0,0.0,0.0,0.0,0.0,0.0,0.0,0.0,0.0,0.0,0.0,0.0,T
US1AZMR0267,"TEMPE 1.0 WSW","MARICOPA",1181,33.40,-111.92,0.0,0.0,0.0,M,M,M,M,M,M,0.0,0.0,M,0.0,0.0,0.0,0.0,0.0,0.0,0.0,0.0,0.0,M,0.0,0.0,M,0.0,0.0,0.0,0.0,M,0.0
US1AZMR0161,"TEMPE 1.1 SW","MARICOPA",1182,33.40,-111.91,0.0,0.0,0.0,0.0,M,M,M,M,M,0.0,0.0,0.0,0.0,0.0,0.0,0.0,0.0,0.0,0.0,0.0,0.0,0.0,0.0,0.0,0.0,0.0,0.0,0.0,0.0,0.0,0.0
US1AZMR0432,"TEMPE 2.1 WSW","MARICOPA",1178,33.39,-111.93,0.0,0.0,M,M,M,M,M,M,M,0.0,0.0,0.0,M,0.0,0.0,0.0,0.0,0.0,0.0,0.0,0.0,0.0,0.0,0.0,0.0,M,0.0,0.0,M,0.0,0.0
US1AZMR0032,"TEMPE 3.3 S","MARICOPA",1185,33.34,-111.93,0.0,0.0,0.0,M,M,M,M,M,M,0.0,0.0,0.0,0.0,0.0,0.0,0.0,0.0,0.0,0.0,0.0,0.0,0.0,0.0,0.0,0.0,0.0,0.0,0.0,0.0,0.0,0.0
US1AZMR0352,"TEMPE 4.0 SW","MARICOPA",1203,33.37,-111.95,0.0,0.0,0.0,M,M,M,M,M,M,M,0.0,0.0,0.0,0.0,0.0,0.0,0.0,0.0,0.0,0.0,0.0,0.0,M,0.0,0.0,0.0,0.0,0.0,0.0,0.0,0.0
US1AZMR0155,"TEMPE 5.2 SSW","MARICOPA",1184,33.34,-111.93,M,M,M,0.0,M,M,M,M,M,M,M,M,M,M,M,M,M,M,M,M,M,M,M,M,M,M,M,M,M,M,M
USC00028499,"TEMPE ASU","MARICOPA",1167,33.43,-111.92,0.0,0.0,0.0,0.0,0.0,0.0,0.0,0.0,0.0,0.0,0.0,0.0,0.0,0.0,0.0,0.0,0.0,0.0,0.0,0.0,0.0,0.0,0.0,0.0,0.0,0.0,0.0,0.0,0.0,0.0,0.0
US1AZPM0012,"THREE POINTS 2.9 S","PIMA",3007,32.03,-111.27,M,0.0,0.0,0.0,M,M,0.0,M,M,0.0,0.0,0.0,0.0,0.0,0.0,0.0,0.0,0.0,0.0,0.0,0.0,0.0,0.0,0.0,0.0,0.0,0.0,0.0,M,0.0,0.0
US1AZMH0004,"TOPOCK 3.3 NNW","MOHAVE",555,34.77,-114.50,0.0,0.0,0.0,0.0,M,M,0.0,0.0,0.0,0.0,M,0.0,0.0,0.0,0.0,0.0,0.0,0.0,0.0,M,0.0,0.0,0.0,0.0,0.0,0.0,0.0,0.0,0.0,0.0,0.0
US1AZAP0003,"TSAILE 0.5 WNW","APACHE",7025,36.30,-109.22,0.0,0.0,0.0,0.0,0.5,1.7,0.5,1.4,1.5,M,M,M,M,M,M,M,M,M,T,4.1,M,M,M,M,M,M,M,M,M,M,M
US1AZSC0010,"TUBAC 2.9 SW","SANTA CRUZ",3690,31.59,-111.09,0.0,0.0,0.0,0.0,M,M,M,M,0.0,0.0,0.0,0.0,0.0,0.0,0.0,0.0,0.0,0.0,0.0,0.0,0.0,0.0,0.0,0.0,0.0,0.0,0.0,0.0,0.0,0.0,0.0
US1AZPM0147,"TUCSON 1.3 NW","PIMA",2462,32.23,-110.94,0.0,0.0,0.0,0.0,M,M,M,M,M,0.0,M,0.0,0.0,0.0,0.0,0.0,0.0,0.0,0.0,0.0,0.0,0.0,0.0,0.0,0.0,0.0,0.0,0.0,0.0,0.0,0.0
US1AZPM0014,"TUCSON 1.5 NNE","PIMA",2571,32.22,-110.88,0.0,0.0,0.0,0.0,M,M,M,M,M,0.0,0.0,0.0,0.0,0.0,0.0,0.0,0.0,0.0,0.0,0.0,0.0,0.0,0.0,0.0,0.0,0.0,0.0,0.0,0.0,0.0,0.0
US1AZPM0250,"TUCSON 1.8 NNW","PIMA",2446,32.25,-110.93,0.0,0.0,0.0,0.0,M,M,0.0,M,M,0.0,0.0,0.0,0.0,0.0,0.0,0.0,0.0,0.0,0.0,0.0,0.0,0.0,0.0,0.0,0.0,0.0,0.0,0.0,0.0,0.0,0.0
US1AZPM0160,"TUCSON 10.3 NNW","PIMA",2437,32.35,-111.00,0.0,0.0,0.0,0.0,M,M,M,M,M,0.0,0.0,0.0,0.0,0.0,0.0,0.0,0.0,0.0,0.0,0.0,0.0,0.0,0.0,0.0,0.0,0.0,0.0,0.0,0.0,0.0,0.0
US1AZPM0118,"TUCSON 10.3 SE","PIMA",2919,32.12,-110.79,0.0,0.0,0.0,0.0,M,M,M,M,M,0.0,0.0,0.0,0.0,0.0,0.0,0.0,0.0,0.0,0.0,0.0,0.0,0.0,0.0,0.0,0.0,0.0,0.0,0.0,0.0,0.0,0.0
US1AZPM0247,"TUCSON 10.3 WNW","PIMA",2321,32.30,-111.07,0.0,0.0,0.0,0.0,M,M,0.0,M,M,0.0,M,0.0,0.0,0.0,0.0,0.0,0.0,0.0,0.0,0.0,0.0,0.0,0.0,0.0,0.0,0.0,0.0,0.0,0.0,0.0,0.0
US1AZPM0111,"TUCSON 10.5 ESE","PIMA",2906,32.14,-110.77,0.0,0.0,0.0,0.0,M,M,M,M,0.0,0.0,0.0,0.0,0.0,0.0,0.0,0.0,0.0,0.0,0.0,0.0,0.0,0.0,0.0,0.0,0.0,0.0,0.0,0.0,0.0,0.0,0.0
US1AZPM0193,"TUCSON 10.6 WNW","PIMA",2345,32.30,-111.08,0.0,0.0,0.0,0.0,M,M,M,M,M,M,M,0.0,0.0,0.0,0.0,0.0,0.0,0.0,0.0,0.0,0.0,0.0,0.0,0.0,0.0,0.0,M,0.0,0.0,0.0,0.0
US1AZPM0263,"TUCSON 10.7 NNW","PIMA",2395,32.35,-111.02,M,M,M,0.0,M,M,M,M,M,M,M,0.0,0.0,0.0,0.0,M,0.0,0.0,0.0,0.0,0.0,0.0,0.0,0.0,0.0,0.0,0.0,0.0,0.0,0.0,0.0
US1AZPM0214,"TUCSON 10.8 SE","PIMA",2931,32.11,-110.79,0.0,0.0,0.0,0.0,M,M,0.0,M,M,0.0,0.0,0.0,0.0,0.0,0.0,0.0,0.0,0.0,0.0,0.0,0.0,0.0,0.0,0.0,0.0,0.0,0.0,0.0,0.0,0.0,0.0
US1AZPM0273,"TUCSON 11.3 WNW","PIMA",2369,32.30,-111.08,0.0,0.0,0.0,0.0,M,M,M,M,M,0.0,0.0,0.0,0.0,0.0,0.0,0.0,0.0,0.0,0.0,0.0,0.0,0.0,0.0,0.0,0.0,0.0,0.0,0.0,0.0,0.0,M
US1AZPM0143,"TUCSON 11.7 ENE","PIMA",2715,32.25,-110.72,0.0,0.0,0.0,0.0,M,M,M,M,M,0.0,0.0,0.0,0.0,0.0,0.0,0.0,0.0,0.0,0.0,0.0,0.0,0.0,0.0,0.0,0.0,0.0,0.0,0.0,0.0,0.0,M
US1AZPM0003,"TUCSON 11.7 NNW","PIMA",2537,32.35,-110.98,0.0,0.0,0.0,M,0.0,M,M,M,0.0,0.0,0.0,0.0,0.0,0.0,0.0,0.0,0.0,0.0,0.0,0.0,0.0,0.0,0.0,0.0,0.0,0.0,0.0,0.0,0.0,0.0,0.0
US1AZPM0161,"TUCSON 11.8 SE","PIMA",2988,32.10,-110.78,0.0,M,M,M,M,M,M,M,M,M,M,M,M,M,M,M,M,M,M,M,M,M,M,M,M,M,M,M,M,M,M
US1AZPM0206,"TUCSON 12.3 NW","PIMA",2340,32.36,-111.05,0.0,0.0,0.0,0.0,M,M,0.0,M,M,0.0,0.0,0.0,0.0,0.0,0.0,0.0,0.0,0.0,0.0,0.0,0.0,0.0,0.0,0.0,0.0,0.0,0.0,0.0,0.0,0.0,0.0
US1AZPM0191,"TUCSON 13.5 NW","PIMA",2288,32.37,-111.07,0.0,0.0,0.0,0.0,0.0,0.0,0.0,M,M,M,M,M,M,M,M,M,M,M,M,M,M,M,M,M,M,M,M,M,M,M,0.0
US1AZPM0265,"TUCSON 13.8 NW","PIMA",2166,32.35,-111.10,0.0,0.0,0.0,0.0,0.0,0.0,0.0,0.0,0.0,0.0,0.0,0.0,0.0,0.0,0.0,0.0,0.0,0.0,0.0,0.0,0.0,0.0,0.0,0.0,0.0,0.0,0.0,0.0,0.0,0.0,M
US1AZPM0112,"TUCSON 14.5 NNW","PIMA",2769,32.42,-110.98,0.0,0.0,0.0,0.0,M,M,M,M,M,0.0,0.0,0.0,0.0,0.0,0.0,0.0,0.0,0.0,0.0,0.0,0.0,0.0,0.0,0.0,0.0,0.0,0.0,0.0,0.0,0.0,0.0
US1AZPM0156,"TUCSON 14.7 E","PIMA",2826,32.25,-110.67,M,M,M,M,M,M,M,M,M,0.0,M,M,M,M,M,M,M,0.0,M,M,M,M,M,M,M,M,M,M,M,M,M
US1AZPM0107,"TUCSON 18.6 WNW","PIMA",2203,32.34,-111.20,0.0,0.0,0.0,0.0,M,M,0.0,M,0.0,0.0,0.0,0.0,0.0,0.0,0.0,0.0,0.0,0.0,0.0,0.0,0.0,0.0,0.0,0.0,0.0,0.0,0.0,0.0,0.0,0.0,0.0
US1AZPM0119,"TUCSON 2.0 ENE","PIMA",2519,32.23,-110.89,0.0,0.0,0.0,M,0.0,M,M,M,M,0.0,0.0,0.0,0.0,0.0,0.0,0.0,0.0,0.0,0.0,0.0,0.0,0.0,0.0,0.0,0.0,0.0,0.0,0.0,0.0,0.0,0.0
US1AZPM0051,"TUCSON 2.5 WNW","PIMA",2470,32.21,-110.93,0.0,0.0,0.0,0.0,M,M,0.0,M,M,0.0,M,0.0,0.0,0.0,0.0,0.0,0.0,0.0,0.0,0.0,0.0,0.0,0.0,0.0,0.0,0.0,0.0,0.0,0.0,0.0,0.0
US1AZPM0002,"TUCSON 2.8 E","PIMA",2688,32.19,-110.84,0.0,0.0,0.0,0.0,M,M,0.0,M,M,0.0,0.0,0.0,0.0,0.0,0.0,0.0,0.0,0.0,0.0,0.0,0.0,0.0,0.0,0.0,0.0,0.0,0.0,0.0,0.0,0.0,0.0
US1AZPN0029,"TUCSON 21.7 N","PINAL",3204,32.53,-110.86,0.0,0.0,0.0,0.0,M,M,M,M,M,0.0,0.0,0.0,0.0,0.0,0.0,0.0,0.0,0.0,0.0,0.0,0.0,0.0,0.0,0.0,0.0,0.0,0.0,0.0,0.0,0.0,0.0
US1AZPM0103,"TUCSON 3.0 WNW","PIMA",2397,32.24,-110.96,0.0,M,M,M,M,M,M,M,M,M,M,M,0.0,0.0,0.0,0.0,0.0,0.0,0.0,0.0,0.0,0.0,0.0,M,M,M,M,M,M,M,M
US1AZPM0164,"TUCSON 3.1 ENE","PIMA",2493,32.24,-110.88,0.0,0.0,0.0,0.0,M,M,M,M,M,0.0,0.0,0.0,0.0,0.0,0.0,0.0,0.0,0.0,0.0,0.0,0.0,0.0,0.0,0.0,0.0,0.0,0.0,0.0,0.0,0.0,0.0
US1AZPM0081,"TUCSON 3.9 NW","PIMA",2450,32.24,-110.93,0.0,0.0,0.0,0.0,M,M,M,M,M,0.0,M,0.0,0.0,0.0,0.0,0.0,0.0,0.0,0.0,0.0,0.0,0.0,0.0,0.0,0.0,0.0,0.0,0.0,0.0,0.0,0.0
US1AZPM0108,"TUCSON 4.1 N","PIMA",2361,32.28,-110.93,0.0,0.0,0.0,0.0,M,M,0.0,M,M,0.0,0.0,0.0,0.0,0.0,0.0,0.0,0.0,0.0,0.0,0.0,0.0,0.0,0.0,0.0,0.0,0.0,0.0,0.0,0.0,0.0,0.0
US1AZPM0050,"TUCSON 4.1 NNW","PIMA",2439,32.25,-110.91,0.0,0.0,0.0,M,0.0,M,M,M,M,M,M,0.0,0.0,0.0,0.0,0.0,0.0,0.0,0.0,0.0,0.0,0.0,0.0,0.0,0.0,0.0,0.0,0.0,0.0,0.0,0.0
US1AZPM0230,"TUCSON 4.4 E","PIMA",2602,32.23,-110.84,0.0,0.0,0.0,0.0,M,M,M,M,M,0.0,0.0,0.0,0.0,0.0,0.0,0.0,0.0,0.0,0.0,0.0,0.0,0.0,0.0,0.0,0.0,0.0,0.0,0.0,0.0,0.0,0.0
US1AZPM0145,"TUCSON 4.9 E","PIMA",2610,32.22,-110.84,0.0,0.0,0.0,0.0,M,M,M,M,M,0.0,0.0,0.0,0.0,0.0,0.0,0.0,0.0,0.0,0.0,0.0,0.0,0.0,0.0,0.0,0.0,0.0,0.0,0.0,0.0,0.0,0.0
US1AZPM0261,"TUCSON 5.0 ENE","PIMA",2514,32.26,-110.84,0.0,0.0,0.0,0.0,M,M,M,M,M,0.0,0.0,0.0,0.0,0.0,0.0,0.0,0.0,0.0,0.0,0.0,0.0,0.0,0.0,0.0,0.0,0.0,0.0,0.0,0.0,0.0,0.0
US1AZPM0148,"TUCSON 5.0 NNW","PIMA",2329,32.28,-110.97,0.0,0.0,0.0,0.0,M,M,M,M,M,0.0,M,0.0,0.0,0.0,0.0,0.0,0.0,0.0,0.0,0.0,0.0,0.0,0.0,0.0,0.0,0.0,0.0,0.0,0.0,0.0,0.0
US1AZPM0124,"TUCSON 5.2 NNW","PIMA",2324,32.28,-110.97,0.0,0.0,0.0,0.0,M,M,0.0,M,M,0.0,M,0.0,0.0,0.0,0.0,0.0,0.0,0.0,0.0,0.0,0.0,0.0,0.0,0.0,0.0,0.0,0.0,0.0,0.0,0.0,0.0
US1AZPM0201,"TUCSON 5.3 WNW","PIMA",2311,32.25,-111.00,0.0,0.0,0.0,0.0,M,M,M,M,M,M,M,M,0.0,0.0,0.0,0.0,0.0,0.0,0.0,0.0,0.0,0.0,0.0,0.0,0.0,0.0,0.0,0.0,0.0,0.0,0.0
US1AZPM0258,"TUCSON 5.6 W","PIMA",2484,32.21,-111.01,0.0,0.0,0.0,0.0,M,M,M,M,M,M,0.0,0.0,0.0,0.0,M,0.0,0.0,0.0,M,0.0,0.0,0.0,M,0.0,0.0,0.0,0.0,M,0.0,M,M
US1AZPM0249,"TUCSON 5.8 E","PIMA",2609,32.23,-110.82,0.0,M,M,0.0,M,M,0.0,M,M,0.0,M,0.0,0.0,0.0,0.0,0.0,0.0,0.0,0.0,0.0,0.0,0.0,0.0,M,0.0,0.0,0.0,0.0,0.0,0.0,0.0
US1AZPM0082,"TUCSON 5.8 ENE","PIMA",2643,32.23,-110.80,0.0,0.0,0.0,M,M,M,M,M,M,0.0,0.0,0.0,0.0,0.0,0.0,0.0,0.0,0.0,0.0,0.0,0.0,0.0,0.0,0.0,0.0,0.0,0.0,0.0,0.0,0.0,0.0
US1AZPM0184,"TUCSON 6.2 ENE","PIMA",2540,32.25,-110.82,0.0,0.0,0.0,0.0,M,M,M,M,M,0.0,M,0.0,0.0,0.0,0.0,0.0,0.0,0.0,0.0,0.0,0.0,0.0,0.0,0.0,0.0,0.0,0.0,0.0,0.0,0.0,0.0
US1AZPM0229,"TUCSON 6.4 ENE","PIMA",2509,32.26,-110.82,0.0,0.0,0.0,0.0,M,M,0.0,M,M,0.0,M,0.0,0.0,0.0,0.0,0.0,0.0,0.0,0.0,0.0,0.0,0.0,M,0.0,0.0,M,0.0,0.0,0.0,0.0,0.0
US1AZPM0215,"TUCSON 6.4 SSE","PIMA",2696,32.13,-110.88,0.0,0.0,0.0,0.0,M,M,0.0,M,M,M,0.0,0.0,0.0,0.0,0.0,0.0,0.0,0.0,0.0,0.0,0.0,0.0,0.0,0.0,0.0,0.0,0.0,0.0,0.0,0.0,0.0
US1AZPM0007,"TUCSON 6.6 NE","PIMA",2536,32.25,-110.80,0.0,0.0,0.0,0.0,M,M,M,M,M,M,M,M,0.0,0.0,0.0,0.0,0.0,0.0,0.0,0.0,0.0,0.0,0.0,0.0,0.0,0.0,0.0,0.0,0.0,0.0,0.0
US1AZPM0106,"TUCSON 7.2 NW","PIMA",2296,32.30,-111.00,0.0,0.0,0.0,0.0,M,M,M,M,M,0.0,M,0.0,0.0,0.0,0.0,0.0,0.0,0.0,0.0,0.0,0.0,0.0,M,0.0,0.0,0.0,M,0.0,M,0.0,0.0
US1AZPM0135,"TUCSON 7.3 WNW","PIMA",2306,32.27,-111.03,0.0,0.0,0.0,0.0,M,M,M,M,M,0.0,0.0,0.0,0.0,0.0,0.0,0.0,0.0,0.0,0.0,0.0,0.0,0.0,0.0,0.0,0.0,0.0,0.0,0.0,0.0,0.0,0.0
US1AZPM0213,"TUCSON 7.9 E","PIMA",2590,32.24,-110.79,0.0,0.0,0.0,0.0,M,M,M,M,M,0.0,M,0.0,0.0,0.0,0.0,0.0,0.0,0.0,0.0,0.0,0.0,0.0,0.0,0.0,0.0,0.0,0.0,0.0,0.0,0.0,0.0
US1AZPM0044,"TUCSON 8.0 E","PIMA",2653,32.23,-110.78,0.0,0.0,0.0,0.0,M,M,M,M,M,0.0,0.0,0.0,0.0,0.0,0.0,0.0,M,0.0,0.0,0.0,0.0,0.0,0.0,0.0,0.0,0.0,0.0,0.0,0.0,0.0,0.0
US1AZPM0062,"TUCSON 8.0 NW","PIMA",2314,32.28,-110.99,0.0,0.0,0.0,M,0.0,M,M,M,0.0,0.0,0.0,0.0,0.0,0.0,0.0,0.0,0.0,0.0,0.0,0.0,0.0,0.0,0.0,0.0,0.0,0.0,0.0,0.0,0.0,0.0,0.0
US1AZPM0245,"TUCSON 8.1 E","PIMA",2806,32.20,-110.78,0.0,0.0,0.0,0.0,M,M,M,M,M,0.0,0.0,0.0,0.0,0.0,0.0,0.0,0.0,0.0,0.0,0.0,0.0,0.0,0.0,0.0,0.0,0.0,0.0,0.0,0.0,0.0,0.0
US1AZPM0072,"TUCSON 8.3 NE","PIMA",2653,32.28,-110.78,0.0,0.0,0.0,0.0,M,M,0.0,M,0.0,0.0,0.0,0.0,0.0,0.0,0.0,0.0,0.0,0.0,0.0,0.0,0.0,0.0,0.0,0.0,0.0,0.0,0.0,0.0,0.0,0.0,0.0
US1AZPM0208,"TUCSON 8.3 WNW","PIMA",2399,32.27,-111.05,0.0,0.0,0.0,0.0,M,M,0.0,M,M,0.0,M,0.0,0.0,0.0,0.0,0.0,0.0,0.0,0.0,0.0,0.0,0.0,0.0,0.0,0.0,M,M,M,M,M,M
US1AZPM0233,"TUCSON 8.3 WSW","PIMA",2783,32.17,-111.05,0.0,0.0,0.0,0.0,M,M,M,M,0.0,0.0,M,0.0,0.0,0.0,0.0,0.0,0.0,0.0,0.0,0.0,0.0,0.0,0.0,0.0,0.0,0.0,0.0,0.0,0.0,0.0,0.0
US1AZPM0010,"TUCSON 8.4 ESE","PIMA",2913,32.14,-110.77,0.0,0.0,0.0,0.0,M,M,M,M,M,0.0,0.0,0.0,0.0,0.0,0.0,0.0,0.0,0.0,0.0,0.0,0.0,0.0,0.0,0.0,0.0,0.0,0.0,0.0,0.0,0.0,0.0
US1AZPM0132,"TUCSON 8.5 NE","PIMA",2612,32.29,-110.80,0.0,0.0,0.0,0.0,M,M,0.0,M,M,0.0,0.0,0.0,0.0,0.0,0.0,0.0,0.0,0.0,0.0,0.0,0.0,0.0,0.0,0.0,0.0,0.0,0.0,0.0,0.0,0.0,0.0
US1AZPM0127,"TUCSON 8.8 E","PIMA",2827,32.21,-110.77,0.0,0.0,0.0,0.0,M,M,M,M,M,0.0,0.0,0.0,0.0,0.0,0.0,0.0,0.0,0.0,0.0,0.0,0.0,0.0,0.0,0.0,0.0,0.0,0.0,0.0,0.0,0.0,0.0
US1AZPM0210,"TUCSON 8.9 E","PIMA",2780,32.22,-110.77,0.0,0.0,0.0,0.0,M,M,0.0,M,M,0.0,0.0,0.0,0.0,0.0,0.0,0.0,0.0,0.0,0.0,0.0,0.0,0.0,0.0,0.0,0.0,0.0,0.0,0.0,0.0,0.0,0.0
US1AZPM0031,"TUCSON 8.9 SW","PIMA",2571,32.14,-111.04,0.0,0.0,0.0,0.0,M,0.0,0.0,M,0.0,0.0,0.0,0.0,0.0,0.0,0.0,0.0,0.0,0.0,0.0,0.0,0.0,0.0,0.0,0.0,0.0,0.0,0.0,0.0,0.0,0.0,0.0
US1AZPM0004,"TUCSON 9.4 NW","PIMA",2301,32.30,-110.99,0.0,0.0,0.0,0.0,M,M,M,M,M,M,M,0.0,0.0,0.0,0.0,0.0,0.0,0.0,0.0,0.0,0.0,0.0,0.0,0.0,0.0,0.0,0.0,0.0,0.0,0.0,0.0
US1AZPM0202,"TUCSON 9.9 ENE","PIMA",2688,32.28,-110.77,0.0,0.0,0.0,0.0,M,M,M,M,M,0.0,M,0.0,0.0,0.0,0.0,0.0,0.0,0.0,0.0,0.0,0.0,0.0,0.0,0.0,0.0,0.0,0.0,0.0,0.0,0.0,0.0
US1AZAP0002,"TUCSON 9.9 NNW","APACHE",2456,32.35,-111.00,0.0,0.0,0.0,0.0,M,0.0,M,M,M,0.0,0.0,0.0,0.0,0.0,0.0,0.0,0.0,0.0,0.0,0.0,0.0,0.0,0.0,0.0,0.0,0.0,0.0,0.0,0.0,0.0,0.0
US1AZPM0244,"TUCSON 9.9 NW","PIMA",2233,32.32,-111.04,0.0,0.0,0.0,0.0,M,M,0.0,M,M,0.0,M,0.0,0.0,0.0,0.0,0.0,0.0,0.0,0.0,0.0,0.0,0.0,0.0,0.0,0.0,0.0,0.0,0.0,0.0,0.0,0.0
US1AZPM0077,"TUCSON ESTATES 3.2 WSW","PIMA",2450,32.18,-111.14,0.0,0.0,0.0,0.0,M,M,0.0,M,M,0.0,M,0.0,0.0,0.0,0.0,0.0,0.0,0.0,0.0,0.0,0.0,0.0,0.0,0.0,0.0,0.0,0.0,0.0,0.0,0.0,0.0
USW00023160,"TUCSON INTL AP","PIMA",2548,32.13,-110.96,0.0,0.0,0.0,0.0,0.0,0.0,0.0,0.0,0.0,0.0,0.0,0.0,0.0,0.0,0.0,0.0,0.0,0.0,0.0,0.0,0.0,0.0,0.0,0.0,0.0,0.0,0.0,0.0,0.0,0.0,0.0
USC00028904,"TUZIGOOT","YAVAPAI",3469,34.77,-112.03,0.0,0.0,0.0,0.0,0.0,0.0,0.0,0.0,0.0,0.0,0.0,0.0,0.0,0.0,0.0,0.0,0.0,0.0,0.0,0.0,0.0,0.0,0.0,0.0,0.0,0.0,0.0,0.0,0.0,0.0,0.0
US1AZPM0040,"VAIL 2.9 NNE","PIMA",3171,32.09,-110.70,0.0,0.0,0.0,0.0,M,M,M,M,M,0.0,M,0.0,0.0,0.0,0.0,0.0,0.0,0.0,0.0,0.0,0.0,0.0,0.0,0.0,0.0,0.0,0.0,0.0,0.0,0.0,0.0
US1AZPM0204,"VAIL 8.6 SSE","PIMA",4275,31.88,-110.66,0.0,0.0,0.0,0.0,M,M,M,1.5,M,0.0,M,0.0,0.0,0.0,0.0,0.0,0.0,0.0,0.0,0.0,0.0,0.0,0.0,0.0,0.0,0.0,0.0,0.0,0.0,0.0,0.0
US1AZPM0038,"VALENCIA WEST 1.3 SW","PIMA",2520,32.12,-111.12,0.0,0.0,0.0,0.0,M,M,0.0,M,0.0,0.0,0.0,0.0,0.0,0.0,0.0,0.0,0.0,0.0,0.0,0.0,0.0,0.0,0.0,0.0,0.0,0.0,0.0,0.0,0.0,M,M
USC00029156,"WALNUT CANYON N.M.","COCONINO",6693,35.17,-111.51,0.0,0.0,0.0,T,2.1,4.1,7.5,5.8,0.0,0.0,0.0,0.0,0.0,0.0,0.0,0.8,0.0,0.0,0.0,0.0,0.0,0.0,0.0,0.0,0.0,0.0,0.0,0.0,0.0,0.0,0.0
USC00029158,"WALNUT CREEK","YAVAPAI",5089,34.93,-112.81,0.0,0.0,0.0,0.0,1.0,1.0,T,2.0,0.0,0.0,0.0,0.0,0.0,0.0,0.0,0.0,0.0,0.0,0.0,0.0,0.0,0.0,0.0,0.0,0.0,0.0,0.0,0.0,0.0,0.0,0.0
USC00029166,"WALNUT GROVE","YAVAPAI",3763,34.31,-112.56,0.0,0.0,0.0,0.0,0.0,0.0,0.0,0.0,0.0,0.0,0.0,0.0,0.0,0.0,0.0,0.0,0.0,0.0,0.0,0.0,0.0,0.0,0.0,0.0,0.0,0.0,0.0,0.0,0.0,0.0,0.0
US1AZCH0022,"WHETSTONE 2.6 SW","COCHISE",4506,31.69,-110.38,0.0,0.0,0.0,0.0,M,M,M,M,M,0.0,0.0,0.0,0.0,0.0,0.0,0.0,0.0,0.0,0.0,0.0,0.0,0.0,0.0,0.0,0.0,0.0,0.0,0.0,0.0,0.0,0.0
US1AZMR0437,"WICKENBURG 2.6 WSW","MARICOPA",2357,33.95,-112.76,M,M,M,M,M,M,M,M,M,M,M,M,M,M,M,M,M,M,M,0.0,0.0,0.0,0.0,0.0,0.0,0.0,0.0,0.0,0.0,0.0,0.0
USC00029309,"WIKIEUP","MOHAVE",2009,34.71,-113.61,0.0,0.0,0.0,0.0,0.0,0.0,0.0,0.0,0.0,0.0,0.0,0.0,0.0,0.0,0.0,0.0,0.0,0.0,0.0,0.0,0.0,0.0,0.0,0.0,0.0,0.0,0.0,0.0,0.0,0.0,0.0
USC00029359,"WILLIAMS","COCONINO",6907,35.24,-112.19,0.0,0.0,0.0,0.8,0.0,5.0,T,10.0,0.7,0.0,0.0,0.0,0.0,0.0,2.0,0.0,0.0,0.0,0.0,0.0,0.0,0.0,0.0,0.0,0.0,0.0,0.0,0.0,0.0,0.0,0.0
US1AZCN0003,"WILLIAMS 0.4 SW","COCONINO",6824,35.24,-112.20,M,M,M,M,M,M,M,M,M,M,M,M,0.0,M,M,M,M,M,0.0,0.0,M,M,0.0,0.0,0.0,0.0,0.0,0.0,0.0,0.0,0.0
US1AZCN0020,"WILLIAMS 3.3 SSE","COCONINO",7248,35.19,-112.18,0.0,0.0,0.0,0.0,1.8,8.1,10.5,6.8,0.7,0.0,M,0.0,0.0,0.0,0.0,3.0,0.0,0.0,0.0,0.5,0.0,0.0,0.0,0.0,M,0.0,0.0,0.0,0.0,0.0,0.0
US1AZNV0016,"WINSLOW 32.8 NNE","NAVAJO",5653,35.43,-110.41,0.0,0.0,0.0,0.0,M,M,M,M,M,M,0.0,0.0,0.0,0.0,0.0,0.0,M,M,M,0.0,M,M,M,0.0,0.0,0.0,0.0,0.0,0.0,0.0,0.0
USW00023194,"WINSLOW MUNICIPAL AP","NAVAJO",4885,35.03,-110.72,0.0,M,0.0,M,M,M,M,M,M,M,M,M,M,M,M,M,M,M,M,M,M,M,M,M,M,M,M,M,0.0,M,M
USC00029464,"WITTMANN 4SW","MARICOPA",1670,33.75,-112.60,M,M,0.0,M,M,M,M,M,M,M,M,M,M,M,M,M,M,M,M,M,M,M,M,M,M,M,M,M,M,M,M
USC00029542,"WUPATKI NM","COCONINO",4907,35.52,-111.37,0.0,0.0,0.0,0.0,0.0,0.0,T,0.0,0.0,0.0,0.0,0.0,0.0,0.0,0.0,0.0,0.0,0.0,0.0,0.0,0.0,0.0,0.0,0.0,0.0,0.0,0.0,0.0,0.0,0.0,0.0
USC00029634,"YOUNGTOWN","MARICOPA",1135,33.60,-112.30,M,M,M,M,M,M,0.0,M,M,M,M,0.0,M,M,M,M,M,M,M,0.0,0.0,0.0,0.0,M,M,M,M,M,M,M,M
USC00029645,"YUCCA 1 NNE","MOHAVE",1950,34.88,-114.13,0.0,0.0,0.0,0.0,0.0,0.0,0.0,0.0,0.0,0.0,M,0.0,0.0,0.0,M,M,0.0,0.0,0.0,0.0,0.0,0.0,0.0,0.0,M,M,0.0,0.0,0.0,0.0,0.0
US1AZYM0001,"YUMA 13.8 ESE","YUMA",398,32.63,-114.41,0.0,0.0,0.0,M,M,M,M,0.0,0.0,0.0,0.0,0.0,0.0,0.0,0.0,0.0,0.0,0.0,0.0,0.0,0.0,0.0,0.0,0.0,0.0,0.0,0.0,0.0,0.0,0.0,0.0
US1AZYM0007,"YUMA 7.7 SE","YUMA",210,32.64,-114.52,0.0,0.0,0.0,0.0,M,M,M,0.0,0.0,0.0,0.0,0.0,0.0,0.0,0.0,0.0,0.0,0.0,0.0,0.0,0.0,0.0,0.0,0.0,0.0,0.0,0.0,0.0,0.0,0.0,0.0
US1AZYM0004,"YUMA 9.7 ESE","YUMA",235,32.68,-114.46,0.0,0.0,0.0,M,M,M,M,M,0.0,0.0,0.0,0.0,0.0,0.0,0.0,0.0,0.0,M,0.0,0.0,0.0,0.0,0.0,0.0,0.0,0.0,0.0,0.0,0.0,0.0,0.0
USW00003145,"YUMA MCAS - COOP","YUMA",213,32.65,-114.62,0.0,0.0,0.0,0.0,0.0,0.0,0.0,0.0,0.0,0.0,0.0,0.0,0.0,0.0,0.0,0.0,0.0,0.0,0.0,0.0,0.0,0.0,0.0,0.0,0.0,0.0,0.0,0.0,0.0,0.0,0.0
