West Virginia Snowfall, January 2017
"GHCN ID","Station Name",County,Elevation,Latitude,Longitude,"Jan 1","Jan 2","Jan 3","Jan 4","Jan 5","Jan 6","Jan 7","Jan 8","Jan 9","Jan 10","Jan 11","Jan 12","Jan 13","Jan 14","Jan 15","Jan 16","Jan 17","Jan 18","Jan 19","Jan 20","Jan 21","Jan 22","Jan 23","Jan 24","Jan 25","Jan 26","Jan 27","Jan 28","Jan 29","Jan 30","Jan 31"
USC00460102,"ALDERSON","SUMMERS",1540,37.73,-80.66,0.0,0.0,0.0,0.0,0.0,T,2.0,0.0,0.0,0.0,0.0,0.0,0.0,0.0,0.0,0.0,0.0,0.0,0.0,0.0,0.0,0.0,0.0,0.0,0.0,0.0,0.0,T,T,T,0.0
US1WVKN0001,"ALUM CREEK 3.0 E","KANAWHA",709,38.29,-81.79,0.0,0.0,0.0,0.0,0.0,3.3,0.5,T,T,0.0,0.0,0.0,0.0,0.0,0.0,0.0,0.0,0.0,0.0,0.0,0.0,0.0,0.0,0.0,0.0,M,0.1,T,T,2.2,T
USC00460202,"ANSTEAD HAWKS NEST STATE PARK","FAYETTE",1296,38.12,-81.12,0.0,0.0,0.0,0.0,0.0,3.0,0.0,T,T,0.0,0.0,0.0,0.0,0.0,0.0,0.0,0.0,0.0,0.0,0.0,0.0,0.0,0.0,0.0,0.0,0.0,T,0.0,0.0,2.0,0.0
US1WVGL0003,"AUBURN 4.0 E","GILMER",807,39.09,-80.78,M,M,M,M,0.0,M,M,M,M,0.0,M,M,M,M,M,M,M,M,M,M,M,M,M,M,M,M,M,M,M,M,M
US1WVDD0004,"AUBURN 8.3 ENE","DODDRIDGE",934,39.13,-80.71,M,M,M,M,0.0,M,M,M,M,0.0,M,M,M,M,M,M,M,M,M,M,M,0.0,M,M,M,M,M,M,M,3.4,M
USC00460509,"BARTOW 1S","POCAHONTAS",3024,38.53,-79.77,0.5,0.0,0.0,0.0,0.0,2.8,1.0,T,0.0,0.0,0.1,0.0,0.0,0.0,0.0,0.0,0.0,0.0,0.0,0.0,0.0,0.0,0.0,0.6,0.0,0.0,0.6,0.7,0.2,3.0,0.0
USC00460527,"BAYARD","GRANT",2411,39.27,-79.37,0.0,0.0,0.0,0.0,0.0,7.4,0.9,0.6,0.3,0.0,0.0,0.0,0.0,0.0,0.0,0.0,0.0,0.0,0.0,0.0,0.0,0.0,0.0,3.3,0.0,0.0,3.6,3.6,0.5,5.6,5.7
USW00003872,"BECKLEY RALEIGH COUNTY AIRPORT","RALEIGH",2513,37.78,-81.12,0.0,0.0,0.0,0.0,3.5,1.0,3.0,0.1,0.0,0.0,0.0,0.0,0.0,0.0,0.0,0.0,0.0,0.0,0.0,0.0,0.0,0.0,0.0,T,0.0,T,T,T,4.0,1.7,0.0
USC00460580,"BECKLEY VA HOSPITAL","RALEIGH",2329,37.76,-81.19,0.0,0.0,0.0,0.0,0.0,4.5,2.5,0.2,0.0,0.0,0.0,0.0,0.0,0.0,0.0,0.0,0.0,0.0,0.0,0.0,0.0,0.0,0.0,0.0,0.0,0.0,0.0,0.2,0.0,4.0,0.0
USC00460925,"BLUEFIELD","MERCER",2869,37.26,-81.23,0.0,0.0,0.0,0.0,0.0,1.0,3.0,1.0,0.0,0.0,0.0,0.0,0.0,0.0,0.0,0.0,0.0,0.0,0.0,0.0,0.0,0.0,0.0,0.0,0.0,0.0,T,T,T,4.0,T
USW00003859,"BLUEFIELD MERCER COUNTY AP","MERCER",2869,37.30,-81.21,0.0,0.0,0.0,0.0,0.6,0.5,2.6,0.1,0.0,0.0,0.0,0.0,0.0,0.0,0.0,0.0,0.0,0.0,0.0,0.0,0.0,0.0,0.0,0.0,0.0,0.0,0.2,0.1,3.8,2.5,0.0
USC00460939,"BLUESTONE LAKE","SUMMERS",1390,37.64,-80.88,0.0,0.0,0.0,0.0,0.0,1.0,1.0,0.0,0.0,0.0,0.0,0.0,0.0,0.0,0.0,0.0,0.0,0.0,0.0,0.0,0.0,0.0,0.0,0.0,0.0,0.0,0.0,0.0,0.0,1.0,0.0
USC00461215,"BUCKEYE","POCAHONTAS",2149,38.19,-80.13,0.0,0.0,0.0,0.0,0.0,1.1,2.0,0.0,0.0,0.0,0.0,0.0,0.0,0.0,0.0,0.0,0.0,0.0,0.0,0.0,0.0,0.0,0.0,0.0,0.0,0.0,0.0,0.1,0.1,0.8,0.0
USC00461220,"BUCKHANNON","UPSHUR",1455,38.98,-80.22,0.0,0.0,0.0,0.0,0.0,6.0,0.0,0.5,T,0.0,0.0,0.0,0.0,0.0,0.0,0.0,0.0,0.0,0.0,0.0,0.0,0.0,0.0,0.0,0.0,0.0,T,2.0,0.0,3.0,0.0
USC00461282,"BURNSVILLE LAKE","BRAXTON",819,38.85,-80.62,0.0,0.0,0.0,0.0,0.0,3.5,0.0,0.5,0.1,0.0,0.0,0.0,0.0,0.0,0.0,0.0,0.0,0.0,0.0,0.0,0.0,0.0,0.0,0.0,0.0,0.0,0.1,0.1,0.0,4.0,0.0
USC00461290,"BURTON","WETZEL",1240,39.65,-80.41,M,M,M,M,M,4.0,M,M,M,M,M,M,M,M,M,M,M,M,M,M,M,M,M,M,M,M,0.0,0.0,0.0,2.0,0.0
USC00461324,"CACAPON ST PRK # 2","MORGAN",950,39.51,-78.32,0.0,0.0,0.0,0.0,0.0,M,0.0,0.0,0.0,0.0,1.0,0.0,0.0,0.0,0.0,0.0,0.0,0.0,0.0,0.0,0.0,0.0,0.0,0.0,0.0,0.0,0.0,0.0,0.0,1.0,0.0
USC00461397,"CANAAN VALLEY #2","TUCKER",3253,39.05,-79.44,0.5,0.0,0.0,0.0,0.0,6.1,0.4,0.8,1.6,0.0,0.0,0.0,0.0,0.0,0.0,0.0,0.0,0.0,0.0,0.0,0.0,0.0,0.0,6.4,0.0,0.0,5.2,4.8,1.4,7.0,1.6
US1WVPC0004,"CASS 3.7 SW","POCAHONTAS",2413,38.36,-79.96,M,M,M,M,M,1.2,1.5,M,M,0.0,M,M,M,M,M,M,M,M,M,M,M,M,M,M,M,M,M,M,M,M,0.0
US1WVDD0001,"CENTER POINT 2.2 NNW","DODDRIDGE",827,39.42,-80.66,M,M,M,M,0.0,5.4,0.0,0.3,0.0,0.0,M,M,M,M,M,0.0,M,M,M,M,M,0.0,M,M,M,M,0.1,0.6,M,2.1,0.0
US1WVJF0006,"CHARLES TOWN 2.5 NE","JEFFERSON",490,39.32,-77.83,0.0,M,M,M,T,2.2,T,0.0,0.0,T,0.0,M,M,0.0,M,M,M,0.0,0.0,M,M,M,M,M,0.0,0.0,0.0,T,T,0.3,0.0
USW00013866,"CHARLESTON - YEAGER AIRPORT","KANAWHA",910,38.38,-81.59,0.0,0.0,0.0,0.0,3.3,0.7,T,T,0.0,0.0,0.0,0.0,0.0,0.0,0.0,0.0,0.0,0.0,0.0,0.0,0.0,0.0,0.0,0.0,0.0,T,0.1,T,2.0,0.2,0.0
US1WVKN0021,"CHARLESTON 3.9 WSW","KANAWHA",799,38.33,-81.70,M,M,M,M,M,3.5,M,M,M,M,M,M,M,M,M,M,M,M,M,M,M,M,M,M,M,M,0.0,M,M,M,M
US1WVKN0025,"CHARLESTON 5.8 ENE","KANAWHA",773,38.38,-81.53,M,M,M,M,M,2.9,M,M,M,M,M,M,M,M,M,M,M,M,M,M,M,M,M,M,M,M,M,M,M,1.3,0.0
USC00461579,"CHARLESTON WSFO","KANAWHA",918,38.31,-81.72,0.0,0.0,0.0,0.0,0.0,3.5,0.5,T,T,0.0,0.0,0.0,0.0,0.0,0.0,0.0,0.0,0.0,0.0,0.0,0.0,0.0,0.0,0.0,0.0,0.0,0.1,T,T,2.2,T
USC00461677,"CLARKSBURG 1","HARRISON",990,39.27,-80.35,0.0,0.0,0.0,0.0,0.0,4.5,0.0,T,0.0,0.0,0.0,0.0,0.0,0.0,0.0,0.0,0.0,0.0,0.0,0.0,0.0,0.0,0.0,0.0,0.0,0.0,0.0,0.5,0.0,2.0,T
US1WVRL0006,"COOL RIDGE 0.4 NE","RALEIGH",2964,37.66,-81.09,0.0,0.0,0.0,0.0,0.0,3.0,2.5,0.2,T,0.0,0.0,0.0,M,M,0.0,0.0,0.0,0.0,0.0,0.0,0.0,0.0,0.0,0.0,0.0,0.0,T,0.5,0.7,5.0,1.0
US1WVNC0004,"CRAIGSVILLE 0.6 NE","NICHOLAS",2240,38.34,-80.65,T,0.0,0.0,0.0,T,4.0,0.8,1.0,0.5,0.0,0.0,0.0,0.0,0.0,0.0,0.0,0.0,0.0,0.0,0.0,0.0,0.0,0.0,0.0,0.0,0.0,1.0,0.8,0.4,5.0,2.0
US1WVLW0004,"CRAWFORD 2.9 SE","LEWIS",1598,38.84,-80.40,0.0,M,M,M,M,5.5,0.0,1.0,T,0.0,0.0,M,M,M,M,0.0,M,M,M,M,M,M,M,M,M,M,0.5,M,M,7.1,0.0
USC00462211,"DAVIS 3SE","TUCKER",3714,39.10,-79.43,1.8,0.0,0.0,0.0,0.0,7.1,2.5,2.1,0.5,0.1,0.0,0.0,0.0,0.0,0.0,0.0,0.0,0.0,0.0,0.0,0.0,0.0,0.0,5.6,1.4,0.0,2.3,2.3,1.3,7.5,5.1
USC00462522,"DUNLOW 1 SW","WAYNE",1200,37.95,-82.40,0.0,0.0,0.0,0.0,0.0,5.0,T,T,0.0,0.0,0.0,0.0,0.0,0.0,0.0,0.0,0.0,0.0,0.0,0.0,0.0,0.0,0.0,0.0,0.0,0.0,0.0,0.0,0.0,1.0,0.0
USC00462622,"EAST LYNN LAKE","WAYNE",662,38.14,-82.38,0.0,0.0,0.0,0.0,0.0,3.0,0.0,0.0,0.0,0.0,0.0,0.0,0.0,0.0,0.0,0.0,0.0,0.0,0.0,0.0,0.0,0.0,0.0,0.0,0.0,0.0,0.0,0.0,0.0,1.1,0.0
USC00462717,"ELKINS 1N","RANDOLPH",2004,38.93,-79.83,0.0,0.0,0.0,0.0,T,5.5,T,0.3,0.3,0.0,0.0,0.0,0.0,0.0,0.0,0.0,0.0,0.0,0.0,0.0,0.0,0.0,0.0,0.2,T,0.0,1.0,0.9,0.5,4.4,0.4
USW00013729,"ELKINS- RANDOLPH COUNTY AIRPORT","RANDOLPH",1978,38.89,-79.85,0.0,0.0,0.0,0.0,3.5,1.1,T,0.1,0.0,0.0,0.0,0.0,0.0,0.0,0.0,0.0,0.0,0.0,0.0,0.0,0.0,0.0,T,T,0.0,M,M,M,4.1,1.5,T
USC00462920,"FAIRMONT","MARION",1300,39.47,-80.13,0.0,M,M,0.0,3.0,M,M,M,M,M,M,M,M,M,M,0.0,0.0,M,M,M,0.0,0.0,0.0,0.0,0.0,0.0,0.5,0.0,1.0,0.2,M
US1WVBY0002,"FALLING WATERS 2.4 NW","BERKELEY",490,39.59,-77.92,0.0,M,M,M,M,1.0,0.0,T,0.0,0.0,0.7,M,M,0.0,T,0.0,M,M,0.0,0.0,M,M,M,0.6,M,0.0,0.0,T,T,T,T
US1WVPN0001,"FORT SEYBERT 3.0 NE","PENDLETON",1786,38.72,-79.14,M,M,M,M,M,1.0,M,M,M,M,M,M,M,M,M,M,M,M,M,M,M,M,M,M,M,0.0,M,M,0.0,1.0,M
USC00463251,"FROST 3NE","POCAHONTAS",2904,38.29,-79.82,0.2,0.0,0.0,0.0,0.0,1.4,2.1,0.2,T,0.0,0.0,0.0,0.0,0.0,0.0,0.0,0.0,0.0,0.0,0.0,0.0,0.0,0.0,0.1,T,0.0,0.6,0.3,T,1.7,0.5
USC00463361,"GASSAWAY","BRAXTON",848,38.66,-80.77,0.0,0.0,0.0,0.0,0.0,3.0,0.0,1.0,0.0,0.0,0.0,0.0,0.0,0.0,0.0,0.0,0.0,0.0,0.0,0.0,0.0,0.0,0.0,0.0,0.0,0.0,0.5,0.0,0.0,1.3,0.0
USC00463544,"GLENVILLE","GILMER",723,38.93,-80.83,0.0,0.0,0.0,0.0,0.0,2.9,0.0,0.5,0.1,0.0,0.0,0.0,0.0,0.0,0.0,0.0,0.0,0.0,0.0,0.0,0.0,0.0,0.0,0.0,0.0,0.0,T,T,0.0,2.9,0.2
USC00463798,"HACKER VALLEY","WEBSTER",1589,38.62,-80.38,0.0,0.0,0.0,0.0,0.0,5.4,0.5,0.7,0.4,0.0,0.0,0.0,0.0,0.0,0.0,0.0,0.0,0.0,0.0,0.0,0.0,0.0,0.0,0.0,0.0,0.0,0.4,1.3,0.3,5.3,0.6
USC00463940,"HARRISVILLE","RITCHIE",823,39.22,-81.05,0.0,0.0,0.0,0.0,0.0,4.0,0.0,T,T,0.0,0.0,0.0,0.0,0.0,0.0,0.0,0.0,0.0,0.0,0.0,0.0,0.0,0.0,0.0,0.0,0.0,0.0,0.2,T,1.0,T
US1WVCB0008,"HUNTINGTON 0.6 WSW","CABELL",569,38.41,-82.44,M,M,M,M,M,M,0.0,0.0,0.0,0.0,M,M,M,M,M,M,M,M,M,M,M,M,M,M,M,M,0.0,0.0,M,2.0,0.0
US1WVCB0011,"HUNTINGTON 1.0 S","CABELL",878,38.40,-82.43,0.0,M,M,M,0.0,M,M,0.0,0.0,0.0,M,M,M,M,M,M,M,M,0.0,M,0.0,0.0,M,0.0,M,0.0,0.0,0.0,M,M,M
US1WVCB0002,"HUNTINGTON 2.9 E","CABELL",586,38.41,-82.38,M,M,M,M,0.0,2.5,0.0,0.0,0.0,0.0,M,M,M,M,M,M,M,M,M,M,M,M,M,M,M,M,M,T,0.0,2.0,0.0
USC00464397,"HUNTINGTON SWG PL","WAYNE",520,38.40,-82.53,M,M,M,M,M,M,M,M,M,M,M,M,M,0.0,M,M,M,M,M,M,M,M,M,M,M,M,M,M,M,M,M
USW00003860,"HUNTINGTON TRI-STATE AIRPORT","WAYNE",824,38.37,-82.56,0.0,0.0,0.0,0.0,1.6,0.7,0.0,T,0.0,0.0,0.0,0.0,0.0,0.0,0.0,0.0,0.0,0.0,0.0,0.0,0.0,0.0,0.0,0.0,0.0,T,T,0.0,1.8,T,0.0
USC00464840,"KEYSER 2 SSW","MINERAL",900,39.42,-79.00,0.0,0.0,0.0,0.0,0.0,0.8,0.0,0.0,0.0,0.3,0.2,0.0,0.0,0.0,0.0,0.0,0.0,0.0,0.0,0.0,0.0,0.0,0.0,T,0.0,0.0,0.0,T,0.0,0.3,2.2
US1WVML0003,"KEYSER 2.0 SSW","MINERAL",898,39.41,-79.00,0.0,M,M,M,M,0.6,0.0,0.0,0.0,0.7,0.2,M,M,M,M,0.0,M,M,M,M,M,0.0,M,M,M,M,M,M,0.0,0.2,2.3
USC00465002,"LAKE LYNN","MONONGALIA",900,39.72,-79.86,0.0,0.0,0.0,0.0,0.0,2.5,M,0.1,0.0,M,M,M,M,M,M,M,0.0,0.0,0.0,0.0,0.0,M,0.0,0.0,0.0,0.0,0.0,0.0,0.0,0.1,0.0
USC00465224,"LEWISBURG 3 N","GREENBRIER",2299,37.86,-80.40,0.0,0.0,0.0,0.0,0.0,0.8,3.0,T,0.0,0.0,0.0,0.0,0.0,0.0,0.0,0.0,0.0,0.0,0.0,0.0,0.0,0.0,0.0,0.0,0.0,0.0,0.0,0.0,T,1.0,T
USC00465353,"LOGAN","LOGAN",672,37.87,-81.98,0.0,0.0,0.0,0.0,0.0,4.5,T,T,T,0.0,0.0,0.0,0.0,0.0,0.0,0.0,0.0,0.0,0.0,0.0,0.0,0.0,0.0,0.0,0.0,0.0,T,0.0,0.0,1.0,T
USC00465365,"LONDON LOCKS","KANAWHA",620,38.19,-81.37,M,M,M,M,M,M,M,M,M,M,M,M,M,M,M,M,M,M,M,M,M,M,M,M,M,M,M,0.0,0.0,M,M
USC00465563,"MADISON 3NNW","BOONE",710,38.10,-81.85,0.0,0.0,0.0,0.0,0.0,3.0,T,0.0,0.0,0.0,0.0,0.0,0.0,0.0,0.0,0.0,0.0,0.0,0.0,0.0,0.0,0.0,0.0,0.0,0.0,0.0,T,0.0,0.0,1.0,0.0
USC00465600,"MAN","LOGAN",732,37.74,-81.89,0.0,0.0,0.0,0.0,0.0,2.0,0.0,0.0,0.0,0.0,0.0,0.0,0.0,0.0,0.0,0.0,0.0,0.0,0.0,0.0,0.0,0.0,0.0,0.0,0.0,0.0,0.0,0.0,0.0,1.0,0.0
USC00465626,"MANNINGTON 8 WNW","MARION",1100,39.54,-80.46,0.0,M,M,M,M,4.0,0.0,0.0,0.0,M,M,M,M,M,M,M,M,M,M,M,M,M,M,M,M,M,0.0,2.0,0.0,2.0,2.0
USC00465706,"MARTINSBURG 2","BERKELEY",540,39.47,-77.97,0.0,0.0,0.0,0.0,0.0,1.0,0.0,0.0,0.0,0.0,0.0,0.0,0.0,0.0,0.0,0.0,0.0,0.0,0.0,0.0,0.0,0.0,0.0,0.0,0.0,0.0,0.0,0.0,0.0,0.0,0.0
US1WVBY0006,"MARTINSBURG 4.3 E","BERKELEY",474,39.45,-77.89,0.0,M,M,M,0.0,1.0,0.0,T,0.0,0.0,0.1,M,M,M,M,M,M,M,0.0,0.0,M,M,M,M,T,0.0,0.0,T,0.0,T,T
USC00465875,"MCROSS 3 E","GREENBRIER",3199,37.99,-80.68,0.0,0.0,0.0,0.0,0.0,3.0,3.2,1.0,0.0,0.0,0.0,0.0,0.0,0.0,0.0,0.0,0.0,0.0,0.0,0.0,0.0,0.0,0.0,T,0.0,0.0,M,0.5,0.3,5.5,0.6
USC00465963,"MIDDLEBOURNE 3 ESE","TYLER",734,39.47,-80.86,0.0,0.0,0.0,0.0,0.0,3.4,0.0,0.1,0.0,0.0,0.0,0.0,0.0,0.0,0.0,0.0,0.0,0.0,0.0,0.0,0.0,0.0,0.0,0.0,0.0,0.0,T,0.4,0.0,1.9,T
US1WVTY0003,"MIDDLEBOURNE 3.2 ESE","TYLER",761,39.47,-80.86,M,M,M,M,M,3.4,0.0,0.1,0.0,0.0,M,M,M,M,M,0.0,M,M,M,M,M,M,M,M,M,M,T,0.4,0.0,1.9,T
USC00466163,"MOOREFIELD 1 SSE","HARDY",890,39.05,-78.97,0.0,0.0,0.0,0.0,0.0,2.2,0.0,T,0.0,0.1,0.0,0.0,0.0,0.0,0.0,0.0,0.0,0.0,0.0,0.0,0.0,0.0,0.0,M,0.0,0.0,T,0.0,0.0,1.0,M
USW00013736,"MORGANTOWN HART FIELD","MONONGALIA",1240,39.64,-79.92,M,M,M,M,M,M,M,M,0.0,M,M,M,M,M,0.0,M,M,M,0.0,M,M,M,M,M,M,M,M,M,M,M,0.0
USC00466212,"MORGANTOWN LOCK & DAM","MONONGALIA",825,39.62,-79.97,M,0.0,0.0,0.0,M,4.0,M,M,M,0.0,0.0,0.0,0.0,M,M,0.0,0.0,0.0,0.0,0.0,M,M,M,0.0,0.0,0.0,0.0,M,M,3.0,0.0
USC00466248,"MOUNDSVILLE","MARSHALL",620,39.91,-80.75,M,M,M,M,M,M,M,M,M,M,M,M,M,M,M,M,M,M,M,M,M,M,M,M,M,M,M,0.0,0.0,1.5,0.0
USC00466284,"MOUNT NEBO 1 S","NICHOLAS",1950,38.19,-80.85,0.0,0.0,0.0,0.0,0.0,4.0,0.8,0.3,0.5,0.0,0.0,0.0,0.0,0.0,0.0,0.0,0.0,0.0,0.0,0.0,0.0,0.0,0.0,0.0,0.0,0.0,0.5,0.1,0.2,4.5,0.0
USC00466325,"MULLENS 3 E","WYOMING",1564,37.58,-81.33,0.0,0.0,0.0,0.0,0.0,3.0,1.0,0.0,0.0,0.0,0.0,0.0,0.0,0.0,0.0,0.0,0.0,0.0,0.0,0.0,0.0,0.0,0.0,0.0,0.0,0.0,0.0,T,T,3.0,0.0
USC00466442,"NEW CUMBERLAND L/D","HANCOCK",675,40.53,-80.63,0.0,0.0,0.0,0.0,M,2.5,0.0,0.0,0.0,0.1,0.0,0.0,0.0,0.0,0.0,0.0,0.0,0.0,0.0,0.0,0.0,0.0,0.0,0.0,0.0,0.0,M,0.5,0.0,0.5,0.2
US1WVWT0001,"NEW MARTINSVILLE 6.5 E","WETZEL",1357,39.65,-80.74,T,0.0,0.0,0.0,0.0,3.0,0.0,T,0.0,0.0,0.0,0.0,0.0,0.0,0.0,0.0,0.0,0.0,0.0,0.0,0.0,0.0,0.0,0.0,0.0,0.0,0.2,0.9,T,1.8,T
USC00466600,"OCEANA 2 SE","WYOMING",1320,37.68,-81.62,0.0,0.0,0.0,0.0,0.0,2.0,T,T,0.0,0.0,0.0,0.0,0.0,0.0,0.0,0.0,0.0,0.0,0.0,0.0,0.0,0.0,0.0,0.0,0.0,0.0,0.0,T,0.0,1.0,T
USW00013867,"PARKERSBURG","WOOD",620,39.28,-81.56,0.0,0.0,0.0,0.0,0.0,3.0,0.0,0.0,0.0,0.0,0.0,0.0,0.0,0.0,0.0,0.0,0.0,0.0,0.0,0.0,0.0,0.0,0.0,0.0,0.0,0.0,0.0,0.0,0.0,T,0.0
USC00466867,"PARSONS 1 NE","TUCKER",1774,39.07,-79.63,0.0,0.0,0.0,0.0,0.0,4.2,0.0,0.0,0.0,0.0,0.0,0.0,0.0,0.0,0.0,0.0,0.0,0.0,M,0.0,0.0,0.0,0.0,0.0,0.0,0.0,2.2,M,0.0,6.2,0.2
USC00466912,"PEA RIDGE PSD","CABELL",573,38.42,-82.30,0.0,0.0,0.0,0.0,0.0,1.0,T,0.0,0.0,0.0,0.0,0.0,0.0,0.0,0.0,0.0,0.0,0.0,0.0,0.0,0.0,0.0,0.0,0.0,0.0,0.0,0.0,0.0,0.0,2.0,0.0
USC00466952,"PETERSBURG","GRANT",968,39.00,-79.14,0.0,0.0,0.0,0.0,0.0,2.0,M,1.0,0.0,M,M,0.0,0.0,T,0.0,M,0.0,0.0,0.0,0.0,0.0,0.0,0.0,0.0,0.0,0.0,M,0.0,M,0.5,M
US1WVBB0001,"PHILIPPI 0.7 W","BARBOUR",1422,39.15,-80.06,M,M,M,M,M,6.5,1.5,M,M,M,M,M,M,M,M,M,M,M,M,M,M,M,M,M,M,M,M,M,M,3.3,M
USC00467029,"PINEVILLE","WYOMING",1320,37.57,-81.54,M,M,M,M,M,M,2.2,M,M,M,M,M,M,M,M,M,M,M,M,M,M,M,M,M,M,M,M,0.0,M,1.1,M
USC00467207,"PRINCETON","MERCER",2369,37.38,-81.08,T,0.0,0.0,0.0,0.0,0.5,M,M,2.0,0.0,0.0,0.0,0.0,0.0,0.0,0.0,0.0,0.0,0.0,0.0,0.0,0.0,0.0,0.0,0.0,0.0,T,0.0,T,3.0,T
USC00467372,"R.D. BAILEY LAKE","MINGO",1400,37.60,-81.82,0.0,0.0,0.0,0.0,0.0,3.5,0.5,0.0,T,0.0,0.0,0.0,0.0,0.0,0.0,0.0,0.0,0.0,0.0,0.0,0.0,0.0,0.0,0.0,0.0,0.0,T,0.0,0.0,0.9,0.0
US1WVHY0002,"RIG 0.4 NW","HARDY",1115,39.04,-79.05,0.0,M,M,M,0.0,2.5,0.0,0.0,0.0,M,M,M,0.0,M,M,0.0,M,M,0.0,M,M,0.0,M,T,M,0.0,0.1,0.0,0.0,0.6,T
USC00467552,"RIPLEY","JACKSON",590,38.82,-81.71,0.0,0.0,0.0,0.0,0.0,2.0,0.0,0.0,0.0,0.0,0.0,0.0,0.0,0.0,0.0,0.0,0.0,0.0,0.0,0.0,0.0,0.0,0.0,0.0,0.0,0.0,0.0,0.0,T,2.0,0.0
US1WVJC0003,"RIPLEY 5.8 S","JACKSON",930,38.74,-81.69,M,M,0.0,M,0.0,3.0,T,T,0.0,0.0,M,0.0,M,M,M,M,M,M,M,M,0.0,M,M,M,M,M,0.0,0.0,T,3.7,T
USC00467649,"ROCK CAVE 2 NE","UPSHUR",1749,38.86,-80.31,0.0,0.0,0.0,0.0,0.0,6.0,T,1.0,0.2,0.0,0.0,0.0,0.0,0.0,0.0,0.0,0.0,0.0,0.0,0.0,0.0,0.0,0.0,0.0,0.0,0.0,1.4,1.0,0.5,5.0,T
US1WVUP0001,"ROCK CAVE 3.0 E","UPSHUR",1856,38.84,-80.27,0.0,0.0,0.0,0.0,0.0,6.1,0.0,1.0,T,0.0,0.0,0.0,0.0,0.0,0.0,M,0.0,0.0,0.0,0.0,0.0,0.0,0.0,T,0.0,0.0,1.4,0.5,0.3,6.0,0.0
US1WVWD0006,"ROCKPORT 1.3 SSE","WOOD",1067,39.06,-81.55,0.0,M,M,M,M,3.5,0.0,0.0,0.0,0.0,M,M,M,M,M,M,M,M,0.0,M,M,M,M,M,M,M,T,0.0,0.0,2.5,0.0
USC00467730,"ROMNEY 1 SW","HAMPSHIRE",720,39.34,-78.77,M,0.0,0.0,0.0,0.0,2.2,0.0,0.0,0.0,T,1.4,0.0,0.0,0.0,0.0,0.0,0.0,0.0,M,0.0,0.0,0.0,0.0,1.0,0.0,0.0,0.0,T,0.0,0.3,0.3
USC00467743,"ROSEDALE 3 NNW","GILMER",750,38.78,-80.96,0.0,0.0,0.0,0.0,0.0,3.5,T,0.5,0.2,0.0,0.0,0.0,0.0,0.0,0.0,0.0,0.0,0.0,0.0,0.0,0.0,0.0,0.0,0.0,0.0,0.0,0.1,0.1,T,4.8,0.3
USC00467785,"ROWLESBURG 1","PRESTON",1423,39.34,-79.67,0.0,0.0,0.0,0.0,0.0,8.0,1.4,0.4,0.2,0.0,0.0,0.0,0.0,0.0,0.0,0.0,M,0.0,0.0,0.0,0.0,0.0,0.0,0.3,0.0,0.0,0.8,1.0,0.0,3.3,3.0
USC00467852,"SAINT ALBANS","KANAWHA",646,38.38,-81.83,0.0,0.0,0.0,0.0,0.0,3.1,0.6,T,0.0,0.0,0.0,0.0,0.0,0.0,0.0,0.0,0.0,0.0,0.0,0.0,0.0,0.0,0.0,0.0,0.0,0.0,0.1,T,0.0,2.0,T
USC00467918,"SANDYVILLE 9 NE","JACKSON",640,38.98,-81.57,0.0,0.0,0.0,0.0,0.0,3.0,T,0.0,0.0,0.0,0.0,0.0,0.0,0.0,0.0,0.0,0.0,0.0,0.0,0.0,0.0,0.0,0.0,0.0,0.0,0.0,T,T,0.0,2.0,0.0
US1WVBN0002,"SETH SE 0.0","BOONE",725,38.11,-81.62,M,M,0.0,0.0,0.0,3.6,0.0,0.0,0.0,0.0,0.0,0.0,0.0,0.0,0.0,0.0,0.0,0.0,0.0,0.0,0.0,0.0,0.0,0.0,0.0,0.0,0.0,0.0,0.0,2.6,0.0
US1WVJF0003,"SHENANDOAH JUNCTION","JEFFERSON",548,39.35,-77.86,0.0,0.0,0.0,0.0,0.0,2.0,0.0,T,0.0,0.0,0.1,0.0,0.0,0.0,0.0,0.0,0.0,0.0,0.0,0.0,0.0,0.0,0.0,0.3,0.0,0.0,0.0,T,0.0,0.1,T
USC00468191,"SISSONVILLE 1SW","KANAWHA",615,38.52,-81.65,0.0,0.0,0.0,0.0,0.0,3.0,0.0,0.0,0.0,0.0,0.0,0.0,0.0,0.0,0.0,0.0,0.0,0.0,0.0,0.0,0.0,0.0,0.0,0.0,0.0,0.0,0.0,0.0,0.0,3.8,0.0
US1WVHM0002,"SLANESVILLE 2.1 SE","HAMPSHIRE",775,39.35,-78.50,0.0,M,M,M,0.0,M,0.0,0.0,0.0,M,0.0,M,0.0,M,M,0.0,M,M,0.0,M,M,0.0,M,M,0.0,0.0,0.0,M,M,M,M
USC00468308,"SNOWSHOE","POCAHONTAS",4849,38.40,-79.99,4.0,0.0,0.0,0.0,0.5,4.0,2.0,1.5,T,0.0,0.0,0.0,0.0,0.0,0.0,0.0,0.0,0.0,T,0.0,0.0,0.0,0.0,1.0,2.0,0.0,2.5,5.0,1.5,5.0,2.0
US1WVKN0002,"SOUTH CHARLESTON 4.7 SSW","KANAWHA",1071,38.30,-81.75,M,M,M,M,M,3.2,M,M,M,M,M,M,M,M,M,M,M,M,M,M,M,M,M,M,M,M,M,M,M,M,M
USC00468384,"SPENCER","ROANE",964,38.80,-81.36,0.0,0.0,0.0,0.0,0.0,2.7,0.2,T,0.2,0.0,0.0,0.0,0.0,0.0,0.0,0.0,0.0,0.0,0.0,0.0,0.0,0.0,0.0,0.0,0.0,0.0,0.0,0.0,0.0,3.5,0.0
US1WVHM0004,"SPRINGFIELD 3.5 SW","HAMPSHIRE",656,39.41,-78.74,0.0,M,0.0,M,0.0,1.7,0.0,0.0,0.0,0.0,M,M,0.0,M,M,0.0,M,M,0.0,M,M,0.0,M,M,0.0,0.0,0.0,0.0,M,0.0,0.0
US1WVKN0009,"ST. ALBANS 0.5 ESE","KANAWHA",620,38.38,-81.81,M,M,M,M,0.0,3.7,0.0,0.0,0.0,0.0,M,M,M,M,M,M,M,M,M,M,M,M,M,M,M,M,M,M,0.0,0.7,0.0
US1WVKN0018,"ST. ALBANS 5.1 WSW","KANAWHA",707,38.34,-81.90,M,M,M,M,0.0,3.5,T,T,T,M,M,M,M,M,M,M,M,0.0,0.0,M,0.0,M,M,M,0.0,M,T,M,M,M,T
USC00468522,"STONEWALL JACKSON DAM","LEWIS",1045,39.00,-80.47,0.0,0.0,0.0,0.0,0.0,3.0,0.0,1.0,0.0,0.0,0.0,0.0,0.0,0.0,0.0,0.0,0.0,0.0,0.0,0.0,0.0,0.0,0.0,0.0,0.0,0.0,0.0,0.5,0.0,1.8,0.0
USC00468614,"SUMMERSVILLE LAKE","NICHOLAS",1768,38.22,-80.89,0.0,0.0,0.0,0.0,0.0,3.5,0.0,0.0,0.0,0.0,0.0,0.0,0.0,0.0,0.0,0.0,0.0,0.0,0.0,0.0,0.0,0.0,0.0,0.0,0.0,0.0,0.5,0.0,0.0,4.0,0.0
USC00468662,"SUTTON LAKE","BRAXTON",835,38.66,-80.70,0.0,0.0,0.0,0.0,0.0,5.0,T,T,0.0,0.0,0.0,0.0,0.0,0.0,0.0,0.0,0.0,0.0,0.0,0.0,0.0,0.0,0.0,0.0,0.0,0.0,0.5,T,T,3.0,T
USC00468777,"TERRA ALTA NO 1","PRESTON",2629,39.45,-79.55,0.0,0.0,0.0,0.0,0.0,8.0,2.0,0.8,M,0.0,0.0,0.0,0.0,0.0,0.0,M,0.0,0.0,0.0,0.0,0.0,M,0.0,4.5,0.0,0.0,3.5,2.5,0.2,7.0,2.5
USC00468986,"TYGART DAM","TAYLOR",1235,39.31,-80.03,0.0,0.0,0.0,0.0,0.0,6.0,T,0.2,0.0,0.0,0.0,0.0,0.0,0.0,0.0,0.0,0.0,0.0,0.0,0.0,0.0,0.0,0.0,0.0,0.0,0.0,T,0.5,T,2.0,T
US1WVWD0011,"VIENNA 1.3 NE","WOOD",704,39.34,-81.52,M,M,M,M,M,3.2,M,M,M,M,M,M,M,M,M,M,M,M,M,M,M,M,M,M,M,M,M,M,M,1.0,M
USC00469458,"WEST UNION 2","DODDRIDGE",790,39.29,-80.77,0.0,0.0,0.0,0.0,0.0,2.0,0.0,T,0.0,0.0,0.0,0.0,0.0,0.0,0.0,0.0,0.0,0.0,0.0,0.0,0.0,0.0,0.0,0.0,0.0,0.0,T,0.2,T,2.0,T
US1WVDD0003,"WEST UNION 5.9 NE","DODDRIDGE",848,39.35,-80.69,M,M,M,M,M,4.0,M,M,M,M,M,M,M,M,M,M,M,M,M,M,M,0.0,M,M,M,M,M,M,M,2.0,0.0
US1WVDD0002,"WEST UNION 8.2 NE","DODDRIDGE",787,39.39,-80.68,M,M,M,M,0.0,M,0.0,M,M,0.0,M,M,M,M,M,0.0,M,M,M,M,M,M,M,M,M,M,M,M,0.0,M,0.0
USC00469482,"WHEELING","OHIO",645,40.06,-80.73,M,M,0.0,0.0,0.0,1.2,M,M,0.0,0.0,0.0,0.0,0.0,M,M,M,0.0,0.0,0.0,0.0,M,M,M,0.0,0.0,0.0,0.4,0.4,0.2,0.1,0.1
USW00014894,"WHEELING OHIO COUNTY AP","BROOKE",1179,40.18,-80.65,0.0,M,M,M,M,M,M,M,0.0,M,M,M,0.0,M,0.0,M,M,M,0.0,M,M,M,M,M,M,M,M,M,M,M,M
USC00469522,"WHITE SULPHUR SPRINGS","GREENBRIER",1920,37.79,-80.31,0.0,0.0,0.0,0.0,0.0,0.5,2.0,0.0,0.0,0.0,0.0,0.0,0.0,0.0,0.0,0.0,0.0,0.0,0.0,0.0,0.0,0.0,0.0,0.0,0.0,0.0,0.0,0.0,0.0,1.0,T
USC00469610,"WILLIAMSON","MINGO",760,37.67,-82.28,0.0,M,0.0,0.0,0.0,M,T,M,0.0,0.0,0.0,0.0,0.0,0.0,M,0.0,0.0,0.0,0.0,0.0,M,0.0,0.0,0.0,0.0,0.0,M,0.0,0.0,M,0.0
US1WVWD0007,"WILLIAMSTOWN 0.4 WNW","WOOD",640,39.40,-81.46,M,M,M,M,M,2.5,M,M,M,M,M,M,M,M,M,M,M,M,M,M,M,M,M,M,M,M,T,0.1,T,0.4,T
