Ohio Snowfall, December 2018
"GHCN ID","Station Name",County,Elevation,Latitude,Longitude,"Dec 1","Dec 2","Dec 3","Dec 4","Dec 5","Dec 6","Dec 7","Dec 8","Dec 9","Dec 10","Dec 11","Dec 12","Dec 13","Dec 14","Dec 15","Dec 16","Dec 17","Dec 18","Dec 19","Dec 20","Dec 21","Dec 22","Dec 23","Dec 24","Dec 25","Dec 26","Dec 27","Dec 28","Dec 29","Dec 30","Dec 31"
US1OHHD0014,"ADA 5.4 NE","HARDIN",962,40.81,-83.74,M,M,M,M,1.0,0.0,0.4,0.0,0.0,0.0,0.0,0.0,0.0,0.0,0.0,0.0,0.0,0.0,0.0,0.0,0.0,T,0.0,0.0,0.0,0.0,0.0,0.0,0.0,0.0,0.0
USW00014895,"AKRON CANTON AP","SUMMIT",1213,40.92,-81.44,0.0,0.0,0.3,0.4,0.3,1.0,0.2,T,0.0,0.0,0.0,0.0,0.0,0.0,0.0,0.0,0.0,0.0,0.0,0.0,T,0.1,0.0,0.0,0.0,0.0,0.0,0.0,0.0,0.0,0.0
US1OHMS0002,"ALBANY 2.1 SSE","MEIGS",713,39.19,-82.19,M,0.0,0.0,M,1.3,0.0,0.0,0.0,0.0,0.0,0.0,0.0,0.0,M,M,0.0,0.0,0.0,0.0,M,0.0,0.0,0.0,M,0.0,0.0,0.0,M,0.0,0.0,M
US1OHAT0006,"ALBANY 4.1 NW","ATHENS",862,39.27,-82.24,0.0,M,0.0,M,0.7,T,0.1,0.0,0.0,0.0,0.0,0.0,M,0.0,M,M,M,0.0,0.0,0.0,M,M,0.0,M,0.0,T,0.0,M,0.0,T,M
US1OHVN0003,"ALBANY 4.5 WNW","VINTON",892,39.25,-82.27,M,M,0.0,M,0.5,0.0,T,0.0,0.0,0.0,0.0,0.0,0.0,0.0,0.0,0.0,0.0,0.0,0.0,0.0,0.0,0.0,0.0,0.0,0.0,0.0,0.0,0.0,0.0,T,0.0
US1OHLC0001,"ALEXANDRIA 2.1 NNW","LICKING",1047,40.12,-82.63,0.0,M,0.0,M,M,M,0.5,0.0,0.0,0.0,0.0,0.0,0.0,0.0,M,M,0.0,0.0,0.0,0.0,M,T,0.0,0.0,0.0,0.0,0.0,M,M,0.0,0.0
US1OHWL0005,"ALVORDTON 0.5 E","WILLIAMS",830,41.67,-84.42,0.0,M,M,M,M,0.0,0.0,0.0,0.0,0.0,0.0,0.0,M,M,M,M,0.0,0.0,0.0,M,M,0.0,0.0,0.0,0.0,0.0,0.0,M,0.0,0.0,0.0
US1OHCM0007,"AMELIA 0.3 SSW","CLERMONT",884,39.02,-84.22,0.0,0.0,0.0,T,0.4,T,0.0,0.0,0.0,0.0,0.0,0.0,0.0,0.0,0.0,0.0,0.0,0.0,0.0,0.0,T,0.0,0.0,0.0,0.0,0.0,0.0,0.0,0.0,0.0,0.0
US1OHAT0005,"AMESVILLE 2.6 SE","ATHENS",768,39.37,-81.92,M,M,0.0,M,0.2,M,0.1,0.0,0.0,0.0,0.0,0.0,0.0,0.0,M,M,M,0.0,0.0,0.0,M,M,0.0,M,0.0,0.0,0.0,M,M,M,M
US1OHDR0018,"ARCANUM 3.2 SSW","DARKE",1069,39.95,-84.58,M,M,0.0,M,M,M,M,0.0,0.0,0.0,0.0,0.0,0.0,M,M,M,0.0,0.0,0.0,M,M,M,0.0,0.0,0.0,0.0,0.0,M,0.0,0.0,M
US1OHAS0002,"ASHLAND 3.9 SW","ASHLAND",1181,40.83,-82.38,0.0,M,M,M,T,T,0.7,0.0,0.0,0.0,0.0,0.0,0.0,0.0,M,M,0.0,0.0,0.0,0.0,M,0.1,0.0,0.0,0.0,T,0.0,M,M,0.0,0.0
US1OHAT0001,"ATHENS 1.3 N","ATHENS",846,39.34,-82.10,0.0,0.0,0.0,T,0.2,T,T,0.0,0.0,0.0,0.0,0.0,0.0,0.0,0.0,0.0,0.0,0.0,0.0,0.0,0.0,0.0,0.0,0.0,0.0,0.0,0.0,0.0,0.0,T,0.0
US1OHAT0016,"ATHENS 2.3 SSE","ATHENS",949,39.29,-82.08,M,M,0.0,M,0.2,0.0,M,0.0,0.0,0.0,0.0,0.0,0.0,0.0,M,M,M,0.0,0.0,M,M,M,0.0,0.0,0.0,0.0,0.0,M,M,0.0,M
US1OHAT0021,"ATHENS 4.6 ESE","ATHENS",842,39.31,-82.01,0.0,M,0.0,M,M,0.0,0.0,0.0,0.0,0.0,0.0,0.0,0.0,0.0,M,M,M,0.0,0.0,0.0,M,M,0.0,M,0.0,0.0,0.0,M,M,0.0,M
US1OHAT0022,"ATHENS 7.0 WNW","ATHENS",772,39.36,-82.22,M,M,0.0,M,0.5,0.0,0.1,0.0,0.0,0.0,0.0,0.0,0.0,0.0,M,M,M,0.0,0.0,0.0,M,M,M,M,M,M,M,M,M,M,M
USC00330279,"ATHENS OU","ATHENS",684,39.32,-82.10,M,M,M,0.0,M,M,M,M,M,M,M,M,M,M,M,M,M,M,M,M,M,M,M,M,M,M,M,M,M,M,M
US1OHCM0014,"BATAVIA 3.3 NE","CLERMONT",0,39.11,-84.14,M,M,M,M,M,M,M,0.0,0.0,0.0,0.0,0.0,0.0,M,M,0.0,0.0,0.0,0.0,M,M,M,0.0,0.0,0.0,0.0,0.0,M,0.0,0.0,M
US1OHGR0015,"BEAVERCREEK 1.5 ENE","GREENE",949,39.74,-84.04,M,M,M,M,M,M,M,M,M,M,M,M,M,M,0.0,M,0.0,0.0,M,M,M,M,M,M,M,M,M,M,M,M,M
US1OHGR0018,"BELLBROOK 1.2 NNE","GREENE",948,39.66,-84.08,0.0,0.0,0.0,0.0,1.0,M,M,0.0,0.0,0.0,0.0,0.0,0.0,0.0,0.0,0.0,0.0,0.0,0.0,0.0,0.0,M,M,M,M,M,M,M,0.0,0.0,0.0
US1OHHR0002,"BELLEVUE 0.6 N","HURON",742,41.28,-82.84,0.0,0.0,0.0,0.0,T,T,T,0.0,0.0,0.0,0.0,0.0,0.0,0.0,0.0,0.0,0.0,0.0,0.0,0.0,0.0,0.3,0.0,0.0,0.0,0.0,0.0,0.0,0.0,0.0,0.0
US1OHER0011,"BERLIN HEIGHTS 0.4 N","ERIE",780,41.33,-82.49,0.0,M,M,0.1,0.2,M,0.5,0.0,0.0,0.0,0.0,0.0,0.0,0.0,0.0,0.0,0.0,0.0,0.0,0.0,0.0,0.3,M,0.0,0.0,0.0,0.0,0.0,M,M,0.0
USC00330639,"BERLIN LAKE","PORTAGE",1040,41.12,-81.01,0.0,0.0,0.0,T,T,0.0,1.0,0.0,0.0,0.0,0.0,0.0,0.0,0.0,0.0,0.0,0.0,0.0,0.0,0.0,0.0,0.0,0.0,0.0,0.0,0.0,0.0,0.0,0.0,0.0,0.0
US1OHCM0009,"BETHEL 3.8 SW","CLERMONT",908,38.93,-84.14,M,M,0.0,M,T,T,M,0.0,M,M,0.0,0.0,0.0,0.0,M,M,M,0.0,0.0,M,M,M,M,0.0,M,M,M,M,M,0.0,M
USC00330676,"BEVERLY STP","WASHINGTON",615,39.55,-81.63,0.0,0.0,0.0,0.0,0.5,0.0,0.0,0.0,0.0,0.0,0.0,0.0,0.0,0.0,0.0,0.0,0.0,0.0,0.0,0.0,0.0,0.0,0.0,0.0,0.0,0.0,0.0,0.0,0.0,0.0,0.0
US1OHHS0003,"BLOOMINGDALE 5.4 NW","HARRISON",1266,40.40,-80.88,0.0,M,0.0,M,T,M,M,0.0,0.0,0.0,M,M,0.0,0.0,0.0,0.0,0.0,0.0,0.0,0.0,0.0,T,0.0,M,M,M,0.0,0.0,0.0,0.0,0.0
US1OHWD0023,"BOWLING GREEN 0.8 W","WOOD",692,41.38,-83.66,M,M,M,M,M,M,T,0.0,0.0,0.0,0.0,0.0,0.0,M,M,M,M,0.0,0.0,0.0,M,M,0.0,0.0,0.0,0.0,0.0,M,0.0,0.0,0.0
US1OHWD0019,"BOWLING GREEN 1.7 WNW","WOOD",675,41.39,-83.68,M,M,0.0,M,M,M,M,M,M,M,M,M,M,M,0.0,M,0.0,M,M,0.0,M,0.0,M,M,M,M,0.0,M,M,M,M
US1OHWD0012,"BOWLING GREEN 2.7 NW","WOOD",675,41.41,-83.67,0.0,M,0.0,M,0.0,0.0,T,0.0,0.0,0.0,0.0,0.0,0.0,0.0,M,M,0.0,0.0,0.0,0.0,M,0.0,0.0,0.0,0.0,0.0,0.0,M,0.0,0.0,0.0
USC00330862,"BOWLING GREEN WWTP","WOOD",675,41.38,-83.61,0.0,0.0,0.0,0.0,0.0,0.0,0.0,0.0,0.0,0.0,0.0,0.0,0.0,0.0,0.0,0.0,0.0,0.0,0.0,0.0,0.0,0.0,0.0,0.0,0.0,0.0,0.0,0.0,0.0,0.0,0.0
US1OHDR0001,"BRADFORD 2.3 NW","DARKE",997,40.15,-84.46,0.0,0.0,0.0,T,T,T,T,0.0,0.0,0.0,0.0,0.0,0.0,0.0,0.0,0.0,0.0,0.0,0.0,0.0,0.0,0.0,0.0,0.0,0.0,0.0,0.0,0.0,0.0,0.0,0.0
US1OHMD0002,"BRUNSWICK 0.5 NE","MEDINA",1122,41.25,-81.81,0.0,0.0,0.0,0.7,0.6,0.3,1.3,T,0.0,0.0,0.0,0.0,0.0,0.0,0.0,0.0,0.0,0.0,0.0,0.0,0.0,0.6,0.0,0.0,T,0.0,0.0,0.0,0.0,0.0,0.0
USC00331057,"BUCKEYE LAKE 1 N","LICKING",888,39.95,-82.48,0.0,0.0,M,M,M,M,M,M,M,M,M,M,M,M,M,M,M,0.0,M,0.0,M,0.0,0.0,M,M,M,M,M,M,M,M
USC00331072,"BUCYRUS","CRAWFORD",955,40.81,-82.97,0.0,0.0,0.0,T,T,0.0,1.0,0.0,0.0,0.0,0.0,0.0,0.0,0.0,0.0,0.0,0.0,0.0,0.0,0.0,0.0,T,0.0,0.0,0.0,0.0,0.0,0.0,0.0,0.0,0.0
US1OHCW0003,"BUCYRUS 1.0 NW","CRAWFORD",997,40.81,-82.98,0.0,0.0,M,T,0.2,0.0,1.2,0.0,0.0,0.0,0.0,0.0,0.0,0.0,0.0,0.0,0.0,0.0,0.0,0.0,0.0,0.1,0.0,0.0,0.0,0.0,0.0,0.0,0.0,0.0,0.0
US1OHCW0006,"BUCYRUS 8.7 NE","CRAWFORD",1003,40.90,-82.87,0.0,M,M,M,M,M,M,0.0,0.0,0.0,0.0,0.0,M,0.0,M,M,0.0,0.0,0.0,0.0,M,M,0.0,0.0,0.0,0.0,0.0,M,0.0,0.0,M
US1OHMH0011,"CANFIELD 0.5 N","MAHONING",1091,41.04,-80.77,0.0,M,M,0.2,0.3,0.2,1.0,T,0.0,0.0,0.0,0.0,0.0,0.0,0.0,M,0.0,0.0,0.0,0.0,M,0.2,M,0.2,0.0,0.0,0.0,M,M,T,0.0
US1OHST0002,"CANTON 2.8 NE","STARK",1063,40.84,-81.34,M,M,M,T,0.0,M,1.0,M,M,M,M,M,M,M,M,M,M,M,M,M,M,M,M,M,M,M,M,M,M,M,M
US1OHER0008,"CASTALIA 1.8 NNE","ERIE",605,41.42,-82.79,0.0,M,M,M,T,0.0,0.2,0.0,0.0,0.0,0.0,0.0,0.0,M,0.0,M,0.0,0.0,0.0,0.0,M,0.5,0.0,0.0,T,0.0,0.0,M,0.0,0.0,0.0
US1OHGR0011,"CEDARVILLE 3.6 ESE","GREENE",1065,39.72,-83.75,M,M,M,M,1.3,M,M,M,M,M,M,M,M,M,M,M,M,M,M,M,M,M,M,M,M,M,M,M,M,M,M
USC00331404,"CENTERBURG 2 SE","KNOX",1205,40.29,-82.65,0.0,0.0,0.0,T,T,T,0.0,0.0,0.0,0.0,0.0,0.0,0.0,0.0,0.0,0.0,0.0,0.0,0.0,0.0,0.0,T,0.0,T,0.0,T,0.0,0.0,0.0,0.0,0.0
US1OHKN0001,"CENTERBURG 5.3 ESE","KNOX",1099,40.27,-82.60,M,M,M,M,T,0.0,0.8,0.0,0.0,0.0,0.0,0.0,0.0,0.0,M,M,M,M,M,M,M,M,M,T,M,M,M,M,M,M,M
US1OHMY0039,"CENTERVILLE 3.9 S","MONTGOMERY",1002,39.59,-84.15,0.0,0.0,0.0,0.1,1.6,T,0.3,0.0,0.0,0.0,T,0.0,0.0,0.0,0.0,0.0,0.0,0.0,0.0,0.0,0.0,0.0,0.0,T,0.0,0.3,0.0,0.0,0.0,0.0,0.0
US1OHCY0009,"CHAGRIN FALLS 0.7 E","CUYAHOGA",1070,41.43,-81.38,0.0,0.0,0.0,0.2,0.2,T,2.6,0.4,T,0.0,M,M,M,M,M,0.0,0.0,0.0,M,M,M,M,M,M,M,M,M,M,M,M,M
USC00331458,"CHARDON","GEAUGA",1130,41.58,-81.18,0.0,0.0,0.0,0.6,T,T,2.1,1.0,0.0,0.0,0.0,0.0,T,0.0,0.0,0.0,0.0,0.0,0.0,0.0,0.0,1.0,T,0.0,0.0,0.0,0.0,0.0,0.0,0.0,0.0
USC00331516,"CHEVIOT 3 W","HAMILTON",853,39.15,-84.68,0.0,0.0,0.0,0.0,0.5,T,T,0.0,0.0,0.0,0.0,0.0,0.0,0.0,0.0,0.0,0.0,0.0,0.0,0.0,0.0,T,T,0.0,0.0,0.0,0.0,0.0,0.0,0.0,0.0
US1OHRS0008,"CHILLICOTHE 5.8 NW","ROSS",761,39.38,-83.08,0.0,0.0,0.0,0.0,1.0,T,0.6,0.0,0.0,0.0,0.0,0.0,0.0,0.0,0.0,0.0,0.0,0.0,0.0,0.0,0.0,0.0,0.0,0.0,M,M,M,M,M,M,M
US1OHHM0031,"CINCINNATI 6.7 E","HAMILTON",769,39.09,-84.39,M,0.0,0.0,0.0,0.5,0.0,0.0,0.0,0.0,0.0,0.0,0.0,0.0,0.0,0.0,0.0,0.0,0.0,0.0,0.0,0.0,0.0,0.0,0.0,0.0,0.0,0.0,0.0,0.0,0.0,M
US1OHHM0023,"CINCINNATI 8.4 NW","HAMILTON",927,39.20,-84.61,M,M,0.0,0.6,M,M,0.0,0.0,0.0,0.0,0.0,0.0,0.0,0.0,M,M,0.0,0.0,0.0,M,M,M,0.0,0.0,0.0,0.0,0.0,M,M,0.0,M
US1OHHM0013,"CINCINNATI 8.9 NW","HAMILTON",829,39.25,-84.58,M,M,0.0,M,0.8,T,0.1,0.0,0.0,0.0,0.0,0.0,0.0,M,M,M,0.0,0.0,0.0,M,M,M,0.0,0.0,0.0,0.0,0.0,M,0.0,0.0,M
USC00331592,"CIRCLEVILLE","PICKAWAY",675,39.61,-82.96,0.0,0.0,0.0,0.0,0.5,0.0,0.1,M,M,0.0,0.0,0.0,0.0,0.0,0.0,0.0,M,M,0.0,M,M,0.0,0.0,0.0,0.0,0.0,0.0,0.0,M,M,0.0
US1OHWR0010,"CLARKSVILLE 2.3 WNW","WARREN",949,39.41,-84.02,M,M,M,M,M,M,M,0.0,0.0,0.0,0.0,0.0,0.0,0.0,M,M,0.0,0.0,0.0,M,M,M,0.0,0.0,0.0,0.0,0.0,M,M,0.0,M
US1OHCN0017,"CLARKSVILLE 3.9 ENE","CLINTON",969,39.42,-83.91,M,M,0.0,M,M,M,M,M,M,M,0.0,0.0,0.0,0.0,M,M,M,0.0,M,M,M,M,0.0,0.0,0.0,M,0.0,M,M,0.0,M
US1OHCY0047,"CLEVELAND 9.2 NE","CUYAHOGA",598,41.58,-81.55,M,M,M,M,M,M,T,M,M,M,M,M,M,M,M,M,M,M,M,M,M,M,M,M,M,M,M,M,M,M,M
USW00014820,"CLEVELAND-HOPKINS INTL AP","CUYAHOGA",781,41.41,-81.85,0.0,0.0,0.2,0.1,T,1.1,0.3,T,0.0,0.0,0.0,0.0,0.0,0.0,0.0,0.0,0.0,0.0,0.0,0.0,0.0,1.1,0.0,0.0,T,0.0,0.0,0.0,T,0.0,0.0
US1OHFR0051,"COLUMBUS 3.7 NW","FRANKLIN",801,40.02,-83.04,M,M,M,M,M,M,M,M,M,M,M,M,M,M,M,M,0.0,0.0,0.0,0.0,M,M,0.0,0.0,0.0,0.0,0.0,M,M,0.0,M
US1OHFR0075,"COLUMBUS 5.0 NNW","FRANKLIN",866,40.06,-83.01,0.0,M,0.0,M,M,M,M,0.0,0.0,0.0,0.0,0.0,0.0,0.0,M,M,M,0.0,0.0,0.0,M,M,M,M,M,M,0.0,M,M,0.0,M
US1OHFR0058,"COLUMBUS 5.4 NW","FRANKLIN",877,40.05,-83.06,M,M,M,M,M,M,M,M,M,M,M,M,M,0.0,M,M,0.0,0.0,M,M,M,M,M,M,M,M,M,M,M,M,M
US1OHFR0046,"COLUMBUS 8.2 NE","FRANKLIN",955,40.06,-82.87,0.0,M,M,M,0.1,T,T,0.0,0.0,0.0,0.0,0.0,0.0,0.0,M,M,M,0.0,0.0,0.0,M,T,0.0,T,0.0,0.0,0.0,M,M,M,M
USW00004804,"COLUMBUS OHIO STATE UNIVERSITY AP","FRANKLIN",905,40.08,-83.08,M,M,M,M,M,M,M,M,M,M,M,M,M,M,M,M,M,M,M,M,M,M,M,M,0.0,M,M,M,M,M,M
USC00331785,"COLUMBUS WCMH","FRANKLIN",740,40.03,-83.03,M,M,M,M,M,0.1,0.0,M,M,M,M,M,M,0.0,0.0,M,M,M,M,M,0.0,0.0,M,0.0,0.0,M,M,0.0,0.0,M,0.0
US1OHCC0001,"COSHOCTON 5.5 WSW","COSHOCTON",845,40.22,-81.94,0.0,M,M,M,1.2,0.0,0.2,0.0,T,0.0,0.0,0.0,0.0,M,M,M,M,M,M,M,M,T,M,T,M,T,M,M,M,M,M
US1OHHM0017,"COVEDALE 1.5 SSE","HAMILTON",845,39.11,-84.62,M,M,M,M,0.0,M,M,0.0,0.0,0.0,0.0,0.0,0.0,0.0,M,M,0.0,0.0,0.0,M,0.0,M,M,M,M,M,0.0,M,0.0,0.0,M
US1OHSM0005,"CUYAHOGA FALLS 1.1 ESE","SUMMIT",994,41.16,-81.50,0.0,0.0,0.0,0.2,0.7,T,1.6,0.1,T,0.0,0.0,0.0,0.0,0.0,0.0,0.0,0.0,0.0,0.0,0.0,0.0,0.2,T,0.0,0.0,0.0,0.0,0.0,0.0,0.0,0.0
USC00332044,"DANVILLE 2 W","KNOX",970,40.44,-82.30,0.0,0.0,0.0,0.0,0.5,0.0,3.0,0.0,0.0,0.0,0.0,0.0,0.0,0.0,0.0,0.0,0.0,0.0,0.0,0.0,0.0,T,0.0,0.0,0.0,0.0,0.0,0.0,0.0,0.0,0.0
US1OHMY0025,"DAYTON 6.7 NNW","MONTGOMERY",953,39.85,-84.21,M,M,M,M,0.5,T,T,0.0,0.0,0.0,0.0,0.0,0.0,M,M,M,M,0.0,0.0,M,M,M,0.0,M,M,M,M,M,M,0.0,M
USW00093815,"DAYTON INTERNATIONAL AIRPORT","MONTGOMERY",1003,39.91,-84.22,0.0,0.0,T,0.1,1.0,0.3,0.0,0.0,0.0,0.0,0.0,0.0,0.0,0.0,0.0,0.0,0.0,0.0,0.0,0.0,0.0,0.0,T,0.0,T,0.0,0.0,0.0,0.0,0.0,0.0
USC00332098,"DEFIANCE","DEFIANCE",700,41.28,-84.38,0.0,0.0,0.0,0.0,0.0,0.0,0.0,0.0,0.0,0.0,0.0,0.0,0.0,0.0,0.0,0.0,0.0,0.0,0.0,0.0,0.0,0.0,0.0,0.0,0.0,0.0,0.0,0.0,0.0,0.0,0.0
USW00004851,"DEFIANCE AP","DEFIANCE",707,41.34,-84.43,M,M,M,0.0,M,M,M,T,0.0,0.0,0.0,0.0,0.0,0.0,0.0,0.0,0.0,0.0,0.0,M,M,M,0.0,0.0,0.0,0.0,M,M,M,0.0,M
US1OHAL0008,"DELPHOS 2.3 ESE","ALLEN",783,40.83,-84.30,0.0,0.0,0.0,0.0,0.2,0.0,0.5,0.0,0.0,0.0,0.0,0.0,0.0,0.0,0.0,0.0,0.0,0.0,0.0,0.0,0.0,0.0,0.0,0.0,0.0,0.0,0.0,0.0,M,0.0,0.0
USC00332160,"DENNISON WATER WORKS","TUSCARAWAS",860,40.41,-81.34,0.0,0.0,0.0,0.0,1.0,0.0,0.3,0.0,0.0,0.0,0.0,0.0,0.0,0.0,0.0,0.0,0.0,0.0,0.0,0.0,0.0,0.0,0.0,0.0,0.0,0.0,0.0,0.0,0.0,0.0,0.0
US1OHTS0004,"DOVER 1.0 E","TUSCARAWAS",917,40.53,-81.46,M,M,M,0.0,M,0.0,M,M,0.0,M,0.0,M,0.0,0.0,M,M,0.0,0.0,0.0,0.0,M,M,M,M,0.0,0.0,0.0,M,0.0,0.0,0.0
US1OHTS0001,"DOVER 4.6 WNW","TUSCARAWAS",935,40.55,-81.56,0.0,0.0,0.0,T,0.3,T,1.3,0.0,0.0,0.0,0.0,0.0,0.0,0.0,0.0,0.0,0.0,0.0,0.0,0.0,0.0,T,0.0,T,0.0,0.0,0.0,0.0,0.0,0.0,0.0
US1OHFR0002,"DUBLIN 3.2 ENE","FRANKLIN",896,40.13,-83.07,0.0,0.0,0.0,0.0,0.2,T,M,0.0,0.0,0.0,0.0,0.0,0.0,0.0,0.0,0.0,0.0,0.0,0.0,0.0,0.0,0.1,0.0,0.0,0.0,0.0,M,0.0,0.0,0.0,0.0
US1OHPB0001,"EATON 1.0 N","PREBLE",1056,39.76,-84.63,0.0,0.0,0.0,T,1.4,T,0.3,0.0,0.0,0.0,0.0,0.0,0.0,0.0,0.0,0.0,0.0,0.0,0.0,0.0,0.0,M,M,M,M,M,M,0.0,0.0,0.0,0.0
US1OHPB0004,"EATON 1.1 WSW","PREBLE",1067,39.74,-84.65,M,M,M,M,M,M,M,M,0.0,0.0,0.0,0.0,0.0,M,M,M,0.0,0.0,0.0,M,M,M,0.0,0.0,M,M,M,M,M,0.0,M
USC00332513,"EDON 4S","WILLIAMS",867,41.50,-84.77,0.0,0.0,T,0.0,0.4,0.1,0.0,T,0.0,0.0,0.0,0.0,0.0,0.0,0.0,0.0,0.0,0.0,0.0,0.0,0.0,T,0.0,0.0,0.0,0.0,M,0.0,M,0.0,0.0
USC00332585,"ELMORE 5 E","OTTAWA",600,41.48,-83.22,0.0,0.0,0.0,0.0,0.0,0.0,0.0,0.0,0.0,0.0,0.0,0.0,0.0,0.0,0.0,0.0,0.0,0.0,0.0,0.0,0.0,0.0,T,0.0,0.0,0.0,0.0,0.0,0.0,0.0,0.0
US1OHLR0008,"ELYRIA 0.4 SE","LORAIN",710,41.38,-82.10,0.0,0.0,0.0,T,0.1,0.7,0.9,0.0,0.0,0.0,0.0,0.0,0.0,0.0,0.0,0.0,0.0,0.0,0.0,0.0,0.0,0.7,0.0,0.0,0.0,0.0,0.0,0.0,0.0,T,0.0
USC00332603,"ELYRIA 4 S","LORAIN",772,41.30,-82.12,0.0,0.0,0.0,0.0,M,M,M,1.0,0.0,0.0,0.0,0.0,0.0,0.0,0.0,0.0,0.0,0.0,0.0,0.0,0.0,1.0,0.0,0.0,0.0,0.0,0.0,0.0,0.0,0.0,0.0
US1OHBT0021,"FAIRFIELD 1.7 W","BUTLER",574,39.33,-84.57,M,M,M,0.0,1.3,T,0.0,0.0,M,0.0,0.0,0.0,0.0,M,M,M,0.0,0.0,M,M,M,M,0.0,0.0,0.0,0.0,0.0,M,0.0,M,M
US1OHMY0005,"FARMERSVILLE 1.7 E","MONTGOMERY",826,39.68,-84.40,M,M,M,M,2.0,0.0,T,0.0,0.0,0.0,0.0,0.0,0.0,M,M,M,0.0,0.0,0.0,M,M,M,0.0,0.0,T,0.5,0.0,M,M,0.0,M
US1OHBR0008,"FAYETTEVILLE 0.5 W","BROWN",911,39.19,-83.94,M,M,M,M,1.4,M,0.3,M,M,M,M,M,M,M,M,M,M,0.0,M,M,M,M,M,0.0,0.0,M,0.0,M,M,0.0,M
US1OHBR0004,"FAYETTEVILLE 2.2 S","BROWN",950,39.15,-83.93,M,M,0.0,0.0,0.8,0.0,M,0.0,0.0,0.0,0.0,0.0,0.0,0.0,M,M,M,M,M,M,M,M,M,M,M,M,M,M,M,M,M
US1OHHC0002,"FINDLAY 7.2 SSW","HANCOCK",804,40.94,-83.67,0.0,M,0.0,M,0.0,0.0,M,0.0,M,M,M,M,M,M,M,M,M,M,M,M,M,M,M,M,M,M,M,M,M,M,0.0
USC00332791,"FINDLAY WPCC","HANCOCK",768,41.05,-83.66,0.0,0.0,0.0,T,T,T,0.0,T,0.0,0.0,0.0,0.0,0.0,0.0,0.0,0.0,0.0,0.0,0.0,0.0,T,T,0.0,0.0,0.0,0.0,0.0,0.0,0.0,0.0,0.0
US1OHWS0004,"FLEMING 0.0 E","WASHINGTON",792,39.39,-81.61,M,M,0.0,M,0.4,T,T,0.0,0.0,0.0,0.0,0.0,0.0,0.0,M,M,M,0.0,0.0,0.0,M,M,M,M,0.0,0.0,0.0,M,M,M,M
US1OHSH0015,"FORT LORAMIE 0.8 NNW","SHELBY",943,40.36,-84.37,M,M,M,M,1.0,M,M,M,M,M,M,M,M,M,M,M,M,M,M,M,M,M,0.0,M,M,M,M,M,M,M,M
US1OHSH0013,"FORT LORAMIE 3.2 SW","SHELBY",982,40.32,-84.42,M,M,M,M,M,M,M,0.0,0.0,0.0,0.0,0.0,0.0,M,M,M,0.0,0.0,0.0,M,M,M,0.0,0.0,0.0,M,0.0,M,0.0,0.0,M
US1OHKN0004,"FREDERICKTOWN 4.0 NNW","KNOX",1199,40.54,-82.56,0.0,M,0.0,T,0.2,0.0,2.3,0.0,0.0,0.0,0.0,0.0,0.0,M,0.0,M,0.0,0.0,0.0,0.0,M,0.2,0.0,0.0,0.0,0.0,0.0,M,M,0.0,0.0
USC00332974,"FREMONT","SANDUSKY",600,41.33,-83.12,0.0,0.0,0.0,T,T,T,0.0,0.0,0.0,T,0.0,0.0,0.0,0.0,0.0,0.0,0.0,0.0,0.0,0.0,0.0,0.0,0.0,0.0,0.0,0.0,0.0,0.0,0.0,0.0,0.0
US1OHSD0002,"FREMONT 2.2 ENE","SANDUSKY",0,41.37,-83.08,M,M,M,T,M,M,T,0.0,M,M,M,M,M,M,M,M,M,M,M,M,M,0.5,0.0,M,0.0,0.0,0.0,M,0.0,0.0,0.0
US1OHCC0004,"FRESNO 2.2 NNE","COSHOCTON",970,40.36,-81.72,M,M,M,M,1.5,M,0.4,M,M,0.0,M,M,0.0,M,M,M,M,M,M,M,M,T,M,0.1,M,M,M,M,M,M,M
US1OHDL0013,"GALENA 3.0 WNW","DELAWARE",952,40.23,-82.94,M,M,M,M,M,M,M,M,M,M,0.0,0.0,0.0,M,M,M,0.0,0.0,0.0,0.0,M,M,M,T,0.0,M,M,M,M,0.0,M
US1OHCW0001,"GALION 1.1 W","CRAWFORD",1140,40.73,-82.81,M,M,M,T,T,T,2.0,M,M,M,M,M,M,M,M,M,M,M,M,M,M,0.3,M,M,M,M,M,M,M,T,M
USC00333021,"GALION WATER WORKS","CRAWFORD",1170,40.72,-82.80,0.0,0.0,0.0,T,T,0.0,1.5,0.0,T,0.0,0.0,0.0,0.0,0.0,0.0,0.0,0.0,0.0,0.0,0.0,0.0,0.3,0.0,0.0,0.0,0.0,0.0,0.0,0.0,T,0.0
USC00333029,"GALLIPOLIS","GALLIA",578,38.82,-82.18,M,M,M,M,0.0,M,M,M,M,M,M,M,M,M,M,M,M,M,M,M,M,M,M,M,M,M,M,M,M,M,M
US1OHAT0009,"GLOUSTER 3.6 SW","ATHENS",738,39.47,-82.13,M,M,M,M,0.5,M,T,M,M,M,0.0,0.0,0.0,0.0,M,M,M,0.0,0.0,M,M,M,0.0,M,0.0,0.0,0.0,M,M,0.0,M
US1OHFR0003,"GRANDVIEW HEIGHTS 0.1 N","FRANKLIN",768,39.98,-83.04,M,M,M,M,0.0,M,M,M,M,M,M,M,M,M,M,M,M,M,M,M,M,M,M,M,M,M,M,M,M,M,M
US1OHLC0010,"GRANVILLE 4.0 N","LICKING",1115,40.13,-82.52,0.0,0.0,0.0,0.0,0.2,T,0.5,0.0,0.0,0.0,0.0,0.0,0.0,0.0,0.0,0.0,0.0,0.0,0.0,0.0,0.0,T,0.0,T,0.0,0.0,0.0,0.0,0.0,0.0,0.0
US1OHLC0014,"GRANVILLE 5.6 N","LICKING",1187,40.15,-82.51,M,M,M,M,0.2,M,M,0.0,0.0,0.0,0.0,0.0,0.0,0.0,M,M,M,0.0,0.0,0.0,M,M,M,M,M,M,0.0,M,M,M,M
US1OHDR0011,"GREENVILLE 5.6 E","DARKE",1010,40.10,-84.52,M,M,M,M,M,M,M,M,M,M,M,M,M,M,M,M,0.0,M,M,M,M,M,M,M,M,M,M,M,M,M,M
USC00333375,"GREENVILLE WATER PLANT","DARKE",1030,40.10,-84.65,0.0,0.0,0.0,0.0,0.0,0.5,0.0,0.0,0.0,0.0,0.0,0.0,0.0,0.0,0.0,0.0,0.0,0.0,M,M,M,M,M,0.0,M,M,M,0.0,0.0,0.0,0.0
USC00333393,"GREER","KNOX",900,40.55,-82.20,0.0,0.0,0.0,0.0,0.0,0.0,1.0,0.0,0.0,0.0,0.0,0.0,0.0,0.0,0.0,0.0,0.0,0.0,0.0,0.0,0.0,0.0,0.0,0.0,0.0,0.0,0.0,0.0,0.0,0.0,0.0
USC00333421,"GROVER HILL","PAULDING",730,41.02,-84.48,M,M,M,M,0.0,M,M,M,M,M,M,M,M,M,M,M,M,M,M,M,M,M,M,M,M,M,M,M,M,M,M
USC00333500,"HANNIBAL LOCKS AND DAM","MONROE",620,39.67,-80.87,M,M,M,M,0.0,0.0,0.0,0.0,0.0,0.0,0.0,M,0.0,0.0,0.0,0.0,0.0,0.0,0.0,0.0,0.0,0.0,0.0,0.0,0.0,0.0,M,M,M,M,M
US1OHCB0008,"HANOVERTON 0.4 ENE","COLUMBIANA",1186,40.76,-80.93,M,M,M,T,0.1,T,2.2,0.0,0.0,0.0,0.0,0.0,0.0,0.0,M,M,M,0.0,0.0,M,M,M,T,M,M,0.0,0.0,M,M,T,0.0
US1OHFR0023,"HARRISBURG 3.7 WNW","FRANKLIN",952,39.84,-83.23,M,M,M,M,T,M,M,M,M,M,M,M,M,M,M,M,M,M,M,M,M,M,M,M,M,M,M,M,M,M,M
USC00333722,"HICKSVILLE","DEFIANCE",750,41.29,-84.76,0.0,0.0,0.0,0.0,T,0.0,0.0,0.0,0.0,0.0,0.0,0.0,0.0,0.0,0.0,0.0,0.0,0.0,0.0,0.0,0.0,0.0,0.0,0.0,0.0,0.0,0.0,0.0,0.0,0.0,0.0
USC00333758,"HILLSBORO","HIGHLAND",953,39.23,-83.61,M,M,M,M,1.0,M,0.0,M,M,M,M,M,M,M,M,M,M,M,M,M,M,M,M,M,M,M,M,M,M,M,M
USC00333780,"HIRAM","PORTAGE",1230,41.31,-81.01,0.0,0.0,0.0,T,T,0.0,T,0.0,0.0,0.0,0.0,0.0,0.0,0.0,0.0,0.0,0.0,0.0,0.0,0.0,0.0,0.0,0.0,0.0,0.0,0.0,0.0,0.0,0.0,0.0,0.0
US1OHPT0009,"HIRAM 0.4 N","PORTAGE",1160,41.32,-81.14,M,M,M,0.3,1.0,T,2.5,0.5,T,0.0,0.0,0.0,0.0,0.0,0.0,0.0,0.0,0.0,0.0,0.0,M,1.0,T,0.0,T,0.0,0.0,0.0,0.0,0.0,0.0
US1OHSH0011,"HOUSTON 1.3 NNE","SHELBY",978,40.27,-84.32,M,M,M,M,M,T,0.5,0.0,0.0,0.0,0.0,0.0,0.0,0.0,M,M,0.0,0.0,0.0,M,M,M,0.0,0.0,0.0,M,0.0,M,0.0,0.0,M
US1OHMY0018,"HUBER HEIGHTS 1.8 NNW","MONTGOMERY",989,39.88,-84.13,M,M,M,M,1.0,M,M,M,M,M,M,M,M,M,M,M,M,M,M,M,M,M,M,M,M,M,M,M,M,M,M
USC00333915,"HUNTSVILLE 3N","LOGAN",1034,40.48,-83.81,M,M,M,M,0.3,0.0,1.0,M,M,M,M,M,M,M,M,M,M,M,M,M,M,M,M,M,M,M,M,M,M,M,M
US1OHER0029,"HURON 3.1 ESE","ERIE",602,41.38,-82.51,M,M,M,M,M,0.0,M,M,M,0.0,M,M,M,M,M,M,M,M,M,M,M,M,M,M,M,M,M,M,M,M,M
USC00334004,"JACKSON 3 NW","JACKSON",845,39.08,-82.71,0.0,0.0,0.0,0.0,0.6,T,T,0.0,0.0,0.0,0.0,0.0,0.0,0.0,0.0,0.0,0.0,0.0,0.0,0.0,0.0,T,0.0,T,0.0,M,M,M,M,M,M
US1OHPT0017,"KENT 1.5 W","PORTAGE",1058,41.15,-81.39,M,M,M,0.5,0.2,0.0,1.5,0.0,0.0,0.0,0.0,0.0,0.0,0.0,0.0,M,0.0,0.0,0.0,0.0,M,0.5,0.0,0.0,0.0,0.0,0.0,M,M,0.0,M
US1OHPT0010,"KENT 3.6 NE","PORTAGE",1084,41.20,-81.34,0.0,0.0,0.0,0.4,0.7,T,1.5,T,0.0,0.0,0.0,0.0,0.0,0.0,0.0,0.0,0.0,0.0,0.0,0.0,0.0,0.6,0.0,0.0,0.0,0.0,0.0,0.0,0.0,0.0,0.0
US1OHHD0018,"KENTON 1.7 E","HARDIN",1010,40.65,-83.58,M,M,0.0,M,M,M,M,0.0,0.0,0.0,0.0,0.0,0.0,0.0,M,M,M,0.0,0.0,0.0,M,M,0.0,0.0,0.0,0.0,0.0,M,0.0,0.0,M
US1OHHD0011,"KENTON 6.9 NE","HARDIN",929,40.70,-83.50,M,M,0.0,M,M,0.0,M,0.0,M,0.0,0.0,0.0,0.0,0.0,M,M,0.0,0.0,0.0,M,M,M,0.0,0.0,0.0,0.0,0.0,M,0.0,0.0,M
US1OHHD0017,"KENTON 8.0 E","HARDIN",943,40.66,-83.46,M,M,0.0,M,M,M,M,M,M,M,0.0,M,0.0,M,M,M,M,0.0,0.0,M,M,M,M,M,M,0.0,0.0,M,M,M,M
US1OHMY0009,"KETTERING 0.2 ESE","MONTGOMERY",999,39.69,-84.15,M,M,M,M,1.7,T,M,M,M,M,M,M,M,M,M,M,M,M,M,M,M,M,M,M,0.3,M,M,M,M,M,M
US1OHWN0001,"KIDRON 0.7 N","WAYNE",1181,40.75,-81.75,M,M,M,T,0.1,0.2,1.0,0.0,0.0,0.0,0.0,0.0,0.0,0.0,0.0,M,0.0,0.0,0.0,0.0,M,T,0.0,0.0,0.0,0.0,0.0,M,M,T,0.0
USC00334238,"KINGS MILLS","WARREN",762,39.35,-84.26,M,M,M,M,0.6,M,0.0,M,M,M,M,M,M,M,M,M,M,M,M,M,M,M,M,M,M,M,M,M,M,M,M
USC00334434,"LAURELVILLE","HOCKING",760,39.47,-82.73,M,M,M,M,0.0,0.0,0.0,M,M,M,M,M,M,M,M,M,M,M,M,M,M,M,M,M,M,M,M,M,M,M,M
US1OHWR0014,"LEBANON 3.4 E","WARREN",929,39.42,-84.15,0.0,0.0,0.0,T,1.0,T,0.2,0.0,0.0,0.0,0.0,0.0,0.0,0.0,0.0,0.0,0.0,0.0,0.0,0.0,0.0,0.0,0.0,0.0,0.0,0.0,0.0,0.0,0.0,0.0,0.0
US1OHDL0012,"LEWIS CENTER 1.4 E","DELAWARE",926,40.20,-82.98,0.0,0.0,0.0,T,0.2,T,T,0.0,0.0,0.0,0.0,0.0,0.0,0.0,0.0,0.0,0.0,0.0,0.0,0.0,0.0,T,0.0,T,0.0,0.0,0.0,0.0,0.0,0.0,0.0
US1OHRC0003,"LEXINGTON 0.9 NW","RICHLAND",1225,40.69,-82.60,M,M,0.0,0.1,0.1,M,1.5,0.0,M,M,M,M,M,0.0,M,M,M,0.0,0.0,M,M,0.4,M,M,M,M,M,M,M,M,M
US1OHAL0005,"LIMA 2.7 NE","ALLEN",867,40.77,-84.08,0.0,0.0,0.0,0.0,0.4,T,1.0,0.0,0.0,0.0,0.0,0.0,0.0,0.0,0.0,0.0,0.0,0.0,0.0,0.0,0.0,T,0.0,0.0,0.0,0.0,0.0,0.0,0.0,0.0,0.0
USW00004850,"LIMA ALLEN COUNTY AP","ALLEN",975,40.71,-84.03,M,M,M,M,M,M,0.0,0.0,0.0,M,0.0,0.0,0.0,0.0,0.0,0.0,0.0,0.0,0.0,M,M,0.0,0.0,0.0,M,0.0,M,M,0.0,0.0,0.0
USC00334551,"LIMA WWTP","ALLEN",850,40.72,-84.13,0.0,0.0,0.0,0.0,0.1,0.0,0.0,0.0,0.0,0.0,0.0,0.0,0.0,0.0,0.0,0.0,0.0,0.0,0.0,0.0,0.0,0.0,0.0,0.0,0.0,0.0,0.0,0.0,0.0,0.0,0.0
USC00334672,"LOGAN","HOCKING",722,39.53,-82.39,M,M,M,M,0.4,M,0.2,M,M,M,M,M,M,M,M,M,M,M,M,M,M,M,M,M,M,M,M,M,M,M,M
USC00334681,"LONDON FISH HATCHERY","MADISON",1120,39.90,-83.51,0.0,0.0,M,0.0,0.6,0.0,0.2,0.0,0.0,M,0.0,0.0,0.0,0.0,0.0,0.0,M,0.0,0.0,0.0,0.0,M,M,0.0,0.0,M,0.0,0.0,M,M,M
USC00334770,"LUCASVILLE","SCIOTO",568,38.88,-83.00,0.0,0.0,M,0.0,0.5,0.0,0.0,M,M,M,0.0,0.0,0.0,0.0,M,M,M,0.0,0.0,0.0,0.0,M,M,M,M,M,0.0,0.0,M,M,M
US1OHSC0008,"LUCASVILLE 0.9 ENE","SCIOTO",683,38.88,-82.98,M,M,0.0,M,0.5,0.0,M,0.0,0.0,0.0,0.0,0.0,0.0,0.0,M,M,M,0.0,0.0,0.0,M,M,0.0,M,0.0,0.0,0.0,M,M,0.0,M
US1OHLK0011,"MADISON 0.9 WSW","LAKE",737,41.77,-81.07,0.0,0.0,M,0.6,T,4.9,2.0,0.0,0.0,0.0,0.0,0.0,0.0,0.0,0.0,0.0,0.0,0.0,0.0,0.0,M,0.4,M,M,M,M,M,M,T,1.5,0.0
US1OHGG0011,"MADISON 4.2 S","GEAUGA",1004,41.71,-81.04,0.0,0.0,M,1.0,M,M,M,M,M,0.0,0.0,0.0,0.0,0.0,0.0,M,M,0.0,0.0,0.0,M,0.7,T,T,T,0.0,0.0,M,T,1.5,0.0
USC00334874,"MANSFIELD 5 W","RICHLAND",1350,40.77,-82.62,0.0,0.0,T,0.0,0.0,1.3,0.0,0.0,0.0,0.0,0.0,0.0,0.0,0.0,0.0,0.0,0.0,0.0,0.0,0.0,T,0.2,0.0,0.0,0.0,0.0,0.0,0.0,0.0,0.0,0.0
US1OHRC0009,"MANSFIELD 5.1 WSW","RICHLAND",1437,40.74,-82.62,0.0,M,M,M,M,0.0,1.6,0.0,0.0,0.0,0.0,0.0,0.0,0.0,0.0,M,M,0.0,0.0,0.0,M,0.4,0.0,0.0,0.0,0.0,0.0,M,M,0.0,0.0
USW00014891,"MANSFIELD LAHM RGNL AP","RICHLAND",1290,40.82,-82.52,0.0,0.0,T,T,T,1.2,0.0,0.0,0.0,T,0.0,0.0,0.0,0.0,0.0,0.0,0.0,0.0,0.0,0.0,T,0.4,0.0,0.0,0.0,0.0,0.0,0.0,0.0,0.0,0.0
US1OHPT0013,"MANTUA 1.0 NNW","PORTAGE",1282,41.29,-81.23,M,M,M,0.2,1.0,T,2.5,0.5,T,M,M,M,M,M,M,M,M,M,M,M,M,1.0,M,M,M,M,M,M,M,M,M
US1OHMC0007,"MARIA STEIN 3.0 SSW","MERCER",958,40.37,-84.52,0.0,M,0.0,M,M,0.0,M,0.0,0.0,0.0,0.0,0.0,0.0,M,M,M,0.0,0.0,0.0,M,M,M,0.0,0.0,0.0,0.0,0.0,M,0.0,0.0,M
USC00334927,"MARIETTA WWTP","WASHINGTON",610,39.41,-81.43,0.0,0.0,0.0,0.0,0.1,0.0,0.0,0.0,0.0,0.0,0.0,0.0,0.0,0.0,0.0,0.0,0.0,0.0,0.0,0.0,0.0,0.0,0.0,0.0,0.0,0.0,0.0,0.0,0.0,0.0,0.0
US1OHMR0003,"MARION 4.2 SSE","MARION",922,40.53,-83.09,M,M,M,M,T,T,0.3,M,M,M,M,M,M,M,M,M,M,M,M,M,M,M,M,M,M,M,M,M,M,M,M
USC00334979,"MARYSVILLE","UNION",992,40.24,-83.37,0.0,M,M,M,M,0.0,M,0.0,M,M,M,M,M,M,M,M,M,M,M,M,M,M,M,M,M,M,M,M,M,M,M
US1OHHY0005,"MCCLURE 3.4 SSE","HENRY",681,41.33,-83.91,M,M,M,M,0.0,M,T,0.0,0.0,0.0,0.0,0.0,0.0,M,M,M,0.0,0.0,0.0,0.0,M,M,0.0,0.0,0.0,0.0,0.0,M,0.0,0.0,0.0
US1OHMD0004,"MEDINA 7.6 ENE","MEDINA",1211,41.18,-81.73,M,0.0,M,2.2,0.4,0.1,1.5,T,0.0,0.0,M,M,M,M,M,M,M,0.0,0.0,0.0,M,0.5,M,M,M,M,M,M,M,M,M
US1OHMY0046,"MIAMISBURG 1.5 SE","MONTGOMERY",959,39.62,-84.25,M,M,M,T,1.6,T,0.3,0.0,0.0,0.0,T,0.0,0.0,M,M,M,M,0.0,0.0,M,M,M,0.0,M,0.0,T,0.0,M,M,M,M
US1OHGG0007,"MIDDLEFIELD 0.6 NE","GEAUGA",117,41.46,-81.07,T,0.0,0.0,0.1,T,0.0,2.1,0.1,0.0,0.0,0.0,0.0,0.0,0.0,0.0,0.0,0.0,0.0,0.0,0.0,0.0,0.8,T,T,0.0,0.0,0.0,0.0,M,0.0,0.0
US1OHER0014,"MILAN 0.4 ENE","ERIE",64,41.29,-82.59,0.0,M,M,T,T,M,M,0.0,0.0,0.0,0.0,0.0,0.0,M,M,M,M,0.0,0.0,0.0,M,0.2,M,0.0,0.0,0.0,0.0,M,0.0,0.0,M
US1OHER0002,"MILAN 3.2 ENE","ERIE",686,41.30,-82.54,M,M,M,M,M,M,M,M,M,M,M,M,M,M,M,M,M,M,M,M,M,0.0,M,M,M,M,M,M,M,M,M
USC00335297,"MILLERSBURG","HOLMES",819,40.54,-81.92,0.0,0.0,0.0,0.0,T,0.0,0.7,0.0,0.0,0.0,0.0,0.0,0.0,0.0,0.0,0.0,0.0,0.0,0.0,0.0,0.0,0.0,0.0,0.0,0.0,0.0,0.0,0.0,0.0,0.0,0.0
US1OHPT0012,"MOGADORE 4.7 SE","PORTAGE",1174,41.01,-81.33,0.0,M,0.0,0.1,0.5,0.2,1.0,0.0,0.0,0.0,0.0,0.0,0.0,0.0,0.0,M,0.0,0.0,0.0,0.0,M,0.7,0.0,0.0,0.0,0.0,0.0,M,M,M,0.0
USC00335438,"MONTPELIER","WILLIAMS",860,41.59,-84.62,0.0,0.0,0.0,T,T,0.0,T,0.0,0.0,0.0,0.0,0.0,0.0,0.0,0.0,M,0.0,0.0,0.0,0.0,0.0,0.0,0.0,0.0,0.0,0.0,0.0,0.0,0.0,0.0,0.0
US1OHGG0004,"MONTVILLE 1.2 SSE","GEAUGA",1238,41.59,-81.05,0.0,M,M,0.8,0.3,T,3.1,1.0,0.0,0.0,0.0,0.0,T,0.0,0.0,0.0,0.0,0.0,0.0,0.0,0.0,0.7,T,0.0,0.0,0.0,0.0,0.0,0.0,0.3,0.0
USC00335505,"MOSQUITO CREEK LAKE","TRUMBULL",910,41.30,-80.76,0.0,0.0,0.0,0.2,0.2,0.0,1.0,0.0,0.0,0.0,0.0,0.0,0.0,0.0,0.0,0.0,0.0,0.0,0.0,0.0,0.0,0.0,0.0,0.0,0.0,0.0,0.0,0.0,0.0,0.0,0.0
US1OHMW0004,"MOUNT GILEAD 4.9 ESE","MORROW",1187,40.51,-82.76,0.0,0.0,0.0,T,0.3,0.1,1.7,0.0,0.0,0.0,0.0,0.0,0.0,0.0,0.0,0.0,0.0,0.0,0.0,0.0,0.0,0.3,0.0,T,0.0,T,0.0,0.0,0.0,T,0.0
US1OHHY0007,"NAPOLEON 0.6 WSW","HENRY",675,41.39,-84.14,M,M,M,T,T,T,T,0.0,0.0,0.0,0.0,0.0,0.0,0.0,0.0,0.0,0.0,0.0,0.0,0.0,0.0,M,0.0,0.0,0.0,0.0,0.0,0.0,0.0,0.0,0.0
US1OHHY0009,"NAPOLEON 4.5 NNW","HENRY",705,41.46,-84.15,0.0,0.0,0.0,T,T,T,T,0.0,0.0,0.0,T,0.0,0.0,0.0,0.0,0.0,0.0,0.0,0.0,0.0,0.0,T,0.0,0.0,0.0,0.0,0.0,0.0,0.0,T,0.0
USC00335718,"NELSONVILLE","ATHENS",700,39.50,-82.24,0.0,0.0,0.0,0.0,T,0.0,T,0.0,0.0,0.0,0.0,0.0,0.0,0.0,0.0,0.0,0.0,0.0,0.0,0.0,0.0,0.0,0.0,0.0,0.0,0.0,0.0,0.0,0.0,0.0,0.0
US1OHFR0008,"NEW ALBANY 2.8 SSE","FRANKLIN",1032,40.04,-82.80,0.0,M,0.0,M,0.4,T,0.5,0.0,0.0,0.0,0.0,0.0,0.0,0.0,M,M,M,0.0,0.0,0.0,M,0.1,0.0,0.1,0.0,0.0,0.0,M,M,T,M
USC00335786,"NEW CARLISLE","CLARK",874,39.93,-84.03,M,M,M,M,0.9,M,0.0,M,M,M,M,M,M,M,M,M,M,M,M,M,M,M,M,M,M,M,M,M,M,M,M
US1OHMY0017,"NEW LEBANON 0.6 SSE","MONTGOMERY",930,39.74,-84.40,M,M,M,M,1.6,T,0.3,M,M,M,T,M,M,M,M,M,M,M,M,M,M,M,M,M,M,0.5,M,M,M,M,M
USC00335857,"NEW LEXINGTON 2 NW","PERRY",890,39.73,-82.22,0.0,0.0,0.0,0.0,0.1,0.0,0.1,0.0,0.0,0.0,0.0,0.0,0.0,0.0,0.0,0.0,0.0,0.0,0.0,0.0,0.0,0.0,0.0,0.0,0.0,0.0,0.0,0.0,0.0,0.0,0.0
US1OHAT0007,"NEW MARSHFIELD 1.6 SW","ATHENS",906,39.31,-82.23,M,M,0.0,M,0.7,M,0.4,0.0,0.0,0.0,0.0,0.0,0.0,0.0,M,M,M,0.0,0.0,0.0,M,M,0.0,M,0.0,0.0,0.0,M,0.0,M,M
USW00004852,"NEW PHILADELPHIA CLEVER FIELD","TUSCARAWAS",895,40.47,-81.42,M,M,M,M,M,M,0.0,0.0,0.0,M,0.0,M,M,M,M,M,0.0,0.0,0.0,M,M,M,M,0.0,0.0,0.0,M,M,M,0.0,M
US1OHFR0059,"NEW ROME 2.2 NW","FRANKLIN",931,39.98,-83.17,M,M,M,M,0.4,T,T,0.0,0.0,0.0,0.0,0.0,0.0,0.0,M,M,0.0,0.0,0.0,0.0,M,0.0,0.0,T,0.0,0.0,0.0,0.0,M,0.0,0.0
USC00335939,"NEWPORT","WASHINGTON",668,39.39,-81.22,0.0,0.0,0.0,0.0,1.2,0.0,T,0.0,0.0,0.0,0.0,0.0,0.0,0.0,0.0,0.0,0.0,0.0,0.0,0.0,0.0,0.0,0.0,0.0,0.0,0.0,0.0,0.0,0.0,0.0,0.0
US1OHTR0004,"NEWTON FALLS 0.6 N","TRUMBULL",903,41.20,-80.97,0.0,0.0,0.0,0.2,0.5,T,1.2,T,0.0,0.0,0.0,0.0,0.0,0.0,0.0,0.0,0.0,0.0,0.0,0.0,0.0,0.3,0.0,0.0,T,0.0,0.0,0.0,T,0.0,0.0
US1OHHR0011,"NORWALK 1.2 E","HURON",764,41.24,-82.59,M,M,M,M,M,0.0,M,0.0,0.0,0.0,0.0,0.0,0.0,0.0,0.0,M,0.0,0.0,0.0,0.0,M,M,0.0,0.0,0.0,0.0,0.0,M,0.0,0.0,0.0
USC00336118,"NORWALK WWTP","HURON",670,41.27,-82.62,0.0,0.0,0.0,T,0.2,0.0,0.5,0.0,0.0,0.0,0.0,0.0,0.0,0.0,0.0,0.0,0.0,0.0,0.0,0.0,0.0,0.3,0.0,0.0,0.0,0.0,0.0,0.0,0.0,0.0,0.0
US1OHJC0004,"OAK HILL 0.6 SSW","JACKSON",704,38.89,-82.57,M,M,0.0,0.0,0.0,0.0,0.0,0.0,0.0,0.0,0.0,M,M,0.0,0.0,0.0,0.0,0.0,0.0,0.0,0.0,0.0,0.0,0.0,0.0,0.0,0.0,0.0,0.0,M,M
USC00336196,"OBERLIN","LORAIN",816,41.27,-82.22,0.0,0.0,0.0,0.0,0.5,0.0,T,0.0,0.0,0.0,0.0,0.0,0.0,0.0,0.0,0.0,0.0,0.0,0.0,0.0,0.0,0.5,0.0,0.0,0.0,0.0,0.0,0.0,0.0,0.0,0.0
US1OHLS0014,"OREGON 2.8 SSW","LUCAS",597,41.63,-83.44,0.0,M,M,M,0.0,M,0.2,0.0,0.0,0.0,0.0,0.0,0.0,M,M,M,0.0,0.0,0.0,0.0,M,T,0.0,0.0,0.0,0.0,0.0,M,0.0,0.0,0.0
USC00336342,"OTTAWA","PUTNAM",730,41.03,-84.05,0.0,0.0,0.0,0.0,0.0,0.0,0.0,0.0,0.0,0.0,0.0,0.0,0.0,0.0,0.0,0.0,0.0,0.0,0.0,0.0,0.0,0.0,0.0,0.0,0.0,0.0,0.0,0.0,0.0,0.0,0.0
US1OHPN0010,"OTTAWA 1.0 N","PUTNAM",740,41.04,-84.04,M,M,M,M,0.2,0.4,M,M,0.0,0.0,0.0,0.0,M,M,M,M,0.0,0.0,0.0,M,M,M,0.0,0.0,0.0,0.0,0.0,M,0.0,0.0,M
USC00336389,"PAINESVILLE 4 NW","LAKE",600,41.75,-81.30,T,0.0,0.0,0.0,0.0,4.0,0.1,0.0,0.0,0.0,0.0,0.0,0.0,0.0,0.0,0.0,0.0,0.0,0.0,0.0,0.0,0.0,0.0,0.0,T,0.0,0.0,0.0,0.5,0.0,0.0
USC00336405,"PANDORA","PUTNAM",770,40.95,-83.96,0.0,0.0,T,T,0.4,0.3,0.0,0.0,0.0,0.0,0.0,0.0,0.0,0.0,0.0,0.0,0.0,0.0,0.0,0.0,T,T,0.0,0.0,0.0,0.0,0.0,0.0,0.0,0.0,0.0
US1OHCY0016,"PARMA 1.8 SE","CUYAHOGA",1100,41.37,-81.70,0.0,0.0,1.0,0.1,0.1,1.1,0.2,0.0,0.0,0.0,0.0,0.0,0.0,0.0,0.0,0.0,0.0,0.0,0.0,0.0,0.0,1.1,T,T,0.0,0.0,0.0,0.0,T,0.0,0.0
US1OHCY0024,"PARMA 1.9 NNW","CUYAHOGA",836,41.41,-81.74,0.0,0.0,0.0,0.3,0.1,0.2,1.7,0.2,T,0.0,0.0,0.0,0.0,0.0,0.0,0.0,0.0,0.0,0.0,0.0,0.0,1.2,T,0.0,T,0.0,0.0,0.0,0.0,0.0,0.0
US1OHLC0022,"PATASKALA 3.2 E","LICKING",1074,40.00,-82.61,M,M,0.0,M,M,0.0,M,0.0,0.0,0.0,0.0,0.0,0.0,0.0,0.0,M,0.0,0.0,M,M,M,M,M,0.0,0.0,0.0,0.0,M,M,0.0,M
USC00336465,"PAULDING","PAULDING",725,41.12,-84.59,0.0,0.0,0.0,0.0,0.2,0.0,0.0,0.0,0.0,0.0,0.0,0.0,0.0,0.0,0.0,0.0,0.0,0.0,0.0,0.0,0.0,0.0,0.0,0.0,0.0,0.0,0.0,0.0,0.0,0.0,0.0
US1OHWD0014,"PERRYSBURG 1.6 WSW","WOOD",637,41.54,-83.65,M,M,M,M,M,M,T,M,M,M,M,M,M,M,M,0.0,0.0,0.0,0.0,0.0,0.0,0.0,0.0,0.0,0.0,0.0,0.0,0.0,0.0,0.0,0.0
USC00336645,"PIQUA","MIAMI",861,40.15,-84.24,0.0,0.0,0.0,T,0.1,0.0,T,0.0,0.0,0.0,0.0,0.0,0.0,0.0,0.0,0.0,0.0,0.0,0.0,0.0,0.0,0.0,0.0,0.0,0.0,T,0.0,0.0,0.0,0.0,0.0
US1OHMM0001,"PIQUA 0.8 SSE","MIAMI",899,40.14,-84.25,M,M,M,M,M,M,M,0.0,0.0,0.0,0.0,0.0,0.0,M,M,M,0.0,0.0,0.0,M,M,M,0.0,0.0,0.0,0.0,0.0,M,M,0.0,M
US1OHDR0017,"PITSBURG 1.4 ENE","DARKE",1017,39.99,-84.46,0.0,M,M,M,1.1,0.0,0.1,0.0,0.0,0.0,0.0,0.0,0.0,0.0,0.0,0.0,0.0,0.0,0.0,0.0,0.0,0.0,0.0,0.0,M,M,0.0,0.0,0.0,0.0,0.0
US1OHOT0002,"PORT CLINTON 2.5 W","OTTAWA",574,41.50,-82.99,0.0,M,M,M,0.0,T,0.1,0.0,M,0.0,0.0,0.0,M,M,M,M,0.0,0.0,0.0,0.0,M,0.2,0.0,0.0,0.0,0.0,0.0,M,M,0.0,M
USW00014821,"PORT COLUMBUS INTERNATIONAL AIRPO","FRANKLIN",816,39.99,-82.88,0.0,0.0,T,0.1,0.2,0.1,0.0,0.0,0.0,0.0,0.0,0.0,0.0,0.0,0.0,0.0,0.0,0.0,0.0,0.0,0.0,T,T,0.0,0.0,0.0,0.0,0.0,0.0,T,0.0
USC00336781,"PORTSMOUTH-SCIOTOVILLE","SCIOTO",540,38.76,-82.89,0.0,M,M,M,M,M,M,M,0.0,M,M,M,0.0,0.0,M,M,0.0,0.0,M,0.0,0.0,M,M,M,M,M,M,M,M,M,M
US1OHDR0008,"POTSDAM 2.6 WSW","DARKE",1035,39.95,-84.45,0.0,0.0,0.0,T,0.8,T,0.1,0.0,0.0,0.0,0.0,0.0,0.0,0.0,0.0,0.0,0.0,0.0,0.0,0.0,0.0,M,M,M,M,M,0.0,0.0,0.0,0.0,0.0
US1OHOT0004,"PUT-IN-BAY 1.1 SSW","OTTAWA",590,41.64,-82.82,0.0,M,M,M,M,T,T,0.0,0.0,0.0,0.0,0.0,0.0,M,0.0,M,0.0,0.0,0.0,0.0,M,T,M,0.0,0.0,0.0,0.0,M,0.0,0.0,0.0
US1OHPT0002,"RAVENNA 0.5 E","PORTAGE",1119,41.16,-81.23,0.0,M,0.0,T,M,M,M,M,M,0.0,0.0,0.0,0.0,0.0,0.0,M,M,M,M,0.0,M,M,M,0.0,M,M,0.0,M,M,M,0.0
USC00336949,"RAVENNA 2 S","PORTAGE",1107,41.13,-81.28,0.0,0.0,0.0,T,T,T,2.0,T,0.0,0.0,0.0,0.0,0.0,0.0,0.0,0.0,0.0,0.0,0.0,0.0,0.0,T,T,0.0,0.0,0.0,0.0,0.0,0.0,0.0,0.0
US1OHHC0013,"RAWSON 1.1 E","HANCOCK",816,40.96,-83.77,0.0,M,M,M,0.0,0.0,M,0.0,0.0,0.0,0.0,0.0,0.0,M,M,M,0.0,0.0,0.0,M,M,M,0.0,0.0,0.0,0.0,0.0,M,0.0,0.0,M
US1OHUN0004,"RAYMOND 3.5 NW","UNION",1077,40.35,-83.48,0.0,0.0,0.0,T,1.0,T,0.3,0.0,0.0,0.0,0.0,0.0,0.0,0.0,0.0,0.0,0.0,0.0,0.0,0.0,0.0,0.0,0.0,0.0,0.0,0.0,0.0,0.0,0.0,0.0,0.0
US1OHHK0003,"ROCKBRIDGE 4.7 SSW","HOCKING",1060,39.51,-82.54,M,M,M,M,M,M,M,0.0,0.0,M,0.0,0.0,M,M,M,M,0.0,0.0,0.0,0.0,M,M,M,M,M,M,M,M,M,0.0,M
US1OHSC0004,"ROSEMOUNT 0.3 W","SCIOTO",622,38.79,-82.98,0.0,0.0,M,M,M,M,M,M,M,M,M,M,M,M,M,M,M,M,M,M,M,M,M,M,M,M,M,M,M,M,M
US1OHDR0016,"ROSSBURG 3.0 WSW","DARKE",1042,40.27,-84.69,M,M,M,M,M,M,M,0.0,0.0,0.0,0.0,0.0,M,M,M,M,M,0.0,0.0,M,M,M,0.0,0.0,0.0,M,0.0,M,M,0.0,M
US1OHSH0010,"RUSSIA 1.3 NNE","SHELBY",1004,40.25,-84.41,M,M,0.0,M,M,0.0,M,0.0,0.0,M,0.0,0.0,0.0,M,M,M,M,0.0,0.0,M,M,M,M,0.0,0.0,0.0,0.0,M,0.0,0.0,M
US1OHCB0002,"SALEM 1.0 NNE","COLUMBIANA",1284,40.92,-80.85,0.0,M,M,0.5,0.5,T,1.5,0.0,T,0.0,0.0,0.0,0.0,0.0,0.0,M,M,0.0,0.0,0.0,M,0.3,T,T,0.0,0.0,0.0,M,M,0.0,0.0
US1OHMH0010,"SALEM 4.5 NE","MAHONING",1241,40.95,-80.80,M,M,M,0.4,0.5,T,1.0,T,M,M,M,M,M,M,M,M,M,M,M,M,M,0.2,T,T,M,M,M,M,M,M,M
USC00337410,"SALEM CENTER 2 E","MEIGS",740,39.07,-82.29,0.0,0.0,0.0,0.0,1.0,0.0,0.0,0.0,0.0,0.0,0.0,0.0,0.0,0.0,0.0,0.0,0.0,0.0,0.0,0.0,0.0,0.0,0.0,0.0,0.0,0.0,0.0,0.0,0.0,0.0,0.0
US1OHLR0003,"SHEFFIELD LAKE 0.5 E","LORAIN",594,41.49,-82.09,M,M,0.0,M,M,M,T,T,0.0,0.0,0.0,0.0,0.0,0.0,0.0,M,0.0,0.0,0.0,0.0,M,0.5,T,0.0,0.0,0.0,0.0,M,0.0,0.0,M
US1OHRC0007,"SHELBY 0.6 NNE","RICHLAND",1094,40.89,-82.66,M,M,M,0.0,M,0.5,M,0.0,0.0,0.0,0.0,0.0,0.0,0.0,M,M,0.0,0.0,0.0,M,M,0.0,0.0,0.0,0.0,0.0,M,M,0.0,0.0,M
US1OHSH0020,"SIDNEY 5.4 SW","SHELBY",928,40.24,-84.24,M,M,M,M,0.5,M,M,M,M,M,M,M,M,0.0,0.0,0.0,0.0,0.0,0.0,0.0,0.0,0.0,0.0,0.0,0.0,0.0,0.0,0.0,0.0,0.0,0.0
US1OHBT0018,"SOMERVILLE 3.0 ESE","BUTLER",973,39.55,-84.58,M,M,M,M,M,M,M,M,M,M,M,M,M,M,M,M,M,M,M,M,M,M,M,0.0,0.0,T,0.0,0.0,0.0,0.0,0.0
USC00337857,"SOUTH POINT","LAWRENCE",553,38.42,-82.59,0.0,0.0,0.0,0.0,0.0,0.0,0.0,0.0,0.0,0.0,0.0,0.0,0.0,0.0,0.0,0.0,0.0,0.0,0.0,0.0,0.0,0.0,0.0,0.0,0.0,0.0,0.0,0.0,0.0,0.0,0.0
US1OHCK0013,"SPRINGFIELD 7.4 SW","CLARK",960,39.86,-83.90,M,M,M,M,M,M,M,0.0,0.0,0.0,0.0,0.0,0.0,M,M,M,M,0.0,0.0,M,M,M,0.0,M,0.0,0.0,0.0,M,M,0.0,M
USC00337400,"ST PARIS 2 NE","CHAMPAIGN",1239,40.14,-83.93,0.0,0.0,0.0,0.0,0.0,0.0,0.4,0.0,0.0,0.0,0.0,0.0,0.0,0.0,0.0,0.0,0.0,0.0,0.0,0.0,0.0,0.0,0.0,0.0,0.0,0.0,0.0,0.0,0.0,0.0,0.0
USC00338025,"STEUBENVILLE","JEFFERSON",992,40.38,-80.63,0.0,0.0,0.0,0.0,0.0,0.0,M,0.0,M,0.0,0.0,0.0,0.0,0.0,0.0,0.0,0.0,0.0,M,0.0,0.0,0.0,0.0,0.0,0.0,M,0.0,0.0,0.0,0.0,0.0
US1OHJF0006,"STEUBENVILLE 2.0 WNW","JEFFERSON",1151,40.38,-80.68,M,M,0.0,T,0.5,T,1.0,0.0,0.0,0.0,0.0,0.0,0.0,0.0,M,M,M,0.0,0.0,0.0,M,M,M,M,0.0,0.0,0.0,M,0.0,0.0,0.0
US1OHAT0013,"STEWART 1.4 NW","ATHENS",879,39.32,-81.92,0.0,M,M,M,M,0.0,M,0.0,0.0,M,0.0,0.0,0.0,0.0,M,M,M,0.0,0.0,0.0,M,M,0.0,M,0.0,0.0,0.0,M,M,M,M
US1OHAT0003,"STEWART 4.6 NNE","ATHENS",902,39.37,-81.87,M,M,0.0,M,0.4,0.0,0.2,0.0,0.0,0.0,0.0,0.0,0.0,0.0,M,M,M,M,0.0,M,M,M,0.0,M,0.0,0.0,0.0,M,M,T,M
USC00338062,"STOW 4 SE","SUMMIT",1060,41.13,-81.45,0.0,0.0,0.0,0.6,1.0,T,2.0,0.2,0.0,0.0,0.0,0.0,0.0,0.0,0.0,0.0,0.0,0.0,0.0,0.0,0.0,0.1,0.0,0.0,T,0.0,0.0,0.0,0.0,0.0,0.0
US1OHPT0008,"STREETSBORO 2.1 SSW","PORTAGE",1086,41.21,-81.35,0.0,0.0,0.0,0.4,0.7,0.2,1.7,0.7,T,0.0,0.0,M,0.0,0.0,0.0,0.0,0.0,0.0,0.0,0.0,0.0,0.5,T,0.0,T,0.0,0.0,0.0,0.0,0.0,0.0
US1OHCY0042,"STRONGSVILLE 1.3 SE","CUYAHOGA",993,41.30,-81.82,0.0,0.0,0.0,0.8,T,0.5,1.0,0.0,0.0,0.0,0.0,M,0.0,0.0,M,0.0,0.0,0.0,0.0,0.0,0.0,0.8,0.0,0.0,0.0,0.0,0.0,0.0,0.0,0.0,0.0
US1OHHK0004,"SUGAR GROVE 4.5 ENE","HOCKING",977,39.65,-82.47,M,M,M,M,M,0.0,M,M,M,M,0.0,M,M,M,M,M,M,M,M,M,M,M,M,M,M,M,M,M,M,M,M
US1OHTS0008,"SUGARCREEK 0.9 ENE","TUSCARAWAS",997,40.51,-81.63,0.0,M,0.0,M,0.1,0.0,0.7,0.0,0.0,0.0,0.0,0.0,0.0,M,0.0,M,M,0.0,0.0,0.0,M,M,0.0,0.0,0.0,0.0,0.0,M,M,0.0,M
US1OHAS0005,"SULLIVAN 1.1 NNE","ASHLAND",1105,41.04,-82.21,0.0,M,M,0.2,0.1,0.0,1.2,0.0,0.0,0.0,0.0,0.0,0.0,0.0,M,M,0.0,0.0,0.0,0.0,M,0.5,0.0,0.0,0.0,0.0,0.0,M,M,0.0,0.0
US1OHDL0010,"SUNBURY 5.7 ESE","DELAWARE",0,40.20,-82.77,0.0,0.0,0.0,T,0.1,T,0.2,0.0,0.0,0.0,0.0,0.0,0.0,0.0,0.0,0.0,0.0,0.0,0.0,0.0,0.0,T,0.0,T,0.0,0.0,0.0,0.0,0.0,0.0,0.0
US1OHLS0023,"SWANTON 6.7 NNE","LUCAS",695,41.67,-83.84,0.0,0.0,M,0.0,0.0,0.0,T,0.0,0.0,0.0,0.0,0.0,0.0,0.0,0.0,0.0,0.0,0.0,0.0,0.0,0.0,0.0,0.0,0.0,0.0,0.0,0.0,0.0,T,0.0,0.0
US1OHSN0003,"TIFFIN 5.2 SE","SENECA",834,41.06,-83.11,0.0,0.0,0.0,0.0,T,0.0,0.1,0.0,0.0,0.0,0.0,0.0,0.0,0.0,0.0,0.0,0.0,0.0,0.0,0.0,0.0,0.0,0.0,0.0,0.0,0.0,0.0,0.0,0.0,0.0,0.0
US1OHLS0021,"TOLEDO 2.2 WSW","LUCAS",621,41.65,-83.62,M,M,M,M,M,M,0.1,M,M,M,M,M,M,M,M,M,M,M,M,M,M,M,M,M,M,M,M,M,M,M,M
US1OHLS0001,"TOLEDO 2.4 ENE","LUCAS",597,41.68,-83.54,0.0,0.0,0.0,T,T,T,0.2,0.0,0.0,0.0,0.0,0.0,0.0,0.0,0.0,0.0,0.0,0.0,0.0,0.0,0.0,0.2,0.0,0.0,0.0,0.0,0.0,0.0,0.0,T,M
USW00094830,"TOLEDO EXPRESS AP","LUCAS",674,41.59,-83.81,0.0,0.0,T,0.0,T,0.1,0.0,T,0.0,0.0,0.0,0.0,0.0,0.0,0.0,0.0,0.0,0.0,0.0,0.0,T,T,0.0,0.0,0.0,0.0,0.0,0.0,T,0.0,0.0
US1OHMM0013,"TROY 3.1 S","MIAMI",881,40.00,-84.21,M,M,M,M,0.5,T,T,0.0,0.0,0.0,0.0,0.0,0.0,M,M,M,0.0,0.0,0.0,M,M,M,0.0,0.0,0.0,0.0,0.0,M,M,0.0,M
US1OHMM0011,"TROY 3.7 S","MIAMI",889,39.99,-84.21,M,M,M,0.2,0.8,0.3,T,0.0,0.0,M,M,M,M,M,M,M,0.0,M,0.0,M,M,M,M,0.0,M,M,0.0,M,M,M,M
US1OHMY0034,"UNION 1.0 WSW","MONTGOMERY",981,39.90,-84.33,M,M,0.0,M,1.2,T,T,0.0,0.0,0.0,0.0,0.0,0.0,M,M,M,0.0,0.0,0.0,M,M,M,0.0,T,0.0,T,0.0,M,0.0,0.0,0.0
USC00338552,"URBANA WWTP","CHAMPAIGN",1019,40.10,-83.78,M,M,M,M,M,M,0.3,M,M,M,M,M,M,M,M,M,M,M,M,M,M,M,M,M,M,M,M,M,M,M,M
USC00338609,"VAN WERT 1 S","VAN WERT",790,40.85,-84.58,0.0,0.0,0.0,0.0,0.4,0.0,0.0,0.0,0.0,0.0,0.0,0.0,0.0,0.0,0.0,0.0,0.0,0.0,0.0,0.0,0.0,0.0,0.0,0.0,0.0,0.0,0.0,0.0,0.0,0.0,0.0
US1OHDR0007,"VERSAILLES 1.6 WSW","DARKE",1000,40.22,-84.51,M,M,M,M,T,T,0.5,M,M,M,M,M,M,0.0,0.0,0.0,0.0,0.0,0.0,0.0,0.0,0.0,0.0,0.0,0.0,0.0,0.0,0.0,0.0,0.0,0.0
US1OHMD0001,"WADSWORTH 4.7 WNW","MEDINA",1313,41.04,-81.82,M,M,M,0.2,0.5,0.2,2.1,T,M,M,0.0,0.0,0.0,M,M,M,M,0.0,0.0,M,M,0.1,M,M,T,M,0.0,M,M,M,M
US1OHER0005,"WAKEMAN 4.6 NNE","ERIE",802,41.32,-82.38,M,M,M,T,T,T,0.5,0.0,0.0,0.0,0.0,M,M,M,M,M,M,M,0.0,0.0,M,0.5,T,0.0,T,0.0,0.0,M,M,T,M
USC00338769,"WARREN 3 S","TRUMBULL",900,41.20,-80.81,0.0,0.0,0.0,0.0,T,0.0,T,0.0,0.0,0.0,0.0,0.0,0.0,0.0,0.0,0.0,0.0,0.0,0.0,0.0,0.0,T,0.0,0.0,0.0,0.0,0.0,0.0,0.0,0.0,0.0
US1OHFY0005,"WASHINGTON 3.9 ESE","FAYETTE",927,39.51,-83.37,M,M,0.0,M,M,M,M,0.0,0.0,0.0,0.0,0.0,0.0,0.0,M,M,M,0.0,M,M,M,M,M,0.0,0.0,M,0.0,M,0.0,0.0,M
USC00338794,"WASHINGTON COURT HOUSE","FAYETTE",957,39.54,-83.42,0.0,0.0,0.0,0.0,0.3,0.0,0.4,0.0,0.0,0.0,0.0,0.0,0.0,0.0,0.0,0.0,0.0,0.0,0.0,0.0,0.0,0.0,0.0,0.0,0.0,0.0,0.0,0.0,0.0,0.0,0.0
USC00338810,"WATERLOO","LAWRENCE",625,38.70,-82.47,0.0,0.0,0.0,0.0,1.0,0.0,M,0.0,M,M,0.0,0.0,0.0,0.0,0.0,0.0,0.0,0.0,0.0,0.0,0.0,0.0,0.0,0.0,0.0,0.0,0.0,0.0,0.0,0.0,0.0
US1OHLS0022,"WATERVILLE 2.4 NNE","LUCAS",645,41.53,-83.72,0.0,M,M,M,0.0,M,M,0.0,0.0,0.0,0.0,0.0,0.0,M,M,M,0.0,0.0,0.0,0.0,M,0.0,0.0,0.0,0.0,0.0,0.0,0.0,0.0,0.0,0.0
USC00338822,"WAUSEON WATER PLANT","FULTON",750,41.52,-84.15,0.0,0.0,0.0,0.0,0.0,0.0,0.0,0.0,0.0,0.0,0.0,0.0,0.0,0.0,0.0,0.0,0.0,0.0,0.0,0.0,0.0,0.0,0.0,0.0,0.0,0.0,0.0,0.0,0.0,0.0,0.0
USC00338830,"WAVERLY","PIKE",572,39.11,-82.98,0.0,0.0,M,0.0,0.5,0.0,0.0,M,M,0.0,0.0,0.0,M,0.0,0.0,0.0,0.0,0.0,0.0,M,0.0,0.0,M,0.0,M,0.0,M,0.0,0.0,0.0,0.0
US1OHLR0002,"WELLINGTON 5.5 SW","LORAIN",932,41.11,-82.30,0.0,M,M,M,T,T,M,M,M,0.0,0.0,0.0,0.0,0.0,0.0,M,0.0,0.0,0.0,M,M,1.0,0.0,0.0,0.0,0.0,0.0,M,0.0,0.0,M
USC00339050,"WEST UNION 6 ENE","ADAMS",738,38.81,-83.44,M,M,M,0.0,0.5,0.0,0.0,M,M,M,M,M,M,M,M,M,M,M,M,M,M,M,M,M,M,M,M,M,M,M,M
USC00338951,"WESTERVILLE","FRANKLIN",802,40.13,-82.94,0.0,0.0,0.0,0.0,0.0,0.0,0.0,0.0,M,0.0,0.0,0.0,0.0,0.0,0.0,0.0,0.0,0.0,0.0,0.0,0.0,0.0,0.0,0.0,0.0,0.0,0.0,0.0,M,0.0,0.0
US1OHDL0022,"WESTERVILLE 3.4 N","DELAWARE",950,40.17,-82.92,M,M,M,M,M,M,M,M,M,M,M,M,M,M,M,M,0.0,M,M,M,M,M,M,M,M,M,M,M,M,M,M
US1OHCY0039,"WESTLAKE 0.5 SSW","CUYAHOGA",715,41.45,-81.93,M,0.0,0.0,T,T,0.1,1.1,T,0.0,0.0,0.0,0.0,0.0,0.0,0.0,0.0,0.0,0.0,0.0,0.0,0.0,0.7,T,0.0,T,T,0.0,0.0,0.0,T,0.0
US1OHLK0009,"WILLOUGHBY 2.9 SW","LAKE",717,41.62,-81.45,T,0.0,0.0,0.1,0.2,0.2,1.3,0.9,0.0,0.0,0.0,0.0,0.0,0.0,0.0,0.0,0.0,0.0,0.0,0.0,0.0,0.5,0.1,0.0,T,0.0,0.0,0.0,0.0,T,0.0
US1OHCN0016,"WILMINGTON 1.6 SSE","CLINTON",1052,39.42,-83.82,0.0,0.0,0.0,T,T,1.4,0.7,0.0,0.0,0.0,0.0,T,0.0,0.0,0.0,0.0,0.0,0.0,0.0,0.0,0.0,T,T,T,0.0,0.0,0.0,0.0,0.0,0.0,0.0
US1OHCN0010,"WILMINGTON 2.2 N","CLINTON",1062,39.47,-83.84,M,M,M,0.1,1.2,0.1,0.5,0.0,0.0,M,0.0,0.0,0.0,0.0,0.0,0.0,0.0,0.0,0.0,0.0,0.0,0.0,0.0,T,0.0,0.2,0.0,0.0,0.0,0.0,0.0
USC00339219,"WILMINGTON 3 N","CLINTON",1033,39.49,-83.82,M,M,M,M,0.5,0.0,0.5,0.0,0.0,0.0,0.0,0.0,0.0,0.0,0.0,0.0,0.0,0.0,0.0,0.0,0.0,0.0,0.0,0.0,0.0,0.0,0.0,0.0,0.0,0.0,0.0
US1OHCN0006,"WILMINGTON 3.6 W","CLINTON",1019,39.44,-83.90,0.0,0.0,0.0,T,1.6,0.2,0.3,M,M,M,M,M,M,M,M,M,0.0,0.0,0.0,0.0,0.0,T,0.0,T,0.0,0.0,0.0,0.0,0.0,0.0,0.0
US1OHCN0014,"WILMINGTON 7.4 NNW","CLINTON",995,39.55,-83.87,M,M,M,T,1.6,0.1,0.6,0.0,0.0,0.0,0.0,0.0,0.0,0.0,M,0.0,M,0.0,0.0,0.0,0.0,0.0,0.0,M,0.0,0.4,0.0,0.0,M,0.0,M
USC00339312,"WOOSTER EXP STATION","WAYNE",1020,40.78,-81.92,0.0,0.0,0.0,0.0,0.3,T,0.5,0.0,0.0,0.0,0.0,0.0,0.0,0.0,0.0,0.0,0.0,0.0,0.0,0.0,0.0,0.0,0.0,0.0,0.0,0.0,0.0,0.0,0.0,0.0,0.0
US1OHHM0003,"WYOMING 1.2 NW","HAMILTON",801,39.24,-84.50,M,M,0.0,M,0.8,M,M,0.0,0.0,0.0,0.0,0.0,0.0,M,M,M,M,M,M,M,M,M,0.0,0.0,0.0,0.0,0.0,M,0.0,0.0,M
US1OHGR0019,"YELLOW SPRINGS 2.5 ENE","GREENE",1039,39.81,-83.85,M,M,M,M,0.8,M,0.2,0.0,0.0,0.0,0.0,0.0,0.0,0.0,M,M,M,0.0,0.0,M,M,M,0.0,0.0,0.0,0.0,0.0,M,M,0.0,M
USW00014852,"YOUNGSTOWN-WARREN RGNL AP","TRUMBULL",1167,41.25,-80.67,0.0,0.0,0.4,0.6,0.8,1.3,0.3,0.3,0.0,0.0,0.0,0.0,0.0,0.0,0.0,0.0,0.0,0.0,0.0,0.0,T,T,T,T,0.0,0.0,0.0,0.0,T,T,0.0
USW00093824,"ZANESVILLE MUNICIPAL AP","MUSKINGUM",880,39.94,-81.89,M,M,M,M,M,M,0.0,0.0,0.0,M,0.0,M,M,M,M,M,0.0,0.0,0.0,M,M,M,M,0.0,0.0,0.0,M,M,M,0.0,M
