Tennessee Snowfall, October 2017
"GHCN ID","Station Name",County,Elevation,Latitude,Longitude,"Oct 1","Oct 2","Oct 3","Oct 4","Oct 5","Oct 6","Oct 7","Oct 8","Oct 9","Oct 10","Oct 11","Oct 12","Oct 13","Oct 14","Oct 15","Oct 16","Oct 17","Oct 18","Oct 19","Oct 20","Oct 21","Oct 22","Oct 23","Oct 24","Oct 25","Oct 26","Oct 27","Oct 28","Oct 29","Oct 30","Oct 31"
US1TNRB0018,"ADAMS 2.9 WSW","ROBERTSON",610,36.57,-87.06,0.0,0.0,0.0,0.0,0.0,0.0,0.0,M,M,M,M,M,M,0.0,0.0,M,0.0,0.0,0.0,0.0,0.0,0.0,M,M,M,0.0,0.0,M,0.0,0.0,0.0
USC00400049,"ALAMO 1 N","CROCKETT",330,35.80,-89.12,0.0,0.0,0.0,0.0,0.0,0.0,0.0,0.0,0.0,0.0,0.0,0.0,0.0,0.0,0.0,0.0,0.0,0.0,0.0,0.0,0.0,0.0,0.0,0.0,0.0,0.0,0.0,0.0,0.0,0.0,0.0
USC00400081,"ALLARDT","FENTRESS",1645,36.38,-84.87,0.0,0.0,0.0,0.0,0.0,0.0,0.0,0.0,0.0,0.0,0.0,0.0,0.0,0.0,0.0,0.0,0.0,0.0,0.0,0.0,0.0,0.0,0.0,0.0,0.0,0.0,0.0,0.0,T,T,0.0
US1TNGY0008,"ALTAMONT 3.9 NW","GRUNDY",2007,35.46,-85.79,0.0,0.0,0.0,0.0,0.0,0.0,0.0,M,M,0.0,M,M,0.0,0.0,0.0,M,0.0,0.0,0.0,0.0,0.0,0.0,M,M,0.0,0.0,0.0,M,M,M,0.0
USC00400137,"AMES PLANTATION","FAYETTE",460,35.11,-89.21,0.0,0.0,0.0,0.0,0.0,0.0,0.0,0.0,0.0,0.0,0.0,0.0,0.0,0.0,0.0,0.0,0.0,0.0,0.0,0.0,0.0,0.0,0.0,0.0,0.0,0.0,0.0,0.0,0.0,0.0,0.0
US1TNDV0081,"ANTIOCH 4.3ENE","DAVIDSON",551,36.08,-86.60,0.0,0.0,0.0,0.0,0.0,0.0,0.0,M,M,M,M,M,M,0.0,0.0,M,0.0,0.0,0.0,0.0,0.0,0.0,M,M,M,0.0,0.0,M,0.0,0.0,0.0
USC00400284,"ATHENS","MCMINN",940,35.43,-84.58,0.0,0.0,0.0,0.0,0.0,0.0,0.0,0.0,0.0,0.0,0.0,0.0,0.0,0.0,0.0,0.0,0.0,0.0,0.0,0.0,0.0,0.0,0.0,0.0,0.0,0.0,0.0,0.0,0.0,0.0,0.0
US1TNTP0002,"ATOKA 1.9 S","TIPTON",430,35.42,-89.77,0.0,0.0,0.0,0.0,0.0,0.0,0.0,M,M,M,M,M,M,M,0.0,0.0,0.0,0.0,0.0,0.0,0.0,0.0,M,M,M,M,M,M,M,M,M
US1TNTP0003,"ATOKA 3.2 ESE","TIPTON",436,35.43,-89.72,0.0,0.0,0.0,0.0,0.0,0.0,0.0,M,M,M,M,0.0,0.0,0.0,0.0,M,0.0,0.0,0.0,0.0,0.0,0.0,M,M,0.0,0.0,0.0,M,0.0,0.0,0.0
US1TNCR0006,"ATWOOD 0.8 WSW","CARROLL",448,35.97,-88.68,0.0,0.0,M,0.0,0.0,0.0,0.0,M,M,M,M,0.0,0.0,0.0,0.0,M,0.0,0.0,0.0,0.0,0.0,0.0,M,M,M,0.0,0.0,M,0.0,0.0,0.0
US1TNGN0009,"BAILEYTON 1.0 NW","GREENE",1194,36.34,-82.84,0.0,0.0,0.0,0.0,0.0,0.0,0.0,M,M,M,0.0,0.0,0.0,0.0,0.0,M,0.0,0.0,0.0,0.0,0.0,0.0,0.0,M,0.0,0.0,0.0,0.0,M,M,0.0
US1TNSH0021,"BARTLETT 1.9 SSW","SHELBY",300,35.19,-89.85,M,0.0,M,M,M,M,M,M,M,M,M,M,M,M,M,M,M,M,M,M,M,M,M,M,M,M,M,M,M,M,M
US1TNSH0010,"BARTLETT 3.6 N","SHELBY",266,35.27,-89.84,0.0,0.0,0.0,0.0,0.0,0.0,0.0,0.0,M,M,M,0.0,0.0,0.0,0.0,0.0,0.0,0.0,0.0,0.0,0.0,0.0,M,M,0.0,0.0,0.0,M,0.0,0.0,0.0
US1TNGY0002,"BEERSHEBA SPRINGS 2.1 ENE","GRUNDY",965,35.47,-85.64,M,0.0,0.0,0.0,0.0,0.0,0.0,M,M,M,M,0.0,0.0,0.0,0.0,M,0.0,0.0,0.0,0.0,0.0,0.0,M,M,M,0.0,0.0,M,M,0.0,0.0
US1TNBF0004,"BELL BUCKLE 2.0 SE","BEDFORD",981,35.57,-86.33,0.0,0.0,0.0,0.0,0.0,0.0,0.0,M,M,M,M,0.0,0.0,M,M,M,M,M,M,M,M,M,M,M,M,M,M,M,M,M,M
US1TNDV0045,"BELLE MEADE 0.4 W","DAVIDSON",545,36.10,-86.86,0.0,0.0,0.0,0.0,0.0,0.0,0.0,M,M,M,M,M,0.0,0.0,0.0,M,0.0,0.0,0.0,M,M,M,M,M,M,0.0,0.0,M,0.0,0.0,0.0
US1TNDV0102,"BELLE MEADE 1.2 ESE","DAVIDSON",659,36.09,-86.83,0.0,0.0,M,0.0,0.0,0.0,0.0,M,M,M,M,M,0.0,0.0,M,M,0.0,0.0,0.0,0.0,0.0,0.0,M,M,M,0.0,0.0,M,0.0,0.0,0.0
US1TNDV0007,"BELLE MEADE 1.7 WNW","DAVIDSON",581,36.11,-86.88,0.0,0.0,0.0,0.0,0.0,0.0,M,M,M,M,M,M,0.0,0.0,0.0,M,0.0,0.0,0.0,0.0,0.0,0.0,M,0.0,M,0.0,0.0,M,0.0,0.0,M
US1TNDV0157,"BELLE MEADE 1.9 NE","DAVIDSON",525,36.12,-86.83,0.0,0.0,0.0,0.0,0.0,0.0,0.0,M,M,0.0,M,M,0.0,0.0,0.0,M,0.0,0.0,0.0,0.0,0.0,0.0,M,M,M,0.0,0.0,M,0.0,M,0.0
US1TNDV0043,"BELLE MEADE 3.1 N","DAVIDSON",489,36.14,-86.86,0.0,0.0,0.0,0.0,0.0,0.0,0.0,M,0.0,0.0,M,0.0,0.0,M,M,M,M,M,M,M,M,M,M,M,M,M,M,M,M,M,M
US1TNDV0050,"BELLE MEADE 5.3 WSW","DAVIDSON",597,36.07,-86.94,M,M,M,M,0.0,0.0,0.0,M,M,0.0,M,M,M,M,0.0,M,0.0,0.0,0.0,0.0,M,M,M,M,M,0.0,0.0,M,0.0,M,0.0
US1TNCK0004,"BELLS 2.5 NE","CROCKETT",361,35.75,-89.06,0.0,0.0,0.0,0.0,0.0,0.0,0.0,M,M,0.0,M,0.0,0.0,0.0,M,M,0.0,0.0,0.0,0.0,0.0,M,M,M,0.0,0.0,0.0,M,0.0,0.0,0.0
USC00400580,"BELLS BEND NATURE CENTER","DAVIDSON",460,36.16,-86.93,0.0,0.0,0.0,0.0,0.0,0.0,0.0,0.0,0.0,0.0,0.0,0.0,0.0,0.0,0.0,0.0,0.0,0.0,0.0,0.0,0.0,0.0,0.0,0.0,0.0,0.0,0.0,0.0,0.0,0.0,0.0
US1TNDV0047,"BERRY HILL 1.6 WNW","DAVIDSON",636,36.13,-86.80,0.0,0.0,0.0,0.0,0.0,0.0,0.0,M,M,M,M,M,M,0.0,0.0,M,0.0,0.0,0.0,0.0,0.0,0.0,M,M,M,0.0,0.0,M,M,M,0.0
USC00400669,"BETHPAGE 1 S","SUMNER",560,36.46,-86.32,0.0,0.0,0.0,0.0,0.0,0.0,0.0,0.0,0.0,0.0,0.0,0.0,0.0,0.0,0.0,0.0,0.0,0.0,0.0,0.0,0.0,0.0,0.0,0.0,0.0,0.0,0.0,0.0,0.0,0.0,0.0
US1TNSR0050,"BETHPAGE 4.5 NW","SUMNER",922,36.53,-86.37,0.0,0.0,0.0,0.0,0.0,0.0,0.0,M,M,M,M,M,M,M,M,M,0.0,0.0,0.0,0.0,0.0,0.0,M,M,M,0.0,0.0,M,M,0.0,M
USC00400705,"BIG SANDY","BENTON",365,36.24,-88.09,0.0,0.0,0.0,0.0,0.0,0.0,0.0,0.0,0.0,0.0,0.0,0.0,0.0,0.0,0.0,0.0,0.0,0.0,0.0,0.0,0.0,0.0,0.0,0.0,0.0,0.0,0.0,0.0,0.0,0.0,0.0
US1TNBN0002,"BIG SANDY 0.6 NE","BENTON",433,36.24,-88.08,0.0,0.0,M,0.0,0.0,0.0,M,M,M,0.0,M,M,M,0.0,0.0,M,0.0,0.0,0.0,0.0,0.0,0.0,M,M,M,0.0,0.0,M,0.0,0.0,0.0
USC00400876,"BOLIVAR WATER WORKS","HARDEMAN",455,35.26,-88.99,0.0,0.0,0.0,0.0,0.0,0.0,0.0,0.0,0.0,0.0,0.0,0.0,0.0,0.0,0.0,0.0,0.0,0.0,0.0,0.0,0.0,0.0,0.0,0.0,0.0,0.0,0.0,0.0,0.0,0.0,0.0
US1TNHM0006,"BON AQUA 3.0 ESE","HICKMAN",935,35.94,-87.27,M,M,M,M,M,M,M,M,M,M,M,M,M,M,M,M,M,M,M,M,M,M,M,M,M,M,M,M,M,M,0.0
US1TNWL0018,"BRENTWOOD 0.5 SSW","WILLIAMSON",722,35.99,-86.79,0.0,0.0,0.0,0.0,0.0,0.0,0.0,M,M,0.0,M,M,0.0,0.0,0.0,M,0.0,0.0,0.0,0.0,0.0,0.0,M,0.0,M,0.0,0.0,M,0.0,0.0,0.0
US1TNWL0021,"BRENTWOOD 2.6 SE","WILLIAMSON",909,35.97,-86.75,0.0,0.0,0.0,0.0,0.0,0.0,0.0,M,M,M,M,M,0.0,0.0,0.0,M,M,0.0,0.0,0.0,0.0,0.0,M,M,M,0.0,0.0,M,0.0,0.0,0.0
US1TNWL0038,"BRENTWOOD 2.7 SSE","WILLIAMSON",722,35.96,-86.77,0.0,0.0,0.0,0.0,0.0,0.0,0.0,M,M,M,M,M,M,M,M,M,M,M,M,M,M,M,M,M,M,0.0,0.0,M,0.0,0.0,0.0
US1TNDV0083,"BRENTWOOD 4.2 ENE","DAVIDSON",833,36.03,-86.72,0.0,0.0,0.0,0.0,0.0,0.0,0.0,M,M,M,M,0.0,0.0,0.0,M,M,0.0,0.0,0.0,0.0,0.0,0.0,M,M,M,0.0,0.0,M,0.0,0.0,0.0
USW00013877,"BRISTOL AP","SULLIVAN",1497,36.48,-82.40,0.0,0.0,0.0,0.0,0.0,0.0,0.0,0.0,0.0,0.0,0.0,0.0,0.0,0.0,0.0,0.0,0.0,0.0,0.0,0.0,0.0,0.0,0.0,0.0,0.0,0.0,0.0,0.0,0.0,0.0,0.0
USC00401145,"BROWNSVILLE","HAYWOOD",330,35.59,-89.26,0.0,0.0,0.0,0.0,0.0,0.0,0.0,0.0,0.0,0.0,0.0,0.0,0.0,0.0,0.0,0.0,0.0,0.0,0.0,0.0,0.0,0.0,0.0,0.0,0.0,0.0,0.0,0.0,0.0,0.0,0.0
US1TNHW0001,"BROWNSVILLE 1.0 SE","HAYWOOD",348,35.58,-89.24,0.0,0.0,0.0,0.0,0.0,0.0,0.0,M,M,M,M,0.0,0.0,0.0,0.0,M,0.0,0.0,0.0,0.0,0.0,0.0,M,M,0.0,0.0,0.0,M,0.0,0.0,0.0
US1TNCR0007,"BRUCETON 0.2 E","CARROLL",483,36.03,-88.24,0.0,0.0,M,0.0,0.0,0.0,0.0,M,M,M,0.0,0.0,0.0,M,0.0,M,M,0.0,M,0.0,M,0.0,M,M,0.0,0.0,0.0,M,0.0,0.0,0.0
US1TNHB0004,"BULLS GAP 3.6 W","HAMBLEN",1215,36.27,-83.14,0.0,0.0,0.0,0.0,0.0,0.0,0.0,M,M,0.0,0.0,0.0,0.0,0.0,0.0,M,0.0,0.0,0.0,0.0,0.0,0.0,0.0,M,0.0,0.0,0.0,0.0,M,0.0,0.0
USC00401310,"BYRDSTOWN","PICKETT",880,36.58,-85.13,0.0,0.0,0.0,0.0,0.0,0.0,0.0,0.0,0.0,0.0,0.0,0.0,0.0,0.0,0.0,0.0,0.0,0.0,0.0,0.0,0.0,0.0,0.0,0.0,0.0,0.0,0.0,0.0,0.0,0.0,0.0
US1TNPT0003,"BYRDSTOWN 2.8 SSW","PICKETT",990,36.54,-85.16,0.0,0.0,0.0,0.0,0.0,0.0,0.0,M,M,M,M,0.0,0.0,0.0,0.0,M,0.0,0.0,0.0,0.0,0.0,0.0,M,M,0.0,0.0,0.0,M,M,M,0.0
US1TNFN0002,"BYRDSTOWN 8.7 E","FENTRESS",994,36.56,-84.98,0.0,M,0.0,0.0,M,0.0,M,M,M,M,M,0.0,0.0,0.0,0.0,M,0.0,M,M,M,M,M,M,M,0.0,0.0,M,M,M,M,0.0
USC00401352,"CAMDEN","BENTON",423,36.05,-88.08,0.0,0.0,0.0,0.0,0.0,0.0,0.0,0.0,0.0,0.0,0.0,0.0,0.0,0.0,0.0,0.0,0.0,0.0,0.0,0.0,0.0,0.0,0.0,0.0,0.0,0.0,0.0,0.0,0.0,0.0,0.0
US1TNBN0001,"CAMDEN 4.5 NE","BENTON",489,36.11,-88.04,0.0,0.0,0.0,0.0,0.0,0.0,0.0,0.0,0.0,0.0,0.0,0.0,0.0,0.0,0.0,0.0,0.0,0.0,0.0,0.0,0.0,0.0,0.0,0.0,0.0,0.0,0.0,0.0,0.0,M,0.0
USC00401480,"CARTHAGE","SMITH",515,36.25,-85.94,0.0,0.0,0.0,0.0,0.0,0.0,0.0,0.0,0.0,0.0,0.0,0.0,0.0,0.0,0.0,0.0,0.0,0.0,0.0,0.0,0.0,0.0,0.0,0.0,0.0,0.0,0.0,0.0,0.0,0.0,0.0
US1TNSM0011,"CARTHAGE 2.8 WSW","SMITH",625,36.24,-85.99,0.0,0.0,0.0,0.0,0.0,0.0,0.0,M,M,0.0,M,0.0,M,0.0,M,M,0.0,0.0,0.0,0.0,0.0,0.0,M,M,0.0,0.0,0.0,M,0.0,0.0,0.0
US1TNSM0001,"CARTHAGE 8.7 NNE","SMITH",722,36.38,-85.90,0.0,0.0,0.0,0.0,0.0,0.0,M,M,M,0.0,M,0.0,M,0.0,0.0,0.0,0.0,0.0,0.0,0.0,0.0,0.0,M,M,0.0,0.0,0.0,M,M,M,0.0
US1TNRB0016,"CEDAR HILL 2.6 N","ROBERTSON",627,36.59,-87.01,0.0,0.0,0.0,0.0,0.0,0.0,0.0,0.0,0.0,M,M,M,M,M,M,M,0.0,0.0,0.0,0.0,0.0,0.0,M,M,M,0.0,0.0,M,M,0.0,0.0
US1TNRB0038,"CEDAR HILL 4.4 NNE","ROBERTSON",574,36.61,-86.98,0.0,0.0,0.0,0.0,0.0,0.0,0.0,M,M,0.0,M,M,M,0.0,0.0,M,0.0,0.0,0.0,0.0,0.0,0.0,M,M,M,0.0,0.0,M,0.0,0.0,M
USC00401561,"CELINA","CLAY",540,36.54,-85.46,M,M,0.0,0.0,0.0,0.0,M,M,M,M,0.0,0.0,0.0,M,M,M,0.0,0.0,0.0,0.0,M,M,M,0.0,0.0,0.0,0.0,M,M,M,0.0
US1TNCY0002,"CELINA 0.3 NNE","CLAY",568,36.55,-85.50,0.0,0.0,0.0,0.0,0.0,0.0,0.0,M,M,M,0.0,0.0,0.0,0.0,0.0,M,0.0,0.0,0.0,0.0,0.0,0.0,M,M,M,0.0,0.0,M,0.0,0.0,0.0
US1TNCN0002,"CENTERTOWN 9.0 WSW","CANNON",1106,35.67,-86.06,M,M,M,M,0.0,M,M,M,M,M,M,M,0.0,0.0,0.0,0.0,M,M,M,M,M,M,M,M,M,M,M,M,M,M,M
US1TNHM0009,"CENTERVILLE 10.4 SE","HICKMAN",704,35.68,-87.34,0.0,0.0,0.0,0.0,0.0,0.0,0.0,M,M,M,M,M,0.0,0.0,0.0,M,0.0,0.0,0.0,0.0,0.0,0.0,M,M,M,0.0,0.0,M,0.0,0.0,0.0
USC00401585,"CENTERVILLE 4NE","HICKMAN",740,35.83,-87.42,0.0,0.0,0.0,0.0,0.0,0.0,0.0,0.0,0.0,0.0,0.0,0.0,0.0,0.0,0.0,0.0,0.0,0.0,0.0,0.0,0.0,0.0,0.0,0.0,0.0,0.0,0.0,0.0,0.0,0.0,0.0
US1TNHM0002,"CENTERVILLE 9.5 N","HICKMAN",560,35.93,-87.47,M,M,M,0.0,0.0,0.0,M,M,M,0.0,M,M,M,0.0,M,M,0.0,M,0.0,0.0,0.0,0.0,M,M,M,0.0,M,M,0.0,0.0,0.0
US1TNML0016,"CHAPEL HILL 4.3 NNE","MARSHALL",768,35.68,-86.65,M,0.0,0.0,0.0,0.0,0.0,0.0,M,M,0.0,M,0.0,M,0.0,0.0,M,0.0,M,M,M,M,M,M,M,M,0.0,0.0,M,0.0,0.0,M
US1TNDC0001,"CHARLOTTE 1.3 NW","DICKSON",756,36.20,-87.36,0.0,0.0,0.0,0.0,0.0,0.0,0.0,M,M,0.0,M,0.0,M,0.0,0.0,M,0.0,0.0,0.0,0.0,0.0,0.0,M,M,M,0.0,0.0,M,M,0.0,0.0
US1TNHL0020,"CHATTANOOGA 9.4 ESE","HAMILTON",699,35.01,-85.15,0.0,0.0,M,0.0,0.0,0.0,0.0,M,M,M,M,M,0.0,0.0,M,M,M,0.0,0.0,0.0,0.0,M,M,M,M,M,M,M,M,0.0,M
USW00013882,"CHATTANOOGA LOVELL FIELD AP","HAMILTON",671,35.03,-85.20,0.0,0.0,0.0,0.0,0.0,0.0,0.0,0.0,0.0,0.0,0.0,0.0,0.0,0.0,0.0,0.0,0.0,0.0,0.0,0.0,0.0,0.0,0.0,0.0,0.0,0.0,0.0,0.0,0.0,0.0,0.0
USC00401663,"CHEATHAM LOCK & DAM","CHEATHAM",392,36.32,-87.22,M,M,0.0,0.0,M,M,M,M,M,0.0,0.0,0.0,0.0,M,M,M,0.0,0.0,M,0.0,0.0,0.0,0.0,0.0,0.0,M,M,M,M,M,0.0
USC00401720,"CHRISTIANA 5W","RUTHERFORD",750,35.70,-86.49,0.0,0.0,0.0,0.0,0.0,0.0,0.0,0.0,0.0,0.0,0.0,0.0,0.0,0.0,0.0,0.0,0.0,0.0,0.0,0.0,0.0,0.0,0.0,0.0,0.0,0.0,0.0,0.0,0.0,0.0,0.0
US1TNHK0004,"CHURCH HILL 3.4 NNE","HAWKINS",1451,36.57,-82.68,0.0,0.0,M,M,M,M,M,M,M,M,M,M,M,M,M,M,M,M,M,0.0,0.0,0.0,M,M,0.0,0.0,0.0,0.0,M,M,M
US1TNFN0006,"CLARKRANGE 6.0 NE","FENTRESS",1712,36.23,-84.94,0.0,0.0,0.0,0.0,0.0,0.0,0.0,M,M,0.0,M,M,0.0,0.0,0.0,M,0.0,0.0,0.0,0.0,0.0,0.0,M,M,0.0,0.0,0.0,M,M,M,0.0
US1TNMT0038,"CLARKSVILLE 10.2 WSW","MONTGOMERY",492,36.48,-87.50,0.0,M,0.0,0.0,0.0,0.0,M,M,M,M,M,M,M,M,M,M,M,M,M,M,M,M,M,M,M,M,M,M,M,M,M
US1TNMT0078,"CLARKSVILLE 11.4 SE","MONTGOMERY",667,36.46,-87.18,0.0,0.0,0.0,0.0,0.0,0.0,0.0,M,M,0.0,M,0.0,0.0,0.0,0.0,M,0.0,0.0,0.0,0.0,0.0,0.0,M,M,0.0,0.0,0.0,M,0.0,0.0,0.0
US1TNMT0073,"CLARKSVILLE 14.4 WSW","MONTGOMERY",582,36.46,-87.57,0.0,0.0,0.0,0.0,0.0,0.0,0.0,M,M,0.0,M,M,0.0,0.0,0.0,M,M,0.0,0.0,0.0,0.0,0.0,M,M,M,0.0,0.0,M,0.0,0.0,0.0
US1TNMT0041,"CLARKSVILLE 3.3 SSE","MONTGOMERY",541,36.52,-87.33,M,M,M,M,M,M,M,M,M,M,M,M,M,M,M,M,M,M,M,M,M,M,M,M,M,0.0,M,M,M,M,M
US1TNMT0063,"CLARKSVILLE 3.4 NNW","MONTGOMERY",489,36.60,-87.38,0.0,0.0,0.0,0.0,0.0,0.0,0.0,M,M,0.0,M,M,0.0,0.0,M,M,0.0,0.0,0.0,0.0,0.0,0.0,M,0.0,M,0.0,0.0,M,0.0,0.0,0.0
US1TNMT0026,"CLARKSVILLE 4.0 WNW","MONTGOMERY",558,36.57,-87.42,0.0,0.0,0.0,0.0,0.0,0.0,0.0,M,M,M,M,0.0,0.0,0.0,0.0,0.0,0.0,0.0,0.0,0.0,0.0,0.0,M,M,M,0.0,0.0,M,0.0,0.0,0.0
US1TNMT0079,"CLARKSVILLE 4.9 NW","MONTGOMERY",563,36.56,-87.44,0.0,0.0,0.0,0.0,0.0,0.0,0.0,M,M,M,M,0.0,0.0,0.0,0.0,M,0.0,0.0,0.0,0.0,0.0,0.0,M,M,M,0.0,0.0,M,0.0,0.0,0.0
US1TNMT0061,"CLARKSVILLE 5.4 WSW","MONTGOMERY",546,36.52,-87.43,0.0,0.0,0.0,0.0,0.0,0.0,M,M,M,M,M,M,M,M,M,M,0.0,0.0,0.0,0.0,0.0,0.0,M,M,0.0,0.0,0.0,M,0.0,0.0,0.0
US1TNMT0033,"CLARKSVILLE 9.3 ESE","MONTGOMERY",600,36.50,-87.20,0.0,0.0,0.0,0.0,0.0,0.0,0.0,M,M,M,M,M,M,0.0,0.0,M,0.0,0.0,0.0,0.0,0.0,0.0,M,M,M,0.0,0.0,M,0.0,0.0,0.0
USC00401795,"CLARKSVILLE NO.2","MONTGOMERY",496,36.50,-87.34,0.0,0.0,0.0,0.0,0.0,0.0,0.0,0.0,0.0,0.0,0.0,0.0,0.0,0.0,0.0,0.0,0.0,0.0,0.0,0.0,0.0,0.0,0.0,0.0,0.0,0.0,0.0,0.0,0.0,0.0,0.0
USW00003894,"CLARKSVILLE OUTLAW AP","MONTGOMERY",560,36.62,-87.42,M,M,M,M,M,M,M,M,M,M,M,0.0,0.0,0.0,M,0.0,0.0,0.0,0.0,0.0,0.0,0.0,0.0,M,0.0,0.0,M,0.0,0.0,M,M
USC00401790,"CLARKSVILLE WWTP","MONTGOMERY",402,36.55,-87.34,0.0,0.0,0.0,0.0,0.0,0.0,0.0,0.0,0.0,0.0,0.0,0.0,0.0,0.0,0.0,0.0,0.0,0.0,0.0,0.0,0.0,0.0,0.0,0.0,0.0,0.0,0.0,0.0,0.0,0.0,0.0
US1TNBR0019,"CLEVELAND 1.7 WNW","BRADLEY",772,35.18,-84.90,0.0,0.0,0.0,0.0,0.0,0.0,0.0,M,M,M,M,0.0,0.0,0.0,0.0,M,0.0,0.0,0.0,0.0,0.0,0.0,M,M,0.0,0.0,0.0,M,M,0.0,0.0
US1TNBR0004,"CLEVELAND 3.0 ESE","BRADLEY",978,35.16,-84.82,0.0,0.0,0.0,0.0,0.0,0.0,0.0,M,M,0.0,0.0,0.0,0.0,0.0,0.0,M,0.0,0.0,0.0,0.0,0.0,0.0,M,M,0.0,0.0,0.0,M,M,0.0,0.0
US1TNBR0008,"CLEVELAND 4.1 NNE","BRADLEY",764,35.23,-84.84,M,M,0.0,0.0,M,M,M,M,M,M,M,M,M,M,M,M,0.0,M,M,M,M,M,M,M,M,M,M,M,M,M,0.0
US1TNBR0016,"CLEVELAND 5.2 SE","BRADLEY",1030,35.12,-84.81,0.0,0.0,0.0,0.0,M,0.0,0.0,M,M,M,M,0.0,0.0,0.0,0.0,M,0.0,M,M,0.0,0.0,M,M,M,0.0,0.0,M,M,M,M,M
USC00401808,"CLEVELAND FILTER PLANT","BRADLEY",844,35.22,-84.79,0.0,0.0,0.0,0.0,0.0,0.0,0.0,0.0,0.0,0.0,0.0,0.0,0.0,0.0,0.0,0.0,0.0,0.0,0.0,0.0,0.0,0.0,0.0,0.0,0.0,0.0,0.0,0.0,0.0,0.0,0.0
US1TNAN0012,"CLINTON 4.9 S","ANDERSON",817,36.02,-84.13,0.0,0.0,0.0,M,M,M,M,M,M,M,M,M,0.0,0.0,0.0,M,0.0,M,M,0.0,0.0,0.0,M,M,0.0,0.0,M,M,M,M,0.0
USC00401887,"COALMONT","GRUNDY",1855,35.37,-85.70,0.0,0.0,0.0,0.0,0.0,0.0,0.0,0.0,0.0,0.0,0.0,0.0,0.0,0.0,0.0,0.0,0.0,0.0,0.0,0.0,0.0,0.0,0.0,0.0,0.0,0.0,0.0,0.0,0.0,M,0.0
USC00401950,"COLLIERVILLE","SHELBY",300,35.08,-89.67,0.0,0.0,0.0,0.0,0.0,0.0,0.0,0.0,0.0,0.0,0.0,0.0,0.0,0.0,0.0,0.0,0.0,0.0,0.0,0.0,0.0,0.0,0.0,0.0,0.0,0.0,0.0,0.0,0.0,0.0,0.0
US1TNMY0026,"COLUMBIA 0.3 WSW","MAURY",613,35.62,-87.05,0.0,0.0,0.0,0.0,0.0,0.0,0.0,M,M,M,M,0.0,0.0,0.0,M,M,M,M,M,M,M,M,M,M,M,M,M,M,M,M,M
US1TNMY0013,"COLUMBIA 0.9 SE","MAURY",656,35.62,-87.04,0.0,0.0,0.0,0.0,0.0,0.0,0.0,M,M,M,M,0.0,0.0,0.0,0.0,M,0.0,0.0,0.0,0.0,0.0,0.0,M,M,M,0.0,0.0,M,0.0,0.0,0.0
US1TNMY0008,"COLUMBIA 1.2 SSW","MAURY",722,35.61,-87.06,0.0,0.0,M,0.0,0.0,0.0,0.0,M,M,M,M,0.0,0.0,0.0,0.0,M,0.0,0.0,0.0,0.0,0.0,0.0,M,M,M,0.0,0.0,M,0.0,0.0,0.0
USC00401957,"COLUMBIA 3 WNW","MAURY",650,35.64,-87.09,0.0,0.0,0.0,0.0,0.0,0.0,0.0,0.0,0.0,0.0,0.0,0.0,0.0,0.0,0.0,0.0,0.0,0.0,0.0,0.0,0.0,0.0,0.0,0.0,0.0,0.0,0.0,0.0,0.0,0.0,0.0
USC00402009,"COOKEVILLE","PUTNAM",1090,36.11,-85.50,0.0,0.0,0.0,0.0,0.0,0.0,0.0,0.0,0.0,0.0,0.0,0.0,0.0,0.0,0.0,0.0,0.0,0.0,0.0,0.0,0.0,0.0,0.0,0.0,0.0,0.0,0.0,0.0,0.0,0.0,0.0
US1TNPM0031,"COOKEVILLE 3.3 SSW","PUTNAM",1048,36.12,-85.53,0.0,0.0,0.0,M,M,0.0,0.0,M,M,M,M,0.0,M,M,M,M,M,M,M,M,M,M,M,M,0.0,M,0.0,M,M,M,M
US1TNPM0010,"COOKEVILLE 4.6 WNW","PUTNAM",1001,36.19,-85.58,M,M,M,M,M,M,0.0,M,M,0.0,0.0,M,0.0,0.0,0.0,M,0.0,0.0,0.0,0.0,0.0,0.0,M,M,M,0.0,0.0,0.0,M,M,0.0
US1TNPM0018,"COOKEVILLE 5.4 WNW","PUTNAM",1030,36.19,-85.59,0.0,0.0,0.0,0.0,0.0,0.0,0.0,M,M,M,M,M,0.0,0.0,0.0,M,0.0,0.0,0.0,0.0,0.0,0.0,M,M,M,0.0,0.0,M,M,M,0.0
US1TNGL0016,"CORNERSVILLE 10.5 SSE","GILES",832,35.22,-86.78,0.0,0.0,0.0,0.0,0.0,0.0,0.0,M,M,M,M,0.0,0.0,0.0,0.0,M,0.0,0.0,0.0,0.0,0.0,0.0,M,0.0,0.0,0.0,0.0,M,0.0,0.0,0.0
US1TNML0010,"CORNERSVILLE 3.6 SE","MARSHALL",860,35.32,-86.79,0.0,0.0,0.0,0.0,0.0,0.0,0.0,M,M,M,M,0.0,0.0,0.0,M,M,0.0,0.0,0.0,0.0,0.0,0.0,M,M,0.0,0.0,0.0,M,0.0,0.0,M
USC00402108,"COVINGTON 3  SW","TIPTON",385,35.55,-89.70,0.0,0.0,0.0,0.0,0.0,0.0,0.0,0.0,0.0,0.0,0.0,0.0,0.0,0.0,0.0,0.0,0.0,0.0,0.0,0.0,0.0,0.0,0.0,0.0,0.0,0.0,0.0,0.0,0.0,0.0,0.0
US1TNCM0032,"CROSSVILLE 4.7 S","CUMBERLAND",1894,35.88,-85.04,0.0,0.0,0.0,0.0,0.0,0.0,0.0,M,M,M,M,M,M,0.0,0.0,M,0.0,0.0,0.0,M,0.0,0.0,M,M,0.0,0.0,0.0,M,M,0.0,0.0
US1TNCM0001,"CROSSVILLE 5.8 SSW","CUMBERLAND",1882,35.87,-85.07,0.0,0.0,0.0,0.0,0.0,0.0,0.0,M,M,0.0,M,0.0,0.0,0.0,0.0,M,M,M,M,M,M,M,M,M,M,M,M,M,M,M,M
US1TNCM0021,"CROSSVILLE 6.0 W","CUMBERLAND",1703,35.96,-85.14,0.0,0.0,0.0,0.0,0.0,0.0,0.0,M,M,M,M,0.0,0.0,0.0,0.0,M,0.0,0.0,0.0,0.0,0.0,0.0,M,M,M,M,M,M,M,0.0,M
US1TNCM0009,"CROSSVILLE 6.9 S","CUMBERLAND",1863,35.85,-85.05,0.0,0.0,0.0,M,M,M,0.0,M,M,M,M,0.0,0.0,0.0,0.0,M,0.0,0.0,0.0,0.0,0.0,0.0,M,M,0.0,0.0,0.0,M,M,T,M
USC00402202,"CROSSVILLE EDUCATION & RESEARCH S","CUMBERLAND",1810,36.01,-85.13,0.0,0.0,0.0,0.0,0.0,0.0,0.0,0.0,0.0,0.0,0.0,0.0,0.0,0.0,0.0,0.0,0.0,0.0,0.0,0.0,0.0,0.0,0.0,0.0,0.0,0.0,0.0,0.0,0.0,0.0,0.0
USW00003847,"CROSSVILLE MEMORIAL AP","CUMBERLAND",1867,35.95,-85.08,M,M,M,M,M,M,M,M,M,M,M,0.0,0.0,0.0,M,0.0,0.0,0.0,0.0,0.0,0.0,0.0,M,0.0,0.0,0.0,0.0,M,0.0,M,M
US1TNMT0077,"CUNNINGHAM 0.5 NW","MONTGOMERY",668,36.40,-87.39,0.0,0.0,0.0,0.0,0.0,0.0,M,M,M,M,M,M,M,M,M,M,0.0,0.0,0.0,0.0,0.0,0.0,M,M,0.0,0.0,0.0,M,M,0.0,0.0
USC00402360,"DAYTON 2SE","RHEA",822,35.47,-85.00,0.0,0.0,0.0,0.0,0.0,0.0,0.0,0.0,0.0,0.0,0.0,0.0,0.0,0.0,0.0,0.0,0.0,0.0,0.0,0.0,0.0,0.0,0.0,0.0,0.0,0.0,0.0,0.0,0.0,0.0,0.0
USC00402388,"DECATUR 7NE","MEIGS",750,35.64,-84.67,0.0,0.0,0.0,0.0,0.0,0.0,0.0,0.0,0.0,0.0,0.0,0.0,0.0,0.0,0.0,0.0,0.0,0.0,0.0,0.0,0.0,0.0,0.0,0.0,0.0,0.0,0.0,0.0,0.0,0.0,0.0
USC00402390,"DECATURVILLE","DECATUR",495,35.60,-88.12,0.0,0.0,0.0,0.0,0.0,0.0,0.0,0.0,0.0,0.0,0.0,0.0,0.0,0.0,0.0,0.0,0.0,0.0,0.0,0.0,0.0,0.0,0.0,0.0,0.0,0.0,0.0,0.0,0.0,0.0,0.0
USC00402489,"DICKSON","DICKSON",780,36.07,-87.40,0.0,0.0,0.0,0.0,0.0,0.0,0.0,0.0,0.0,0.0,0.0,0.0,0.0,0.0,0.0,0.0,0.0,0.0,0.0,0.0,0.0,0.0,0.0,0.0,0.0,0.0,0.0,0.0,0.0,0.0,0.0
US1TNDC0003,"DICKSON 5.8 NW","DICKSON",781,36.13,-87.46,M,M,0.0,0.0,0.0,0.0,M,M,M,M,0.0,0.0,0.0,0.0,M,0.0,0.0,0.0,0.0,M,0.0,0.0,M,M,M,0.0,M,M,0.0,0.0,0.0
US1TNDC0024,"DICKSON 6.3 WSW","DICKSON",770,36.03,-87.47,0.0,0.0,0.0,0.0,0.0,0.0,0.0,M,M,0.0,M,0.0,0.0,0.0,0.0,M,0.0,0.0,0.0,0.0,0.0,0.0,M,M,M,0.0,0.0,M,0.0,0.0,0.0
US1TNDC0009,"DICKSON 6.7 SSW","DICKSON",755,35.99,-87.43,0.0,0.0,0.0,0.0,M,M,M,M,M,M,M,M,M,M,M,M,M,M,M,M,M,M,M,M,M,0.0,M,M,M,M,0.0
US1TNST0010,"DOVER 7.8 NNE","STEWART",607,36.59,-87.80,0.0,0.0,0.0,0.0,0.0,0.0,0.0,M,M,M,M,0.0,0.0,0.0,0.0,M,0.0,0.0,0.0,0.0,0.0,0.0,M,M,0.0,0.0,0.0,M,0.0,0.0,0.0
US1TNDK0008,"DOWELLTOWN 5.8 NE","DEKALB",1037,36.08,-85.88,0.0,0.0,0.0,0.0,0.0,0.0,0.0,M,M,0.0,M,0.0,0.0,0.0,0.0,M,0.0,0.0,0.0,0.0,0.0,0.0,M,0.0,M,0.0,0.0,M,0.0,0.0,0.0
US1TNSQ0009,"DUNLAP 0.4 SSE","SEQUATCHIE",701,35.36,-85.38,M,M,M,M,M,M,M,0.0,0.0,M,0.0,M,M,M,M,0.0,M,M,M,M,M,M,0.0,0.0,M,M,M,0.0,0.0,M,M
US1TNSQ0007,"DUNLAP 2.3 SSE","SEQUATCHIE",709,35.34,-85.37,0.0,0.0,0.0,0.0,0.0,0.0,0.0,M,M,M,M,0.0,0.0,0.0,0.0,M,0.0,0.0,0.0,0.0,0.0,0.0,M,M,M,0.0,0.0,M,M,M,0.0
US1TNSQ0025,"DUNLAP 2.9 W","SEQUATCHIE",2142,35.37,-85.44,M,M,0.0,0.0,0.0,0.0,0.0,M,M,M,M,0.0,0.0,0.0,0.0,M,0.0,0.0,0.0,0.0,0.0,0.0,M,M,M,0.0,0.0,M,M,0.0,M
US1TNSQ0001,"DUNLAP 3.1 NW","SEQUATCHIE",2066,35.40,-85.43,0.0,0.0,0.0,0.0,0.0,0.0,M,M,M,M,M,0.0,0.0,0.0,0.0,M,0.0,0.0,0.0,0.0,0.0,0.0,0.0,M,M,M,0.0,M,M,M,M
USC00402680,"DYERSBURG","DYER",300,36.00,-89.41,0.0,0.0,0.0,0.0,0.0,0.0,0.0,0.0,0.0,0.0,0.0,0.0,0.0,0.0,0.0,0.0,0.0,0.0,0.0,0.0,0.0,0.0,0.0,0.0,0.0,0.0,0.0,0.0,0.0,0.0,0.0
US1TNHL0036,"EAST RIDGE 1.8 WSW","HAMILTON",793,34.99,-85.26,0.0,0.0,0.0,0.0,0.0,0.0,0.0,M,M,0.0,0.0,0.0,0.0,0.0,0.0,M,0.0,0.0,0.0,0.0,0.0,0.0,M,0.0,M,0.0,0.0,M,M,0.0,0.0
USC00402806,"ELIZABETHTON","CARTER",1486,36.35,-82.25,0.0,0.0,0.0,0.0,0.0,0.0,0.0,0.0,0.0,0.0,0.0,0.0,0.0,0.0,0.0,0.0,0.0,0.0,0.0,0.0,0.0,0.0,0.0,0.0,0.0,0.0,0.0,0.0,0.0,0.0,0.0
US1TNHT0005,"ERIN 5.4 ESE","HOUSTON",742,36.29,-87.61,0.0,0.0,0.0,0.0,0.0,0.0,0.0,M,M,0.0,M,0.0,0.0,0.0,0.0,M,0.0,0.0,0.0,0.0,0.0,0.0,M,M,M,0.0,0.0,M,0.0,0.0,0.0
USC00402934,"ERWIN 1 W","UNICOI",1720,36.14,-82.43,0.0,0.0,0.0,0.0,0.0,0.0,0.0,0.0,0.0,0.0,0.0,0.0,0.0,0.0,0.0,0.0,0.0,0.0,0.0,0.0,0.0,0.0,0.0,0.0,0.0,0.0,0.0,0.0,0.0,0.0,0.0
US1TNMM0002,"ETOWAH 0.7 NNW","MCMINN",948,35.35,-84.53,0.0,0.0,0.0,0.0,0.0,M,M,M,M,M,0.0,0.0,M,M,M,M,M,0.0,0.0,0.0,0.0,0.0,M,M,0.0,0.0,0.0,M,M,0.0,0.0
US1TNCM0004,"FAIRFIELD GLADE 0.1 NNW","CUMBERLAND",2027,36.00,-84.90,0.0,0.0,0.0,0.0,0.0,0.0,0.0,M,M,0.0,0.0,0.0,0.0,0.0,0.0,M,0.0,0.0,0.0,0.0,0.0,0.0,M,M,M,0.0,0.0,M,T,0.0,0.0
US1TNCM0031,"FAIRFIELD GLADE 0.5 SE","CUMBERLAND",1955,36.00,-84.89,M,0.0,M,M,M,M,M,M,M,M,M,M,0.0,0.0,M,M,M,M,M,M,M,M,M,M,M,M,M,M,M,0.0,0.0
US1TNWL0063,"FAIRVIEW 1.4 WNW","WILLIAMSON",864,35.99,-87.15,M,0.0,M,M,0.0,0.0,M,M,M,M,M,0.0,M,M,M,M,M,M,M,M,M,M,M,M,M,0.0,0.0,M,M,0.0,0.0
US1TNWL0034,"FAIRVIEW 3.8 SW","WILLIAMSON",869,35.94,-87.17,M,M,M,M,M,M,M,M,M,M,M,M,M,0.0,0.0,M,0.0,0.0,M,0.0,M,M,M,M,M,M,M,M,M,M,M
USC00402989,"FAIRVIEW BOWIE NATURE CENTER","WILLIAMSON",860,35.97,-87.14,0.0,0.0,0.0,0.0,0.0,0.0,0.0,0.0,0.0,0.0,0.0,0.0,0.0,0.0,0.0,0.0,0.0,0.0,0.0,0.0,0.0,0.0,0.0,0.0,0.0,0.0,0.0,0.0,0.0,0.0,0.0
US1TNWS0015,"FALL BRANCH 1.2 ENE","WASHINGTON",1706,36.42,-82.60,0.0,0.0,0.0,0.0,0.0,0.0,0.0,M,M,M,M,0.0,0.0,0.0,0.0,M,0.0,0.0,0.0,0.0,0.0,0.0,0.0,M,0.0,0.0,0.0,0.0,M,M,0.0
USC00403040,"FALL CREEK FALLS SP","VAN BUREN",1790,35.64,-85.36,0.0,0.0,0.0,0.0,0.0,0.0,0.0,0.0,0.0,0.0,0.0,0.0,0.0,0.0,0.0,0.0,0.0,0.0,0.0,0.0,0.0,0.0,0.0,0.0,0.0,0.0,0.0,0.0,0.0,0.0,0.0
US1TNKX0042,"FARRAGUT 1.0 WNW","KNOX",975,35.88,-84.20,0.0,0.0,0.0,0.0,0.0,M,M,M,M,M,M,0.0,0.0,0.0,0.0,M,0.0,0.0,0.0,0.0,0.0,0.0,M,M,0.0,0.0,0.0,M,M,0.0,0.0
US1TNKX0008,"FARRAGUT 2.3 NE","KNOX",1018,35.90,-84.15,M,0.0,0.0,0.0,0.0,M,0.0,M,M,0.0,M,M,M,0.0,M,M,0.0,M,M,M,M,0.0,M,M,0.0,0.0,0.0,M,M,0.0,0.0
US1TNKX0023,"FARRAGUT 2.8 ENE","KNOX",1066,35.89,-84.14,M,M,M,0.0,0.0,0.0,0.0,M,M,0.0,M,M,M,M,M,M,M,M,0.0,0.0,0.0,0.0,M,M,M,0.0,0.0,M,M,M,0.0
US1TNLC0019,"FAYETTEVILLE 1.5 W","LINCOLN",705,35.15,-86.59,M,0.0,M,M,M,0.0,M,M,M,M,M,M,0.0,0.0,0.0,M,0.0,M,M,M,M,M,M,0.0,M,0.0,0.0,M,0.0,0.0,0.0
US1TNLC0005,"FAYETTEVILLE 5.9 W","LINCOLN",820,35.16,-86.67,0.0,0.0,0.0,0.0,0.0,0.0,0.0,M,M,M,M,0.0,0.0,0.0,0.0,M,0.0,0.0,0.0,0.0,0.0,0.0,M,M,0.0,0.0,0.0,M,0.0,0.0,0.0
US1TNLC0002,"FAYETTEVILLE 6.1 NNW","LINCOLN",811,35.23,-86.61,0.0,0.0,0.0,0.0,0.0,0.0,0.0,M,M,M,M,0.0,0.0,0.0,0.0,M,0.0,0.0,0.0,0.0,0.0,0.0,M,M,0.0,0.0,0.0,M,0.0,0.0,0.0
US1TNLC0018,"FAYETTEVILLE 7.5 S","LINCOLN",930,35.04,-86.58,M,0.0,M,M,M,0.0,M,M,M,M,M,M,0.0,0.0,0.0,M,0.0,M,M,M,M,0.0,M,M,M,0.0,0.0,M,0.0,0.0,0.0
US1TNLC0006,"FAYETTEVILLE 7.9 WNW","LINCOLN",738,35.20,-86.78,0.0,0.0,0.0,0.0,0.0,0.0,0.0,M,M,M,M,0.0,0.0,0.0,0.0,M,0.0,0.0,0.0,0.0,0.0,0.0,M,M,M,0.0,0.0,M,0.0,0.0,0.0
US1TNLC0012,"FAYETTEVILLE 8.6 S","LINCOLN",919,35.03,-86.55,0.0,0.0,0.0,0.0,0.0,0.0,0.0,M,M,M,M,0.0,0.0,0.0,0.0,M,0.0,0.0,0.0,0.0,0.0,0.0,M,M,M,0.0,0.0,M,M,0.0,0.0
US1TNMN0003,"FINGER 4.1 ENE","MCNAIRY",508,35.38,-88.55,0.0,0.0,M,0.0,0.0,0.0,0.0,M,0.0,M,M,M,0.0,0.0,0.0,0.0,0.0,0.0,0.0,0.0,M,M,M,M,0.0,M,M,M,M,M,0.0
US1TNWL0005,"FOREST HILLS 4.3 WSW","WILLIAMSON",643,36.03,-86.90,0.0,0.0,0.0,0.0,0.0,0.0,0.0,M,M,0.0,M,M,0.0,M,M,M,0.0,0.0,0.0,0.0,0.0,M,M,M,M,M,M,M,0.0,0.0,0.0
US1TNWL0012,"FOREST HILLS 6.7 WSW","WILLIAMSON",686,36.03,-86.95,0.0,0.0,0.0,0.0,0.0,0.0,0.0,M,M,0.0,0.0,0.0,0.0,M,M,M,0.0,0.0,0.0,0.0,0.0,0.0,M,0.0,M,0.0,0.0,M,M,M,M
US1TNWL0058,"FRANKLIN 2.3 E","WILLIAMSON",756,35.94,-86.80,M,0.0,0.0,0.0,M,0.0,0.0,M,M,M,M,M,0.0,0.0,0.0,M,0.0,0.0,0.0,0.0,0.0,0.0,M,0.0,0.0,0.0,0.0,M,0.0,0.0,0.0
US1TNWL0077,"FRANKLIN 4.4 W","WILLIAMSON",655,35.93,-86.92,0.0,0.0,0.0,0.0,0.0,0.0,0.0,M,M,0.0,M,0.0,0.0,0.0,0.0,M,0.0,0.0,0.0,0.0,0.0,0.0,M,0.0,0.0,0.0,0.0,M,0.0,0.0,0.0
USC00403280,"FRANKLIN SEWAGE PLANT","WILLIAMSON",655,35.94,-86.87,0.0,0.0,0.0,0.0,0.0,0.0,0.0,0.0,0.0,0.0,0.0,0.0,0.0,0.0,0.0,0.0,0.0,0.0,0.0,0.0,0.0,0.0,0.0,0.0,0.0,0.0,0.0,0.0,0.0,0.0,0.0
US1TNBT0020,"FRIENDSVILLE 2.3 ESE","BLOUNT",1146,35.74,-84.09,M,M,0.0,0.0,M,M,M,M,M,0.0,M,0.0,0.0,0.0,0.0,M,0.0,0.0,0.0,0.0,0.0,M,M,M,M,0.0,0.0,M,M,M,0.0
US1TNBT0009,"FRIENDSVILLE 3.6 NW","BLOUNT",860,35.80,-84.17,0.0,0.0,0.0,0.0,0.0,0.0,0.0,M,M,0.0,M,0.0,0.0,0.0,0.0,M,0.0,0.0,0.0,0.0,M,M,M,M,M,0.0,0.0,M,M,0.0,0.0
US1TNBT0008,"FRIENDSVILLE 4.6 NE","BLOUNT",928,35.81,-84.08,0.0,0.0,0.0,0.0,0.0,0.0,M,M,M,0.0,M,0.0,0.0,0.0,0.0,M,0.0,0.0,0.0,0.0,0.0,0.0,M,M,0.0,0.0,0.0,M,M,0.0,0.0
US1TNMD0010,"GADSDEN 4.9 SSE","MADISON",394,35.71,-88.96,0.0,0.0,0.0,0.0,0.0,0.0,0.0,M,M,0.0,M,0.0,0.0,0.0,0.0,M,0.0,0.0,0.0,0.0,0.0,0.0,M,M,M,0.0,0.0,M,0.0,0.0,0.0
USC00403370,"GAINESBORO","JACKSON",487,36.37,-85.66,0.0,0.0,0.0,0.0,0.0,0.0,0.0,0.0,0.0,0.0,0.0,0.0,0.0,0.0,0.0,0.0,0.0,0.0,0.0,0.0,0.0,0.0,0.0,0.0,0.0,0.0,0.0,0.0,0.0,0.0,0.0
US1TNSR0074,"GALLATIN 1.9 NNE","SUMNER",566,36.40,-86.44,M,0.0,0.0,0.0,M,M,M,M,M,M,M,M,M,M,M,M,0.0,0.0,0.0,M,M,M,M,0.0,M,0.0,M,M,M,M,0.0
USC00403379,"GALLATIN 2W","SUMNER",510,36.39,-86.48,0.0,M,0.0,0.0,0.0,0.0,0.0,M,M,M,M,M,M,M,M,M,M,M,M,M,M,M,M,M,M,M,M,M,M,M,M
USC00403420,"GATLINBURG 2 SW","SEVIER",1454,35.69,-83.54,0.0,0.0,0.0,0.0,0.0,0.0,0.0,0.0,0.0,0.0,0.0,0.0,0.0,0.0,0.0,0.0,0.0,0.0,0.0,0.0,0.0,0.0,0.0,0.0,0.0,0.0,0.0,0.0,0.0,0.0,0.0
USC00403447,"GERMANTOWN 4SE","SHELBY",320,35.08,-89.74,0.0,0.0,0.0,0.0,0.0,0.0,0.0,0.0,0.0,0.0,0.0,0.0,0.0,0.0,0.0,0.0,0.0,0.0,0.0,0.0,0.0,0.0,0.0,0.0,0.0,0.0,0.0,0.0,0.0,0.0,0.0
USC00403465,"GLADEVILLE","WILSON",600,36.06,-86.42,0.0,0.0,0.0,0.0,0.0,0.0,0.0,0.0,0.0,0.0,0.0,0.0,0.0,0.0,0.0,0.0,0.0,0.0,0.0,0.0,0.0,0.0,0.0,0.0,0.0,0.0,0.0,0.0,0.0,0.0,0.0
US1TNDV0131,"GOODLETTSVILLE 1.5 W","DAVIDSON",567,36.34,-86.73,0.0,0.0,0.0,0.0,0.0,0.0,0.0,M,M,M,M,M,M,0.0,M,M,0.0,0.0,0.0,0.0,0.0,0.0,M,M,M,0.0,0.0,M,0.0,0.0,0.0
US1TNSM0005,"GORDONSVILLE 1.4 ENE","SMITH",502,36.19,-85.91,0.0,0.0,0.0,0.0,0.0,0.0,0.0,0.0,M,0.0,M,0.0,0.0,0.0,0.0,M,0.0,0.0,0.0,0.0,0.0,0.0,M,M,0.0,0.0,0.0,M,0.0,0.0,0.0
US1TNWS0016,"GRAY 1.3 S","WASHINGTON",1563,36.39,-82.48,0.0,0.0,0.0,0.0,0.0,0.0,0.0,M,M,M,M,0.0,0.0,0.0,0.0,M,M,0.0,0.0,0.0,0.0,0.0,M,M,M,0.0,0.0,0.0,M,M,0.0
US1TNWS0001,"GRAY 1.5 E","WASHINGTON",1575,36.41,-82.45,0.0,0.0,0.0,0.0,0.0,M,0.0,M,M,M,M,0.0,0.0,0.0,0.0,M,0.0,0.0,0.0,0.0,0.0,0.0,M,M,0.0,0.0,M,M,M,M,M
US1TNWS0003,"GRAY 1.9 SSE","WASHINGTON",1663,36.39,-82.47,0.0,0.0,0.0,0.0,0.0,0.0,0.0,0.0,M,M,0.0,0.0,0.0,0.0,0.0,M,0.0,0.0,M,0.0,0.0,0.0,0.0,M,0.0,0.0,0.0,M,M,M,0.0
US1TNBL0018,"GRAYSVILLE 5.5 WNW","BLEDSOE",1942,35.47,-85.18,0.0,0.0,0.0,0.0,0.0,0.0,0.0,M,M,M,M,0.0,M,M,0.0,M,0.0,0.0,0.0,0.0,0.0,0.0,M,M,M,0.0,0.0,M,M,M,0.0
US1TNWN0010,"GREEN HILL 0.3 N","WILSON",518,36.24,-86.57,0.0,0.0,0.0,0.0,0.0,0.0,0.0,M,M,0.0,M,M,M,0.0,0.0,M,M,M,M,M,M,M,M,M,M,M,M,M,M,M,M
US1TNWN0014,"GREEN HILL 1.7 S","WILSON",538,36.21,-86.57,0.0,0.0,0.0,0.0,0.0,0.0,M,M,0.0,M,0.0,M,0.0,0.0,0.0,M,0.0,0.0,0.0,0.0,0.0,0.0,M,0.0,0.0,0.0,0.0,M,0.0,0.0,0.0
US1TNWN0019,"GREEN HILL 3.1 NNE","WILSON",538,36.28,-86.55,0.0,0.0,0.0,0.0,0.0,0.0,0.0,0.0,M,M,0.0,0.0,0.0,0.0,0.0,M,0.0,0.0,0.0,0.0,0.0,0.0,M,0.0,0.0,0.0,0.0,M,0.0,0.0,0.0
US1TNRB0015,"GREENBRIER 1.4 N","ROBERTSON",833,36.44,-86.80,M,M,M,M,M,M,M,M,0.0,M,M,M,M,M,M,M,M,M,M,M,M,M,M,0.0,M,M,M,M,M,M,M
US1TNGN0001,"GREENEVILLE 10.1 S","GREENE",1460,36.02,-82.83,0.0,0.0,0.0,0.0,0.0,0.0,0.0,M,M,M,0.0,0.0,0.0,0.0,0.0,M,M,0.0,0.0,0.0,0.0,0.0,0.0,M,0.0,0.0,0.0,0.0,M,M,0.0
US1TNGN0008,"GREENEVILLE 3.0 S","GREENE",1534,36.12,-82.82,M,M,0.0,0.0,0.0,0.0,M,M,M,M,0.0,0.0,0.0,0.0,M,M,0.0,0.0,M,M,M,M,0.0,M,M,0.0,M,M,M,M,M
USC00403679,"GREENEVILLE EXP STA","GREENE",1320,36.11,-82.84,0.0,0.0,0.0,0.0,0.0,0.0,0.0,0.0,0.0,0.0,0.0,0.0,0.0,0.0,0.0,0.0,0.0,0.0,0.0,0.0,0.0,0.0,0.0,0.0,0.0,0.0,0.0,0.0,0.0,0.0,0.0
US1TNMG0001,"HARRIMAN 4.1 NNE","MORGAN",1090,35.99,-84.55,M,M,M,M,M,M,M,M,M,M,M,M,M,M,M,M,M,M,M,M,M,M,M,M,M,M,M,M,M,T,M
US1TNRN0004,"HARRIMAN 4.5 SW","ROANE",756,35.88,-84.61,0.0,0.0,0.0,0.0,0.0,0.0,0.0,0.0,0.0,0.0,0.0,0.0,0.0,0.0,0.0,0.0,0.0,0.0,0.0,0.0,0.0,0.0,0.0,0.0,0.0,0.0,0.0,0.0,0.0,0.0,0.0
US1TNHL0019,"HARRISON 1.7 ESE","HAMILTON",901,35.12,-85.12,M,M,M,0.0,0.0,0.0,M,M,M,M,M,0.0,0.0,0.0,M,M,0.0,0.0,0.0,0.0,0.0,0.0,M,M,0.0,0.0,0.0,M,M,0.0,0.0
US1TNCS0003,"HENDERSON 1.1 NNW","CHESTER",486,35.46,-88.66,0.0,0.0,M,0.0,0.0,0.0,M,M,M,0.0,M,0.0,0.0,0.0,0.0,M,M,0.0,0.0,0.0,0.0,0.0,M,0.0,0.0,0.0,0.0,M,0.0,0.0,0.0
USC00404033,"HENDERSON 4 W","CHESTER",460,35.44,-88.72,0.0,0.0,0.0,0.0,0.0,0.0,0.0,0.0,0.0,0.0,0.0,0.0,0.0,0.0,0.0,0.0,0.0,0.0,0.0,0.0,0.0,0.0,0.0,0.0,0.0,0.0,0.0,0.0,0.0,0.0,0.0
US1TNSR0011,"HENDERSONVILLE 2.9 NE","SUMNER",486,36.32,-86.56,0.0,0.0,0.0,0.0,0.0,0.0,0.0,M,M,0.0,M,M,M,0.0,0.0,M,M,M,M,M,M,M,M,M,M,0.0,0.0,M,0.0,0.0,0.0
US1TNDV0150,"HERMITAGE 1.0 E","DAVIDSON",482,36.20,-86.61,0.0,0.0,0.0,0.0,0.0,0.0,0.0,0.0,0.0,0.0,0.0,0.0,0.0,0.0,0.0,0.0,0.0,0.0,0.0,0.0,0.0,0.0,0.0,0.0,0.0,0.0,0.0,0.0,0.0,0.0,0.0
US1TNDV0041,"HERMITAGE 2.6 E","DAVIDSON",502,36.19,-86.58,0.0,0.0,0.0,0.0,0.0,0.0,0.0,M,M,0.0,M,M,0.0,0.0,0.0,M,0.0,0.0,0.0,0.0,0.0,0.0,M,M,0.0,0.0,0.0,M,0.0,0.0,0.0
US1TNDV0143,"HERMITAGE 3.2 SSW","DAVIDSON",489,36.15,-86.63,0.0,0.0,0.0,0.0,0.0,0.0,0.0,M,M,M,M,M,0.0,M,0.0,M,0.0,0.0,0.0,0.0,0.0,0.0,M,M,M,0.0,0.0,M,0.0,0.0,0.0
US1TNDV0067,"HERMITAGE 4.2 SE","DAVIDSON",597,36.15,-86.57,0.0,0.0,0.0,0.0,0.0,0.0,0.0,0.0,0.0,0.0,0.0,0.0,0.0,0.0,0.0,0.0,0.0,0.0,0.0,0.0,0.0,0.0,0.0,0.0,0.0,0.0,0.0,0.0,0.0,0.0,0.0
US1TNCF0010,"HILLSBORO 3.2SE","COFFEE",1066,35.37,-85.95,0.0,0.0,0.0,0.0,0.0,0.0,M,M,M,0.0,M,0.0,0.0,0.0,0.0,M,0.0,0.0,0.0,0.0,0.0,0.0,M,M,M,M,M,M,0.0,0.0,0.0
USC00404223,"HOHENWALD","LEWIS",980,35.56,-87.54,0.0,0.0,0.0,0.0,0.0,0.0,0.0,0.0,0.0,0.0,0.0,0.0,0.0,0.0,0.0,0.0,0.0,0.0,0.0,0.0,0.0,0.0,0.0,0.0,0.0,0.0,0.0,0.0,0.0,0.0,0.0
US1TNLS0005,"HOHENWALD 0.3 E","LEWIS",969,35.55,-87.55,0.0,0.0,0.0,0.0,0.0,0.0,0.0,M,M,M,M,0.0,0.0,0.0,0.0,0.0,0.0,0.0,0.0,0.0,0.0,0.0,M,M,0.0,0.0,0.0,M,0.0,0.0,0.0
US1TNLS0003,"HOHENWALD 2.2 SE","LEWIS",945,35.53,-87.53,0.0,0.0,0.0,0.0,0.0,0.0,M,M,M,M,M,0.0,0.0,M,M,M,0.0,0.0,0.0,0.0,0.0,0.0,M,0.0,M,M,0.0,M,0.0,0.0,0.0
US1TNBN0004,"HOLLADAY 4.4 NNE","BENTON",533,35.90,-88.06,0.0,0.0,M,0.0,0.0,0.0,0.0,M,M,0.0,M,0.0,0.0,0.0,0.0,M,0.0,0.0,0.0,0.0,0.0,0.0,M,M,M,0.0,0.0,M,0.0,0.0,0.0
USC00404417,"HUNTINGDON WATER PLANT","CARROLL",440,36.00,-88.43,0.0,0.0,0.0,0.0,0.0,0.0,0.0,0.0,0.0,0.0,0.0,0.0,0.0,0.0,0.0,0.0,0.0,0.0,0.0,0.0,0.0,0.0,0.0,0.0,0.0,0.0,0.0,0.0,0.0,0.0,0.0
USC00404568,"JACKSON 4 NE","MADISON",430,35.71,-88.82,0.0,0.0,0.0,0.0,0.0,0.0,0.0,0.0,0.0,0.0,0.0,0.0,0.0,0.0,0.0,0.0,0.0,0.0,0.0,0.0,0.0,0.0,0.0,0.0,0.0,0.0,0.0,0.0,0.0,0.0,0.0
US1TNMD0015,"JACKSON 4.3 N","MADISON",429,35.70,-88.84,0.0,0.0,0.0,0.0,0.0,0.0,0.0,M,M,0.0,M,0.0,0.0,0.0,0.0,M,0.0,0.0,0.0,0.0,0.0,0.0,M,M,0.0,0.0,0.0,M,0.0,0.0,0.0
US1TNMD0023,"JACKSON 4.6 NNW","MADISON",458,35.70,-88.86,0.0,0.0,0.0,0.0,0.0,0.0,0.0,0.0,0.0,0.0,0.0,0.0,0.0,0.0,0.0,0.0,0.0,0.0,0.0,0.0,0.0,0.0,0.0,0.0,0.0,0.0,0.0,0.0,0.0,0.0,0.0
US1TNMD0004,"JACKSON 4.7 NW","MADISON",489,35.69,-88.88,0.0,0.0,0.0,0.0,M,0.0,0.0,0.0,0.0,0.0,0.0,0.0,0.0,0.0,0.0,0.0,0.0,0.0,0.0,M,M,0.0,0.0,0.0,0.0,0.0,0.0,0.0,0.0,0.0,0.0
US1TNMD0021,"JACKSON 4.9 NW","MADISON",409,35.69,-88.89,0.0,0.0,0.0,0.0,0.0,0.0,0.0,M,M,M,M,0.0,0.0,0.0,0.0,M,0.0,0.0,0.0,0.0,0.0,0.0,M,0.0,0.0,0.0,0.0,M,0.0,0.0,0.0
US1TNMD0005,"JACKSON 5.6 NE","MADISON",470,35.70,-88.77,0.0,0.0,M,0.0,M,0.0,0.0,M,M,0.0,M,0.0,0.0,0.0,M,M,0.0,0.0,0.0,0.0,0.0,0.0,M,0.0,0.0,0.0,0.0,M,0.0,0.0,0.0
USC00404561,"JACKSON EXP STA","MADISON",400,35.62,-88.85,0.0,0.0,0.0,0.0,0.0,0.0,0.0,0.0,0.0,0.0,0.0,0.0,0.0,0.0,0.0,0.0,0.0,0.0,0.0,0.0,0.0,0.0,0.0,0.0,0.0,0.0,0.0,0.0,0.0,0.0,0.0
USW00003811,"JACKSON MCKELLAR-SIPES REGIONAL A","MADISON",433,35.59,-88.92,0.0,0.0,0.0,0.0,0.0,0.0,0.0,0.0,0.0,0.0,0.0,0.0,0.0,0.0,0.0,0.0,0.0,0.0,0.0,0.0,0.0,0.0,0.0,0.0,0.0,0.0,0.0,0.0,0.0,0.0,0.0
US1TNFN0005,"JAMESTOWN 13.7 S","FENTRESS",1726,36.23,-84.94,0.0,0.0,0.0,0.0,0.0,0.0,0.0,M,M,M,M,0.0,0.0,0.0,0.0,M,0.0,0.0,0.0,0.0,0.0,0.0,M,M,0.0,0.0,0.0,M,T,0.0,0.0
US1TNFN0007,"JAMESTOWN 3.1 SE","FENTRESS",1675,36.40,-84.90,M,M,M,M,M,M,M,M,M,M,M,M,M,M,M,M,M,M,M,M,M,M,M,M,M,M,M,M,M,0.0,M
US1TNMA0003,"JASPER 1.7 N","MARION",653,35.08,-85.63,0.0,0.0,0.0,0.0,0.0,0.0,0.0,M,M,M,M,M,M,M,M,M,M,M,0.0,M,M,M,M,M,M,M,M,M,0.0,M,0.0
US1TNHB0003,"JEFFERSON CITY 2.1 NE","HAMBLEN",1245,36.16,-83.46,M,0.0,M,M,M,M,M,M,M,M,M,M,M,0.0,0.0,M,0.0,M,0.0,M,M,M,M,M,M,M,M,M,M,M,M
US1TNWS0018,"JOHNSON CITY 5.9 NW","WASHINGTON",1532,36.40,-82.43,0.0,0.0,0.0,0.0,0.0,0.0,0.0,M,M,0.0,M,0.0,0.0,0.0,0.0,M,0.0,0.0,0.0,0.0,0.0,0.0,M,M,0.0,0.0,0.0,0.0,M,T,0.0
US1TNWS0012,"JONESBOROUGH 2.5 SSW","WASHINGTON",1685,36.26,-82.50,M,M,M,M,M,M,M,M,M,M,M,M,M,M,M,M,M,M,M,M,M,M,M,M,M,M,M,M,M,T,M
USC00404858,"KINGSPORT","SULLIVAN",1284,36.52,-82.53,0.0,0.0,0.0,0.0,0.0,0.0,0.0,0.0,0.0,0.0,0.0,0.0,0.0,0.0,0.0,0.0,0.0,0.0,0.0,0.0,0.0,0.0,0.0,0.0,0.0,0.0,0.0,0.0,0.0,0.0,0.0
US1TNSL0023,"KINGSPORT 4.3 ENE","SULLIVAN",1525,36.54,-82.48,0.0,0.0,0.0,0.0,0.0,0.0,0.0,M,M,M,M,0.0,0.0,0.0,0.0,M,0.0,0.0,0.0,0.0,0.0,0.0,M,M,0.0,0.0,0.0,M,M,M,0.0
USC00404871,"KINGSTON","ROANE",730,35.86,-84.53,0.0,0.0,0.0,0.0,0.0,0.0,0.0,0.0,0.0,0.0,0.0,0.0,0.0,0.0,0.0,0.0,0.0,0.0,0.0,0.0,0.0,0.0,0.0,0.0,0.0,0.0,0.0,0.0,0.0,0.0,0.0
USC00404876,"KINGSTON SPRINGS","CHEATHAM",517,36.10,-87.12,0.0,0.0,0.0,0.0,0.0,0.0,0.0,0.0,0.0,0.0,0.0,0.0,0.0,0.0,0.0,0.0,0.0,0.0,0.0,0.0,0.0,0.0,0.0,0.0,0.0,0.0,0.0,0.0,0.0,0.0,0.0
US1TNCH0002,"KINGSTON SPRINGS 0.3 ENE","CHEATHAM",581,36.10,-87.10,0.0,M,M,M,M,M,0.0,M,M,M,M,M,M,0.0,0.0,M,M,M,M,M,0.0,0.0,M,M,M,M,M,M,M,M,M
US1TNCH0007,"KINGSTON SPRINGS 1.4 SW","CHEATHAM",735,36.08,-87.12,0.0,0.0,0.0,0.0,0.0,0.0,0.0,M,M,0.0,M,0.0,M,0.0,0.0,M,0.0,0.0,0.0,0.0,0.0,0.0,M,0.0,M,0.0,0.0,M,0.0,0.0,0.0
US1TNKX0043,"KNOXVILLE 3.1 WNW","KNOX",1022,36.00,-83.99,0.0,0.0,0.0,M,0.0,M,M,M,M,0.0,M,M,M,M,M,M,M,M,0.0,0.0,0.0,0.0,M,M,0.0,0.0,0.0,M,M,0.0,0.0
US1TNKX0005,"KNOXVILLE 5.5 W","KNOX",1306,35.98,-84.04,0.0,0.0,0.0,0.0,0.0,0.0,0.0,M,M,M,M,0.0,0.0,0.0,0.0,M,0.0,0.0,0.0,0.0,0.0,0.0,M,M,0.0,0.0,0.0,M,M,0.0,0.0
US1TNKX0034,"KNOXVILLE 5.7 NNW","KNOX",1015,36.05,-83.99,0.0,M,M,M,M,M,M,M,M,M,M,M,0.0,0.0,0.0,0.0,0.0,0.0,0.0,0.0,0.0,0.0,0.0,0.0,0.0,0.0,0.0,0.0,0.0,0.0,0.0
US1TNKX0041,"KNOXVILLE 8.0 WSW","KNOX",1017,35.92,-84.07,0.0,0.0,0.0,0.0,0.0,0.0,0.0,M,M,0.0,M,0.0,M,M,M,M,M,0.0,0.0,0.0,0.0,0.0,M,M,0.0,0.0,0.0,M,M,0.0,0.0
USW00013891,"KNOXVILLE MCGHEE TYSON AP","BLOUNT",962,35.82,-83.99,0.0,0.0,0.0,0.0,0.0,0.0,0.0,0.0,0.0,0.0,0.0,0.0,0.0,0.0,0.0,0.0,0.0,0.0,0.0,0.0,0.0,0.0,0.0,0.0,0.0,0.0,0.0,0.0,T,0.0,0.0
US1TNHC0002,"KYLES FORD 1.0 N","HANCOCK",1408,36.59,-83.04,0.0,0.0,0.0,0.0,0.0,0.0,0.0,M,M,M,M,0.0,0.0,0.0,0.0,M,0.0,0.0,0.0,0.0,0.0,0.0,M,M,M,0.0,0.0,M,T,T,0.0
US1TNRD0070,"LA VERGNE 2.1 SW","RUTHERFORD",735,35.98,-86.60,0.0,0.0,0.0,0.0,0.0,0.0,M,0.0,M,M,M,M,M,M,M,M,0.0,0.0,0.0,0.0,0.0,0.0,M,M,M,0.0,0.0,M,0.0,0.0,M
US1TNDV0161,"LA VERGNE 3.7 N","DAVIDSON",539,36.05,-86.58,0.0,0.0,0.0,0.0,0.0,M,0.0,M,M,0.0,M,0.0,M,0.0,0.0,M,M,0.0,0.0,0.0,0.0,0.0,M,M,M,M,0.0,M,0.0,0.0,0.0
US1TNLR0010,"LAWRENCEBURG 7.0 NW","LAWRENCE",951,35.31,-87.44,0.0,0.0,0.0,0.0,0.0,0.0,0.0,M,M,M,M,0.0,0.0,0.0,0.0,M,0.0,0.0,0.0,0.0,0.0,0.0,M,M,M,0.0,0.0,M,0.0,0.0,0.0
US1TNLR0009,"LAWRENCEBURG 8.8 SE","LAWRENCE",902,35.25,-87.38,0.0,0.0,0.0,0.0,0.0,0.0,0.0,M,M,0.0,M,0.0,0.0,0.0,0.0,M,0.0,0.0,0.0,0.0,0.0,0.0,M,M,M,0.0,0.0,M,0.0,0.0,0.0
USC00405085,"LAWRENCEBURG WWTP","LAWRENCE",790,35.24,-87.35,0.0,0.0,0.0,0.0,0.0,0.0,0.0,0.0,0.0,0.0,0.0,0.0,0.0,0.0,0.0,0.0,0.0,0.0,0.0,0.0,0.0,0.0,0.0,0.0,0.0,0.0,0.0,0.0,0.0,0.0,0.0
USC00405108,"LEBANON","WILSON",525,36.23,-86.32,0.0,0.0,0.0,0.0,0.0,0.0,0.0,0.0,0.0,0.0,0.0,0.0,0.0,0.0,0.0,0.0,0.0,0.0,0.0,0.0,0.0,0.0,0.0,0.0,0.0,0.0,0.0,0.0,0.0,0.0,0.0
US1TNWN0048,"LEBANON 10.5 ENE","WILSON",584,36.28,-86.15,0.0,0.0,0.0,0.0,0.0,0.0,0.0,M,M,0.0,M,0.0,0.0,0.0,0.0,M,0.0,0.0,0.0,0.0,0.0,0.0,M,M,0.0,0.0,0.0,M,0.0,0.0,0.0
US1TNWN0036,"LEBANON 2.7 SSE","WILSON",636,36.15,-86.31,0.0,0.0,0.0,0.0,0.0,0.0,0.0,M,M,0.0,M,0.0,0.0,0.0,0.0,M,0.0,0.0,0.0,0.0,M,0.0,M,M,M,0.0,0.0,M,0.0,0.0,0.0
USC00405118,"LEBANON 7 N","WILSON",510,36.30,-86.26,0.0,0.0,0.0,0.0,0.0,0.0,0.0,0.0,0.0,0.0,0.0,0.0,0.0,0.0,0.0,0.0,0.0,0.0,0.0,0.0,0.0,0.0,0.0,0.0,0.0,0.0,0.0,0.0,0.0,0.0,0.0
US1TNWN0066,"LEBANON 8.4 SSW","WILSON",681,36.10,-86.37,M,M,0.0,0.0,0.0,M,M,M,M,M,M,M,0.0,0.0,0.0,M,0.0,0.0,0.0,0.0,0.0,0.0,M,M,M,M,M,M,0.0,0.0,0.0
USC00405158,"LENOIR CITY","LOUDON",785,35.79,-84.26,0.0,0.0,0.0,0.0,0.0,0.0,0.0,0.0,0.0,0.0,0.0,0.0,0.0,0.0,0.0,0.0,0.0,0.0,0.0,0.0,0.0,0.0,0.0,0.0,0.0,0.0,0.0,0.0,0.0,0.0,0.0
US1TNML0006,"LEWISBURG 5.1 SW","MARSHALL",935,35.39,-86.84,0.0,0.0,0.0,0.0,0.0,0.0,0.0,M,M,M,M,0.0,0.0,0.0,0.0,M,0.0,0.0,0.0,0.0,0.0,0.0,M,M,M,0.0,0.0,M,0.0,0.0,0.0
US1TNML0004,"LEWISBURG 6.2 SSE","MARSHALL",951,35.37,-86.73,0.0,0.0,0.0,0.0,0.0,0.0,0.0,M,M,M,M,0.0,0.0,0.0,0.0,M,0.0,0.0,0.0,0.0,0.0,0.0,M,M,0.0,0.0,0.0,M,0.0,0.0,M
USC00405210,"LEXINGTON","HENDERSON",540,35.65,-88.39,0.0,0.0,0.0,0.0,0.0,0.0,0.0,0.0,0.0,0.0,0.0,0.0,0.0,0.0,0.0,0.0,0.0,0.0,0.0,0.0,0.0,0.0,0.0,0.0,0.0,0.0,0.0,0.0,0.0,0.0,0.0
US1TNPY0004,"LINDEN 7.9 NNW","PERRY",543,35.72,-87.88,0.0,0.0,0.0,0.0,0.0,0.0,0.0,0.0,0.0,0.0,0.0,0.0,0.0,0.0,0.0,0.0,0.0,0.0,0.0,0.0,0.0,0.0,0.0,0.0,0.0,0.0,0.0,0.0,0.0,0.0,0.0
US1TNOV0004,"LIVINGSTON 1.9 NNW","OVERTON",1401,36.41,-85.34,M,M,M,0.0,M,0.0,0.0,M,M,M,M,0.0,M,0.0,0.0,M,M,0.0,0.0,0.0,M,0.0,M,M,0.0,0.0,0.0,M,0.0,M,M
US1TNOV0008,"LIVINGSTON 4.1 WSW","OVERTON",1061,36.37,-85.39,M,M,M,M,M,0.0,M,M,M,M,M,M,M,M,M,M,M,M,M,M,M,M,M,M,M,M,M,M,M,M,M
USC00405431,"LOOKOUT MTN-POINT PARK","HAMILTON",2109,35.01,-85.34,0.0,0.0,0.0,0.0,0.0,0.0,0.0,0.0,0.0,0.0,0.0,0.0,0.0,0.0,0.0,0.0,0.0,0.0,0.0,0.0,0.0,0.0,0.0,0.0,0.0,0.0,0.0,0.0,0.0,0.0,0.0
US1TNLR0007,"LORETTO 4.7 NE","LAWRENCE",945,35.13,-87.39,0.0,0.0,0.0,0.0,0.0,0.0,0.0,M,M,M,M,0.0,0.0,0.0,0.0,M,0.0,0.0,0.0,0.0,0.0,0.0,M,0.0,M,0.0,0.0,M,0.0,0.0,0.0
US1TNME0001,"LYNCHBURG 0.7WNW","MOORE",844,35.29,-86.37,0.0,0.0,M,M,0.0,0.0,M,M,M,M,M,M,0.0,0.0,0.0,M,0.0,0.0,0.0,0.0,0.0,0.0,M,M,0.0,M,M,M,M,0.0,0.0
US1TNMR0004,"MADISONVILLE 1.2 NNE","MONROE",1030,35.54,-84.35,M,M,M,M,M,0.0,0.0,M,M,M,M,M,M,M,M,M,M,M,0.0,0.0,0.0,0.0,M,M,0.0,M,0.0,M,M,0.0,M
USC00405595,"MANCHESTER #2","COFFEE",1070,35.52,-86.09,0.0,0.0,0.0,0.0,0.0,0.0,0.0,0.0,0.0,0.0,0.0,0.0,0.0,0.0,0.0,0.0,0.0,0.0,0.0,0.0,0.0,0.0,0.0,0.0,0.0,0.0,0.0,0.0,0.0,0.0,0.0
US1TNCF0027,"MANCHESTER 2.4 NNW","COFFEE",1007,35.50,-86.10,0.0,0.0,0.0,0.0,0.0,0.0,0.0,M,M,0.0,M,0.0,0.0,0.0,0.0,M,0.0,0.0,0.0,0.0,0.0,0.0,M,M,M,0.0,0.0,M,0.0,0.0,0.0
US1TNCF0014,"MANCHESTER 2.6 WNW","COFFEE",1001,35.48,-86.13,0.0,0.0,0.0,0.0,0.0,0.0,0.0,M,M,M,M,0.0,0.0,0.0,0.0,M,0.0,0.0,0.0,0.0,0.0,0.0,M,M,M,0.0,0.0,M,M,M,0.0
US1TNCF0017,"MANCHESTER 4.2 NNW","COFFEE",1092,35.52,-86.11,M,M,M,M,M,M,M,M,M,M,M,M,M,M,M,M,0.0,M,M,M,M,M,M,M,M,M,M,M,M,0.0,M
USC00405681,"MARTIN U OF T BRANCH EXP STATION","WEAKLEY",340,36.34,-88.86,0.0,0.0,0.0,0.0,0.0,0.0,0.0,0.0,0.0,0.0,0.0,0.0,0.0,0.0,0.0,0.0,0.0,0.0,0.0,0.0,0.0,0.0,0.0,0.0,0.0,0.0,0.0,0.0,0.0,0.0,0.0
US1TNBT0032,"MARYVILLE 3.4 ENE","BLOUNT",1004,35.76,-83.92,M,M,M,M,M,M,M,M,M,M,0.0,M,M,M,0.0,M,0.0,0.0,M,M,0.0,M,M,M,M,M,0.0,M,M,M,M
US1TNBT0011,"MARYVILLE 4.1 SSW","BLOUNT",1161,35.70,-84.01,M,M,M,M,M,M,0.0,M,0.0,M,M,0.0,M,M,M,M,0.0,0.0,0.0,M,M,0.0,M,M,M,0.0,M,M,M,M,M
US1TNBT0026,"MARYVILLE 5.8 ESE","BLOUNT",972,35.73,-83.87,0.0,0.0,0.0,0.0,0.0,0.0,0.0,M,M,0.0,0.0,0.0,0.0,0.0,0.0,M,0.0,0.0,0.0,0.0,0.0,0.0,0.0,M,0.0,0.0,0.0,M,M,M,0.0
US1TNKX0011,"MASCOT 1.4 NNE","KNOX",1014,36.09,-83.76,0.0,0.0,0.0,0.0,0.0,0.0,0.0,M,M,0.0,M,0.0,0.0,0.0,0.0,M,0.0,0.0,0.0,0.0,0.0,0.0,M,M,0.0,0.0,0.0,M,M,M,0.0
US1TNUN0003,"MAYNARDVILLE 0.6 E","UNION",1260,36.25,-83.80,0.0,0.0,0.0,0.0,0.0,0.0,0.0,M,M,0.0,M,0.0,0.0,0.0,0.0,M,0.0,0.0,0.0,0.0,0.0,0.0,0.0,M,0.0,0.0,0.0,M,M,0.0,0.0
USC00405882,"MC MINNVILLE","WARREN",940,35.67,-85.78,0.0,0.0,0.0,0.0,0.0,0.0,0.0,0.0,0.0,0.0,0.0,0.0,0.0,0.0,0.0,0.0,0.0,0.0,0.0,0.0,0.0,0.0,0.0,0.0,0.0,0.0,0.0,0.0,0.0,0.0,0.0
US1TNWR0010,"MCMINNVILLE 8.5 ESE","WARREN",1889,35.63,-85.64,0.0,0.0,0.0,0.0,0.0,0.0,0.0,0.0,0.0,0.0,0.0,0.0,0.0,0.0,0.0,0.0,0.0,0.0,0.0,0.0,0.0,0.0,0.0,0.0,0.0,0.0,0.0,0.0,T,T,0.0
US1TNHR0002,"MEDON 3.5 SSW","HARDEMAN",426,35.41,-88.89,0.0,0.0,0.0,M,0.0,M,0.0,M,M,M,M,M,M,M,M,M,M,M,M,M,M,M,M,M,M,M,0.0,M,M,M,0.0
US1TNSH0020,"MEMPHIS 12.0 SE","SHELBY",378,35.00,-89.84,0.0,0.0,0.0,0.0,0.0,0.0,0.0,M,M,M,M,0.0,0.0,0.0,0.0,M,0.0,0.0,0.0,0.0,0.0,0.0,M,0.0,0.0,0.0,0.0,M,0.0,0.0,0.0
USW00013893,"MEMPHIS INTERNATIONAL AP","SHELBY",254,35.06,-89.99,0.0,0.0,0.0,0.0,0.0,0.0,0.0,0.0,0.0,0.0,0.0,0.0,0.0,0.0,0.0,0.0,0.0,0.0,0.0,0.0,0.0,0.0,0.0,0.0,0.0,0.0,0.0,0.0,0.0,0.0,0.0
USC00405956,"MEMPHIS WFO","SHELBY",310,35.13,-89.80,0.0,0.0,0.0,0.0,0.0,0.0,0.0,0.0,0.0,0.0,0.0,0.0,0.0,0.0,0.0,0.0,0.0,0.0,0.0,0.0,0.0,0.0,0.0,0.0,0.0,0.0,0.0,0.0,0.0,0.0,0.0
USC00406012,"MILAN EXP STN","GIBSON",415,35.93,-88.73,0.0,0.0,0.0,0.0,0.0,0.0,0.0,0.0,0.0,0.0,0.0,0.0,0.0,0.0,0.0,0.0,0.0,0.0,0.0,0.0,0.0,0.0,0.0,0.0,0.0,0.0,0.0,0.0,0.0,0.0,0.0
USC00406162,"MONTEAGLE","MARION",1850,35.22,-85.84,0.0,0.0,0.0,0.0,0.0,0.0,0.0,0.0,0.0,0.0,0.0,0.0,0.0,0.0,0.0,0.0,0.0,0.0,0.0,0.0,0.0,0.0,0.0,0.0,0.0,0.0,0.0,0.0,0.0,0.0,0.0
USC00406170,"MONTEREY","PUTNAM",1859,36.15,-85.26,0.0,0.0,0.0,0.0,0.0,0.0,0.0,0.0,0.0,0.0,0.0,0.0,0.0,0.0,0.0,0.0,0.0,0.0,0.0,0.0,0.0,0.0,0.0,0.0,0.0,0.0,0.0,0.0,T,T,0.0
US1TNPM0004,"MONTEREY 3.9 W","PUTNAM",1817,36.13,-85.31,0.0,0.0,0.0,0.0,0.0,0.0,0.0,M,M,M,M,0.0,0.0,0.0,0.0,M,0.0,0.0,0.0,0.0,0.0,0.0,M,M,0.0,0.0,0.0,M,T,T,0.0
USC00406180,"MONTGOMERY BELL STATE PARK","DICKSON",600,36.10,-87.28,0.0,0.0,0.0,0.0,0.0,0.0,0.0,0.0,0.0,0.0,0.0,0.0,0.0,0.0,0.0,0.0,0.0,0.0,0.0,0.0,0.0,0.0,0.0,0.0,0.0,0.0,0.0,0.0,0.0,0.0,0.0
US1TNWR0004,"MORRISON 1.9 SSW","WARREN",1070,35.58,-85.93,M,M,M,M,M,M,M,M,M,M,M,M,M,M,M,M,M,M,M,M,M,M,M,M,M,M,M,M,T,0.0,M
US1TNWR0016,"MORRISON 8.1 SE","WARREN",1140,35.51,-85.83,0.0,0.0,0.0,0.0,0.0,0.0,M,M,M,M,M,M,M,M,M,M,M,M,M,M,M,M,M,M,M,M,M,M,M,M,M
US1TNHB0002,"MORRISTOWN 5.3 W","HAMBLEN",1230,36.20,-83.39,0.0,0.0,0.0,0.0,0.0,0.0,0.0,M,M,M,M,0.0,0.0,0.0,0.0,M,0.0,0.0,0.0,0.0,0.0,0.0,0.0,M,M,0.0,0.0,0.0,M,M,0.0
USC00406271,"MORRISTOWN RADIO WCRK","HAMBLEN",1344,36.21,-83.33,0.0,0.0,0.0,0.0,0.0,0.0,0.0,0.0,0.0,0.0,0.0,0.0,0.0,0.0,0.0,0.0,0.0,0.0,0.0,0.0,0.0,0.0,0.0,0.0,0.0,0.0,0.0,0.0,0.0,0.0,0.0
USC00406272,"MORRISTOWN WFO","HAMBLEN",1320,36.17,-83.40,0.0,0.0,0.0,0.0,0.0,0.0,0.0,0.0,0.0,0.0,0.0,0.0,0.0,0.0,0.0,0.0,0.0,0.0,0.0,0.0,0.0,0.0,0.0,0.0,0.0,0.0,0.0,0.0,T,0.0,0.0
US1TNGN0004,"MOSHEIM 7.5 WSW","GREENE",1194,36.14,-83.07,0.0,0.0,0.0,0.0,0.0,0.0,0.0,M,M,M,M,0.0,0.0,0.0,0.0,M,0.0,0.0,0.0,0.0,0.0,0.0,M,M,0.0,0.0,0.0,M,M,M,0.0
US1TNWN0042,"MOUNT JULIET 2.9 WSW","WILSON",479,36.19,-86.57,M,M,M,M,M,M,M,0.0,0.0,M,0.0,0.0,0.0,M,M,0.0,M,M,M,M,M,M,0.0,0.0,M,M,M,0.0,M,T,M
US1TNWN0090,"MOUNT JULIET 4.0 SE","WILSON",637,36.16,-86.48,0.0,0.0,0.0,0.0,0.0,0.0,0.0,M,M,M,M,0.0,0.0,0.0,0.0,M,0.0,0.0,0.0,0.0,M,0.0,M,M,0.0,0.0,0.0,M,0.0,0.0,0.0
US1TNDV0079,"MOUNT JULIET 5.2 SSW","DAVIDSON",520,36.14,-86.57,0.0,0.0,0.0,0.0,0.0,0.0,0.0,M,M,0.0,M,0.0,0.0,0.0,0.0,M,0.0,0.0,0.0,0.0,0.0,0.0,M,M,0.0,0.0,0.0,M,0.0,0.0,0.0
US1TNDV0076,"MOUNT JULIET 6.1 SSW","DAVIDSON",571,36.12,-86.55,M,M,M,M,M,M,M,M,M,M,M,M,M,M,M,M,M,M,M,M,M,0.0,M,M,M,0.0,M,M,M,M,M
USC00406340,"MOUNT PLEASANT 1N","MAURY",778,35.56,-87.20,0.0,0.0,0.0,0.0,0.0,0.0,0.0,0.0,0.0,0.0,0.0,0.0,0.0,0.0,0.0,0.0,0.0,0.0,0.0,0.0,0.0,0.0,0.0,0.0,0.0,0.0,0.0,0.0,0.0,0.0,0.0
USC00406292,"MOUNTAIN CITY 2","JOHNSON",2418,36.47,-81.80,0.0,0.0,0.0,0.0,0.0,0.0,0.0,0.0,0.0,0.0,0.0,0.0,0.0,0.0,0.0,0.0,0.0,0.0,0.0,0.0,0.0,0.0,0.0,0.0,0.0,0.0,0.0,0.0,0.0,0.0,0.0
USC00406308,"MOUSETAIL LANDING STATE PARK","PERRY",450,35.66,-88.01,0.0,0.0,0.0,0.0,0.0,0.0,0.0,0.0,0.0,0.0,0.0,0.0,0.0,0.0,0.0,0.0,0.0,0.0,0.0,0.0,0.0,0.0,0.0,0.0,0.0,0.0,0.0,0.0,0.0,0.0,0.0
USC00406328,"MT LECONTE","SEVIER",6491,35.65,-83.44,0.0,0.0,0.0,0.0,0.0,0.0,0.0,0.0,0.0,0.0,0.0,0.0,0.0,0.0,0.0,0.0,0.0,0.0,0.0,0.0,0.0,0.0,0.0,0.0,0.0,0.0,0.0,0.0,0.0,3.0,0.0
US1TNRD0091,"MURFREESBORO 1.6 NE","RUTHERFORD",610,35.87,-86.37,0.0,0.0,0.0,0.0,0.0,0.0,0.0,M,M,M,M,M,M,M,M,M,M,M,M,M,M,M,M,M,M,M,M,M,M,M,M
US1TNRD0065,"MURFREESBORO 3.2 WNW","RUTHERFORD",564,35.88,-86.44,0.0,0.0,0.0,0.0,0.0,0.0,0.0,M,M,M,M,0.0,M,M,0.0,M,0.0,0.0,0.0,0.0,M,M,M,M,M,0.0,0.0,M,M,M,M
US1TNRD0008,"MURFREESBORO 3.2 WSW","RUTHERFORD",636,35.83,-86.45,0.0,0.0,0.0,0.0,0.0,0.0,0.0,0.0,M,M,0.0,0.0,0.0,0.0,0.0,M,0.0,0.0,0.0,0.0,0.0,0.0,M,0.0,0.0,0.0,0.0,M,M,0.0,0.0
US1TNRD0107,"MURFREESBORO 3.8 SSE","RUTHERFORD",636,35.81,-86.36,M,M,M,M,M,M,M,M,M,M,M,0.0,M,M,M,M,M,M,M,M,M,M,M,M,M,M,M,M,M,M,M
US1TNRD0072,"MURFREESBORO 4.2 SE","RUTHERFORD",658,35.82,-86.33,0.0,0.0,0.0,0.0,0.0,0.0,0.0,M,M,M,M,0.0,M,0.0,0.0,M,0.0,0.0,0.0,0.0,0.0,0.0,M,M,0.0,0.0,0.0,M,0.0,M,0.0
US1TNRD0104,"MURFREESBORO 4.3 SE","RUTHERFORD",623,35.81,-86.35,M,M,M,M,0.0,M,M,M,M,M,M,M,M,M,M,M,M,M,M,M,M,M,M,M,M,0.0,M,M,M,M,M
USC00406371,"MURFREESBORO 5 N","RUTHERFORD",535,35.92,-86.37,0.0,0.0,0.0,0.0,0.0,0.0,0.0,0.0,0.0,0.0,0.0,0.0,0.0,0.0,0.0,0.0,0.0,0.0,0.0,0.0,0.0,0.0,0.0,0.0,0.0,0.0,0.0,0.0,0.0,0.0,0.0
US1TNRD0001,"MURFREESBORO 5.5 NNW","RUTHERFORD",551,35.92,-86.44,0.0,0.0,0.0,0.0,0.0,0.0,0.0,M,M,M,M,0.0,0.0,0.0,0.0,M,0.0,0.0,0.0,0.0,0.0,0.0,M,M,M,0.0,0.0,M,M,0.0,0.0
US1TNRD0100,"MURFREESBORO 7.9 NNW","RUTHERFORD",556,35.96,-86.43,0.0,0.0,0.0,0.0,0.0,0.0,0.0,M,M,M,M,M,M,0.0,0.0,M,M,0.0,0.0,0.0,0.0,0.0,M,M,M,0.0,0.0,M,M,0.0,0.0
US1TNRD0012,"MURFREESBORO 8.7 E","RUTHERFORD",627,35.86,-86.24,0.0,0.0,0.0,0.0,0.0,0.0,M,M,M,M,0.0,M,0.0,0.0,M,M,0.0,0.0,0.0,0.0,0.0,0.0,M,M,M,0.0,0.0,M,0.0,0.0,0.0
US1TNDV0155,"NASHVILLE 3.6 SSW","DAVIDSON",631,36.12,-86.80,0.0,0.0,0.0,0.0,0.0,0.0,0.0,M,M,0.0,M,0.0,0.0,0.0,0.0,M,0.0,0.0,0.0,0.0,0.0,0.0,M,0.0,0.0,0.0,0.0,M,M,M,M
US1TNDV0152,"NASHVILLE 4.1 SSW","DAVIDSON",628,36.11,-86.81,M,M,M,M,0.0,0.0,0.0,M,M,0.0,M,M,M,M,0.0,M,0.0,0.0,0.0,0.0,M,M,M,0.0,M,0.0,0.0,M,0.0,M,0.0
US1TNDV0117,"NASHVILLE 5.0 NE","DAVIDSON",523,36.22,-86.72,0.0,0.0,0.0,0.0,0.0,M,0.0,M,M,M,M,M,M,0.0,0.0,M,0.0,0.0,0.0,0.0,0.0,0.0,M,M,M,0.0,0.0,M,M,0.0,0.0
US1TNDV0163,"NASHVILLE 5.2 S","DAVIDSON",663,36.09,-86.77,0.0,0.0,0.0,0.0,0.0,0.0,0.0,M,M,0.0,M,0.0,0.0,0.0,0.0,M,0.0,0.0,0.0,0.0,0.0,0.0,M,M,M,0.0,0.0,M,0.0,0.0,0.0
US1TNDV0139,"NASHVILLE 6.2 SSW","DAVIDSON",864,36.08,-86.82,0.0,0.0,0.0,0.0,0.0,0.0,0.0,0.0,M,0.0,0.0,0.0,0.0,0.0,0.0,0.0,0.0,0.0,0.0,0.0,0.0,0.0,M,0.0,0.0,0.0,0.0,M,0.0,0.0,0.0
US1TNDV0121,"NASHVILLE 6.4 E","DAVIDSON",618,36.18,-86.67,0.0,0.0,0.0,0.0,0.0,0.0,0.0,M,M,0.0,M,M,0.0,0.0,0.0,M,0.0,0.0,0.0,0.0,0.0,0.0,M,M,M,M,M,M,M,M,0.0
US1TNDV0112,"NASHVILLE 7.6 WSW","DAVIDSON",604,36.11,-86.90,M,M,0.0,0.0,0.0,0.0,M,M,M,0.0,M,M,0.0,M,M,M,0.0,M,0.0,0.0,M,0.0,M,M,M,M,0.0,M,M,M,0.0
USC00406403,"NASHVILLE BERRY FIELD","DAVIDSON",560,36.11,-86.68,0.0,0.0,0.0,0.0,0.0,0.0,0.0,0.0,0.0,0.0,0.0,0.0,0.0,0.0,0.0,0.0,0.0,0.0,0.0,0.0,0.0,0.0,0.0,0.0,0.0,0.0,0.0,0.0,0.0,0.0,0.0
USW00013897,"NASHVILLE INTL AP","DAVIDSON",600,36.12,-86.69,0.0,0.0,0.0,0.0,0.0,0.0,0.0,0.0,0.0,0.0,0.0,0.0,0.0,0.0,0.0,0.0,0.0,0.0,0.0,0.0,0.0,0.0,0.0,0.0,0.0,0.0,0.0,0.0,0.0,0.0,0.0
USC00406435,"NEAPOLIS RESEARCH & EDUCATION STA","MAURY",700,35.72,-86.97,0.0,0.0,0.0,0.0,0.0,0.0,0.0,0.0,0.0,0.0,0.0,0.0,0.0,0.0,0.0,0.0,0.0,0.0,0.0,0.0,0.0,0.0,0.0,0.0,0.0,0.0,0.0,0.0,0.0,0.0,0.0
US1TNDY0001,"NEWBERN 6.5 SE","DYER",279,36.04,-89.20,0.0,0.0,M,0.0,0.0,0.0,0.0,M,M,M,M,0.0,0.0,0.0,0.0,M,0.0,0.0,0.0,0.0,0.0,0.0,M,0.0,M,0.0,0.0,M,0.0,0.0,0.0
USC00406493,"NEWCOMB","CAMPBELL",1014,36.55,-84.17,0.0,0.0,0.0,0.0,0.0,0.0,0.0,0.0,0.0,0.0,0.0,0.0,0.0,0.0,0.0,0.0,0.0,0.0,0.0,0.0,0.0,0.0,0.0,0.0,0.0,0.0,0.0,0.0,0.0,0.0,0.0
USC00406500,"NEWFOUND GAP","SEVIER",5039,35.61,-83.43,0.0,0.0,0.0,0.0,0.0,0.0,0.0,0.0,0.0,0.0,0.0,0.0,0.0,0.0,0.0,0.0,0.0,0.0,0.0,0.0,0.0,0.0,0.0,0.0,0.0,0.0,0.0,0.0,T,2.0,0.0
USC00406534,"NEWPORT 1 NW","COCKE",1036,35.98,-83.20,0.0,0.0,0.0,0.0,0.0,0.0,0.0,0.0,0.0,0.0,0.0,0.0,0.0,0.0,0.0,0.0,0.0,0.0,0.0,0.0,0.0,0.0,0.0,0.0,0.0,0.0,0.0,0.0,0.0,0.0,0.0
US1TNWL0010,"NOLENSVILLE 1.0 NNW","WILLIAMSON",710,35.96,-86.66,0.0,0.0,0.0,M,M,M,M,M,M,M,M,M,0.0,0.0,0.0,M,M,M,0.0,0.0,0.0,0.0,M,M,M,0.0,0.0,M,0.0,0.0,M
USC00406619,"NORRIS","ANDERSON",1110,36.21,-84.06,0.0,0.0,0.0,0.0,0.0,0.0,0.0,0.0,0.0,0.0,0.0,0.0,0.0,0.0,0.0,0.0,0.0,0.0,0.0,0.0,0.0,0.0,0.0,0.0,0.0,0.0,0.0,0.0,0.0,0.0,0.0
US1TNAN0008,"NORRIS 0.6 NW","ANDERSON",1158,36.20,-84.08,0.0,0.0,0.0,0.0,0.0,0.0,0.0,M,M,0.0,M,0.0,0.0,0.0,M,M,0.0,0.0,0.0,0.0,0.0,0.0,M,M,0.0,0.0,0.0,M,M,M,0.0
US1TNSL0001,"OAK GROVE 3.0 E","SULLIVAN",1493,36.41,-82.38,0.0,0.0,0.0,0.0,0.0,0.0,0.0,M,M,M,M,0.0,M,0.0,0.0,M,0.0,0.0,0.0,0.0,0.0,0.0,M,M,M,0.0,0.0,0.0,M,M,0.0
US1TNAN0009,"OAK RIDGE 5.7 NE","ANDERSON",854,36.02,-84.22,0.0,0.0,0.0,0.0,0.0,0.0,0.0,M,M,0.0,M,0.0,0.0,0.0,0.0,M,0.0,0.0,M,0.0,0.0,0.0,M,M,0.0,0.0,0.0,M,M,0.0,0.0
USW00053868,"OAK RIDGE ASOS","ANDERSON",900,36.02,-84.23,M,M,M,M,M,M,0.0,M,M,M,M,0.0,0.0,0.0,M,M,M,M,M,M,M,0.0,0.0,M,0.0,0.0,M,M,M,M,M
USW00003841,"OAK RIDGE ATDD","ANDERSON",1019,36.00,-84.22,0.0,0.0,0.0,0.0,0.0,0.0,0.0,0.0,0.0,0.0,0.0,0.0,0.0,0.0,0.0,0.0,0.0,0.0,0.0,0.0,0.0,0.0,0.0,0.0,0.0,0.0,0.0,0.0,0.0,0.0,0.0
US1TNFY0002,"OAKLAND 1.3 NE","FAYETTE",407,35.23,-89.49,0.0,0.0,0.0,0.0,0.0,0.0,0.0,0.0,0.0,M,M,0.0,0.0,0.0,0.0,M,M,0.0,0.0,0.0,0.0,0.0,M,0.0,0.0,0.0,0.0,M,0.0,0.0,M
US1TNFY0013,"OAKLAND 2.9 SSE","FAYETTE",414,35.19,-89.49,0.0,0.0,0.0,0.0,0.0,M,0.0,M,0.0,M,M,0.0,M,M,M,M,M,0.0,0.0,0.0,0.0,0.0,M,0.0,0.0,0.0,M,M,0.0,0.0,M
US1TNDV0166,"OLD HICKORY 1.6 SSE","DAVIDSON",443,36.24,-86.64,0.0,0.0,0.0,0.0,0.0,0.0,0.0,M,M,M,M,M,M,0.0,0.0,M,0.0,0.0,0.0,0.0,0.0,0.0,M,M,0.0,0.0,0.0,M,M,0.0,0.0
USC00406803,"OLD HICKORY DAM","DAVIDSON",460,36.30,-86.66,0.0,0.0,0.0,0.0,0.0,0.0,0.0,0.0,0.0,0.0,0.0,0.0,0.0,0.0,0.0,0.0,0.0,0.0,0.0,0.0,0.0,0.0,0.0,0.0,0.0,0.0,0.0,0.0,0.0,0.0,0.0
USC00406806,"OLD HICKORY WFO","WILSON",590,36.25,-86.56,0.0,0.0,0.0,0.0,0.0,0.0,0.0,0.0,0.0,0.0,0.0,0.0,0.0,0.0,0.0,0.0,0.0,0.0,0.0,0.0,0.0,0.0,0.0,0.0,0.0,0.0,0.0,0.0,0.0,0.0,0.0
US1TNRN0006,"OLIVER SPRINGS 5.6 SW","ROANE",840,35.97,-84.39,M,0.0,0.0,0.0,0.0,M,M,M,M,M,M,0.0,M,M,0.0,M,0.0,0.0,0.0,M,M,M,M,M,0.0,0.0,M,M,M,0.0,0.0
USC00406829,"ONEIDA","SCOTT",1440,36.50,-84.53,0.0,0.0,0.0,0.0,0.0,0.0,0.0,0.0,0.0,0.0,0.0,0.0,0.0,0.0,0.0,0.0,0.0,0.0,0.0,0.0,0.0,0.0,0.0,0.0,0.0,0.0,0.0,0.0,0.0,0.0,0.0
US1TNHL0022,"OOLTEWAH 2.0 S","HAMILTON",906,35.03,-85.09,0.0,0.0,0.0,0.0,0.0,0.0,0.0,M,M,M,0.0,0.0,0.0,0.0,0.0,M,0.0,0.0,0.0,0.0,0.0,0.0,M,M,0.0,0.0,0.0,M,M,0.0,0.0
US1TNHL0023,"OOLTEWAH 3.0 SW","HAMILTON",932,35.04,-85.09,0.0,0.0,0.0,0.0,0.0,0.0,0.0,M,M,M,M,0.0,0.0,0.0,0.0,M,0.0,0.0,0.0,0.0,0.0,0.0,M,M,0.0,0.0,0.0,M,M,M,M
US1TNHL0014,"OOLTEWAH 6.7 NNE","HAMILTON",699,35.15,-85.05,0.0,0.0,0.0,0.0,0.0,0.0,0.0,M,M,M,M,0.0,0.0,0.0,0.0,M,0.0,0.0,0.0,0.0,0.0,M,M,M,M,0.0,0.0,M,M,M,0.0
US1TNHY0003,"PARIS 1.0 W","HENRY",551,36.30,-88.32,0.0,0.0,M,0.0,0.0,0.0,0.0,M,M,0.0,M,M,M,0.0,0.0,M,0.0,0.0,0.0,0.0,0.0,0.0,M,M,M,0.0,0.0,M,0.0,0.0,0.0
USC00406977,"PARIS 2 SE","HENRY",443,36.29,-88.30,0.0,0.0,0.0,0.0,0.0,0.0,0.0,0.0,0.0,0.0,0.0,0.0,0.0,0.0,0.0,0.0,0.0,0.0,0.0,0.0,0.0,0.0,0.0,0.0,0.0,0.0,0.0,0.0,0.0,0.0,0.0
US1TNBF0014,"PETERSBURG 7.3 N","BEDFORD",868,35.42,-86.62,0.0,0.0,0.0,0.0,0.0,0.0,0.0,M,M,M,M,0.0,0.0,M,0.0,M,0.0,0.0,0.0,0.0,0.0,0.0,M,M,M,0.0,0.0,M,0.0,0.0,0.0
US1TNMG0003,"PETROS 0.2E","MORGAN",1348,36.10,-84.44,M,0.0,M,M,M,M,M,M,M,M,M,M,M,0.0,M,M,M,M,M,M,M,M,M,M,0.0,0.0,0.0,M,0.0,T,0.0
USC00407184,"PIKEVILLE","BLEDSOE",864,35.60,-85.19,0.0,0.0,0.0,0.0,0.0,0.0,0.0,0.0,0.0,0.0,0.0,0.0,0.0,0.0,0.0,0.0,0.0,0.0,0.0,0.0,0.0,0.0,0.0,0.0,0.0,0.0,0.0,0.0,T,0.0,0.0
US1TNBL0016,"PIKEVILLE 10.3 N","BLEDSOE",1779,35.75,-85.17,0.0,0.0,0.0,0.0,0.0,0.0,0.0,M,M,0.0,M,0.0,0.0,0.0,0.0,M,0.0,0.0,0.0,0.0,0.0,0.0,M,M,0.0,0.0,0.0,M,M,0.0,0.0
US1TNBL0006,"PIKEVILLE 13.2 NE","BLEDSOE",1142,35.75,-85.05,0.0,0.0,0.0,0.0,0.0,0.0,0.0,M,M,0.0,M,M,0.0,0.0,0.0,M,0.0,M,0.0,0.0,0.0,0.0,M,M,0.0,M,M,M,0.0,M,0.0
US1TNBL0014,"PIKEVILLE 5.3 SW","BLEDSOE",1025,35.56,-85.26,0.0,0.0,0.0,0.0,0.0,0.0,0.0,M,M,M,M,M,M,M,M,M,M,M,M,M,M,M,M,M,0.0,0.0,M,M,M,M,M
US1TNBL0010,"PIKEVILLE 5.4 N","BLEDSOE",1702,35.69,-85.20,M,0.0,0.0,0.0,0.0,M,M,M,M,0.0,M,0.0,0.0,0.0,0.0,M,0.0,0.0,0.0,0.0,0.0,0.0,M,M,0.0,0.0,0.0,M,M,0.0,0.0
US1TNBL0002,"PIKEVILLE 7.5 SW","BLEDSOE",2089,35.54,-85.30,0.0,0.0,0.0,0.0,0.0,0.0,0.0,M,M,M,M,0.0,0.0,0.0,0.0,M,0.0,0.0,0.0,M,M,M,M,M,0.0,0.0,0.0,M,M,0.0,0.0
US1TNBL0021,"PIKEVILLE 8.2 WSW","BLEDSOE",1896,35.55,-85.33,0.0,0.0,0.0,0.0,0.0,0.0,M,M,M,M,M,0.0,0.0,M,0.0,M,0.0,0.0,0.0,0.0,0.0,M,M,M,0.0,0.0,0.0,M,M,0.0,0.0
USC00407359,"PORTLAND SEWAGE PLANT","SUMNER",794,36.59,-86.53,0.0,0.0,0.0,0.0,0.0,0.0,0.0,0.0,0.0,0.0,0.0,0.0,0.0,0.0,0.0,0.0,0.0,0.0,0.0,0.0,0.0,0.0,0.0,0.0,0.0,0.0,0.0,0.0,0.0,0.0,0.0
US1TNGL0011,"PULASKI 7.9 ENE","GILES",981,35.25,-86.91,M,0.0,0.0,0.0,0.0,0.0,0.0,M,M,M,M,0.0,0.0,0.0,0.0,M,0.0,0.0,0.0,0.0,0.0,0.0,M,M,M,0.0,0.0,M,0.0,0.0,0.0
USC00407459,"PULASKI WASTEWATER PLANT","GILES",644,35.18,-87.04,0.0,0.0,0.0,0.0,0.0,0.0,0.0,0.0,0.0,0.0,0.0,0.0,0.0,0.0,0.0,0.0,0.0,0.0,0.0,0.0,0.0,0.0,0.0,0.0,0.0,0.0,0.0,0.0,0.0,0.0,0.0
US1TNMN0002,"RAMER 1.5 S","MCNAIRY",499,35.05,-88.62,0.0,0.0,M,0.0,0.0,0.0,0.0,M,M,M,M,0.0,0.0,0.0,0.0,M,0.0,0.0,0.0,0.0,0.0,0.0,M,M,M,0.0,0.0,M,0.0,0.0,0.0
US1TNCY0003,"RED BOILING SPRINGS 6.7 NNE","CLAY",763,36.61,-85.79,M,M,M,M,M,M,M,M,M,M,M,M,M,M,M,M,0.0,M,0.0,M,0.0,M,M,M,0.0,0.0,0.0,M,0.0,T,M
US1TNRB0001,"RIDGETOP 3.8 SW","ROBERTSON",863,36.37,-86.83,M,M,M,M,M,0.0,0.0,M,M,M,M,M,M,M,M,M,M,M,M,M,M,M,M,M,M,M,M,M,M,M,M
USC00407770,"ROAN MOUNTAIN 3SW","CARTER",2922,36.16,-82.10,0.0,0.0,0.0,0.0,0.0,0.0,0.0,0.0,0.0,0.0,0.0,0.0,0.0,0.0,0.0,0.0,0.0,0.0,0.0,0.0,0.0,0.0,0.0,0.0,0.0,0.0,0.0,0.0,0.0,0.0,0.0
US1TNCT0002,"ROAN MOUNTAIN 7.1 W","CARTER",2721,36.19,-82.20,0.0,0.0,0.0,0.0,0.0,0.0,0.0,0.0,M,M,M,0.0,0.0,0.0,0.0,M,0.0,0.0,0.0,0.0,M,0.0,M,M,0.0,0.0,0.0,M,M,T,0.0
USC00407808,"ROCK ISLAND STATE PARK","WHITE",880,35.81,-85.64,0.0,0.0,0.0,0.0,0.0,0.0,0.0,0.0,0.0,0.0,0.0,0.0,0.0,0.0,0.0,0.0,0.0,0.0,0.0,0.0,0.0,0.0,0.0,0.0,0.0,0.0,0.0,0.0,0.0,0.0,0.0
US1TNRD0055,"ROCK VALE 4.5S","RUTHERFORD",778,35.70,-86.53,M,M,M,M,M,M,M,M,M,M,M,M,M,M,M,M,M,M,M,M,0.0,0.0,M,M,M,M,M,M,M,M,M
US1TNMM0006,"ROCKWOOD 11.3 S","MCMINN",840,35.64,-84.62,0.0,M,M,M,0.0,M,M,M,M,M,M,M,M,M,0.0,M,M,M,M,M,M,M,M,M,M,M,M,M,M,M,M
USC00407834,"ROCKWOOD 2","ROANE",767,35.84,-84.69,0.0,0.0,0.0,0.0,0.0,0.0,0.0,0.0,0.0,0.0,0.0,0.0,0.0,0.0,0.0,0.0,0.0,0.0,0.0,0.0,0.0,0.0,0.0,0.0,0.0,0.0,0.0,0.0,0.0,0.0,0.0
USC00407884,"ROGERSVILLE 1 NE","HAWKINS",1355,36.42,-82.98,0.0,0.0,0.0,0.0,0.0,0.0,0.0,0.0,0.0,0.0,0.0,M,0.0,0.0,0.0,0.0,0.0,0.0,0.0,0.0,0.0,0.0,0.0,0.0,0.0,0.0,0.0,0.0,0.0,0.0,0.0
US1TNHK0005,"ROGERSVILLE 7.8 ENE","HAWKINS",1183,36.45,-82.88,0.0,0.0,0.0,0.0,0.0,0.0,0.0,0.0,M,M,0.0,0.0,0.0,0.0,0.0,M,0.0,0.0,0.0,0.0,0.0,0.0,0.0,M,0.0,0.0,0.0,M,M,M,0.0
USC00408108,"SAVANNAH 6 SW","HARDIN",420,35.15,-88.32,0.0,0.0,0.0,0.0,0.0,0.0,0.0,0.0,0.0,0.0,0.0,0.0,0.0,0.0,0.0,0.0,0.0,0.0,0.0,0.0,0.0,0.0,0.0,0.0,0.0,0.0,0.0,0.0,0.0,0.0,0.0
US1TNHD0003,"SCOTTS HILL 2.8 NNW","HENDERSON",466,35.55,-88.27,0.0,0.0,0.0,0.0,0.0,0.0,0.0,0.0,M,0.0,M,0.0,0.0,0.0,0.0,0.0,0.0,0.0,0.0,0.0,0.0,0.0,M,0.0,0.0,0.0,0.0,M,0.0,0.0,0.0
USC00408160,"SELMER","MCNAIRY",470,35.16,-88.60,0.0,0.0,0.0,0.0,0.0,0.0,0.0,0.0,0.0,0.0,0.0,0.0,0.0,0.0,0.0,0.0,0.0,0.0,0.0,0.0,0.0,0.0,0.0,0.0,0.0,0.0,0.0,0.0,0.0,0.0,0.0
USC00408179,"SEVIERVILLE","SEVIER",899,35.93,-83.60,0.0,0.0,0.0,0.0,0.0,0.0,0.0,0.0,0.0,0.0,0.0,0.0,0.0,0.0,0.0,0.0,0.0,0.0,0.0,0.0,0.0,0.0,0.0,0.0,0.0,0.0,0.0,0.0,0.0,0.0,0.0
US1TNSV0003,"SEVIERVILLE 2.8 NNW","SEVIER",889,35.93,-83.60,0.0,0.0,0.0,0.0,0.0,0.0,0.0,M,M,0.0,M,0.0,0.0,0.0,0.0,M,0.0,0.0,0.0,0.0,0.0,0.0,0.0,M,M,0.0,0.0,M,M,M,0.0
US1TNSV0004,"SEVIERVILLE 5.4 ENE","SEVIER",1089,35.92,-83.49,M,M,M,M,M,M,M,0.0,M,M,0.0,M,M,M,M,M,M,M,M,M,M,M,M,0.0,M,M,M,M,M,0.0,M
USC00408238,"SHELBY BOTTOMS NATURE CENTER","DAVIDSON",405,36.17,-86.72,0.0,0.0,0.0,0.0,0.0,0.0,0.0,0.0,0.0,0.0,0.0,0.0,0.0,0.0,0.0,0.0,0.0,0.0,0.0,0.0,0.0,0.0,0.0,0.0,0.0,0.0,0.0,0.0,0.0,0.0,0.0
US1TNBF0015,"SHELBYVILLE 10.4 S","BEDFORD",995,35.34,-86.43,0.0,0.0,0.0,0.0,0.0,0.0,0.0,M,M,M,M,0.0,0.0,0.0,0.0,M,0.0,0.0,0.0,0.0,0.0,0.0,M,M,0.0,0.0,0.0,M,0.0,0.0,0.0
US1TNBF0005,"SHELBYVILLE 3.1 ESE","BEDFORD",751,35.47,-86.40,0.0,0.0,0.0,0.0,0.0,0.0,0.0,M,M,M,M,0.0,0.0,0.0,0.0,M,0.0,0.0,0.0,0.0,0.0,0.0,M,M,0.0,0.0,0.0,M,0.0,0.0,0.0
US1TNBF0023,"SHELBYVILLE 8.7 W","BEDFORD",804,35.47,-86.60,0.0,0.0,0.0,0.0,0.0,0.0,0.0,0.0,M,M,M,M,M,M,M,M,M,0.0,0.0,0.0,0.0,0.0,M,0.0,0.0,M,0.0,M,M,0.0,0.0
US1TNBF0017,"SHELBYVILLE 8.9 WSW","BEDFORD",856,35.42,-86.58,M,0.0,0.0,0.0,0.0,M,0.0,M,M,M,M,M,0.0,0.0,0.0,M,M,0.0,0.0,M,0.0,0.0,M,M,M,0.0,M,M,0.0,0.0,0.0
USC00408242,"SHELBYVILLE MUNI. AIRPORT","BEDFORD",803,35.56,-86.45,0.0,0.0,0.0,0.0,0.0,0.0,0.0,0.0,0.0,0.0,0.0,0.0,0.0,0.0,0.0,0.0,0.0,0.0,0.0,0.0,0.0,0.0,0.0,0.0,0.0,0.0,0.0,0.0,0.0,0.0,0.0
USC00408246,"SHELBYVILLE WATER DEPT","BEDFORD",760,35.49,-86.48,0.0,0.0,0.0,0.0,0.0,0.0,0.0,0.0,0.0,0.0,0.0,0.0,0.0,0.0,0.0,0.0,0.0,0.0,0.0,0.0,0.0,0.0,0.0,0.0,0.0,0.0,0.0,0.0,0.0,0.0,0.0
US1TNDK0003,"SILVER POINT 3.0 SSE","DEKALB",1000,36.05,-85.72,0.0,0.0,0.0,0.0,0.0,0.0,0.0,0.0,M,M,M,0.0,0.0,0.0,0.0,0.0,0.0,0.0,0.0,0.0,0.0,0.0,M,M,M,0.0,0.0,M,M,0.0,0.0
USC00408405,"SMITHVILLE 2 SE","DEKALB",890,35.94,-85.79,0.0,0.0,0.0,0.0,0.0,0.0,0.0,0.0,0.0,0.0,0.0,0.0,0.0,0.0,0.0,0.0,0.0,0.0,0.0,0.0,0.0,0.0,0.0,0.0,0.0,0.0,0.0,0.0,0.0,0.0,0.0
US1TNDK0001,"SMITHVILLE 4.9 WSW","DEKALB",1086,35.93,-85.90,0.0,0.0,M,0.0,0.0,0.0,0.0,M,M,M,M,0.0,0.0,0.0,0.0,0.0,0.0,0.0,0.0,0.0,0.0,0.0,M,M,M,0.0,0.0,M,0.0,0.0,0.0
US1TNRD0095,"SMYRNA 2.1 E","RUTHERFORD",516,35.99,-86.48,M,M,M,M,M,M,M,M,M,M,M,M,M,M,M,M,0.0,0.0,0.0,0.0,0.0,0.0,M,M,M,0.0,0.0,M,0.0,0.0,0.0
US1TNRD0099,"SMYRNA 3.0 ESE","RUTHERFORD",518,35.96,-86.47,0.0,0.0,0.0,0.0,0.0,0.0,0.0,M,M,M,M,0.0,0.0,0.0,0.0,M,0.0,0.0,0.0,0.0,0.0,0.0,M,M,M,0.0,0.0,M,0.0,0.0,0.0
US1TNFY0012,"SOMERVILLE 1.7 N","FAYETTE",350,35.26,-89.35,M,0.0,0.0,0.0,0.0,0.0,M,0.0,M,M,M,0.0,M,0.0,0.0,M,0.0,0.0,0.0,0.0,0.0,0.0,M,M,0.0,0.0,0.0,M,M,M,0.0
USC00408450,"SOMERVILLE 10N","FAYETTE",370,35.39,-89.37,0.0,0.0,0.0,0.0,0.0,0.0,0.0,0.0,0.0,0.0,0.0,0.0,0.0,0.0,0.0,0.0,0.0,0.0,0.0,0.0,0.0,0.0,0.0,0.0,0.0,0.0,0.0,0.0,0.0,0.0,0.0
US1TNWT0009,"SPARTA 10.2 NNW","WHITE",958,36.06,-85.56,0.0,M,M,0.0,M,M,M,M,M,M,M,0.0,M,M,M,M,M,M,M,M,0.0,0.0,M,M,0.0,0.0,0.0,M,M,0.0,0.0
US1TNWT0012,"SPARTA 3.0 WNW","WHITE",1010,35.95,-85.52,0.0,0.0,0.0,0.0,0.0,0.0,0.0,M,M,0.0,M,0.0,0.0,0.0,0.0,M,0.0,0.0,0.0,0.0,0.0,0.0,M,M,0.0,0.0,0.0,M,M,0.0,0.0
US1TNWT0014,"SPARTA 3.9 S","WHITE",947,35.88,-85.47,0.0,0.0,0.0,0.0,0.0,0.0,0.0,M,M,M,M,M,0.0,0.0,0.0,M,0.0,0.0,0.0,0.0,0.0,0.0,0.0,M,0.0,0.0,0.0,M,M,M,0.0
US1TNWT0007,"SPARTA 4.6 NE","WHITE",968,35.98,-85.41,0.0,0.0,0.0,0.0,0.0,0.0,0.0,M,M,M,M,0.0,0.0,0.0,M,M,M,M,0.0,M,0.0,0.0,M,M,M,0.0,0.0,M,M,0.0,0.0
US1TNWT0010,"SPARTA 7.1 S","WHITE",1083,35.83,-85.45,M,0.0,0.0,0.0,0.0,0.0,0.0,M,M,M,0.0,0.0,0.0,0.0,0.0,M,0.0,0.0,0.0,0.0,0.0,0.0,M,M,0.0,0.0,0.0,M,M,M,0.0
USC00408522,"SPARTA WASTEWATER PLANT","WHITE",905,35.91,-85.48,0.0,0.0,0.0,0.0,0.0,0.0,0.0,0.0,0.0,0.0,0.0,0.0,0.0,0.0,0.0,0.0,0.0,0.0,0.0,0.0,0.0,0.0,0.0,0.0,0.0,0.0,0.0,0.0,0.0,0.0,0.0
USC00408540,"SPRING CITY","RHEA",755,35.68,-84.85,0.0,0.0,0.0,0.0,0.0,0.0,0.0,0.0,0.0,0.0,0.0,0.0,0.0,0.0,0.0,0.0,0.0,0.0,0.0,0.0,0.0,0.0,0.0,0.0,0.0,0.0,0.0,0.0,0.0,0.0,0.0
US1TNRB0003,"SPRINGFIELD 1.8 WSW","ROBERTSON",661,36.49,-86.91,M,0.0,M,0.0,0.0,M,0.0,M,M,M,M,M,M,M,M,0.0,0.0,M,M,0.0,0.0,M,M,M,M,M,0.0,M,M,M,0.0
US1TNRB0014,"SPRINGFIELD 2.8 ESE","ROBERTSON",728,36.49,-86.83,M,M,M,M,M,M,M,M,M,M,M,M,M,M,M,M,M,M,0.0,0.0,M,M,M,M,M,M,M,M,M,0.0,M
USC00408562,"SPRINGFIELD EXPERIMENT  STATION","ROBERTSON",745,36.47,-86.84,0.0,0.0,0.0,0.0,0.0,0.0,0.0,0.0,0.0,0.0,0.0,0.0,0.0,0.0,0.0,0.0,0.0,0.0,0.0,0.0,0.0,0.0,0.0,0.0,0.0,0.0,0.0,0.0,0.0,0.0,0.0
US1TNMG0009,"SUNBRIGHT 1.2 SW","MORGAN",1469,36.23,-84.68,0.0,0.0,0.0,0.0,0.0,0.0,0.0,M,M,0.0,M,M,0.0,0.0,0.0,M,0.0,0.0,0.0,0.0,0.0,0.0,0.0,M,M,0.0,0.0,M,M,M,0.0
USC00408868,"TAZEWELL","CLAIBORNE",1365,36.47,-83.56,0.0,0.0,0.0,0.0,0.0,0.0,0.0,0.0,0.0,0.0,0.0,0.0,0.0,0.0,0.0,0.0,0.0,0.0,0.0,0.0,0.0,0.0,0.0,0.0,0.0,0.0,0.0,0.0,0.0,0.0,0.0
USC00408886,"TELLICO PLAINS","MONROE",910,35.37,-84.30,0.0,0.0,0.0,0.0,0.0,0.0,0.0,0.0,0.0,0.0,0.0,0.0,0.0,0.0,0.0,0.0,0.0,0.0,0.0,0.0,0.0,0.0,0.0,0.0,0.0,0.0,0.0,0.0,0.0,0.0,0.0
US1TNMS0001,"TEN MILE 2.2 NW","MEIGS",781,35.68,-84.71,0.0,0.0,0.0,0.0,0.0,0.0,0.0,M,M,M,M,0.0,0.0,0.0,0.0,M,0.0,0.0,0.0,0.0,0.0,0.0,M,M,M,0.0,0.0,M,M,M,0.0
USC00408916,"TENNESSEE RIDGE","HOUSTON",722,36.33,-87.79,0.0,0.0,0.0,0.0,0.0,0.0,0.0,0.0,0.0,0.0,0.0,0.0,0.0,0.0,0.0,0.0,0.0,0.0,0.0,0.0,0.0,0.0,0.0,0.0,0.0,0.0,0.0,0.0,0.0,0.0,0.0
US1TNHT0001,"TENNESSEE RIDGE 1.4 SW","HOUSTON",689,36.31,-87.78,0.0,0.0,0.0,0.0,0.0,0.0,M,M,M,M,0.0,0.0,0.0,0.0,0.0,M,0.0,0.0,0.0,0.0,0.0,0.0,M,M,0.0,0.0,0.0,0.0,0.0,0.0,0.0
USC00408953,"THOMPSON STATION","WILLIAMSON",775,35.76,-86.93,0.0,0.0,0.0,0.0,0.0,0.0,0.0,0.0,0.0,0.0,0.0,0.0,0.0,0.0,0.0,0.0,0.0,0.0,0.0,0.0,0.0,0.0,0.0,0.0,0.0,0.0,0.0,0.0,0.0,0.0,0.0
USC00409065,"TOWNSEND 5S","BLOUNT",1807,35.60,-83.78,0.0,0.0,0.0,0.0,0.0,0.0,0.0,0.0,0.0,0.0,0.0,0.0,0.0,0.0,0.0,0.0,0.0,0.0,0.0,0.0,0.0,0.0,0.0,0.0,0.0,0.0,0.0,0.0,0.0,0.0,0.0
USC00409155,"TULLAHOMA","COFFEE",1022,35.35,-86.21,0.0,0.0,0.0,0.0,0.0,0.0,0.0,0.0,0.0,0.0,0.0,0.0,0.0,0.0,0.0,0.0,0.0,0.0,0.0,0.0,0.0,0.0,0.0,0.0,0.0,0.0,0.0,0.0,0.0,0.0,0.0
USC00409157,"TULLAHOMA 4NE","COFFEE",1020,35.43,-86.20,0.0,0.0,0.0,0.0,0.0,0.0,0.0,0.0,0.0,0.0,0.0,0.0,0.0,0.0,0.0,0.0,0.0,0.0,0.0,0.0,0.0,0.0,0.0,0.0,0.0,0.0,0.0,0.0,0.0,0.0,0.0
USC00409219,"UNION CITY","OBION",350,36.39,-89.03,0.0,0.0,0.0,0.0,0.0,0.0,0.0,0.0,0.0,0.0,0.0,0.0,0.0,0.0,0.0,0.0,0.0,0.0,0.0,0.0,0.0,0.0,0.0,0.0,0.0,0.0,0.0,0.0,0.0,0.0,0.0
US1TNDC0015,"VANLEER 2.8 SE","DICKSON",807,36.21,-87.41,0.0,0.0,0.0,0.0,0.0,0.0,0.0,M,M,0.0,M,0.0,0.0,0.0,0.0,M,0.0,0.0,0.0,0.0,0.0,0.0,M,M,0.0,0.0,0.0,M,0.0,0.0,0.0
US1TNMR0010,"VONORE 0.4 SW","MONROE",880,35.59,-84.24,0.0,0.0,0.0,0.0,0.0,0.0,0.0,M,M,M,M,0.0,0.0,0.0,0.0,M,0.0,0.0,0.0,0.0,0.0,0.0,M,M,0.0,0.0,0.0,M,M,0.0,0.0
US1TNMG0002,"WARTBURG 12.3 WNW","MORGAN",1467,36.17,-84.79,0.0,0.0,0.0,0.0,0.0,0.0,0.0,M,M,0.0,M,M,0.0,0.0,0.0,M,0.0,0.0,0.0,0.0,0.0,0.0,M,M,M,0.0,0.0,M,M,0.0,0.0
US1TNBF0025,"WARTRACE 0.8 ESE","BEDFORD",843,35.52,-86.32,0.0,0.0,0.0,0.0,0.0,0.0,0.0,M,M,M,M,0.0,0.0,0.0,0.0,M,0.0,0.0,0.0,0.0,0.0,0.0,M,M,M,0.0,0.0,M,0.0,0.0,M
US1TNGR0001,"WASHBURN 1.3 SSE","GRAINGER",1323,36.23,-83.67,0.0,0.0,M,M,M,0.0,0.0,M,M,M,M,M,0.0,0.0,0.0,M,0.0,0.0,0.0,0.0,0.0,0.0,0.0,M,M,M,M,M,M,T,0.0
US1TNWN0021,"WATERTOWN 5.5 SW","WILSON",860,36.04,-86.20,0.0,0.0,0.0,0.0,0.0,0.0,0.0,M,M,M,M,0.0,0.0,0.0,0.0,M,0.0,0.0,0.0,0.0,0.0,0.0,M,M,0.0,0.0,0.0,M,0.0,0.0,0.0
USC00409502,"WAYNESBORO","WAYNE",750,35.30,-87.76,0.0,0.0,0.0,0.0,0.0,0.0,0.0,0.0,0.0,0.0,0.0,0.0,0.0,0.0,0.0,0.0,0.0,0.0,0.0,0.0,0.0,0.0,0.0,0.0,0.0,0.0,0.0,0.0,0.0,0.0,0.0
US1TNWY0019,"WAYNESBORO 7.3 N","WAYNE",626,35.43,-87.78,M,M,M,M,M,M,M,M,M,M,M,0.0,0.0,0.0,0.0,M,0.0,0.0,0.0,0.0,0.0,0.0,M,0.0,M,M,M,M,M,M,0.0
US1TNSR0013,"WESTMORELAND 3.8 WSW","SUMNER",866,36.55,-86.31,M,M,M,M,M,M,M,M,M,M,M,M,M,M,M,M,M,M,M,M,M,M,M,M,M,0.0,M,M,M,M,M
US1TNSR0023,"WESTMORELAND 5.2 N","SUMNER",804,36.64,-86.25,0.0,0.0,0.0,0.0,0.0,0.0,0.0,M,M,M,M,M,0.0,0.0,M,0.0,0.0,0.0,0.0,0.0,0.0,0.0,M,M,M,0.0,0.0,M,M,M,M
US1TNSR0032,"WESTMORELAND 5.4 NNE","SUMNER",827,36.64,-86.21,0.0,0.0,0.0,0.0,0.0,M,M,M,M,0.0,M,M,M,M,M,M,M,M,M,M,M,M,M,M,M,M,M,M,M,M,M
USC00409709,"WHITE HOUSE","SUMNER",820,36.45,-86.65,0.0,0.0,0.0,0.0,0.0,0.0,0.0,0.0,0.0,0.0,0.0,0.0,0.0,0.0,0.0,0.0,0.0,0.0,0.0,0.0,0.0,0.0,0.0,0.0,0.0,0.0,0.0,0.0,0.0,0.0,0.0
US1TNRB0007,"WHITE HOUSE 0.7 N","ROBERTSON",850,36.47,-86.67,M,M,0.0,0.0,M,M,M,M,M,M,M,0.0,M,0.0,M,M,M,0.0,0.0,0.0,0.0,0.0,M,M,M,M,M,M,M,M,M
US1TNJF0004,"WHITE PINE 2.0 NE","JEFFERSON",1239,36.12,-83.27,0.0,0.0,0.0,0.0,0.0,0.0,0.0,M,M,M,M,0.0,0.0,0.0,0.0,M,0.0,0.0,0.0,0.0,0.0,0.0,0.0,M,0.0,0.0,0.0,M,M,0.0,0.0
US1TNMA0004,"WHITWELL 0.3 SE","MARION",732,35.20,-85.51,0.0,0.0,0.0,0.0,0.0,M,M,M,M,M,M,M,M,M,M,0.0,0.0,0.0,0.0,0.0,0.0,0.0,M,0.0,0.0,0.0,0.0,M,M,M,M
US1TNMA0010,"WHITWELL 3.0 SSE","MARION",685,35.16,-85.49,M,0.0,0.0,0.0,0.0,0.0,0.0,M,M,M,M,0.0,M,0.0,M,M,0.0,0.0,0.0,0.0,M,0.0,M,M,0.0,M,M,M,M,0.0,0.0
US1TNMA0008,"WHITWELL 4.5 ENE","MARION",768,35.23,-85.45,0.0,0.0,0.0,0.0,0.0,0.0,M,M,M,M,M,0.0,0.0,0.0,0.0,M,0.0,0.0,0.0,0.0,0.0,0.0,M,M,M,M,M,M,M,M,M
USC00409691,"WHITWELL-SEQUATCHIE VLY","SEQUATCHIE",1020,35.29,-85.47,0.0,0.0,0.0,0.0,0.0,0.0,0.0,0.0,0.0,0.0,0.0,0.0,0.0,0.0,0.0,0.0,0.0,0.0,0.0,0.0,0.0,0.0,0.0,0.0,0.0,0.0,0.0,0.0,0.0,0.0,0.0
US1TNFK0015,"WINCHESTER 0.5 W","FRANKLIN",997,35.19,-86.12,0.0,0.0,M,0.0,0.0,0.0,0.0,M,M,M,M,M,0.0,0.0,0.0,M,0.0,0.0,0.0,M,0.0,0.0,M,M,0.0,0.0,0.0,M,M,0.0,0.0
US1TNFK0006,"WINCHESTER 1.6 W","FRANKLIN",915,35.18,-86.14,0.0,M,0.0,0.0,0.0,0.0,0.0,M,M,M,M,0.0,0.0,0.0,0.0,M,0.0,0.0,0.0,0.0,0.0,0.0,M,M,M,0.0,0.0,M,M,0.0,0.0
US1TNFK0003,"WINCHESTER 3.9 W","FRANKLIN",1001,35.20,-86.18,0.0,0.0,M,0.0,0.0,0.0,0.0,M,M,M,M,M,0.0,0.0,0.0,M,0.0,0.0,0.0,0.0,0.0,0.0,M,M,0.0,0.0,0.0,M,M,0.0,0.0
US1TNFK0016,"WINCHESTER 5.4 SSE","FRANKLIN",1028,35.12,-86.06,M,M,M,M,M,M,0.0,M,M,M,M,M,M,M,M,M,M,M,M,M,M,M,M,M,M,M,M,M,M,M,M
USC00409866,"WOODBURY 1 WNW","CANNON",750,35.84,-86.09,0.0,0.0,0.0,0.0,0.0,0.0,0.0,0.0,0.0,0.0,0.0,0.0,0.0,0.0,0.0,0.0,0.0,0.0,0.0,0.0,0.0,0.0,0.0,0.0,0.0,0.0,0.0,0.0,0.0,0.0,0.0
US1TNCN0010,"WOODBURY 4.0 SE","CANNON",1200,35.79,-86.02,0.0,0.0,0.0,0.0,0.0,0.0,0.0,M,M,M,M,0.0,0.0,0.0,0.0,M,M,0.0,0.0,0.0,0.0,0.0,M,M,M,0.0,0.0,M,0.0,0.0,0.0
