New Mexico Snowfall, December 2017
"GHCN ID","Station Name",County,Elevation,Latitude,Longitude,"Dec 1","Dec 2","Dec 3","Dec 4","Dec 5","Dec 6","Dec 7","Dec 8","Dec 9","Dec 10","Dec 11","Dec 12","Dec 13","Dec 14","Dec 15","Dec 16","Dec 17","Dec 18","Dec 19","Dec 20","Dec 21","Dec 22","Dec 23","Dec 24","Dec 25","Dec 26","Dec 27","Dec 28","Dec 29","Dec 30","Dec 31"
USC00290022,"ABBOTT 1 SE","COLFAX",6148,36.30,-104.25,0.0,0.0,0.0,0.0,0.0,0.0,0.0,0.0,0.0,0.0,0.0,0.0,0.0,0.0,0.0,0.0,0.0,0.0,0.0,0.0,0.0,0.0,0.0,0.0,0.0,0.0,0.0,0.0,0.0,0.0,0.0
US1NMRA0042,"ABIQUIU 1.3 E","RIO ARRIBA",5952,36.21,-106.30,0.0,M,0.0,0.0,0.0,0.0,0.0,T,0.0,0.0,0.0,M,0.0,M,M,0.0,0.0,0.0,0.0,0.0,0.0,0.0,0.0,0.0,M,M,M,0.0,0.0,M,M
USC00290041,"ABIQUIU DAM","RIO ARRIBA",6378,36.24,-106.43,0.0,0.0,0.0,0.0,0.0,0.0,0.0,0.0,0.0,0.0,0.0,0.0,0.0,0.0,0.0,0.0,0.0,0.0,0.0,0.0,0.0,0.0,0.0,0.0,0.0,0.0,0.0,0.0,0.0,0.0,0.0
US1NMSF0044,"AGUA FRIA 2.0 SW","SANTA FE",6414,35.62,-106.04,M,M,M,M,0.0,0.0,T,T,0.0,0.0,0.0,0.0,0.0,0.0,0.0,0.0,0.0,0.0,0.0,0.0,0.0,T,0.0,0.0,0.0,0.0,0.0,0.0,0.0,0.0,0.0
US1NMOT0015,"ALAMOGORDO 2.1 ENE","OTERO",4530,32.90,-105.93,0.0,0.0,0.0,M,0.0,0.0,M,T,0.0,0.0,M,M,M,M,M,M,M,M,M,M,M,M,M,M,M,M,M,M,M,M,M
US1NMOT0081,"ALAMOGORDO 3.4 N","OTERO",4483,32.93,-105.95,0.0,0.0,0.0,0.0,0.0,0.0,M,M,0.0,0.0,0.0,0.0,0.0,0.0,0.0,0.0,0.0,M,0.0,0.0,0.0,0.0,0.0,0.0,0.0,0.0,0.0,0.0,0.0,0.0,0.0
US1NMOT0008,"ALAMOGORDO 5.1 NW","OTERO",4143,32.94,-106.02,0.0,0.0,0.0,0.0,0.0,0.0,0.0,0.0,0.0,0.0,0.0,0.0,0.0,0.0,0.0,0.0,0.0,M,0.0,0.0,0.0,0.0,0.0,0.0,0.0,0.0,0.0,0.0,0.0,0.0,0.0
US1NMOT0046,"ALAMOGORDO 8.8 N","OTERO",4527,33.01,-105.98,0.0,0.0,0.0,0.0,0.0,0.0,0.0,0.0,0.0,0.0,0.0,0.0,0.0,0.0,0.0,0.0,0.0,M,0.0,0.0,0.0,0.0,0.0,0.0,0.0,0.0,0.0,0.0,0.0,0.0,0.0
US1NMBR0200,"ALBUQUERQUE 1.6 E","BERNALILLO",5163,35.12,-106.60,0.0,0.0,0.0,0.0,0.0,0.0,0.0,0.0,0.0,0.0,0.0,0.0,0.0,0.0,0.0,0.0,0.0,0.0,0.0,0.0,0.0,0.0,0.0,0.0,0.0,0.0,0.0,0.0,0.0,0.0,0.0
US1NMBR0250,"ALBUQUERQUE 1.7 SSE","BERNALILLO",5172,35.10,-106.61,0.0,M,M,0.0,M,0.0,0.0,M,M,M,0.0,0.0,0.0,0.0,0.0,M,M,0.0,0.0,0.0,0.0,M,M,M,M,M,0.0,0.0,M,M,M
US1NMBR0061,"ALBUQUERQUE 1.8 NNW","BERNALILLO",4976,35.14,-106.64,M,M,0.0,0.0,0.0,0.0,0.0,0.0,M,M,0.0,0.0,0.0,0.0,M,0.0,0.0,0.0,0.0,0.0,0.0,M,M,M,M,M,M,0.0,0.0,0.0,M
US1NMBR0127,"ALBUQUERQUE 1.9 SE","BERNALILLO",5184,35.10,-106.60,0.0,0.0,0.0,0.0,0.0,0.0,0.0,0.0,0.0,0.0,0.0,0.0,0.0,0.0,0.0,0.0,0.0,0.0,0.0,0.0,0.0,0.0,0.0,0.0,0.0,0.0,0.0,0.0,0.0,0.0,0.0
US1NMBR0252,"ALBUQUERQUE 2.0 NW","BERNALILLO",4981,35.14,-106.65,0.0,M,M,M,M,M,0.0,M,M,M,0.0,M,M,M,0.0,M,0.0,M,0.0,M,0.0,M,M,M,M,0.0,M,M,M,0.0,M
US1NMBR0032,"ALBUQUERQUE 2.1 SE","BERNALILLO",5186,35.09,-106.60,0.0,0.0,0.0,0.0,0.0,0.0,0.0,0.0,0.0,0.0,0.0,0.0,0.0,0.0,0.0,0.0,0.0,0.0,0.0,0.0,0.0,0.0,0.0,0.0,0.0,0.0,0.0,0.0,0.0,0.0,0.0
US1NMBR0226,"ALBUQUERQUE 2.2 SSE","BERNALILLO",5187,35.09,-106.61,M,M,M,M,M,M,M,M,M,M,M,M,M,M,M,M,0.0,M,M,M,M,M,M,M,0.0,0.0,0.0,0.0,M,M,M
US1NMBR0037,"ALBUQUERQUE 2.4 E","BERNALILLO",5235,35.12,-106.58,0.0,0.0,0.0,0.0,0.0,0.0,0.0,0.0,0.0,0.0,0.0,0.0,0.0,0.0,0.0,0.0,0.0,0.0,0.0,0.0,0.0,0.0,0.0,0.0,0.0,0.0,0.0,0.0,0.0,0.0,0.0
US1NMBR0006,"ALBUQUERQUE 2.7 W","BERNALILLO",4976,35.12,-106.67,0.0,0.0,0.0,0.0,0.0,0.0,0.0,0.0,0.0,0.0,0.0,0.0,0.0,0.0,0.0,0.0,0.0,0.0,0.0,0.0,0.0,0.0,0.0,M,M,M,M,M,M,M,M
US1NMBR0152,"ALBUQUERQUE 2.9 W","BERNALILLO",4971,35.12,-106.68,0.0,0.0,0.0,0.0,0.0,0.0,0.0,0.0,0.0,0.0,0.0,0.0,0.0,0.0,0.0,0.0,0.0,0.0,0.0,0.0,0.0,0.0,0.0,0.0,0.0,0.0,0.0,0.0,0.0,0.0,0.0
US1NMBR0164,"ALBUQUERQUE 3.0 WNW","BERNALILLO",4977,35.13,-106.67,0.0,0.0,0.0,0.0,0.0,0.0,0.0,0.0,0.0,0.0,0.0,0.0,0.0,0.0,M,M,M,M,M,M,M,M,M,M,M,M,M,M,M,M,M
US1NMBR0082,"ALBUQUERQUE 3.2 SSE","BERNALILLO",5245,35.07,-106.61,0.0,0.0,0.0,0.0,0.0,0.0,0.0,0.0,0.0,0.0,0.0,0.0,0.0,0.0,0.0,0.0,0.0,0.0,0.0,0.0,0.0,0.0,0.0,0.0,0.0,0.0,0.0,0.0,0.0,0.0,0.0
US1NMBR0002,"ALBUQUERQUE 3.3 WNW","BERNALILLO",4979,35.14,-106.68,0.0,0.0,0.0,0.0,0.0,0.0,0.0,0.0,0.0,0.0,0.0,0.0,0.0,0.0,0.0,0.0,M,0.0,0.0,0.0,M,0.0,0.0,0.0,0.0,0.0,0.0,0.0,0.0,0.0,0.0
US1NMBR0012,"ALBUQUERQUE 3.4 SE","BERNALILLO",5271,35.08,-106.58,0.0,0.0,0.0,0.0,0.0,0.0,0.0,0.0,0.0,0.0,0.0,0.0,0.0,0.0,0.0,0.0,0.0,0.0,0.0,0.0,0.0,0.0,0.0,0.0,0.0,0.0,0.0,0.0,0.0,0.0,0.0
US1NMBR0139,"ALBUQUERQUE 3.5 NNE","BERNALILLO",5077,35.17,-106.61,0.0,0.0,0.0,0.0,0.0,0.0,M,M,M,M,M,0.0,0.0,0.0,M,M,0.0,0.0,0.0,0.0,0.0,M,M,M,M,M,M,M,M,M,0.0
US1NMBR0123,"ALBUQUERQUE 3.7 SSE","BERNALILLO",5275,35.07,-106.60,0.0,0.0,0.0,0.0,0.0,0.0,0.0,0.0,0.0,0.0,0.0,0.0,0.0,0.0,0.0,0.0,0.0,0.0,0.0,0.0,0.0,0.0,0.0,0.0,0.0,0.0,0.0,0.0,0.0,0.0,0.0
US1NMBR0197,"ALBUQUERQUE 3.8 SSE","BERNALILLO",5327,35.07,-106.60,0.0,M,M,0.0,0.0,0.0,0.0,0.0,M,0.0,0.0,0.0,0.0,0.0,0.0,0.0,0.0,0.0,0.0,0.0,0.0,0.0,0.0,M,0.0,M,0.0,0.0,0.0,0.0,M
US1NMBR0109,"ALBUQUERQUE 4.0 W","BERNALILLO",5108,35.12,-106.70,0.0,0.0,0.0,0.0,M,M,0.0,0.0,0.0,0.0,0.0,0.0,0.0,0.0,0.0,0.0,0.0,0.0,0.0,0.0,0.0,0.0,0.0,M,M,0.0,M,M,M,0.0,0.0
US1NMBR0108,"ALBUQUERQUE 4.1 E","BERNALILLO",5398,35.12,-106.55,M,M,0.0,M,M,0.0,M,M,M,M,M,M,0.0,M,M,M,0.0,M,M,0.0,M,0.0,M,0.0,M,0.0,0.0,0.0,M,0.0,M
US1NMBR0224,"ALBUQUERQUE 4.5 E","BERNALILLO",5474,35.13,-106.55,M,M,M,M,M,0.0,M,0.0,M,M,M,M,0.0,0.0,M,M,0.0,M,M,0.0,M,M,M,M,M,M,M,M,M,M,M
US1NMBR0034,"ALBUQUERQUE 4.6 E","BERNALILLO",5498,35.13,-106.54,0.0,0.0,0.0,0.0,0.0,0.0,0.0,T,0.0,0.0,0.0,0.0,0.0,0.0,0.0,0.0,0.0,0.0,0.0,0.0,0.0,0.0,0.0,0.0,0.0,0.0,0.0,0.0,0.0,0.0,0.0
US1NMBR0138,"ALBUQUERQUE 4.7 E","BERNALILLO",5452,35.11,-106.54,0.0,0.0,0.0,0.0,0.0,0.0,0.0,0.0,0.0,0.0,0.0,0.0,0.0,0.0,0.0,0.0,0.0,0.0,0.0,0.0,0.0,0.0,0.0,0.0,0.0,0.0,0.0,0.0,0.0,0.0,0.0
US1NMBR0168,"ALBUQUERQUE 5.0 E","BERNALILLO",5524,35.12,-106.54,0.0,0.0,0.0,0.0,0.0,0.0,0.0,0.0,0.0,0.0,0.0,0.0,0.0,0.0,0.0,0.0,0.0,0.0,0.0,0.0,0.0,0.0,0.0,0.0,0.0,0.0,0.0,0.0,0.0,0.0,0.0
US1NMBR0239,"ALBUQUERQUE 5.0 ESE","BERNALILLO",5392,35.08,-106.55,0.0,0.0,0.0,0.0,0.0,0.0,0.0,T,0.0,0.0,0.0,0.0,0.0,0.0,0.0,0.0,0.0,0.0,0.0,0.0,0.0,0.0,0.0,0.0,0.0,0.0,0.0,0.0,0.0,0.0,0.0
US1NMBR0149,"ALBUQUERQUE 5.0 NE","BERNALILLO",5332,35.17,-106.57,0.0,0.0,0.0,0.0,0.0,0.0,0.0,0.0,0.0,0.0,0.0,0.0,M,0.0,0.0,0.0,0.0,0.0,0.0,0.0,0.0,0.0,0.0,0.0,0.0,0.0,0.0,0.0,0.0,0.0,0.0
US1NMBR0165,"ALBUQUERQUE 5.0 WSW","BERNALILLO",5095,35.09,-106.70,0.0,0.0,0.0,0.0,0.0,0.0,0.0,0.0,0.0,0.0,0.0,0.0,0.0,0.0,0.0,0.0,M,0.0,0.0,0.0,0.0,0.0,0.0,0.0,0.0,0.0,0.0,0.0,0.0,0.0,0.0
US1NMBR0015,"ALBUQUERQUE 5.3 E","BERNALILLO",5569,35.12,-106.53,0.0,0.0,0.0,0.0,0.0,0.0,0.0,M,0.0,0.0,0.0,0.0,0.0,0.0,0.0,0.0,0.0,0.0,0.0,0.0,M,M,M,0.0,0.0,0.0,0.0,0.0,0.0,0.0,0.0
US1NMBR0215,"ALBUQUERQUE 5.3 W","BERNALILLO",5130,35.12,-106.72,0.0,0.0,0.0,0.0,0.0,0.0,0.0,0.0,0.0,0.0,0.0,0.0,0.0,0.0,0.0,0.0,0.0,0.0,0.0,0.0,0.0,0.0,0.0,0.0,0.0,0.0,0.0,0.0,0.0,0.0,0.0
US1NMBR0036,"ALBUQUERQUE 5.9 WNW","BERNALILLO",5179,35.15,-106.72,0.0,0.0,0.0,0.0,0.0,0.0,0.0,0.0,0.0,0.0,0.0,0.0,0.0,0.0,0.0,0.0,0.0,0.0,0.0,0.0,0.0,0.0,0.0,0.0,0.0,0.0,0.0,0.0,0.0,0.0,0.0
US1NMBR0160,"ALBUQUERQUE 6.0 E","BERNALILLO",5704,35.13,-106.52,0.0,0.0,0.0,0.0,0.0,0.0,0.0,M,0.0,0.0,0.0,0.0,0.0,0.0,0.0,0.0,0.0,0.0,0.0,0.0,0.0,0.0,M,M,M,M,M,M,M,0.0,0.0
US1NMBR0201,"ALBUQUERQUE 6.1 E","BERNALILLO",5715,35.13,-106.52,0.0,0.0,0.0,0.0,0.0,0.0,0.0,0.0,0.0,0.0,0.0,0.0,0.0,0.0,0.0,0.0,0.0,0.0,0.0,0.0,0.0,0.0,0.0,0.0,0.0,0.0,0.0,0.0,0.0,0.0,0.0
US1NMBR0248,"ALBUQUERQUE 6.1 NW","BERNALILLO",5335,35.17,-106.71,M,M,M,M,M,M,M,M,0.0,0.0,M,M,M,M,M,M,0.0,0.0,M,M,M,0.0,0.0,M,0.0,M,M,M,M,M,M
US1NMBR0196,"ALBUQUERQUE 6.2 E","BERNALILLO",5739,35.13,-106.52,0.0,0.0,0.0,0.0,0.0,0.0,0.0,0.0,0.0,0.0,0.0,0.0,0.0,0.0,0.0,0.0,0.0,0.0,0.0,0.0,0.0,0.0,0.0,0.0,0.0,0.0,0.0,0.0,0.0,0.0,0.0
US1NMBR0220,"ALBUQUERQUE 6.6 E","BERNALILLO",5705,35.10,-106.51,0.0,0.0,0.0,0.0,0.0,0.0,0.0,0.0,0.0,0.0,0.0,0.0,0.0,0.0,0.0,0.0,0.0,0.0,0.0,0.0,0.0,0.0,0.0,0.0,0.0,0.0,0.0,0.0,0.0,0.0,M
US1NMBR0211,"ALBUQUERQUE 6.9 ESE","BERNALILLO",5721,35.09,-106.51,M,M,M,M,M,M,M,T,M,M,M,M,M,M,M,M,M,M,M,M,M,M,M,M,M,M,M,M,M,M,M
US1NMBR0007,"ALBUQUERQUE 7.1 SW","BERNALILLO",5025,35.05,-106.72,0.0,0.0,0.0,0.0,0.0,0.0,0.0,0.0,0.0,0.0,0.0,0.0,0.0,0.0,0.0,0.0,0.0,0.0,0.0,0.0,0.0,0.0,0.0,0.0,0.0,0.0,0.0,0.0,0.0,0.0,0.0
US1NMBR0128,"ALBUQUERQUE 7.7 ENE","BERNALILLO",6058,35.15,-106.49,0.0,0.0,0.0,0.0,0.0,0.0,0.0,0.0,0.0,0.0,0.0,0.0,0.0,0.0,0.0,0.0,0.0,0.0,0.0,0.0,0.0,0.0,0.0,0.0,0.0,0.0,0.0,0.0,0.0,0.0,0.0
US1NMBR0047,"ALBUQUERQUE 7.7 SW","BERNALILLO",4927,35.02,-106.70,0.0,0.0,0.0,0.0,M,M,M,M,M,M,M,M,M,M,M,M,M,M,M,M,M,M,M,M,M,M,M,M,M,M,M
US1NMBR0166,"ALBUQUERQUE 7.8 E","BERNALILLO",6101,35.13,-106.49,0.0,0.0,0.0,0.0,0.0,0.0,0.0,0.0,0.0,0.0,0.0,0.0,0.0,0.0,0.0,0.0,0.0,0.0,0.0,0.0,0.0,0.0,0.0,0.0,0.0,0.0,0.0,0.0,0.0,0.0,0.0
US1NMBR0008,"ALBUQUERQUE 7.8 ENE","BERNALILLO",6098,35.15,-106.49,0.0,0.0,0.0,0.0,0.0,0.0,0.0,0.0,0.0,0.0,0.0,0.0,0.0,0.0,0.0,0.0,0.0,0.0,0.0,0.0,0.0,0.0,0.0,0.0,0.0,0.0,0.0,0.0,0.0,0.0,0.0
US1NMBR0159,"ALBUQUERQUE 7.8 SW","BERNALILLO",5135,35.05,-106.74,0.0,M,0.0,0.0,M,0.0,M,0.0,0.0,0.0,M,0.0,0.0,0.0,M,0.0,0.0,0.0,0.0,0.0,M,M,0.0,0.0,0.0,0.0,0.0,0.0,0.0,0.0,0.0
US1NMBR0017,"ALBUQUERQUE 8 NE","BERNALILLO",5956,35.19,-106.51,0.0,0.0,0.0,0.0,0.0,0.0,0.0,0.0,0.0,0.0,0.0,M,0.0,0.0,M,0.0,0.0,0.0,0.0,0.0,0.0,0.0,0.0,0.0,0.0,0.0,0.0,0.0,0.0,0.0,0.0
US1NMBR0136,"ALBUQUERQUE 8.1 ENE","BERNALILLO",6135,35.15,-106.49,0.0,0.0,0.0,0.0,0.0,0.0,T,0.0,0.0,0.0,0.0,0.0,0.0,0.0,0.0,0.0,0.0,0.0,0.0,0.0,0.0,0.0,0.0,0.0,0.0,0.0,0.0,0.0,0.0,0.0,0.0
US1NMBR0040,"ALBUQUERQUE 8.1 ESE","BERNALILLO",5959,35.08,-106.49,0.0,0.0,0.0,0.0,0.0,0.0,0.0,T,0.0,0.0,0.0,0.0,0.0,0.0,0.0,0.0,0.0,0.0,0.0,0.0,0.0,0.0,0.0,0.0,0.0,M,0.0,0.0,0.0,0.0,0.0
US1NMBR0122,"ALBUQUERQUE 8.2 ENE","BERNALILLO",6140,35.15,-106.49,0.0,0.0,0.0,0.0,0.0,0.0,M,0.0,0.0,0.0,0.0,0.0,0.0,0.0,0.0,0.0,0.0,0.0,0.0,0.0,0.0,0.0,0.0,0.0,0.0,0.0,0.0,0.0,0.0,0.0,0.0
US1NMBR0124,"ALBUQUERQUE 8.3 ENE","BERNALILLO",6147,35.16,-106.49,M,M,0.0,M,0.0,M,M,M,M,M,M,M,M,0.0,0.0,0.0,M,M,M,0.0,0.0,0.0,0.0,M,0.0,M,M,0.0,M,0.0,0.0
US1NMBR0205,"ALBUQUERQUE 8.9 NW","BERNALILLO",5402,35.22,-106.73,0.0,0.0,0.0,0.0,0.0,0.0,0.0,0.0,0.0,M,0.0,0.0,0.0,0.0,0.0,0.0,0.0,0.0,0.0,0.0,0.0,0.0,0.0,0.0,0.0,0.0,0.0,0.0,0.0,0.0,0.0
US1NMBR0042,"ALBUQUERQUE 9.0 ENE","BERNALILLO",6282,35.18,-106.49,0.0,0.0,0.0,0.0,0.0,0.0,T,0.0,0.0,0.0,0.0,0.0,0.0,0.0,0.0,0.0,0.0,0.0,0.0,0.0,0.0,0.0,0.0,0.0,0.0,0.0,0.0,0.0,0.0,0.0,0.0
USC00290225,"ALBUQUERQUE FOOTHILLS NE","BERNALILLO",6268,35.13,-106.48,0.0,0.0,0.0,0.0,0.0,0.0,0.0,0.0,0.0,0.0,0.0,0.0,0.0,0.0,0.0,0.0,0.0,0.0,0.0,0.0,0.0,0.0,0.0,0.0,0.0,0.0,0.0,0.0,0.0,0.0,0.0
USW00023050,"ALBUQUERQUE INTL AP","BERNALILLO",5309,35.04,-106.62,0.0,0.0,0.0,0.0,0.0,0.0,T,0.0,0.0,0.0,0.0,0.0,0.0,0.0,0.0,0.0,0.0,0.0,0.0,0.0,0.0,0.0,0.0,M,M,M,M,M,M,M,M
USC00290231,"ALBUQUERQUE VALLEY","BERNALILLO",4954,35.02,-106.69,0.0,0.0,0.0,0.0,0.0,0.0,0.0,0.0,0.0,0.0,0.0,0.0,0.0,0.0,0.0,0.0,0.0,0.0,0.0,0.0,0.0,0.0,0.0,0.0,0.0,0.0,0.0,0.0,0.0,0.0,0.0
USC00290245,"ALCALDE","RIO ARRIBA",5679,36.09,-106.06,0.0,0.0,0.0,0.0,0.0,0.0,0.5,0.0,0.0,0.0,0.0,0.0,0.0,0.0,0.0,0.0,0.0,0.0,0.0,0.0,0.0,0.0,0.0,0.0,0.0,0.0,0.0,0.0,0.0,0.0,0.0
US1NMRA0014,"ALCALDE 14 NE","RIO ARRIBA",5956,36.22,-105.87,0.0,0.0,0.0,0.0,0.0,0.0,M,0.0,0.0,0.0,0.0,0.0,0.0,0.0,0.0,0.0,0.0,0.0,0.0,0.0,0.0,M,0.0,0.0,0.0,0.0,0.0,0.0,0.0,0.0,0.0
US1NMRA0007,"ALCALDE 19 N","RIO ARRIBA",6478,36.37,-106.05,0.0,0.0,0.0,0.0,0.0,0.0,T,0.0,0.0,0.0,0.0,0.0,0.0,0.0,0.0,0.0,0.0,0.0,0.0,0.0,0.0,T,0.0,0.0,0.0,0.0,0.0,0.0,0.0,0.0,0.0
US1NMRA0001,"ALCALDE 5.9 NE","RIO ARRIBA",5744,36.15,-105.99,0.0,0.0,0.0,0.0,0.0,0.0,0.0,0.0,0.0,0.0,0.0,0.0,0.0,0.0,0.0,0.0,0.0,0.0,0.0,0.0,0.0,0.0,0.0,0.0,0.0,0.0,0.0,0.0,0.0,0.0,0.0
US1NMLN0025,"ALTO 1.6 NNE","LINCOLN",7234,33.43,-105.65,0.0,0.0,0.0,0.0,T,T,T,M,0.0,0.0,0.0,0.0,0.0,0.0,0.0,0.0,0.0,M,0.0,0.0,0.0,T,1.0,0.0,0.0,0.0,0.0,0.0,0.0,0.0,0.0
USC00290377,"AMISTAD 5 SSW","UNION",4444,35.87,-103.18,0.0,0.0,0.0,0.0,0.0,0.0,0.0,0.0,0.0,0.0,0.0,0.0,0.0,0.0,0.5,0.0,0.0,0.0,0.0,0.0,0.0,0.0,0.0,0.0,0.0,0.0,0.0,0.0,0.0,0.0,0.0
US1NMCL0006,"ANGEL FIRE 0.2 SSE","COLFAX",8512,36.39,-105.28,0.0,0.0,0.0,0.0,0.0,0.0,0.7,T,0.0,0.0,0.0,0.0,0.0,0.0,0.0,0.0,0.0,0.0,0.0,0.0,0.0,0.3,T,0.0,0.0,0.0,0.0,0.0,0.0,0.0,0.0
US1NMCL0001,"ANGEL FIRE 10.2 SSE","COLFAX",10113,36.27,-105.18,0.0,0.0,0.0,0.1,0.0,0.0,4.1,0.1,0.0,0.0,0.0,0.0,0.0,0.0,0.2,0.0,0.0,0.0,0.0,0.0,0.0,0.5,T,0.0,0.0,0.0,0.0,0.0,0.0,0.0,0.0
USC00290407,"ANGEL FIRE 1S","COLFAX",8498,36.39,-105.29,0.0,0.0,0.0,0.0,0.0,0.0,0.0,0.0,0.0,0.0,0.0,0.0,0.0,0.0,0.0,0.0,0.0,0.0,0.0,0.0,0.0,0.0,0.0,0.0,0.0,0.0,0.0,0.0,0.0,0.0,0.0
USC00290426,"ANTELOPE WELLS","HIDALGO",4657,31.33,-108.53,0.0,0.0,0.0,0.0,0.0,0.0,0.0,T,0.0,0.0,0.0,0.0,0.0,0.0,0.0,0.0,0.0,0.0,0.0,0.0,0.0,0.0,0.0,0.0,0.0,0.0,0.0,0.0,0.0,0.0,0.0
US1NMLN0019,"ARABELA 2.5 SSW","LINCOLN",5525,33.55,-105.19,0.0,0.0,0.0,0.0,0.0,0.0,T,0.0,0.0,0.0,0.0,0.0,0.0,0.0,0.0,0.0,0.0,0.0,0.0,0.0,0.0,T,M,0.0,0.0,0.0,0.0,0.0,0.0,0.0,0.0
US1NMTS0001,"ARROYO HONDO 4.8 WSW","TAOS",7026,36.51,-105.75,0.0,0.0,0.0,0.0,0.0,0.0,M,0.0,0.0,0.0,0.0,0.0,0.0,0.0,0.0,0.0,0.0,0.0,0.0,0.0,0.0,0.2,0.0,0.0,0.0,0.0,0.0,0.0,0.0,0.0,0.0
US1NMTS0037,"ARROYO HONDO 8.6 SW","TAOS",7207,36.47,-105.80,M,M,M,M,M,M,M,M,M,M,M,M,M,M,M,M,M,M,M,M,M,T,M,M,M,M,M,M,M,M,M
US1NMTS0033,"ARROYO SECO 1.4 E","TAOS",8003,36.52,-105.54,0.0,0.0,0.0,0.0,0.0,0.0,M,0.0,0.0,0.0,0.0,0.0,0.0,0.0,M,0.0,M,M,M,0.0,M,3.3,0.0,M,M,M,0.0,0.0,0.0,M,0.0
US1NMTS0021,"ARROYO SECO 2.8 NW","TAOS",7644,36.55,-105.60,M,M,M,M,M,M,M,M,M,M,M,M,M,M,M,M,M,M,M,M,M,2.8,M,M,M,M,M,M,M,M,M
US1NMED0043,"ARTESIA 3.5 NNE","EDDY",3396,32.90,-104.41,0.0,0.0,0.0,0.0,0.0,0.0,0.0,M,0.0,0.0,0.0,0.0,0.0,0.0,0.0,0.0,0.0,0.0,M,0.0,0.0,0.0,M,M,M,M,M,0.0,0.0,0.0,0.0
USC00290600,"ARTESIA 6S","EDDY",3365,32.75,-104.38,0.0,0.0,0.0,0.0,0.0,0.0,0.0,0.0,0.0,0.0,0.0,0.0,0.0,0.0,0.0,0.0,0.0,0.0,0.0,0.0,0.0,0.0,0.0,0.0,0.0,0.0,0.0,0.0,0.0,0.0,0.0
USC00290640,"AUGUSTINE 2E","SOCORRO",6998,34.08,-107.62,0.0,0.0,0.0,0.0,0.0,0.0,0.0,0.0,0.0,0.0,0.0,0.0,0.0,0.0,0.0,0.0,0.0,0.0,0.0,0.0,0.0,0.0,0.0,0.0,0.0,0.0,0.0,0.0,0.0,0.0,0.0
US1NMSJ0010,"AZTEC 9.2 NE","SAN JUAN",5996,36.92,-107.89,0.0,0.0,0.0,0.0,0.0,0.0,0.0,0.0,0.0,0.0,0.0,0.0,0.0,0.0,0.0,0.0,0.0,0.0,M,0.0,M,0.0,0.0,0.0,0.0,0.0,0.0,0.0,0.0,0.0,M
USC00290692,"AZTEC RUINS NATL MONUMENT","SAN JUAN",5643,36.83,-108.00,0.0,0.0,0.0,0.0,0.0,0.0,0.0,0.0,0.0,0.0,0.0,0.0,0.0,0.0,0.0,0.0,0.0,0.0,0.0,0.0,T,0.0,0.0,0.0,0.0,0.0,0.0,0.0,0.0,0.0,0.0
US1NMGR0037,"BAYARD 2.8 N","GRANT",6327,32.80,-108.13,0.0,0.0,0.0,0.0,0.0,M,T,T,0.0,0.0,0.0,0.0,0.0,0.0,0.0,0.0,0.0,1.3,M,0.0,0.0,0.0,0.0,0.0,0.0,0.0,0.0,0.0,0.0,0.0,0.0
US1NMGR0004,"BAYARD 8.9 ENE","GRANT",6461,32.82,-108.00,0.0,0.0,0.0,0.0,0.0,0.0,M,0.1,0.0,0.0,0.0,0.0,0.0,0.0,0.0,0.0,0.0,2.0,M,0.0,0.0,0.0,0.0,0.0,0.0,0.0,0.0,0.0,0.0,0.0,0.0
US1NMVL0026,"BELEN 1.0 NNE","VALENCIA",4817,34.67,-106.77,0.0,0.0,0.0,0.0,0.0,0.0,0.0,0.0,0.0,0.0,0.0,0.0,0.0,0.0,0.0,0.0,0.0,M,M,M,M,M,M,M,0.0,0.0,0.0,0.0,0.0,0.0,0.0
US1NMVL0023,"BELEN 5.1 SSE","VALENCIA",4805,34.59,-106.74,0.0,0.0,0.0,0.0,0.0,M,0.0,0.0,0.0,0.0,0.0,0.0,0.0,0.0,0.0,0.0,0.0,0.0,M,0.0,0.0,0.0,0.0,0.0,0.0,0.0,0.0,0.0,0.0,0.0,0.0
US1NMVL0025,"BELEN 9.3 SE","VALENCIA",5072,34.57,-106.65,0.0,0.0,0.0,0.0,0.0,0.0,0.0,M,M,M,M,M,M,M,M,M,M,M,0.0,0.0,0.0,0.0,0.0,0.0,0.0,0.0,0.0,0.0,0.0,0.0,0.0
US1NMSN0109,"BERNALILLO 1.8 NE","SANDOVAL",5099,35.33,-106.53,0.0,0.0,0.0,0.0,0.0,0.0,0.0,0.0,0.0,0.0,0.0,0.0,0.0,0.0,0.0,0.0,0.0,0.0,0.0,0.0,0.0,0.0,0.0,0.0,0.0,0.0,0.0,0.0,0.0,0.0,0.0
USC00290983,"BINGHAM 2 NE","SOCORRO",5549,33.91,-106.35,0.0,0.0,0.0,0.0,0.0,0.0,0.0,0.0,0.0,0.0,0.0,0.0,0.0,0.0,0.0,0.0,0.0,0.0,0.0,0.0,0.0,0.0,0.0,0.0,0.0,0.0,0.0,0.0,0.0,0.0,0.0
USC00290992,"BITTER LAKES WL REFUGE","CHAVES",3663,33.46,-104.40,0.0,0.0,0.0,0.0,0.0,0.0,0.0,0.0,0.0,0.0,0.0,0.0,0.0,0.0,0.0,0.0,0.0,0.0,0.0,0.0,0.0,0.0,0.0,0.0,0.0,0.0,0.0,0.0,0.0,0.0,0.0
USC00291063,"BLOOMFIELD 3 SE","SAN JUAN",5805,36.67,-107.96,0.0,0.0,0.0,0.0,0.0,0.0,0.0,0.0,0.0,0.0,0.0,0.0,0.0,0.0,0.0,0.0,0.0,0.0,0.0,0.0,0.0,0.0,0.0,0.0,0.0,0.0,0.0,0.0,0.0,0.0,0.0
USC00291138,"BOSQUE DEL APACHE","SOCORRO",4511,33.80,-106.89,0.0,0.0,0.0,0.0,0.0,0.0,0.0,0.0,0.0,0.0,0.0,0.0,0.0,0.0,0.0,0.0,0.0,0.0,0.0,0.0,0.0,0.0,0.0,0.0,0.0,0.0,0.0,0.0,0.0,0.0,0.0
US1NMVL0021,"BOSQUE FARMS 1.0 N","VALENCIA",4871,34.87,-106.70,0.0,0.0,0.0,0.0,0.0,0.0,0.0,0.0,0.0,0.0,0.0,0.0,0.0,0.0,0.0,0.0,0.0,0.0,0.0,0.0,0.0,0.0,0.0,0.0,0.0,0.0,0.0,0.0,0.0,0.0,0.0
USC00291153,"BRANTLEY DAM","EDDY",3212,32.52,-104.38,0.0,0.0,0.0,0.0,0.0,0.0,0.8,0.0,0.0,0.0,0.0,0.0,0.0,0.0,0.0,0.0,0.0,0.0,0.0,0.0,0.0,0.0,0.0,0.0,0.0,0.0,0.0,0.0,0.0,0.0,0.0
US1NMCR0010,"BROADVIEW 2.7 N","CURRY",4567,34.86,-103.21,0.0,0.0,0.0,0.0,0.0,0.0,0.0,0.0,0.0,0.0,0.0,M,0.0,0.0,0.0,0.0,0.0,0.0,0.0,0.0,0.0,0.0,0.0,0.0,0.0,0.0,0.0,0.0,0.0,0.0,0.0
USC00291252,"BUCKHORN","GRANT",4802,33.04,-108.71,0.0,0.0,0.0,0.0,0.0,0.0,0.0,0.0,0.0,0.0,0.0,0.0,0.0,0.0,0.0,0.0,0.5,0.0,0.0,0.0,0.0,0.0,0.0,0.0,0.0,0.0,0.0,0.0,0.0,0.0,0.0
US1NMOT0072,"BURRO FLATS 1.0 ENE","OTERO",6068,33.01,-105.85,0.0,0.0,0.0,0.0,0.0,0.0,0.0,0.0,0.0,0.0,0.0,0.0,0.0,0.0,0.0,0.0,0.0,M,0.0,0.0,0.0,0.1,M,0.0,0.0,0.0,0.0,0.0,0.0,0.0,0.0
USC00291286,"CABALLO DAM","SIERRA",4238,32.90,-107.31,0.0,0.0,0.0,0.0,0.0,0.0,0.0,0.0,0.0,0.0,0.0,0.0,0.0,0.0,0.0,0.0,0.0,0.0,0.0,0.0,0.0,0.0,0.0,0.0,0.0,0.0,0.0,0.0,0.0,0.0,0.0
US1NMLN0018,"CAPITAN 1.3 WSW","LINCOLN",6493,33.54,-105.60,0.0,0.0,0.0,0.0,0.0,M,0.0,0.0,0.0,0.0,0.0,0.0,0.0,0.0,0.0,0.0,0.0,0.0,0.0,0.0,0.0,0.0,M,M,0.0,0.0,0.0,0.0,0.0,0.0,0.0
US1NMLN0009,"CAPITAN 11.7 NNW","LINCOLN",6823,33.70,-105.64,0.0,0.0,0.0,0.0,0.0,0.0,0.0,0.0,0.0,0.0,0.0,0.0,0.0,0.0,0.0,0.0,0.0,0.0,0.0,M,0.0,0.0,0.0,0.0,0.0,0.0,0.0,0.0,0.0,0.0,M
US1NMLN0014,"CAPITAN 4.3 WSW","LINCOLN",6970,33.52,-105.66,M,M,M,M,M,0.1,M,M,M,M,M,M,M,M,M,M,M,M,M,M,M,0.2,0.8,M,M,M,M,M,M,M,M
USC00291445,"CAPROCK","LEA",4349,33.34,-103.68,0.0,0.0,0.0,0.0,0.0,0.0,0.0,0.0,0.0,0.0,0.0,0.0,0.0,0.0,0.0,0.0,0.0,0.0,0.0,0.0,0.0,0.0,0.0,0.0,0.0,0.0,0.0,0.0,0.0,0.0,0.0
USC00291450,"CAPULIN","UNION",6838,36.74,-103.99,0.0,0.0,0.0,0.0,0.0,0.0,T,0.5,0.0,0.0,0.0,0.0,0.0,T,0.0,0.0,0.0,0.0,0.0,0.0,0.0,0.0,0.0,0.0,0.0,0.0,0.0,0.0,0.0,0.0,0.0
USC00291469,"CARLSBAD","EDDY",3119,32.35,-104.22,0.0,0.0,0.0,0.0,0.0,0.0,0.0,0.0,0.0,0.0,0.0,0.0,0.0,0.0,0.0,0.0,0.0,0.0,0.0,0.0,0.0,0.0,0.0,0.0,0.0,0.0,0.0,0.0,0.0,0.0,0.0
US1NMED0011,"CARLSBAD 2.0 N","EDDY",3119,32.43,-104.23,0.0,0.0,0.0,0.0,0.0,0.0,T,M,0.0,0.0,0.0,0.0,0.0,0.0,0.0,0.0,0.0,0.0,0.0,0.0,0.0,0.0,0.0,0.0,0.0,0.0,0.0,0.0,0.0,0.0,0.0
US1NMED0023,"CARLSBAD 2.1 NNW","EDDY",3157,32.43,-104.25,0.0,0.0,0.0,0.0,0.0,0.0,0.3,0.4,0.0,0.0,0.0,0.0,0.0,0.0,0.0,0.0,0.0,0.0,0.0,0.0,0.0,0.0,0.0,0.0,0.0,0.0,0.0,0.0,0.0,M,0.0
US1NMED0049,"CARLSBAD 3.3 N","EDDY",3127,32.45,-104.23,0.0,0.0,0.0,0.0,0.0,0.0,M,M,0.0,0.0,0.0,0.0,0.0,0.0,0.0,0.0,0.0,0.0,M,0.0,0.0,0.0,0.0,0.0,0.0,0.0,0.0,0.0,0.0,0.0,0.0
US1NMED0002,"CARLSBAD 3.4 N","EDDY",3135,32.45,-104.24,0.0,0.0,0.0,0.0,0.0,M,0.1,0.0,0.0,0.0,0.0,0.0,0.0,0.0,0.0,0.0,0.0,0.0,M,0.0,0.0,0.0,0.0,0.0,0.0,0.0,0.0,0.0,0.0,0.0,0.0
US1NMED0018,"CARLSBAD 33.3 WSW","EDDY",5852,32.19,-104.75,0.0,0.0,0.0,0.0,0.0,0.0,4.0,1.5,M,M,M,M,M,M,M,M,M,M,M,M,M,M,M,M,M,M,0.0,0.0,M,M,M
USC00291480,"CARLSBAD CAVERNS","EDDY",4434,32.18,-104.44,0.0,0.0,0.0,0.0,0.0,0.0,1.2,0.4,0.0,0.0,0.0,0.0,0.0,0.0,0.0,0.0,0.0,0.0,0.0,0.0,0.0,0.0,0.0,0.0,0.0,0.0,0.0,0.0,0.0,0.0,0.0
US1NMRV0026,"CAUSEY 13.4 SW","ROOSEVELT",4181,33.73,-103.28,0.0,0.0,0.0,0.0,0.0,M,0.0,0.0,0.0,0.0,0.0,0.0,0.0,0.0,0.0,0.0,0.0,0.0,0.0,0.0,0.0,0.0,0.0,0.0,0.0,0.0,0.0,0.0,0.0,0.0,0.0
USW00093033,"CAVERN CITY AIRPORT","EDDY",3231,32.33,-104.26,0.0,0.0,0.0,0.0,0.0,0.0,0.0,0.0,0.0,0.0,0.0,0.0,0.0,0.0,0.0,0.0,0.0,0.0,0.0,0.0,0.0,0.0,0.0,0.0,0.0,0.0,0.0,0.0,0.0,0.0,0.0
USC00291630,"CERRO","TAOS",7648,36.74,-105.60,0.0,0.0,0.0,0.0,0.0,0.0,0.0,0.0,0.0,0.0,0.0,0.0,0.0,0.0,0.0,0.0,0.0,0.0,0.0,0.0,0.0,2.0,0.0,0.0,0.0,0.0,0.0,0.0,0.0,0.0,0.0
USC00291647,"CHACO CANYON NATL MON","SAN JUAN",6172,36.03,-107.91,0.0,0.0,0.0,0.0,0.0,0.0,0.0,0.0,0.0,0.0,0.0,0.0,0.0,0.0,0.0,0.0,0.0,0.0,0.0,0.0,0.0,0.0,0.0,0.0,0.0,0.0,0.0,0.0,0.0,0.0,0.0
USC00291664,"CHAMA","RIO ARRIBA",7848,36.92,-106.58,0.0,0.0,0.0,0.0,0.0,0.0,0.0,0.0,0.0,0.0,0.0,0.0,0.0,0.0,0.0,0.0,0.0,0.0,0.0,0.0,0.0,0.0,0.0,0.0,0.0,0.0,0.0,0.0,0.0,0.0,0.0
US1NMRA0029,"CHAMA 11.8 SSE","RIO ARRIBA",7723,36.75,-106.48,0.0,0.0,0.0,0.0,0.0,0.0,M,0.0,M,M,M,0.0,0.0,0.0,M,0.0,0.0,0.0,0.0,0.0,0.0,M,M,0.0,M,0.0,M,0.0,M,0.0,0.0
USC00291813,"CIMARRON 4 SW","COLFAX",6538,36.47,-104.95,0.0,0.0,0.0,0.0,0.0,0.0,0.0,0.0,0.0,0.0,0.0,0.0,0.0,0.0,0.0,0.0,0.0,0.0,0.0,0.0,0.0,0.0,0.0,0.0,0.0,0.0,0.0,0.0,0.0,0.0,0.0
USC00291883,"CLAYTON 1 N","UNION",4999,36.46,-103.20,0.0,0.0,0.0,0.0,0.0,0.0,0.0,0.0,0.0,0.0,0.0,0.0,0.0,0.0,T,0.0,0.0,0.0,0.0,0.0,0.0,0.0,0.0,0.0,0.0,0.0,0.0,0.0,0.0,0.0,0.0
US1NMUN0003,"CLAYTON 14.6 SSW","UNION",5065,36.27,-103.31,0.0,0.0,0.0,0.0,0.0,0.0,0.0,0.0,0.0,0.0,0.0,0.0,0.0,0.0,0.0,0.0,0.0,0.0,0.0,0.0,0.0,0.0,0.0,0.0,0.0,0.0,M,0.0,0.0,0.0,0.0
USW00023051,"CLAYTON MUNICIPAL AIR PARK","UNION",4959,36.45,-103.15,0.0,0.0,0.0,0.0,0.0,0.0,0.0,0.0,0.0,0.0,0.0,0.0,0.0,T,0.0,0.0,0.0,0.0,0.0,0.0,0.0,0.0,0.0,M,M,M,M,M,M,M,M
US1NMGR0053,"CLIFF 2.4 NE","GRANT",4562,32.99,-108.58,0.0,0.0,0.0,0.0,0.0,0.0,0.0,0.0,0.0,0.0,0.0,0.0,0.0,0.0,0.0,0.0,0.0,M,0.0,0.0,0.0,0.0,0.0,0.0,0.0,0.0,0.0,0.0,0.0,0.0,0.0
US1NMGR0027,"CLIFF 5.7 NE","GRANT",4681,33.02,-108.54,M,M,M,M,0.0,M,T,0.0,0.0,0.0,M,0.0,0.0,0.0,0.0,0.0,0.0,0.0,0.0,0.0,0.0,0.0,0.0,0.0,0.0,0.0,0.0,0.0,0.0,0.0,0.0
USC00291931,"CLOUDCROFT","OTERO",8677,32.95,-105.74,M,M,M,M,M,T,1.5,M,M,M,M,M,M,M,M,M,M,0.5,M,M,M,5.5,M,M,M,M,M,M,M,M,M
US1NMOT0037,"CLOUDCROFT 0.4 ESE","OTERO",8879,32.95,-105.73,0.0,0.0,0.0,0.0,0.0,0.0,1.0,0.0,0.0,0.0,0.0,0.0,0.0,0.0,0.0,0.0,0.0,1.0,0.0,0.0,0.0,3.5,1.3,0.0,0.0,0.0,0.0,0.0,0.0,0.0,0.0
US1NMOT0024,"CLOUDCROFT 0.5 NNW","OTERO",8837,32.96,-105.74,0.0,0.0,0.0,0.0,0.0,0.0,M,0.0,0.0,0.0,0.0,0.0,0.0,0.0,0.0,0.0,M,0.5,0.0,0.0,0.0,0.5,M,0.0,0.0,0.0,0.0,0.0,0.0,0.0,0.0
US1NMOT0001,"CLOUDCROFT 1.8 SW","OTERO",8968,32.93,-105.76,0.0,0.0,0.0,0.0,0.0,0.0,0.1,0.1,0.0,0.0,0.0,0.0,0.0,0.0,0.0,0.0,0.0,0.5,T,0.0,0.0,1.5,3.9,0.0,0.0,0.0,0.0,0.0,0.0,0.0,0.0
US1NMOT0056,"CLOUDCROFT 2.3 S","OTERO",8721,32.92,-105.75,0.0,0.0,0.0,0.0,0.0,0.0,0.0,0.1,0.0,0.0,0.0,0.0,0.0,0.0,0.0,0.0,0.0,0.5,0.0,0.0,0.0,0.1,6.4,0.0,0.0,0.0,0.0,0.0,0.0,0.0,0.0
US1NMOT0027,"CLOUDCROFT 4.0 E","OTERO",8820,32.95,-105.67,0.0,0.0,0.0,0.0,0.0,0.0,1.6,T,0.0,0.0,0.0,0.0,0.0,0.0,0.0,0.0,0.0,0.5,0.0,0.0,0.0,4.5,0.0,0.0,0.0,0.0,0.0,0.0,0.0,0.0,0.0
US1NMOT0013,"CLOUDCROFT 5.4 W","OTERO",6599,32.95,-105.83,0.0,0.0,0.0,0.0,0.0,0.0,T,0.0,0.0,0.0,0.0,0.0,0.0,0.0,0.0,0.0,0.0,M,0.0,0.0,0.0,1.5,1.0,0.0,0.0,0.0,0.0,0.0,0.0,0.0,0.0
US1NMCR0022,"CLOVIS 1.1 NE","CURRY",4275,34.42,-103.19,0.0,0.0,0.0,0.0,0.0,0.0,0.0,0.0,0.0,M,0.0,0.0,0.0,0.0,0.0,M,M,0.0,0.0,0.0,0.0,0.0,M,0.0,M,M,0.0,0.0,0.0,0.0,0.0
USC00291963,"CLOVIS 13 N","CURRY",4434,34.60,-103.22,0.0,0.0,0.0,0.0,0.0,0.0,0.0,0.0,0.0,0.0,0.0,0.0,0.0,0.0,0.0,0.0,0.0,0.0,0.0,0.0,0.0,0.0,0.0,0.0,0.0,0.0,0.0,0.0,0.0,0.0,0.0
USC00291982,"COCHITI DAM","SANDOVAL",5559,35.64,-106.33,0.0,0.0,0.0,0.0,0.0,0.0,M,M,M,0.0,0.0,0.0,0.0,0.0,0.0,M,M,M,0.0,0.0,0.0,M,M,M,M,M,0.0,0.0,M,M,M
US1NMLU0049,"COLUMBUS 20.1 W","LUNA",4536,31.84,-107.98,0.0,0.0,0.0,0.0,0.0,0.0,0.0,0.0,0.0,0.0,0.0,0.0,0.0,0.0,M,0.0,0.0,M,0.0,0.0,0.0,0.0,0.0,0.0,0.0,0.0,0.0,0.0,0.0,0.0,0.0
USC00292030,"CONCHAS DAM","SAN MIGUEL",4243,35.41,-104.19,0.0,0.0,0.0,0.0,0.0,0.0,0.0,0.0,0.0,0.0,0.0,0.0,0.0,0.0,0.0,0.0,0.0,0.0,0.0,0.0,0.0,0.0,0.0,0.0,0.0,0.0,0.0,0.0,0.0,0.0,0.0
USC00292100,"CORRALES","SANDOVAL",5025,35.25,-106.60,0.0,0.0,0.0,0.0,0.0,0.0,0.0,0.0,0.0,0.0,0.0,0.0,0.0,0.0,0.0,0.0,0.0,0.0,0.0,0.0,0.0,0.0,0.0,0.0,0.0,0.0,0.0,0.0,0.0,0.0,0.0
US1NMSN0018,"CORRALES 0.8 ESE","SANDOVAL",5012,35.23,-106.61,0.0,0.0,0.0,0.0,M,0.0,0.0,0.0,M,0.0,0.0,M,0.0,0.0,M,0.0,0.0,M,0.0,M,M,M,M,M,0.0,0.0,0.0,0.0,0.0,0.0,0.0
US1NMSN0038,"CORRALES 1.1 SSE","SANDOVAL",5010,35.22,-106.61,0.0,0.0,0.0,0.0,0.0,0.0,0.0,0.0,0.0,0.0,0.0,0.0,0.0,0.0,0.0,0.0,0.0,0.0,0.0,0.0,0.0,0.0,M,M,0.0,M,0.0,0.0,0.0,0.0,0.0
US1NMSN0076,"CORRALES 1.3 ENE","SANDOVAL",5025,35.24,-106.60,0.0,0.0,0.0,0.0,0.0,0.0,0.0,0.0,0.0,0.0,0.0,M,M,M,M,M,M,M,M,M,M,M,M,M,M,M,M,M,M,M,M
US1NMSN0020,"CORRALES 1.3 NNE","SANDOVAL",5055,35.25,-106.61,0.0,0.0,0.0,0.0,0.0,0.0,0.0,0.0,0.0,0.0,0.0,0.0,0.0,0.0,0.0,0.0,0.0,0.0,0.0,0.0,0.0,0.0,0.0,0.0,0.0,0.0,0.0,0.0,0.0,0.0,0.0
USC00292250,"CUBERO","CIBOLA",6193,35.09,-107.52,0.0,0.0,0.0,0.0,0.0,0.0,0.0,0.0,0.0,0.0,0.0,0.0,0.0,0.0,0.0,0.0,0.0,0.0,0.0,0.0,0.0,0.0,0.0,0.0,0.0,0.0,0.0,0.0,0.0,0.0,0.0
US1NMCT0005,"DATIL 17.8 SSW","CATRON",7085,33.89,-107.88,0.0,0.0,0.0,0.0,0.0,0.0,0.0,0.0,0.0,0.0,0.0,0.0,0.0,0.0,0.0,0.0,0.0,0.0,M,0.0,0.0,0.0,0.0,0.0,0.0,0.0,0.0,0.0,0.0,0.0,0.0
US1NMCT0007,"DATIL 2.0 W","CATRON",7560,34.14,-107.88,M,M,M,M,M,T,M,M,M,M,M,M,M,M,M,M,M,M,M,0.0,0.0,0.0,0.0,0.0,0.0,0.0,0.0,0.0,0.0,0.0,0.0
US1NMLU0043,"DEMING 0.6 SSW","LUNA",4323,32.25,-107.75,0.0,0.0,0.0,0.0,0.0,0.0,0.0,M,0.0,0.0,0.0,0.0,0.0,0.0,0.0,0.0,0.0,M,M,0.0,0.0,0.0,0.0,0.0,0.0,0.0,0.0,0.0,0.0,0.0,0.0
US1NMLU0067,"DEMING 11.2 SSE","LUNA",4515,32.11,-107.67,0.0,0.0,0.0,0.0,0.0,0.0,0.0,0.0,0.0,0.0,0.0,0.0,0.0,0.0,0.0,0.0,0.0,M,M,0.0,0.0,0.0,0.0,0.0,0.0,0.0,0.0,0.0,0.0,0.0,0.0
US1NMLU0073,"DEMING 11.6 S","LUNA",4231,32.09,-107.77,0.0,0.0,0.0,0.0,0.0,0.0,0.0,0.0,0.0,0.0,0.0,0.0,0.0,0.0,0.0,0.0,0.0,M,0.0,0.0,0.0,0.0,0.0,0.0,0.0,0.0,0.0,0.0,0.0,0.0,0.0
US1NMLU0037,"DEMING 15.5 WSW","LUNA",4355,32.18,-108.00,0.0,0.0,0.0,0.0,0.0,0.0,0.0,M,0.0,0.0,0.0,0.0,0.0,0.0,0.0,0.0,0.0,M,M,0.0,0.0,0.0,0.0,0.0,0.0,0.0,0.0,0.0,0.0,0.0,0.0
US1NMLU0001,"DEMING 16 ESE","LUNA",4100,32.17,-107.50,0.0,0.0,0.0,0.0,M,0.0,0.0,0.0,0.0,M,0.0,0.0,0.0,M,0.0,0.0,0.0,0.0,0.0,0.0,M,0.0,0.0,0.0,0.0,0.0,0.0,0.0,0.0,0.0,0.0
US1NMLU0018,"DEMING 16 S","LUNA",4195,32.03,-107.77,0.0,0.0,0.0,0.0,0.0,0.0,0.0,0.0,0.0,0.0,0.0,0.0,0.0,0.0,M,0.0,M,M,0.0,0.0,0.0,0.0,0.0,0.0,0.0,0.0,0.0,0.0,0.0,0.0,0.0
US1NMLU0077,"DEMING 16.1 NNE","LUNA",4872,32.48,-107.64,0.0,0.0,0.0,0.0,0.0,0.0,0.0,0.0,0.0,0.0,0.0,0.0,0.0,0.0,0.0,0.0,0.0,M,0.0,0.0,0.0,0.0,0.0,0.0,0.0,0.0,0.0,0.0,0.0,0.0,0.0
US1NMLU0019,"DEMING 19 ENE","LUNA",4182,32.26,-107.40,0.0,0.0,0.0,0.0,0.0,0.0,0.0,0.0,0.0,0.0,0.0,0.0,0.0,0.0,0.0,0.0,0.0,M,0.0,0.0,0.0,0.0,0.0,0.0,0.0,0.0,0.0,0.0,0.0,0.0,0.0
US1NMLU0075,"DEMING 27.1 WNW","LUNA",5044,32.41,-108.18,0.0,0.0,0.0,0.0,0.0,0.0,0.0,M,0.0,0.0,0.0,0.0,0.0,0.0,M,0.0,M,M,0.0,0.0,0.0,0.0,M,0.0,0.0,0.0,0.0,0.0,0.0,0.0,0.0
US1NMLU0065,"DEMING 4.0 N","LUNA",4405,32.32,-107.75,0.0,0.0,0.0,0.0,0.0,0.0,0.0,0.0,0.0,0.0,0.0,0.0,0.0,0.0,0.0,0.0,M,0.0,0.0,0.0,0.0,0.0,0.0,M,M,M,M,M,M,M,M
US1NMLU0051,"DEMING 4.0 SE","LUNA",4269,32.23,-107.69,0.0,0.0,0.0,0.0,0.0,0.0,0.0,0.0,0.0,0.0,0.0,0.0,0.0,0.0,0.0,0.0,0.0,M,M,M,M,M,M,M,M,M,M,M,M,M,M
US1NMLU0054,"DEMING 5.8 WSW","LUNA",4384,32.23,-107.84,0.0,0.0,0.0,0.0,M,M,M,M,M,M,M,M,M,M,M,M,M,M,M,M,M,M,M,M,M,M,0.0,0.0,0.0,0.0,0.0
US1NMLU0041,"DEMING 7.8 S","LUNA",4272,32.15,-107.77,0.0,0.0,0.0,0.0,0.0,0.0,0.0,0.0,0.0,0.0,0.0,0.0,0.0,0.0,0.0,0.0,M,M,0.0,0.0,0.0,0.0,0.0,0.0,0.0,0.0,0.0,0.0,M,M,M
US1NMLU0002,"DEMING 8.6 SE","LUNA",4507,32.17,-107.65,0.0,0.0,0.0,0.0,0.0,0.0,0.0,M,0.0,0.0,0.0,0.0,0.0,0.0,0.0,0.0,0.0,M,0.0,0.0,0.0,0.0,0.0,0.0,0.0,0.0,0.0,0.0,0.0,0.0,0.0
USW00023078,"DEMING MUNICIPAL AP","LUNA",4300,32.26,-107.72,0.0,0.0,0.0,0.0,0.0,0.0,M,0.0,0.0,0.0,0.0,0.0,0.0,0.0,0.0,0.0,0.0,0.0,0.0,0.0,0.0,0.0,0.0,0.0,0.0,0.0,0.0,0.0,0.0,0.0,0.0
US1NMUN0007,"DES MOINES 7.3 ESE","UNION",6105,36.74,-103.71,0.0,0.0,0.0,0.0,0.0,0.0,0.0,0.0,0.0,0.0,0.0,0.0,0.0,0.0,0.0,0.0,0.0,0.0,0.0,0.0,0.0,0.0,0.0,0.0,0.0,0.0,0.0,0.0,0.0,0.0,0.0
USC00292510,"DILIA","GUADALUPE",5149,35.18,-105.06,0.0,0.0,0.0,0.0,0.0,0.0,0.0,0.0,0.0,0.0,0.0,0.0,0.0,0.0,0.0,0.0,0.0,0.0,0.0,0.0,0.0,0.0,0.0,0.0,0.0,0.0,0.0,0.0,0.0,0.0,0.0
US1NMDA0011,"DONA ANA 0.7 SE","DONA ANA",3963,32.38,-106.81,0.0,0.0,0.0,0.0,0.0,0.0,0.0,0.0,0.0,0.0,0.0,0.0,0.0,0.0,0.0,0.0,0.0,M,M,M,M,M,M,M,M,M,M,M,M,M,M
USC00292608,"DULCE","RIO ARRIBA",6791,36.94,-107.00,0.0,0.0,0.0,0.0,0.0,0.0,0.0,0.0,0.0,0.0,0.0,0.0,0.0,0.0,0.0,0.0,0.0,0.0,0.0,0.0,1.0,0.0,0.0,0.0,0.0,0.0,0.0,0.0,0.0,0.0,0.0
US1NMSF0100,"EDGEWOOD 1.6 NW","SANTA FE",6606,35.10,-106.19,0.0,0.0,0.0,0.0,0.0,0.0,T,T,0.0,0.0,0.0,0.0,0.0,0.0,0.0,0.0,0.0,0.0,M,0.0,0.0,0.0,0.0,0.0,0.0,0.0,0.0,0.0,0.0,0.0,0.0
US1NMSF0052,"EDGEWOOD 2.1 WNW","SANTA FE",6605,35.09,-106.21,0.0,0.0,0.0,0.0,0.0,0.0,0.1,0.0,0.0,0.0,0.0,0.0,0.0,0.0,0.0,0.0,0.0,0.0,0.0,0.0,0.0,0.0,0.0,0.0,0.0,0.0,0.0,0.0,0.0,0.0,0.0
US1NMSF0050,"EDGEWOOD 2.7 W","SANTA FE",6618,35.09,-106.22,M,M,M,0.0,M,M,0.2,T,0.0,M,M,M,M,M,M,M,M,M,M,M,M,M,M,M,M,M,M,M,M,0.0,M
US1NMSF0071,"EDGEWOOD 3.7 WSW","SANTA FE",6825,35.06,-106.23,0.0,0.0,0.0,M,0.0,0.0,0.4,0.0,0.0,0.0,0.0,0.0,0.0,0.0,0.0,0.0,0.0,0.0,0.0,0.0,0.0,0.0,0.0,0.0,0.0,0.0,0.0,0.0,0.0,0.0,0.0
US1NMBR0156,"EDGEWOOD 6.3 NW","BERNALILLO",6921,35.15,-106.25,0.0,0.0,0.0,0.0,0.0,0.0,M,0.0,0.0,0.0,0.0,0.0,0.0,0.0,0.0,0.0,0.0,0.0,0.0,M,0.0,0.0,0.0,0.0,0.0,0.0,0.0,0.0,0.0,0.0,0.0
US1NMTR0005,"EDGEWOOD 7.0 SSW","TORRANCE",6740,34.99,-106.20,0.0,0.0,0.0,0.0,0.0,0.0,M,0.0,0.0,0.0,0.0,0.0,0.0,0.0,0.0,0.0,0.0,0.0,0.0,0.0,0.0,0.0,0.0,0.0,0.0,0.0,0.0,0.0,0.0,0.0,0.0
USC00292785,"EL MORRO NATL MON","CIBOLA",7221,35.04,-108.35,0.0,0.0,0.0,0.0,0.0,0.0,0.0,0.0,0.0,0.0,0.0,0.0,0.0,0.0,0.0,0.0,0.0,0.0,0.0,0.0,0.0,0.0,0.0,0.0,0.0,0.0,0.0,0.0,0.0,0.0,0.0
US1NMRA0023,"EL RITO 2.3 NW","RIO ARRIBA",7229,36.37,-106.22,M,M,M,M,M,M,0.1,M,M,M,M,M,M,M,M,M,M,M,M,M,M,M,M,M,M,M,M,M,M,M,M
USC00292837,"EL VADO DAM","RIO ARRIBA",6738,36.59,-106.73,0.0,0.0,0.0,0.0,0.0,0.0,0.0,0.0,0.0,0.0,0.0,0.0,0.0,0.0,0.0,0.0,0.0,0.0,0.0,0.0,0.0,0.0,0.0,0.0,0.0,0.0,0.0,0.0,0.0,0.0,0.0
US1NMSR0034,"ELEPHANT BUTTE 1.4 NE","SIERRA",4508,33.20,-107.20,0.0,0.0,0.0,0.0,M,M,0.0,0.0,0.0,0.0,0.0,0.0,0.0,0.0,0.0,0.0,0.0,M,0.0,0.0,0.0,0.0,0.0,0.0,0.0,0.0,0.0,0.0,0.0,0.0,0.0
USC00292848,"ELEPHANT BUTTE DAM","SIERRA",4570,33.15,-107.18,0.0,0.0,0.0,0.0,0.0,0.0,0.0,0.0,0.0,0.0,0.0,0.0,0.0,0.0,0.0,0.0,0.0,0.0,0.0,0.0,0.0,0.0,0.0,0.0,0.0,0.0,0.0,0.0,0.0,0.0,0.0
US1NMRV0022,"ELIDA 9.1 S","ROOSEVELT",4452,33.81,-103.65,0.0,0.0,0.0,0.0,0.0,M,0.0,0.0,0.0,0.0,0.0,0.0,0.0,0.0,0.0,0.0,0.0,0.0,0.0,0.0,0.0,0.0,0.0,0.0,0.0,0.0,0.0,0.0,0.0,0.0,0.0
USC00292865,"ELK","CHAVES",5933,32.92,-105.34,M,M,M,M,M,M,2.0,M,M,M,M,M,M,M,M,M,M,M,M,M,M,0.5,M,M,M,M,M,M,M,M,M
US1NMSR0007,"ENGLE 4.0 ESE","SIERRA",4884,33.17,-106.97,0.0,0.0,0.0,0.0,0.0,0.0,0.0,0.0,0.0,0.0,0.0,0.0,0.0,0.0,0.0,0.0,M,M,0.0,0.0,0.0,0.0,0.0,0.0,0.0,0.0,0.0,0.0,0.0,0.0,0.0
US1NMSF0090,"ESPANOLA 3.8 ESE","SANTA FE",5810,35.99,-106.00,M,M,M,M,M,T,0.5,M,M,M,M,M,M,M,M,M,M,M,M,M,M,M,M,M,M,M,M,M,M,M,M
USC00293060,"ESTANCIA  4N","TORRANCE",6139,34.82,-106.03,0.0,0.0,0.0,0.0,0.0,0.0,0.0,0.0,0.0,0.0,0.0,0.0,0.0,0.0,0.0,0.0,0.0,0.0,0.0,0.0,0.0,0.0,0.0,0.0,0.0,0.0,0.0,0.0,0.0,0.0,0.0
US1NMSJ0027,"FARMINGTON 2.8 S","SAN JUAN",5327,36.71,-108.19,0.0,0.0,0.0,0.0,0.0,0.0,0.0,0.0,0.0,0.0,0.0,0.0,0.0,0.0,0.0,0.0,0.0,0.0,0.0,0.0,0.0,0.0,0.0,0.0,0.0,0.0,0.0,0.0,0.0,0.0,0.0
US1NMSJ0019,"FARMINGTON 3.4 WSW","SAN JUAN",5269,36.74,-108.24,0.0,0.0,0.0,0.0,0.0,0.0,0.0,0.0,0.0,0.0,0.0,0.0,0.0,0.0,0.0,0.0,0.0,0.0,0.0,0.0,0.0,M,M,0.0,0.0,0.0,0.0,0.0,0.0,0.0,0.0
USC00293142,"FARMINGTON AG SCIENCE CNT","SAN JUAN",5624,36.69,-108.31,0.0,0.0,0.0,0.0,0.0,0.0,0.0,0.0,0.0,0.0,0.0,0.0,0.0,0.0,0.0,0.0,0.0,0.0,0.0,0.0,0.0,0.0,0.0,0.0,0.0,0.0,0.0,0.0,0.0,0.0,0.0
US1NMMK0002,"GALLUP 0.6 NW","MCKINLEY",6524,35.53,-108.74,0.0,M,M,M,0.0,0.0,0.0,0.0,M,M,M,0.0,0.0,0.0,0.0,M,M,M,0.0,0.0,M,M,M,M,M,M,M,0.0,0.0,M,M
US1NMMK0006,"GALLUP 1.0 SSE","MCKINLEY",6821,35.51,-108.73,M,0.0,0.0,M,M,M,M,M,M,M,M,M,M,M,M,0.0,M,M,0.0,0.0,M,0.5,0.0,0.0,0.0,0.0,0.0,0.0,0.0,0.0,0.0
USC00293428,"GALLUP SAND AND GRAVEL","MCKINLEY",6575,35.53,-108.70,0.0,0.0,0.0,0.0,0.0,0.0,0.0,0.0,0.0,0.0,0.0,0.0,0.0,0.0,0.0,0.0,0.0,0.0,0.0,0.0,0.0,0.5,0.0,0.0,0.0,0.0,0.0,0.0,0.0,0.0,0.0
USC00293488,"GASCON","MORA",8248,35.89,-105.45,0.0,0.0,0.0,0.0,0.0,4.0,0.0,0.0,0.0,0.0,0.0,0.0,0.0,0.0,0.0,0.0,0.0,0.0,0.0,0.0,0.0,0.0,0.0,0.0,0.0,0.0,0.0,0.0,0.0,0.0,0.0
USC00293511,"GHOST RANCH","RIO ARRIBA",6498,36.33,-106.47,0.0,0.0,0.0,0.0,0.0,0.0,0.0,0.0,0.0,0.0,0.0,0.0,0.0,0.0,0.0,0.0,0.0,0.0,0.0,0.0,0.0,0.0,0.0,0.0,0.0,0.0,0.0,0.0,0.0,0.0,0.0
US1NMGR0055,"GILA 0.1 NNE","GRANT",4559,32.97,-108.58,0.0,0.0,0.0,0.0,M,M,M,0.0,0.0,0.0,0.0,M,0.0,0.0,0.0,0.0,0.0,M,M,0.0,0.0,0.0,0.0,0.0,M,0.0,M,M,M,M,M
USC00293530,"GILA HOT SPRINGS","GRANT",5635,33.20,-108.21,M,M,M,M,M,M,M,M,M,M,M,M,M,M,M,M,0.8,0.0,M,M,M,M,M,M,M,M,M,M,M,M,M
US1NMGR0062,"GILA HOT SPRINGS 0.2 SE","GRANT",5741,33.19,-108.20,M,M,0.0,0.0,0.0,M,M,0.0,0.0,0.0,0.0,0.0,0.0,M,M,0.0,0.0,1.8,M,0.0,0.0,0.0,0.0,0.0,0.0,0.0,0.0,0.0,0.0,0.0,0.0
US1NMSF0075,"GLORIETA 1.4 SSE","SANTA FE",7406,35.56,-105.76,0.0,0.0,0.0,0.0,0.0,0.0,0.0,0.2,M,M,M,M,M,M,M,M,M,M,M,M,M,M,M,0.0,M,M,M,M,M,M,M
US1NMSF0101,"GLORIETA 2.4 E","SANTA FE",7342,35.59,-105.73,0.0,M,M,M,M,M,M,M,M,M,M,M,M,M,0.0,0.0,0.0,0.0,0.0,0.0,0.0,0.1,0.0,0.0,0.0,0.0,0.0,0.0,0.0,0.0,0.0
US1NMCB0005,"GRANTS 1.0 W","CIBOLA",6491,35.16,-107.86,0.0,0.0,0.0,0.0,0.0,0.0,0.0,0.0,0.0,0.0,0.0,0.0,0.0,0.0,0.0,0.0,0.0,0.0,0.0,0.0,0.0,T,0.0,0.0,0.0,0.0,0.0,0.0,0.0,0.0,0.0
USC00293706,"GRENVILLE","UNION",6000,36.59,-103.62,0.0,0.0,0.0,0.0,0.0,0.0,0.0,0.0,0.0,0.0,0.0,0.0,0.0,T,0.0,0.0,0.0,0.0,0.0,0.0,0.0,0.0,0.0,0.0,0.0,0.0,0.0,0.0,0.0,0.0,0.0
US1NMLU0055,"HACHITA 10.2 ESE","LUNA",4577,31.86,-108.16,0.0,0.0,0.0,0.0,0.0,0.0,0.0,0.0,0.0,0.0,0.0,0.0,0.0,0.0,M,M,0.0,0.0,0.0,0.0,0.0,0.0,0.0,0.0,0.0,0.0,0.0,0.0,0.0,0.0,0.0
USC00293775,"HACHITA 1W","GRANT",4465,31.92,-108.34,M,M,M,M,M,M,0.1,M,M,M,M,M,M,M,M,M,M,M,M,M,M,M,M,M,M,M,M,M,M,M,M
US1NMGR0081,"HACHITA 5.9 SE","GRANT",4876,31.86,-108.24,0.0,0.0,0.0,0.0,0.0,0.0,0.0,0.0,0.0,0.0,0.0,0.0,0.0,0.0,0.0,M,0.0,0.0,0.0,0.0,0.0,0.0,0.0,0.0,0.0,0.0,0.0,0.0,0.0,0.0,0.0
US1NMDA0326,"HATCH 1.5 SE","DONA ANA",4074,32.65,-107.14,0.0,0.0,M,0.0,M,0.0,0.0,0.0,0.0,0.0,0.0,0.0,0.0,0.0,0.0,0.0,0.0,M,0.0,M,0.0,0.0,0.0,0.0,M,0.0,0.0,0.0,M,0.0,0.0
US1NMDA0040,"HATCH 6.9 ESE","DONA ANA",4051,32.63,-107.05,M,M,M,M,0.0,M,M,M,M,M,M,M,M,M,M,M,M,M,M,M,M,M,M,M,M,M,M,M,M,M,M
US1NMDA0041,"HATCH 7.2 ESE","DONA ANA",4103,32.62,-107.04,M,M,M,M,0.0,M,M,M,M,M,M,M,M,M,M,M,M,M,M,M,M,M,M,M,M,M,M,M,M,M,M
US1NMDA0323,"HATCH 8.0 ESE","DONA ANA",4020,32.62,-107.03,0.0,0.0,0.0,0.0,0.0,0.0,0.0,M,0.0,0.0,0.0,0.0,0.0,0.0,0.0,0.0,0.0,M,0.0,0.0,0.0,0.0,0.0,0.0,0.0,0.0,0.0,0.0,0.0,0.0,0.0
US1NMLU0078,"HERMANAS 6.1 SW","LUNA",4556,31.81,-108.05,0.0,0.0,0.0,0.0,0.0,0.0,0.0,0.0,0.0,0.0,0.0,0.0,0.0,0.0,M,M,0.0,0.0,0.0,0.0,0.0,0.0,0.0,0.0,0.0,0.0,0.0,0.0,0.0,0.0,0.0
USC00294009,"HILLSBORO","SIERRA",5266,32.92,-107.57,M,M,M,M,M,M,T,M,M,M,M,M,M,M,M,M,M,M,M,M,M,M,M,M,M,M,M,M,M,M,M
US1NMSR0030,"HILLSBORO 0.1 ESE","SIERRA",5265,32.92,-107.57,0.0,0.0,0.0,0.0,0.0,M,M,M,0.0,0.0,0.0,0.0,0.0,0.0,0.0,0.0,0.0,M,M,0.0,0.0,0.0,0.0,0.0,0.0,0.0,0.0,0.0,0.0,0.0,0.0
US1NMSR0046,"HILLSBORO 0.3 WSW","SIERRA",5272,32.92,-107.57,0.0,0.0,0.0,0.0,0.0,M,M,M,0.0,0.0,0.0,0.0,0.0,0.0,0.0,0.0,0.0,M,M,0.0,0.0,0.0,0.0,0.0,0.0,0.0,0.0,0.0,0.0,0.0,0.0
US1NMSR0045,"HILLSBORO 0.6 WSW","SIERRA",5295,32.92,-107.58,0.0,0.0,0.0,0.0,0.0,M,0.0,0.0,0.0,0.0,0.0,0.0,0.0,0.0,0.0,0.0,0.0,M,M,0.0,0.0,0.0,0.0,0.0,0.0,0.0,0.0,0.0,0.0,0.0,0.0
US1NMLE0029,"HOBBS 2.4 ESE","LEA",3636,32.72,-103.13,0.0,0.0,0.0,0.0,0.0,0.0,M,0.0,0.0,0.0,0.0,0.0,0.0,0.0,0.0,0.0,0.0,M,M,0.0,0.0,0.0,M,0.0,0.0,0.0,0.0,0.0,M,0.0,0.0
US1NMLE0022,"HOBBS 8.0 SSE","LEA",3603,32.62,-103.13,0.0,0.0,0.0,0.0,0.0,M,M,0.0,0.0,0.0,0.0,0.0,0.0,0.0,0.0,0.0,0.0,0.0,M,0.0,0.0,0.0,0.0,0.0,0.0,0.0,M,M,M,M,M
USC00294028,"HOBBS FAA","LEA",3654,32.69,-103.21,0.0,0.0,0.0,0.0,0.0,M,0.0,0.0,0.0,0.0,0.0,0.0,0.0,0.0,0.0,0.0,0.0,0.0,0.0,0.0,0.0,0.0,0.0,0.0,0.0,0.0,0.0,0.0,0.0,0.0,0.0
USC00294112,"HOPE","EDDY",4084,32.81,-104.74,0.0,M,0.0,0.0,0.0,0.0,M,M,M,0.0,0.0,0.0,M,M,M,M,M,M,0.0,0.0,0.0,M,M,M,M,M,M,M,M,M,M
US1NMQY0014,"HOUSE 0.1 S","QUAY",4699,34.65,-103.90,0.0,0.0,0.0,0.0,0.0,0.0,0.0,0.0,0.0,0.0,0.0,0.0,0.0,0.0,0.0,0.0,0.0,0.0,0.0,0.0,0.0,0.0,0.0,0.0,0.0,0.0,0.0,0.0,0.0,0.0,0.0
US1NMSM0025,"ILFELD 0.7 NE","SAN MIGUEL",6586,35.43,-105.55,0.0,0.0,0.0,0.0,0.0,0.0,0.0,0.5,0.0,0.0,0.0,0.0,0.0,0.0,0.0,0.0,0.0,0.0,0.0,0.0,0.0,0.0,0.0,0.0,0.0,0.0,0.0,0.0,0.0,0.0,0.0
USC00294346,"JAL","LEA",3053,32.11,-103.19,0.0,0.0,0.0,0.0,0.0,0.0,0.0,0.0,0.0,0.0,0.0,0.0,0.0,0.0,0.0,0.0,M,0.0,0.0,0.0,0.0,M,M,M,M,M,0.0,0.0,0.0,M,0.0
USC00294366,"JEMEZ DAM","SANDOVAL",5387,35.39,-106.54,0.0,0.0,0.0,0.0,0.0,0.0,0.0,0.0,0.0,0.0,0.0,0.0,0.0,0.0,0.0,0.0,0.0,0.0,0.0,0.0,0.0,0.0,0.0,0.0,0.0,0.0,0.0,0.0,0.0,0.0,0.0
US1NMSN0089,"JEMEZ PUEBLO 5.7 NNW","SANDOVAL",5907,35.70,-106.76,0.0,0.0,0.0,0.0,0.0,0.0,T,T,0.0,0.0,0.0,0.0,0.0,0.0,0.0,0.0,0.0,0.0,0.0,0.0,0.0,0.0,0.0,0.0,0.0,0.0,0.0,0.0,0.0,0.0,0.0
USC00294369,"JEMEZ SPRINGS","SANDOVAL",6261,35.78,-106.69,0.0,0.0,0.0,0.0,0.0,0.0,0.0,0.0,0.0,0.0,0.0,0.0,0.0,0.0,0.0,0.0,0.0,0.0,0.0,0.0,0.0,0.0,0.0,0.0,0.0,0.0,0.0,0.0,0.0,0.0,0.0
USC00294398,"JOHNSON RANCH","SANDOVAL",7201,35.95,-107.09,0.0,0.0,0.0,0.0,0.0,0.0,0.0,0.0,0.0,0.0,0.0,0.0,0.0,0.0,0.0,0.0,0.0,0.0,0.0,0.0,0.0,0.0,0.0,0.0,0.0,0.0,0.0,0.0,0.0,0.0,0.0
USC00294426,"JORNADA EXP RANGE","DONA ANA",4317,32.62,-106.74,M,M,M,M,M,M,M,0.5,M,M,M,M,M,M,M,M,M,M,M,M,M,M,M,M,M,M,M,M,M,M,M
US1NMSR0047,"KINGSTON","SIERRA",6290,32.92,-107.71,0.0,0.0,0.0,0.0,0.0,M,M,M,0.0,0.0,0.0,0.0,0.0,0.0,0.0,0.0,0.0,M,M,0.0,0.0,0.0,0.0,0.0,0.0,0.0,0.0,0.0,0.0,0.0,0.0
US1NMSJ0032,"KIRTLAND 21.7 S","SAN JUAN",6400,36.43,-108.30,0.0,0.0,0.0,0.0,0.0,0.0,0.0,0.0,0.0,0.0,0.0,0.0,0.0,0.0,0.0,0.0,0.0,0.0,0.0,0.0,0.0,0.0,0.0,0.0,0.0,0.0,0.0,0.0,0.0,0.0,0.0
US1NMOT0032,"LA LUZ 3.8 ENE","OTERO",5580,32.99,-105.88,0.0,0.0,0.0,0.0,0.0,0.0,0.0,0.0,0.0,0.0,0.0,0.0,0.0,0.0,0.0,0.0,0.0,M,0.0,0.0,0.0,T,0.0,0.0,0.0,0.0,0.0,0.0,0.0,0.0,0.0
US1NMOT0044,"LA LUZ 5.8 ENE","OTERO",6104,33.02,-105.85,0.0,0.0,0.0,0.0,0.0,0.0,0.0,0.0,0.0,0.0,0.0,0.0,0.0,0.0,0.0,0.0,0.0,M,0.0,0.0,0.0,0.2,0.0,0.0,0.0,0.0,0.0,0.0,0.0,0.0,0.0
US1NMDA0309,"LA UNION 2.2 SE","DONA ANA",3777,31.92,-106.64,0.0,0.0,0.0,0.0,0.0,0.0,0.0,0.0,0.0,0.0,0.0,0.0,0.0,0.0,0.0,0.0,0.0,M,0.0,0.0,0.0,0.0,0.0,0.0,0.0,0.0,0.0,0.0,0.0,0.0,0.0
USC00294742,"LAKE MALOYA","COLFAX",7398,36.98,-104.38,0.0,0.0,0.0,0.0,0.0,0.0,0.5,0.5,0.0,0.0,0.0,0.0,0.0,0.0,0.0,0.0,0.0,0.0,0.0,0.0,0.0,0.0,0.0,0.0,0.0,0.0,0.0,0.0,0.0,0.0,0.0
US1NMSF0043,"LAMY 1.3 WNW","SANTA FE",6596,35.49,-105.90,0.0,0.0,M,M,M,M,M,M,M,M,M,M,M,M,M,M,M,M,M,M,M,M,M,M,M,M,M,M,M,M,M
US1NMDA0317,"LAS CRUCES 0.4 NE","DONA ANA",4175,32.34,-106.75,0.0,0.0,0.0,0.0,0.0,0.0,0.0,M,0.0,0.0,0.0,0.0,0.0,0.0,0.0,0.0,0.0,M,M,0.0,0.0,0.0,0.0,0.0,0.0,0.0,0.0,0.0,0.0,0.0,0.0
US1NMDA0136,"LAS CRUCES 0.6 SW","DONA ANA",4031,32.33,-106.76,0.0,0.0,0.0,0.0,0.0,0.0,0.0,M,0.0,0.0,0.0,0.0,0.0,0.0,0.0,0.0,0.0,M,0.0,0.0,0.0,0.0,0.0,0.0,0.0,0.0,0.0,0.0,0.0,0.0,0.0
US1NMDA0338,"LAS CRUCES 0.8 ESE","DONA ANA",4260,32.33,-106.74,0.0,0.0,0.0,0.0,0.0,0.0,0.0,T,0.0,0.0,0.0,0.0,0.0,0.0,0.0,0.0,0.0,M,M,0.0,M,M,M,0.0,0.0,M,M,0.0,0.0,0.0,0.0
US1NMDA0275,"LAS CRUCES 0.8 NE","DONA ANA",4217,32.34,-106.75,0.0,0.0,0.0,0.0,0.0,0.0,0.0,M,0.0,0.0,0.0,0.0,0.0,0.0,0.0,0.0,0.0,M,0.0,0.0,0.0,0.0,0.0,0.0,0.0,0.0,0.0,0.0,0.0,0.0,0.0
US1NMDA0342,"LAS CRUCES 0.8 SE","DONA ANA",4194,32.33,-106.75,0.0,0.0,0.0,0.0,0.0,0.0,0.0,M,0.0,0.0,0.0,0.0,0.0,0.0,0.0,0.0,0.0,M,M,0.0,0.0,M,0.0,0.0,0.0,M,M,M,0.0,0.0,0.0
US1NMDA0090,"LAS CRUCES 0.8 WNW","DONA ANA",4057,32.34,-106.77,0.0,0.0,0.0,0.0,0.0,0.0,0.0,0.0,0.0,0.0,0.0,0.0,0.0,0.0,0.0,0.0,0.0,M,0.0,0.0,0.0,0.0,0.0,0.0,0.0,0.0,0.0,0.0,0.0,0.0,0.0
US1NMDA0069,"LAS CRUCES 1.3 ESE","DONA ANA",4238,32.33,-106.73,0.0,0.0,0.0,0.0,0.0,0.0,0.0,0.0,0.0,0.0,0.0,0.0,0.0,M,0.0,0.0,0.0,M,M,M,M,M,M,M,M,M,M,M,M,M,M
US1NMDA0285,"LAS CRUCES 1.5 ENE","DONA ANA",4280,32.34,-106.73,0.0,0.0,0.0,0.0,0.0,0.0,0.0,0.0,0.0,0.0,0.0,0.0,0.0,0.0,0.0,0.0,0.0,M,M,0.0,0.0,0.0,0.0,0.0,0.0,0.0,0.0,0.0,0.0,0.0,M
US1NMDA0282,"LAS CRUCES 1.5 N","DONA ANA",4257,32.36,-106.76,0.0,0.0,0.0,0.0,0.0,0.0,M,M,0.0,0.0,0.0,0.0,0.0,0.0,0.0,0.0,0.0,M,M,0.0,0.0,0.0,0.0,0.0,0.0,0.0,0.0,0.0,0.0,0.0,0.0
US1NMDA0045,"LAS CRUCES 1.5 NNW","DONA ANA",4205,32.36,-106.76,0.0,0.0,0.0,0.0,0.0,0.0,M,M,0.0,0.0,0.0,0.0,0.0,0.0,0.0,0.0,0.0,M,M,M,M,M,M,M,M,M,M,M,M,M,M
US1NMDA0118,"LAS CRUCES 1.6 WNW","DONA ANA",3965,32.34,-106.78,0.0,0.0,0.0,0.0,M,0.0,0.0,T,0.0,0.0,M,M,0.0,0.0,0.0,M,0.0,M,M,0.0,0.0,0.0,0.0,0.0,0.0,M,M,0.0,0.0,0.0,0.0
US1NMDA0347,"LAS CRUCES 1.7 NNE","DONA ANA",4017,32.34,-106.77,0.0,0.0,0.0,0.0,0.0,0.0,0.0,M,0.0,0.0,0.0,0.0,0.0,0.0,0.0,0.0,0.0,0.0,0.0,0.0,0.0,0.0,0.0,0.0,0.0,0.0,0.0,0.0,0.0,0.0,0.0
US1NMDA0222,"LAS CRUCES 1.7 WNW","DONA ANA",3967,32.34,-106.78,0.0,0.0,0.0,0.0,0.0,0.0,0.0,0.0,0.0,0.0,0.0,0.0,0.0,0.0,0.0,0.0,0.0,M,0.0,0.0,0.0,0.0,0.0,0.0,0.0,0.0,0.0,0.0,0.0,0.0,0.0
US1NMDA0331,"LAS CRUCES 1.9 ENE","DONA ANA",4297,32.35,-106.73,0.0,M,0.0,0.0,0.0,0.0,0.0,M,M,M,M,M,M,M,M,M,M,M,M,M,M,M,M,M,M,M,M,M,M,M,M
US1NMDA0307,"LAS CRUCES 1.9 NE","DONA ANA",4265,32.35,-106.73,0.0,0.0,0.0,0.0,0.0,0.0,0.0,M,0.0,0.0,0.0,0.0,0.0,0.0,0.0,0.0,0.0,M,0.0,0.0,0.0,0.0,0.0,0.0,0.0,0.0,0.0,0.0,0.0,0.0,0.0
US1NMDA0107,"LAS CRUCES 1.9 WNW","DONA ANA",3982,32.35,-106.79,0.0,0.0,0.0,0.0,0.0,M,M,0.0,0.0,0.0,0.0,0.0,0.0,0.0,0.0,M,M,M,0.0,0.0,0.0,0.0,0.0,0.0,0.0,0.0,0.0,0.0,0.0,0.0,0.0
US1NMDA0272,"LAS CRUCES 2.1 ENE","DONA ANA",4280,32.35,-106.72,0.0,0.0,0.0,0.0,0.0,0.0,0.0,0.0,M,0.0,0.0,0.0,0.0,0.0,0.0,0.0,0.0,M,0.0,0.0,0.0,0.0,0.0,0.0,0.0,0.0,0.0,0.0,0.0,0.0,0.0
US1NMDA0008,"LAS CRUCES 2.3 SSE","DONA ANA",4192,32.31,-106.74,0.0,0.0,0.0,0.0,0.0,0.0,0.0,M,0.0,0.0,M,0.0,0.0,0.0,0.0,0.0,M,M,0.0,0.0,M,0.0,M,0.0,M,0.0,0.0,0.0,0.0,M,M
US1NMDA0293,"LAS CRUCES 2.3 SW","DONA ANA",3917,32.31,-106.78,0.0,0.0,0.0,0.0,0.0,0.0,0.0,M,0.0,0.0,0.0,0.0,0.0,0.0,0.0,0.0,0.0,M,M,0.0,0.0,0.0,0.0,0.0,0.0,0.0,0.0,0.0,0.0,0.0,0.0
US1NMDA0322,"LAS CRUCES 2.5 S","DONA ANA",3988,32.30,-106.75,0.0,0.0,0.0,0.0,0.0,0.0,0.0,M,0.0,0.0,0.0,0.0,0.0,0.0,0.0,0.0,0.0,M,0.0,0.0,0.0,0.0,0.0,0.0,0.0,0.0,0.0,0.0,0.0,0.0,0.0
US1NMDA0327,"LAS CRUCES 2.6 SSE","DONA ANA",4163,32.30,-106.73,0.0,0.0,0.0,0.0,0.0,0.0,0.0,M,0.0,0.0,0.0,0.0,0.0,0.0,0.0,0.0,0.0,M,0.0,0.0,0.0,0.0,0.0,0.0,0.0,0.0,0.0,0.0,0.0,0.0,0.0
US1NMDA0203,"LAS CRUCES 2.8 SSW","DONA ANA",3891,32.30,-106.78,0.0,0.0,0.0,0.0,0.0,M,0.0,M,0.0,0.0,0.0,0.0,0.0,0.0,0.0,0.0,M,M,M,0.0,0.0,0.0,0.0,0.0,0.0,0.0,0.0,0.0,0.0,0.0,0.0
US1NMDA0035,"LAS CRUCES 2.9 NW","DONA ANA",4011,32.37,-106.79,0.0,0.0,0.0,0.0,0.0,0.0,0.0,M,0.0,0.0,0.0,0.0,0.0,0.0,0.0,0.0,0.0,M,M,0.0,0.0,0.0,0.0,0.0,0.0,0.0,0.0,0.0,0.0,0.0,0.0
US1NMDA0138,"LAS CRUCES 3.1 NNE","DONA ANA",4303,32.37,-106.73,0.0,0.0,0.0,0.0,0.0,0.0,0.0,0.0,0.0,0.0,0.0,0.0,0.0,0.0,0.0,0.0,0.0,M,0.0,0.0,0.0,0.0,0.0,0.0,0.0,0.0,0.0,0.0,0.0,0.0,0.0
US1NMDA0024,"LAS CRUCES 3.9 NNE","DONA ANA",4372,32.38,-106.72,0.0,0.0,0.0,0.0,0.0,0.0,M,M,0.0,0.0,0.0,0.0,0.0,0.0,0.0,0.0,0.0,0.0,0.0,0.0,0.0,0.0,0.0,0.0,0.0,0.0,0.0,0.0,0.0,0.0,0.0
US1NMDA0050,"LAS CRUCES 4.0 NNE","DONA ANA",4382,32.39,-106.72,0.0,0.0,0.0,0.0,0.0,0.0,0.0,T,0.0,0.0,0.0,0.0,0.0,0.0,0.0,0.0,0.0,M,M,0.0,0.0,0.0,0.0,0.0,0.0,0.0,0.0,0.0,0.0,0.0,0.0
US1NMDA0270,"LAS CRUCES 4.0 SW","DONA ANA",3889,32.29,-106.79,M,0.0,0.0,0.0,0.0,0.0,0.0,0.0,0.0,0.0,0.0,0.0,0.0,0.0,0.0,0.0,M,M,0.0,0.0,0.0,0.0,M,0.0,0.0,0.0,0.0,0.0,0.0,0.0,0.0
US1NMDA0125,"LAS CRUCES 4.2 SSE","DONA ANA",4034,32.28,-106.73,0.0,0.0,0.0,0.0,0.0,0.0,0.0,0.0,0.0,0.0,0.0,0.0,0.0,0.0,0.0,0.0,0.0,M,0.0,0.0,0.0,0.0,0.0,0.0,0.0,0.0,0.0,0.0,0.0,0.0,0.0
US1NMDA0094,"LAS CRUCES 4.2 SSW","DONA ANA",3877,32.29,-106.80,0.0,0.0,0.0,0.0,0.0,0.0,0.0,0.0,0.0,0.0,0.0,0.0,0.0,0.0,0.0,0.0,0.0,M,0.0,0.0,0.0,M,M,M,M,M,M,0.0,0.0,0.0,0.0
US1NMDA0117,"LAS CRUCES 4.3 SSE","DONA ANA",4080,32.28,-106.73,0.0,0.0,0.0,0.0,0.0,0.0,0.0,0.0,0.0,0.0,0.0,0.0,0.0,0.0,0.0,0.0,0.0,M,M,M,M,M,M,M,M,M,M,M,M,M,M
US1NMDA0247,"LAS CRUCES 4.4 W","DONA ANA",3911,32.35,-106.83,0.0,0.0,0.0,0.0,0.0,0.0,0.0,0.0,0.0,0.0,0.0,0.0,0.0,0.0,0.0,0.0,0.0,M,0.0,0.0,0.0,0.0,0.0,0.0,0.0,0.0,0.0,0.0,0.0,0.0,0.0
US1NMDA0251,"LAS CRUCES 4.4 WNW","DONA ANA",3915,32.36,-106.82,0.0,M,0.0,0.0,0.0,0.0,M,M,0.0,0.0,0.0,0.0,0.0,0.0,0.0,0.0,0.0,M,M,0.0,0.0,0.0,0.0,0.0,0.0,0.0,0.0,0.0,0.0,0.0,0.0
US1NMDA0070,"LAS CRUCES 4.9 S","DONA ANA",3890,32.26,-106.75,0.0,0.0,0.0,0.0,0.0,0.0,0.0,0.0,0.0,0.0,0.0,0.0,0.0,0.0,0.0,0.0,0.0,M,M,0.0,0.0,0.0,0.0,0.0,0.0,0.0,0.0,0.0,0.0,0.0,M
US1NMDA0216,"LAS CRUCES 4.9 WNW","DONA ANA",3915,32.35,-106.84,0.0,0.0,0.0,0.0,0.0,0.0,0.0,M,0.0,0.0,0.0,0.0,0.0,0.0,0.0,0.0,0.0,M,M,0.0,0.0,0.0,0.0,0.0,0.0,0.0,0.0,0.0,0.0,0.0,0.0
US1NMDA0170,"LAS CRUCES 5.0 SSE","DONA ANA",4015,32.27,-106.73,0.0,0.0,0.0,0.0,0.0,0.0,0.0,T,0.0,0.0,0.0,0.0,0.0,0.0,0.0,0.0,M,M,M,M,M,M,0.0,0.0,0.0,0.0,0.0,0.0,0.0,0.0,0.0
US1NMDA0320,"LAS CRUCES 5.2 WSW","DONA ANA",3908,32.31,-106.84,0.0,0.0,0.0,0.0,0.0,0.0,0.0,0.0,0.0,0.0,0.0,0.0,0.0,0.0,0.0,0.0,0.0,M,M,M,M,M,M,M,M,M,M,M,M,M,M
US1NMDA0195,"LAS CRUCES 5.4 S","DONA ANA",3872,32.26,-106.76,0.0,0.0,0.0,0.0,0.0,0.0,0.0,0.0,0.0,0.0,0.0,0.0,0.0,0.0,0.0,0.0,0.0,M,M,0.0,0.0,0.0,0.0,0.0,0.0,0.0,0.0,0.0,0.0,0.0,0.0
US1NMDA0289,"LAS CRUCES 5.6 NE","DONA ANA",4474,32.39,-106.69,0.0,0.0,0.0,0.0,0.0,0.0,M,M,0.0,M,0.0,0.0,0.0,0.0,0.0,0.0,0.0,M,M,0.0,0.0,M,M,M,M,M,M,M,M,M,M
US1NMDA0336,"LAS CRUCES 5.6 SSE","DONA ANA",4030,32.26,-106.72,0.0,0.0,0.0,0.0,0.0,0.0,0.0,0.0,0.0,0.0,0.0,0.0,0.0,0.0,0.0,0.0,0.0,M,M,0.0,0.0,0.0,0.0,0.0,0.0,0.0,0.0,0.0,0.0,0.0,0.0
US1NMDA0264,"LAS CRUCES 5.7 NE","DONA ANA",4464,32.40,-106.69,0.0,0.0,0.0,0.0,0.0,0.0,M,M,0.0,0.0,0.0,0.0,0.0,0.0,0.0,0.0,0.0,M,0.0,0.0,0.0,0.0,0.0,0.0,0.0,0.0,0.0,0.0,0.0,0.0,0.0
US1NMDA0173,"LAS CRUCES 5.8 SSE","DONA ANA",4103,32.26,-106.71,0.0,0.0,0.0,0.0,0.0,0.0,0.0,0.0,0.0,0.0,0.0,0.0,0.0,0.0,0.0,0.0,0.0,M,M,M,M,M,M,M,M,M,M,M,M,M,M
US1NMDA0339,"LAS CRUCES 6.0 ESE","DONA ANA",4521,32.30,-106.66,0.0,0.0,0.0,0.0,0.0,0.0,0.0,0.0,0.0,0.0,0.0,0.0,0.0,0.0,0.0,0.0,0.0,M,0.0,0.0,0.0,0.0,0.0,0.0,0.0,0.0,0.0,0.0,0.0,0.0,0.0
US1NMDA0081,"LAS CRUCES 6.1 SSE","DONA ANA",4103,32.26,-106.71,0.0,0.0,0.0,0.0,0.0,0.0,0.0,0.0,0.0,0.0,0.0,0.0,0.0,0.0,0.0,0.0,0.0,M,M,0.0,0.0,0.0,0.0,0.0,0.0,0.0,0.0,0.0,0.0,0.0,0.0
US1NMDA0227,"LAS CRUCES 6.3 NNE","DONA ANA",4389,32.42,-106.71,0.0,0.0,0.0,0.0,0.0,0.0,0.0,0.0,0.0,0.0,0.0,0.0,0.0,0.0,0.0,0.0,0.0,M,0.0,0.0,0.0,0.0,0.0,0.0,0.0,0.0,0.0,0.0,0.0,0.0,0.0
US1NMDA0046,"LAS CRUCES 6.3 W","DONA ANA",3982,32.32,-106.86,0.0,0.0,0.0,0.0,M,0.0,0.0,M,0.0,0.0,0.0,0.0,0.0,0.0,0.0,0.0,0.0,M,0.0,0.0,0.0,0.0,0.0,0.0,0.0,0.0,M,0.0,0.0,M,0.0
US1NMDA0286,"LAS CRUCES 9.3 NE","DONA ANA",4689,32.42,-106.64,0.0,0.0,0.0,0.0,0.0,0.0,0.0,0.0,0.0,0.0,0.0,0.0,0.0,0.0,0.0,0.0,0.0,M,M,0.0,0.0,0.0,0.0,0.0,0.0,0.0,0.0,0.0,0.0,0.0,0.0
US1NMSM0015,"LAS VEGAS 1.7 NNW","SAN MIGUEL",6582,35.62,-105.24,0.0,0.0,0.0,0.0,0.0,0.0,0.0,0.0,0.0,0.0,0.0,0.0,0.0,0.0,0.0,0.0,0.0,0.0,0.0,0.0,0.0,0.0,0.0,0.0,0.0,0.0,0.0,0.0,0.0,0.0,M
US1NMSM0019,"LAS VEGAS 4.6 SSW","SAN MIGUEL",6477,35.54,-105.25,0.0,0.0,0.0,0.0,0.0,0.0,0.0,0.0,0.0,0.0,0.0,0.0,0.0,0.0,0.0,0.0,0.0,0.0,0.0,0.0,0.0,T,0.0,0.0,0.0,0.0,0.0,0.0,0.0,0.0,0.0
US1NMSM0026,"LAS VEGAS 8.7 SW","SAN MIGUEL",6605,35.52,-105.34,M,M,M,M,T,M,0.8,0.1,0.0,M,M,M,M,M,M,M,M,M,M,M,M,M,T,M,M,M,M,M,M,M,M
US1NMDA0260,"LEASBURG DAM S.P.","DONA ANA",4013,32.49,-106.92,0.0,0.0,0.0,0.0,M,M,M,0.0,0.0,0.0,M,M,M,0.0,0.0,0.0,0.0,M,M,M,M,0.0,0.0,0.0,0.0,0.0,M,0.0,0.0,0.0,0.0
US1NMLN0008,"LINCOLN 1.4 ESE","LINCOLN",5934,33.48,-105.36,0.0,0.0,0.0,0.0,0.0,0.0,0.0,0.0,0.0,0.0,0.0,0.0,0.0,0.0,M,0.0,0.0,0.0,0.0,0.0,M,M,M,M,M,M,M,0.0,0.0,0.0,0.0
USC00294960,"LINDRITH 1 WSW","RIO ARRIBA",7218,36.30,-107.05,0.0,0.0,0.0,0.0,0.0,0.0,0.0,0.0,0.0,0.0,0.0,0.0,0.0,0.0,0.0,0.0,0.0,0.0,0.0,0.0,0.0,0.0,0.0,T,0.0,0.0,0.0,0.0,0.0,0.0,0.0
US1NMQY0013,"LOGAN 1.5 W","QUAY",3849,35.36,-103.47,0.0,0.0,0.0,0.0,0.0,0.0,0.0,0.0,0.0,0.0,0.0,0.0,0.0,0.0,0.0,0.0,0.0,0.0,0.0,0.0,0.0,0.0,0.0,0.0,0.0,0.0,0.0,0.0,0.0,0.0,0.0
US1NMHD0019,"LORDSBURG 0.9 NNW","HIDALGO",4237,32.36,-108.71,0.0,0.0,0.0,0.0,0.0,0.0,0.0,0.0,0.0,0.0,0.0,0.0,0.0,0.0,0.0,0.0,M,M,M,0.0,0.0,0.0,0.0,0.0,0.0,0.0,0.0,0.0,M,M,M
USC00295084,"LOS ALAMOS","LOS ALAMOS",7422,35.86,-106.32,0.0,0.0,0.0,0.0,0.0,0.0,0.1,0.0,0.0,0.0,0.0,0.0,0.0,0.0,0.0,0.0,0.0,0.0,0.0,0.0,0.0,0.0,0.0,0.0,0.0,0.0,0.0,0.0,0.0,0.0,0.0
US1NMLA0020,"LOS ALAMOS 1.4 E","LOS ALAMOS",7160,35.90,-106.26,0.0,0.0,0.0,0.0,0.0,0.0,T,0.6,0.0,0.0,0.0,0.0,0.0,0.0,0.0,0.0,0.0,0.0,0.0,0.0,0.0,0.0,M,0.0,0.0,0.0,0.0,0.0,0.0,M,M
US1NMLA0018,"LOS ALAMOS 2.5 WSW","LOS ALAMOS",7421,35.89,-106.33,0.0,0.0,0.0,0.0,0.0,0.0,0.1,0.5,0.0,0.0,0.0,0.0,0.0,0.0,0.0,0.0,0.0,0.0,0.0,0.0,0.0,0.0,M,M,M,M,0.0,0.0,0.0,0.0,0.0
US1NMLA0007,"LOS ALAMOS 6.1 SE","LOS ALAMOS",6513,35.82,-106.22,0.0,0.0,0.0,0.0,0.0,M,0.1,0.1,0.0,0.0,0.0,0.0,0.0,0.0,0.0,0.0,0.0,0.0,0.0,0.0,0.0,0.0,0.0,0.0,0.0,0.0,0.0,0.0,0.0,0.0,0.0
US1NMVL0034,"LOS LUNAS 1.2 WSW","VALENCIA",4983,34.81,-106.76,M,M,M,M,M,M,M,M,M,M,M,M,M,0.0,M,M,0.0,M,M,M,M,M,M,M,M,M,M,M,M,M,M
USC00295150,"LOS LUNAS 3 SSW","VALENCIA",4839,34.77,-106.76,0.0,0.0,0.0,0.0,0.0,0.0,0.0,0.0,0.0,0.0,0.0,0.0,0.0,0.0,0.0,0.0,0.0,0.0,0.0,0.0,0.0,0.0,0.0,0.0,0.0,0.0,0.0,0.0,0.0,0.0,0.0
US1NMVL0027,"LOS LUNAS 3.5 E","VALENCIA",4854,34.81,-106.68,0.0,0.0,0.0,M,0.0,0.0,0.0,0.0,0.0,0.0,0.0,0.0,0.0,0.0,0.0,0.0,M,0.0,0.0,0.0,0.0,0.0,0.0,0.0,0.0,0.0,0.0,0.0,0.0,0.0,0.0
USC00295490,"MAXWELL 3 NW","COLFAX",6016,36.57,-104.59,0.0,0.0,0.0,0.0,0.0,0.0,0.1,0.0,0.0,0.0,0.0,0.0,0.0,0.0,0.0,0.0,0.0,0.0,0.0,0.0,0.0,0.0,T,0.0,0.0,0.0,0.0,0.0,0.0,0.0,0.0
US1NMOT0076,"MAYHILL 2.8 WNW","OTERO",7260,32.90,-105.52,0.0,0.0,0.0,0.0,0.0,0.0,0.2,1.3,0.0,M,M,M,M,M,M,M,M,M,M,M,M,T,T,0.0,0.0,0.0,0.0,0.0,0.0,0.0,0.0
US1NMOT0075,"MAYHILL 4.0 SSE","OTERO",6875,32.83,-105.46,0.0,0.0,0.0,0.0,0.0,0.0,M,M,0.0,0.0,0.0,0.0,0.0,0.0,0.0,0.0,0.0,M,M,0.0,0.0,M,M,0.0,0.0,0.0,0.0,0.0,0.0,0.0,0.0
US1NMQY0020,"MCALISTER 3.7 WNW","QUAY",4739,34.71,-103.84,0.0,0.0,0.0,0.0,M,0.0,0.0,0.0,0.0,0.0,0.0,0.0,0.0,0.0,0.0,0.0,0.0,0.0,0.0,0.0,0.0,0.0,0.0,0.0,0.0,0.0,0.0,0.0,M,0.0,0.0
USC00295617,"MELROSE","CURRY",4598,34.43,-103.63,0.0,0.0,0.0,0.0,0.0,0.0,0.0,0.0,0.0,0.0,0.0,0.0,0.0,0.0,0.0,0.0,0.0,0.0,0.0,0.0,0.0,0.0,0.0,0.0,0.0,0.0,0.0,0.0,0.0,0.0,0.0
US1NMDA0116,"MESILLA 2.3 E","DONA ANA",3864,32.27,-106.77,0.0,0.0,0.0,0.0,0.0,0.0,0.0,0.0,0.0,0.0,0.0,0.0,0.0,0.0,0.0,0.0,0.0,0.0,M,0.0,0.0,0.0,0.0,0.0,0.0,0.0,0.0,0.0,0.0,0.0,0.0
US1NMDA0312,"MESQUITE 3.1 NW","DONA ANA",3867,32.20,-106.73,0.0,0.0,0.0,0.0,0.0,0.0,0.0,0.0,0.0,0.0,0.0,0.0,0.0,0.0,0.0,0.0,0.0,M,M,0.0,0.0,0.0,0.0,0.0,0.0,0.0,0.0,0.0,0.0,0.0,0.0
US1NMCB0004,"MILAN 0.2 NNW","CIBOLA",6556,35.19,-107.89,0.0,0.0,0.0,0.0,0.0,0.0,0.0,0.0,0.0,0.0,0.0,0.0,0.0,0.0,0.0,0.0,0.0,0.0,0.0,0.0,0.0,0.0,0.0,0.0,0.0,0.0,0.0,0.0,0.0,0.0,0.0
US1NMCB0001,"MILAN 2.2 N","CIBOLA",6537,35.22,-107.89,0.0,0.0,0.0,0.0,0.0,0.0,0.0,0.0,0.0,0.0,0.0,0.0,0.0,0.0,0.0,0.0,0.0,0.0,0.0,0.0,0.0,0.0,T,0.0,0.0,0.0,0.0,0.0,0.0,0.0,0.0
US1NMGR0044,"MIMBRES 3.6 SE","GRANT",5835,32.81,-107.94,0.0,0.0,0.0,0.0,0.0,0.0,M,0.0,0.0,0.0,0.0,0.0,0.0,0.0,0.0,0.0,0.0,M,M,0.0,0.0,0.0,M,M,0.0,0.0,0.0,0.0,0.0,M,0.0
US1NMGR0061,"MIMBRES 7.2 NNW","GRANT",6331,32.95,-108.02,0.0,M,0.0,0.0,0.0,M,M,0.0,0.0,0.0,0.0,0.0,0.0,0.0,0.0,0.0,0.0,M,M,0.0,0.0,0.0,0.0,0.0,0.0,0.0,0.0,M,0.0,0.0,0.0
US1NMGR0080,"MIMBRES 8.3 NNW","GRANT",6485,32.97,-108.04,0.0,0.0,0.0,0.0,0.0,M,0.0,0.0,0.0,0.0,0.0,0.0,0.0,0.0,0.0,0.0,0.0,M,0.0,0.0,0.0,0.0,0.0,0.0,0.0,0.0,0.0,0.0,0.0,0.0,0.0
US1NMGR0064,"MIMBRES 8.4 NNW","GRANT",6468,32.97,-108.04,0.0,0.0,0.0,0.0,0.0,0.0,0.0,0.0,M,0.0,0.0,0.0,0.0,M,0.0,0.0,0.0,0.0,0.0,0.0,0.0,0.0,0.0,0.0,0.0,0.0,0.0,0.0,0.0,0.0,0.0
USC00295908,"MORIARTY 1 NE","TORRANCE",6219,35.01,-106.04,0.0,0.0,0.0,0.0,0.0,0.0,0.0,0.0,0.0,0.0,0.0,0.0,0.0,0.0,0.0,0.0,0.0,0.0,0.0,0.0,0.0,0.0,0.0,0.0,0.0,0.0,0.0,0.0,0.0,0.0,0.0
USC00295937,"MOSQUERO 1 NE","HARDING",5463,35.80,-103.94,0.0,0.0,0.0,0.0,0.0,0.0,0.0,0.0,0.0,0.0,0.0,0.0,0.0,T,0.0,0.0,0.0,0.0,0.0,0.0,0.0,0.0,0.0,0.0,0.0,0.0,0.0,0.0,0.0,0.0,0.0
USC00295960,"MOUNTAIN PARK","OTERO",6802,32.95,-105.82,0.0,0.0,0.0,0.0,0.0,0.0,0.0,0.0,0.0,0.0,0.0,0.0,0.0,0.0,0.0,0.0,0.0,0.0,0.0,0.0,0.0,2.0,0.0,0.0,0.0,0.0,0.0,0.0,0.0,0.0,0.0
USC00295965,"MOUNTAINAIR","TORRANCE",6518,34.52,-106.26,0.0,0.0,0.0,0.0,0.0,0.0,T,0.0,0.0,0.0,0.0,0.0,0.0,0.0,0.0,0.0,0.0,0.0,0.0,0.0,0.0,0.0,0.0,0.0,0.0,0.0,0.0,0.0,0.0,0.0,0.0
US1NMTR0001,"MOUNTAINAIR 1.0 S","TORRANCE",6598,34.51,-106.24,0.0,0.0,0.0,0.0,0.0,0.0,0.0,0.0,0.0,0.0,0.0,0.0,0.0,0.0,0.0,0.0,0.0,0.0,0.0,0.0,0.0,0.0,0.0,0.0,0.0,0.0,0.0,0.0,0.0,0.0,0.0
US1NMSC0031,"MOUNTAINAIR 16.7 SW","SOCORRO",6267,34.34,-106.44,0.0,0.0,0.0,0.0,0.0,0.0,0.0,0.0,0.0,0.0,0.0,0.0,0.0,0.0,0.0,0.0,0.0,0.0,0.0,0.0,0.0,0.0,0.0,0.0,0.0,0.0,0.0,0.0,0.0,0.0,0.0
US1NMTR0012,"MOUNTAINAIR 4.2 WSW","TORRANCE",6387,34.49,-106.30,0.0,0.0,0.0,0.0,0.0,0.0,M,0.0,0.0,0.0,0.0,0.0,0.0,0.0,0.0,M,M,M,0.0,M,M,M,M,M,M,M,M,M,M,M,M
US1NMTR0013,"MOUNTAINAIR 4.5 W","TORRANCE",6630,34.53,-106.32,M,M,M,M,0.0,0.0,0.5,M,M,M,M,M,M,M,M,M,M,M,M,0.0,M,M,0.0,M,M,M,M,0.0,M,0.0,M
US1NMTR0010,"MOUNTAINAIR 5.8 WSW","TORRANCE",6341,34.48,-106.33,0.0,0.0,0.0,0.0,0.0,0.0,M,0.0,0.0,0.0,0.0,0.0,0.0,0.0,0.0,0.0,0.0,0.0,0.0,0.0,0.0,0.0,0.0,0.0,0.0,0.0,0.0,0.0,0.0,0.0,0.0
USC00295968,"MOUNTAINAIR 8NW","TORRANCE",6670,34.62,-106.31,0.0,0.0,0.0,0.0,0.0,0.0,1.0,T,0.0,0.0,0.0,0.0,0.0,0.0,0.0,0.0,0.0,0.0,0.0,0.0,0.0,0.0,0.0,0.0,0.0,0.0,0.0,0.0,0.0,0.0,0.0
USC00296006,"NADINE 2E","LEA",3284,32.62,-103.08,0.0,0.0,0.0,0.0,0.0,0.0,T,0.0,0.0,0.0,0.0,0.0,0.0,0.0,0.0,0.0,0.0,0.0,0.0,0.0,0.0,0.0,0.0,0.0,0.0,0.0,0.0,0.0,0.0,0.0,0.0
USC00296061,"NAVAJO DAM","SAN JUAN",5769,36.80,-107.62,0.0,0.0,0.0,0.0,0.0,0.0,0.0,0.0,0.0,0.0,0.0,0.0,0.0,0.0,0.0,0.0,0.0,0.0,0.0,0.0,0.0,0.0,0.0,0.0,0.0,0.0,0.0,0.0,0.0,0.0,0.0
US1NMLN0013,"NOGAL 4.6 SSE","LINCOLN",7220,33.49,-105.69,0.0,0.0,0.0,0.0,M,0.3,0.1,0.1,M,0.0,0.0,0.0,0.0,0.0,0.0,0.0,M,T,0.0,0.0,M,0.2,1.1,0.0,0.0,0.0,0.0,0.0,0.0,0.0,0.0
USC00296275,"OCATE 2 NW","MORA",7653,36.18,-105.06,0.0,0.0,0.0,0.0,0.0,0.0,0.0,0.0,0.0,0.0,0.0,0.0,0.0,0.0,0.0,0.0,0.0,0.0,0.0,0.0,0.0,0.0,0.0,0.0,0.0,0.0,0.0,0.0,0.0,0.0,0.0
US1NMMR0003,"OCATE 3.7 WNW","MORA",7590,36.20,-105.11,M,M,M,M,M,M,M,M,0.0,0.0,0.0,M,M,M,M,M,M,M,M,M,M,M,M,M,M,M,M,M,M,M,M
USC00296465,"OTIS","SAN JUAN",6878,36.33,-107.84,0.0,0.0,0.0,0.0,0.0,0.0,0.0,0.0,0.0,0.0,0.0,0.0,0.0,0.0,0.0,0.0,0.0,0.0,0.0,0.0,0.0,0.0,0.0,0.0,0.0,0.0,0.0,0.0,0.0,0.0,0.0
US1NMLU0058,"PANCHO VILLA S.P.","LUNA",4079,31.83,-107.64,0.0,0.0,0.0,0.0,0.0,0.0,M,0.0,0.0,0.0,0.0,0.0,0.0,0.0,M,0.0,0.0,M,M,M,M,M,M,M,M,M,M,M,M,M,M
USC00296619,"PASAMONTE","UNION",5648,36.30,-103.74,0.0,0.0,0.0,0.0,0.0,0.0,0.0,0.0,0.0,0.0,0.0,0.0,0.0,0.0,0.0,0.0,0.0,0.0,0.0,0.0,0.0,0.0,0.0,0.0,0.0,0.0,0.0,0.0,0.0,0.0,0.0
USC00296676,"PECOS NATIONAL MONUMENT","SAN MIGUEL",6876,35.55,-105.69,M,M,M,M,M,M,M,M,M,M,M,M,M,M,M,M,M,0.0,0.0,0.0,0.0,0.0,0.0,0.0,0.0,0.0,0.0,0.0,0.0,0.0,0.0
USC00296687,"PEDERNAL 9 E","TORRANCE",6148,34.62,-105.47,0.0,0.0,0.0,0.0,0.0,0.0,T,0.0,0.0,0.0,0.0,0.0,0.0,0.0,0.0,0.0,0.0,0.0,0.0,0.0,0.0,0.0,0.0,0.0,0.0,0.0,0.0,0.0,0.0,0.0,0.0
US1NMVL0037,"PERALTA 0.6 S","VALENCIA",4860,34.82,-106.69,0.0,0.0,0.0,0.0,0.0,0.0,0.0,0.0,0.0,0.0,0.0,0.0,0.0,0.0,0.0,0.0,0.0,0.0,0.0,0.0,0.0,0.0,0.0,0.0,0.0,0.0,0.0,0.0,0.0,0.0,0.0
USC00296754,"PETROGLYPH NATL MON","BERNALILLO",5120,35.14,-106.71,0.0,0.0,0.0,0.0,0.0,0.0,0.0,0.0,0.0,0.0,0.0,0.0,0.0,0.0,0.0,0.0,0.0,0.0,0.0,0.0,0.0,0.0,0.0,0.0,0.0,0.0,0.0,0.0,0.0,0.0,0.0
USC00296804,"PICACHO","LINCOLN",4989,33.35,-105.14,0.0,0.0,0.0,0.0,0.0,0.0,0.0,0.0,0.0,0.0,0.0,0.0,0.0,0.0,0.0,0.0,0.0,0.0,0.0,0.0,0.0,0.0,0.0,0.0,0.0,0.0,0.0,0.0,0.0,0.0,0.0
US1NMSN0092,"PLACITAS 2.0 E","SANDOVAL",5793,35.32,-106.43,0.0,0.0,0.0,0.0,0.0,0.0,0.0,0.0,0.0,0.0,0.0,0.0,M,0.0,M,M,M,M,M,M,0.0,0.0,M,0.0,0.0,0.0,0.0,0.0,0.0,0.0,0.0
US1NMSN0035,"PLACITAS 2.1 SE","SANDOVAL",6091,35.30,-106.44,0.0,0.0,0.0,0.0,0.0,0.0,0.0,0.0,0.0,0.0,0.0,0.0,0.0,0.0,0.0,0.0,0.0,0.0,0.0,0.0,0.0,0.0,M,0.0,0.0,0.0,0.0,0.0,0.0,0.0,M
US1NMSN0045,"PLACITAS 3.8 ENE","SANDOVAL",6091,35.33,-106.40,0.0,0.0,0.0,0.0,0.0,0.0,0.0,0.0,0.0,0.0,0.0,0.0,0.0,0.0,0.0,0.0,0.0,0.0,0.0,0.0,0.0,0.0,0.0,0.0,0.0,0.0,0.0,0.0,0.0,0.0,0.0
US1NMSF0104,"POJOAQUE 0.2 SW","SANTA FE",5985,35.89,-106.01,0.0,0.0,0.0,0.0,0.0,0.0,0.0,0.0,0.0,0.0,0.0,0.0,0.0,0.0,0.0,0.0,0.0,0.0,0.0,0.0,0.0,0.0,M,0.0,0.0,0.0,0.0,0.0,0.0,0.0,0.0
US1NMSF0096,"POJOAQUE 0.7 N","SANTA FE",5902,35.90,-106.01,M,M,M,M,0.0,0.0,M,M,0.0,0.0,0.0,0.0,0.0,0.0,0.0,0.0,0.0,0.0,0.0,0.0,0.0,0.0,0.0,0.0,0.0,0.0,0.0,0.0,M,M,M
US1NMSF0051,"POJOAQUE 1.0 E","SANTA FE",5960,35.89,-105.99,0.0,0.0,0.0,0.0,0.0,0.0,T,0.1,0.0,0.0,0.0,0.0,0.0,0.0,0.0,0.0,0.0,0.0,0.0,0.0,0.0,0.0,0.0,0.0,0.0,0.0,0.0,0.0,0.0,0.0,0.0
US1NMSC0034,"POLVADERA 0.5 S","SOCORRO",4666,34.20,-106.92,M,M,0.0,M,M,0.0,0.0,M,M,M,M,M,M,0.0,0.0,0.0,M,M,0.0,0.0,M,0.0,0.0,0.0,0.0,0.0,0.0,0.0,0.0,M,0.0
USC00297008,"PORTALES","ROOSEVELT",4009,34.17,-103.35,0.0,0.0,0.0,0.0,0.0,0.0,0.0,0.0,0.0,0.0,0.0,0.0,0.0,0.0,0.0,0.0,0.0,0.0,0.0,0.0,0.0,T,0.0,0.0,0.0,0.0,0.0,0.0,0.0,0.0,0.0
US1NMRV0018,"PORTALES 2.9 SW","ROOSEVELT",4045,34.15,-103.38,M,M,M,M,M,M,M,M,M,M,M,M,M,M,M,M,M,M,M,M,M,T,M,M,M,M,M,M,M,M,M
US1NMCT0008,"QUEMADO 14.1 NE","CATRON",7481,34.47,-108.30,0.0,0.0,0.0,0.0,0.0,0.0,0.0,0.0,0.0,0.0,0.0,0.0,0.0,0.0,0.0,0.0,0.0,0.0,0.0,0.0,0.0,0.0,0.0,0.0,0.0,0.0,0.0,0.0,0.0,0.0,0.0
US1NMCT0009,"QUEMADO 8.0 NE","CATRON",7354,34.43,-108.41,0.0,0.0,0.0,0.0,0.0,0.0,0.0,0.0,0.0,0.0,0.0,0.0,0.0,0.0,0.0,0.0,0.0,0.0,0.0,0.0,0.0,0.0,0.0,0.0,0.0,0.0,0.0,0.0,0.0,0.0,0.0
US1NMTS0022,"QUESTA 2.2 NNE","TAOS",7971,36.74,-105.57,0.0,0.0,0.0,0.0,0.0,0.0,1.5,0.0,0.0,0.0,0.0,0.0,0.0,0.0,0.0,0.0,0.0,0.0,0.0,0.0,0.0,2.5,0.0,0.0,0.0,0.0,0.0,0.0,0.0,0.0,0.0
USC00297226,"RAGLAND 3 SSW","QUAY",5059,34.78,-103.75,0.0,0.0,0.0,0.0,0.0,0.0,0.0,0.0,0.0,0.0,0.0,0.0,0.0,0.0,0.0,0.0,0.0,0.0,0.0,0.0,0.0,0.0,0.0,0.0,0.0,0.0,0.0,0.0,0.0,0.0,0.0
US1NMTS0017,"RANCHOS DE TAOS 2.4 W","TAOS",6869,36.36,-105.65,0.0,0.0,0.0,0.0,M,M,M,0.0,M,M,M,0.0,0.0,0.0,0.0,M,M,0.0,M,M,0.0,0.5,0.0,0.0,0.0,0.0,0.0,0.0,0.0,0.0,0.0
USC00297280,"RATON KRTN RADIO","COLFAX",6638,36.89,-104.44,0.0,0.0,0.0,0.0,0.0,0.0,0.0,0.0,0.0,0.0,0.0,0.0,0.0,0.0,0.0,0.0,0.0,0.0,0.0,0.0,0.0,0.0,0.0,0.0,0.0,0.0,0.0,0.0,0.0,0.0,0.0
US1NMVL0030,"RIO COMMUNITIES 0.5 N","VALENCIA",4930,34.65,-106.72,0.0,0.0,M,0.0,0.0,0.0,0.0,0.0,0.0,0.0,0.0,0.0,0.0,0.0,0.0,0.0,M,M,M,0.0,0.0,0.0,0.0,0.0,M,0.0,0.0,0.0,M,0.0,M
USC00297477,"RIO RANCHO #1","SANDOVAL",5229,35.28,-106.62,0.0,0.0,0.0,0.0,0.0,0.0,0.0,0.0,0.0,0.0,0.0,0.0,0.0,0.0,0.0,0.0,0.0,0.0,0.0,0.0,0.0,0.0,0.0,0.0,0.0,0.0,0.0,0.0,0.0,0.0,0.0
USC00297481,"RIO RANCHO #2","SANDOVAL",5289,35.25,-106.63,0.0,0.0,0.0,0.0,0.0,0.0,0.0,0.0,0.0,0.0,0.0,0.0,0.0,0.0,0.0,0.0,0.0,0.0,0.0,0.0,0.0,0.0,0.0,0.0,0.0,0.0,0.0,0.0,0.0,0.0,0.0
US1NMSN0098,"RIO RANCHO 0.4 S","SANDOVAL",5381,35.27,-106.66,0.0,0.0,M,0.0,0.0,0.0,M,0.0,M,M,0.0,M,M,M,0.0,0.0,M,M,M,M,0.0,0.0,M,M,M,M,0.0,M,M,0.0,M
US1NMSN0052,"RIO RANCHO 1.5 ENE","SANDOVAL",5284,35.28,-106.64,0.0,0.0,0.0,0.0,0.0,0.0,0.0,0.0,0.0,0.0,0.0,0.0,0.0,0.0,0.0,0.0,0.0,0.0,0.0,0.0,0.0,0.0,0.0,0.0,0.0,0.0,0.0,0.0,0.0,0.0,0.0
US1NMSN0086,"RIO RANCHO 1.8 ESE","SANDOVAL",5166,35.26,-106.63,0.0,0.0,0.0,0.0,0.0,0.0,0.0,0.0,0.0,0.0,0.0,0.0,0.0,0.0,0.0,0.0,0.0,0.0,0.0,0.0,0.0,0.0,0.0,0.0,0.0,0.0,0.0,0.0,0.0,0.0,0.0
US1NMSN0082,"RIO RANCHO 2.0 WSW","SANDOVAL",5513,35.26,-106.69,M,M,M,M,M,M,M,M,M,M,M,M,M,M,M,M,M,M,M,M,M,0.0,0.0,0.0,0.0,0.0,0.0,0.0,0.0,0.0,0.0
US1NMSN0080,"RIO RANCHO 2.1 ENE","SANDOVAL",5309,35.29,-106.63,0.0,0.0,0.0,0.0,0.0,0.0,0.0,0.0,0.0,0.0,0.0,0.0,0.0,0.0,0.0,0.0,0.0,0.0,0.0,0.0,0.0,0.0,0.0,0.0,0.0,0.0,0.0,0.0,0.0,0.0,0.0
US1NMSN0070,"RIO RANCHO 2.2 SSE","SANDOVAL",5275,35.25,-106.64,0.0,0.0,0.0,0.0,0.0,0.0,0.0,0.0,0.0,0.0,0.0,0.0,0.0,0.0,M,0.0,0.0,0.0,0.0,0.0,0.0,0.0,0.0,0.0,0.0,0.0,0.0,0.0,0.0,0.0,0.0
US1NMSN0069,"RIO RANCHO 2.3 SW","SANDOVAL",5461,35.25,-106.69,0.0,0.0,0.0,0.0,0.0,0.0,0.0,0.0,0.0,0.0,0.0,0.0,0.0,0.0,0.0,0.0,0.0,0.0,0.0,0.0,0.0,0.0,M,0.0,0.0,0.0,0.0,0.0,0.0,0.0,0.0
US1NMSN0054,"RIO RANCHO 2.5 E","SANDOVAL",5143,35.27,-106.62,0.0,0.0,0.0,0.0,0.0,0.0,0.0,0.0,0.0,0.0,0.0,0.0,0.0,0.0,0.0,0.0,0.0,0.0,0.0,0.0,0.0,0.0,0.0,0.0,0.0,0.0,0.0,0.0,0.0,0.0,0.0
US1NMSN0108,"RIO RANCHO 2.9 E","SANDOVAL",5097,35.27,-106.61,M,M,M,M,M,M,M,M,M,M,M,M,0.0,M,M,M,M,M,M,M,M,0.0,M,M,M,M,M,M,M,M,M
US1NMSN0062,"RIO RANCHO 3.0 WSW","SANDOVAL",5657,35.26,-106.71,0.0,0.0,0.0,0.0,0.0,0.0,0.0,0.0,0.0,0.0,0.0,0.0,0.0,0.0,0.0,0.0,0.0,0.0,0.0,0.0,0.0,0.0,0.0,0.0,0.0,0.0,0.0,0.0,0.0,0.0,0.0
US1NMSN0039,"RIO RANCHO 3.3 ENE","SANDOVAL",5163,35.29,-106.61,0.0,0.0,0.0,0.0,0.0,0.0,0.0,0.0,0.0,0.0,0.0,0.0,0.0,0.0,0.0,0.0,0.0,0.0,0.0,0.0,0.0,0.0,0.0,0.0,0.0,0.0,0.0,0.0,0.0,0.0,0.0
US1NMSN0043,"RIO RANCHO 3.5 W","SANDOVAL",5695,35.28,-106.72,0.0,0.0,0.0,0.0,0.0,0.0,0.0,0.0,0.0,0.0,0.0,0.0,0.0,0.0,0.0,0.0,0.0,0.0,0.0,0.0,0.0,0.0,0.0,0.0,0.0,0.0,0.0,0.0,0.0,0.0,0.0
US1NMSN0053,"RIO RANCHO 4.5 ENE","SANDOVAL",5109,35.30,-106.59,0.0,M,M,M,M,0.0,0.0,0.0,M,M,M,M,M,M,M,M,M,M,0.0,0.0,0.0,0.0,0.0,M,M,M,M,M,M,M,0.0
US1NMSN0066,"RIO RANCHO 4.7 NE","SANDOVAL",5217,35.31,-106.59,0.0,0.0,0.0,0.0,0.0,0.0,0.0,0.0,0.0,0.0,0.0,0.0,0.0,0.0,0.0,0.0,0.0,0.0,0.0,0.0,0.0,0.0,0.0,M,M,M,0.0,0.0,0.0,M,0.0
US1NMSN0026,"RIO RANCHO 5.6 NE","SANDOVAL",5362,35.34,-106.60,0.0,0.0,0.0,0.0,0.0,0.0,0.0,0.0,0.0,0.0,0.0,0.0,0.0,0.0,0.0,0.0,0.0,0.0,0.0,0.0,0.0,0.0,0.0,0.0,0.0,0.0,0.0,0.0,0.0,0.0,0.0
USC00297585,"ROSEBUD 7NW","HARDING",4779,35.90,-103.53,0.0,0.0,0.0,0.0,0.0,0.0,0.0,0.0,0.0,0.0,0.0,0.0,0.0,0.0,T,0.0,0.0,0.0,0.0,0.0,0.0,0.0,0.0,0.0,0.0,0.0,0.0,0.0,0.0,0.0,0.0
US1NMCH0018,"ROSWELL 3.4 NNE","CHAVES",3596,33.42,-104.52,0.0,0.0,0.0,0.0,0.0,M,0.0,0.0,0.0,0.0,0.0,0.0,0.0,0.0,0.0,0.0,0.0,0.0,0.0,0.0,0.0,0.0,0.0,0.0,0.0,0.0,0.0,0.0,0.0,0.0,0.0
US1NMCH0009,"ROSWELL 3.5 WNW","CHAVES",3651,33.39,-104.58,M,M,M,M,0.0,M,0.0,M,M,M,M,0.0,0.0,0.0,M,M,M,M,0.0,0.0,0.0,M,M,M,M,M,0.0,0.0,M,M,M
US1NMCH0023,"ROSWELL 38.7 NNW","CHAVES",4522,33.91,-104.71,M,M,M,M,M,M,M,M,M,M,M,M,M,M,M,M,M,M,M,M,M,M,M,M,M,0.0,M,M,M,M,M
US1NMCH0024,"ROSWELL 5.1 N","CHAVES",3591,33.44,-104.52,M,0.0,0.0,M,0.0,M,M,M,M,0.0,M,0.0,M,M,0.0,0.0,0.0,0.0,M,M,M,M,M,M,M,M,0.0,0.0,0.0,M,0.0
US1NMCH0022,"ROSWELL 52.1 NNW","CHAVES",4715,34.08,-104.84,M,M,M,M,M,M,M,M,M,M,M,M,M,M,M,M,M,M,M,M,M,M,M,0.0,0.0,M,M,M,M,M,M
USW00023009,"ROSWELL INDUSTRIAL AIR PARK","CHAVES",3648,33.31,-104.51,0.0,0.0,0.0,0.0,0.0,0.0,0.0,0.0,0.0,0.0,0.0,0.0,0.0,0.0,0.0,0.0,0.0,0.0,0.0,0.0,0.0,0.0,0.0,M,M,M,M,M,M,M,M
USC00297612,"ROSWELL NORTH","CHAVES",3621,33.43,-104.53,0.0,0.0,0.0,0.0,0.0,0.0,0.0,0.0,0.0,0.0,0.0,0.0,0.0,0.0,0.0,0.0,0.0,0.0,0.0,0.0,0.0,0.0,0.0,0.0,0.0,0.0,0.0,0.0,0.0,0.0,0.0
US1NMLN0012,"RUIDOSO 1.7 WNW","LINCOLN",7131,33.37,-105.67,M,M,M,M,M,M,T,T,M,M,M,M,M,M,M,M,M,M,M,M,M,M,M,M,M,M,M,M,M,M,M
US1NMLN0020,"RUIDOSO 2.9 SW","LINCOLN",6858,33.34,-105.68,0.0,0.0,0.0,0.0,T,0.0,0.0,M,0.0,0.0,0.0,0.0,0.0,0.0,0.0,0.0,0.0,M,0.0,0.0,0.0,0.7,M,0.0,0.0,0.0,0.0,0.0,0.0,0.0,0.0
USC00297867,"SAN JON","QUAY",4229,35.11,-103.33,0.0,0.0,0.0,0.0,0.0,0.0,0.0,0.0,0.0,0.0,0.0,0.0,0.0,0.0,0.0,0.0,0.0,0.0,0.0,0.0,0.0,0.0,0.0,0.0,0.0,0.0,0.0,0.0,0.0,0.0,0.0
US1NMBR0236,"SANDIA HEIGHTS 0.2 WNW","BERNALILLO",6098,35.18,-106.49,0.0,0.0,0.0,0.0,0.0,0.0,T,T,0.0,0.0,0.0,0.0,0.0,0.0,0.0,0.0,0.0,0.0,0.0,0.0,0.0,0.0,0.0,0.0,0.0,0.0,0.0,0.0,0.0,0.0,0.0
US1NMBR0131,"SANDIA PARK 0.5 S","BERNALILLO",7164,35.16,-106.37,M,M,M,M,M,M,0.8,M,M,M,M,M,M,M,M,M,M,M,M,M,M,M,M,M,M,M,M,M,M,M,M
US1NMBR0183,"SANDIA PARK 3.6 ESE","BERNALILLO",6808,35.16,-106.30,0.0,0.0,0.0,0.0,0.0,0.0,0.7,T,0.0,0.0,0.0,0.0,0.0,0.0,0.0,0.0,0.0,0.0,0.0,0.0,0.0,0.0,0.0,0.0,0.0,0.0,0.0,0.0,0.0,0.0,0.0
US1NMBR0142,"SANDIA PARK 3.7 ESE","BERNALILLO",6948,35.15,-106.28,M,M,M,M,M,M,0.4,M,M,M,M,M,M,M,M,M,M,M,M,M,M,M,M,M,M,M,M,M,M,M,M
US1NMSN0091,"SANDIA PARK 4.2 NNE","SANDOVAL",6589,35.22,-106.33,0.0,0.0,0.0,0.0,0.0,0.0,0.3,0.0,0.0,0.0,0.0,0.0,0.0,0.0,0.0,0.0,0.0,0.0,0.0,0.0,0.0,0.0,0.0,0.0,0.0,0.0,0.0,M,M,M,M
US1NMSF0020,"SANTA FE 1.1 ENE","SANTA FE",7003,35.68,-105.94,0.0,0.0,0.0,0.0,0.0,0.0,M,0.5,0.0,0.0,0.0,0.0,0.0,0.0,0.0,0.0,0.0,0.0,0.0,0.0,0.0,M,0.0,0.0,0.0,0.0,0.0,0.0,0.0,0.0,0.0
US1NMSF0013,"SANTA FE 1.3 WSW","SANTA FE",6812,35.67,-105.97,0.0,0.0,0.0,0.0,0.0,0.0,0.1,0.2,0.0,0.0,0.0,0.0,0.0,0.0,0.0,0.0,0.0,0.0,0.0,0.0,0.0,T,0.0,0.0,0.0,0.0,0.0,0.0,0.0,0.0,0.0
US1NMSF0073,"SANTA FE 1.6 WSW","SANTA FE",6777,35.67,-105.98,0.0,0.0,0.0,0.0,0.0,0.0,M,0.0,0.0,0.0,0.0,0.0,0.0,0.0,0.0,0.0,0.0,0.0,0.0,0.0,0.0,0.0,0.0,0.0,0.0,0.0,0.0,0.0,0.0,0.0,0.0
US1NMSF0032,"SANTA FE 10.4 SSE","SANTA FE",7207,35.55,-105.86,0.0,0.0,0.0,0.0,0.0,0.0,0.0,0.0,0.0,0.0,0.0,0.0,0.0,0.0,0.0,0.0,0.0,0.0,0.0,0.0,0.0,M,0.0,0.0,0.0,0.0,0.0,0.0,0.0,0.0,0.0
US1NMSF0070,"SANTA FE 10.5 S","SANTA FE",6679,35.53,-105.94,M,M,M,M,M,M,M,0.1,M,M,M,M,M,M,M,M,M,T,M,M,M,T,0.0,M,M,M,M,M,M,M,M
US1NMSF0081,"SANTA FE 10.7 S","SANTA FE",6694,35.52,-105.93,0.0,0.0,0.0,0.0,0.0,0.0,M,M,0.0,0.0,0.0,0.0,0.0,0.0,0.0,0.0,0.0,0.0,0.0,0.0,0.0,0.0,0.0,0.0,0.0,0.0,0.0,0.0,0.0,0.0,0.0
US1NMSF0102,"SANTA FE 15.7 SSW","SANTA FE",6232,35.48,-106.10,0.0,0.0,0.0,0.0,0.0,0.0,0.0,0.0,0.0,0.0,0.0,0.0,0.0,0.0,0.0,0.0,0.0,0.0,M,0.0,0.0,0.0,0.0,0.0,0.0,0.0,0.0,0.0,0.0,0.0,0.0
US1NMSF0068,"SANTA FE 16.0 SSW","SANTA FE",6143,35.48,-106.09,0.0,0.0,M,M,M,M,M,M,M,M,M,M,M,M,M,M,M,M,M,M,M,M,M,M,M,M,M,M,M,M,M
USC00298085,"SANTA FE 2","SANTA FE",6754,35.62,-105.98,0.0,0.0,0.0,0.0,0.0,0.0,0.0,0.0,0.0,0.0,0.0,0.0,0.0,0.0,0.0,0.0,0.0,0.0,0.0,0.0,0.0,0.0,0.0,0.0,0.0,0.0,0.0,0.0,0.0,0.0,0.0
US1NMSF0039,"SANTA FE 2.0 SSE","SANTA FE",6957,35.65,-105.94,M,M,0.0,M,M,0.0,M,M,0.0,M,M,M,0.0,M,M,0.0,0.0,M,M,M,M,M,M,M,M,M,M,M,M,M,M
US1NMSF0088,"SANTA FE 2.4 N","SANTA FE",7211,35.71,-105.95,M,M,M,M,M,M,M,0.7,M,M,M,M,M,M,M,M,M,M,M,M,M,M,M,M,M,M,M,M,M,M,M
US1NMSF0074,"SANTA FE 2.5 SSW","SANTA FE",6753,35.65,-105.98,0.0,0.0,0.0,0.0,0.0,0.0,M,1.0,0.0,0.0,0.0,0.0,0.0,0.0,0.0,0.0,0.0,0.0,0.0,0.0,0.0,0.2,0.0,0.0,0.0,0.0,0.0,0.0,0.0,0.0,0.0
US1NMSF0053,"SANTA FE 3.9 NW","SANTA FE",6823,35.71,-106.01,M,M,M,M,M,M,M,0.5,M,M,M,M,M,M,M,M,M,M,M,M,M,M,M,M,M,M,M,M,M,M,M
US1NMSF0105,"SANTA FE 4.1 SE","SANTA FE",7474,35.64,-105.90,0.0,0.0,0.0,0.0,0.0,0.0,M,1.0,0.0,0.0,0.0,0.0,0.0,0.0,0.0,0.0,0.0,0.0,0.0,0.0,0.0,0.5,0.0,0.0,0.0,0.0,0.0,0.0,0.0,0.0,0.0
US1NMSF0077,"SANTA FE 4.3 NNW","SANTA FE",7095,35.74,-105.98,0.0,0.0,0.0,0.0,0.0,0.0,0.5,0.0,0.0,0.0,0.0,0.0,0.0,0.0,0.0,0.0,0.0,0.0,M,0.0,0.0,M,0.0,0.0,0.0,0.0,0.0,0.0,0.0,0.0,0.0
US1NMSF0091,"SANTA FE 4.5 N","SANTA FE",7092,35.74,-105.94,0.0,0.0,0.0,0.0,0.0,0.0,0.9,0.0,0.0,0.0,0.0,0.0,0.0,0.0,0.0,0.0,0.0,0.0,0.0,0.0,0.0,0.0,0.0,0.0,0.0,0.0,0.0,0.0,0.0,0.0,0.0
US1NMSF0082,"SANTA FE 4.9 SW","SANTA FE",6515,35.62,-106.01,0.0,0.0,0.0,0.0,0.0,0.0,0.0,M,0.0,0.0,0.0,0.0,0.0,0.0,0.0,0.0,0.0,0.0,0.0,0.0,0.0,0.0,0.0,0.0,M,M,M,0.0,0.0,M,0.0
US1NMSF0078,"SANTA FE 6.2 SSE","SANTA FE",7392,35.60,-105.90,0.0,0.0,M,0.0,M,M,0.0,2.0,0.0,0.0,0.0,M,M,0.0,M,0.0,0.0,0.0,0.0,M,0.0,0.4,M,M,0.0,0.0,0.0,M,0.0,0.0,M
US1NMSF0084,"SANTA FE 6.3 SW","SANTA FE",6427,35.63,-106.05,M,M,M,0.0,0.0,0.0,M,0.0,0.0,M,0.0,M,M,M,M,0.0,M,M,0.0,0.0,M,M,0.0,0.0,0.0,0.0,0.0,0.0,0.0,0.0,M
US1NMSF0062,"SANTA FE 6.4 SE","SANTA FE",7483,35.60,-105.89,0.0,0.0,0.0,0.0,0.0,0.0,0.0,M,0.0,0.0,0.0,0.0,0.0,0.0,0.0,0.0,0.0,0.0,0.0,0.0,0.0,M,0.0,0.0,0.0,0.0,0.0,0.0,0.0,0.0,0.0
US1NMSF0001,"SANTA FE 7.7 WNW","SANTA FE",6510,35.74,-106.07,0.0,0.0,0.0,0.0,0.0,0.0,M,M,0.0,0.0,0.0,0.0,0.0,0.0,0.0,0.0,0.0,0.0,0.0,0.0,0.0,0.0,0.0,0.0,0.0,0.0,0.0,0.0,0.0,0.0,0.0
US1NMSF0079,"SANTA FE 8.5 S","SANTA FE",6629,35.56,-105.96,0.0,0.0,0.0,0.0,0.0,0.0,0.0,0.4,0.0,0.0,0.0,0.0,0.0,0.0,0.0,0.0,0.0,0.0,0.0,0.0,0.0,0.2,0.0,0.0,0.0,0.0,0.0,0.0,0.0,0.0,0.0
US1NMSF0014,"SANTA FE 9.6 S","SANTA FE",6770,35.54,-105.93,0.0,0.0,0.0,M,0.0,0.0,T,M,0.0,0.0,0.0,0.0,0.0,0.0,0.0,0.0,0.0,0.0,0.0,0.0,0.0,T,0.0,0.0,0.0,0.0,0.0,0.0,0.0,0.0,0.0
USC00298088,"SANTA FE SETON","SANTA FE",6998,35.60,-105.93,0.0,0.0,0.0,0.0,0.0,0.0,T,0.7,0.0,0.0,0.0,0.0,0.0,0.0,0.0,0.0,0.0,0.0,0.0,0.0,0.0,0.3,0.0,0.0,0.0,0.0,0.0,0.0,0.0,0.0,0.0
US1NMDA0259,"SANTA TERESA 0.5 SSE","DONA ANA",3809,31.85,-106.64,M,M,M,M,M,M,T,T,M,M,M,M,M,M,M,M,M,M,M,M,M,M,M,M,M,M,M,M,M,M,M
US1NMDA0092,"SANTA TERESA 0.5 SSW","DONA ANA",3828,31.85,-106.64,0.0,0.0,0.0,0.0,0.0,M,M,0.0,0.0,0.0,M,0.0,M,M,M,M,0.0,M,M,M,0.0,0.0,0.0,0.0,0.0,0.0,0.0,0.0,0.0,0.0,0.0
US1NMDA0217,"SANTA TERESA 1.1 NNW","DONA ANA",3811,31.87,-106.65,0.0,0.0,0.0,0.0,0.0,M,M,T,0.0,0.0,0.0,0.0,0.0,0.0,0.0,0.0,0.0,M,0.0,0.0,0.0,T,0.0,0.0,0.0,0.0,0.0,0.0,0.0,0.0,0.0
US1NMDA0223,"SANTA TERESA 1.4 SW","DONA ANA",3927,31.84,-106.66,0.0,0.0,0.0,0.0,0.0,M,M,0.0,0.0,0.0,0.0,0.0,0.0,0.0,0.0,0.0,0.0,M,M,M,M,M,M,M,M,M,M,M,M,M,M
USC00298127,"SANTA TERESA AIRPORT","DONA ANA",4108,31.87,-106.70,0.0,0.0,0.0,0.0,0.0,0.0,T,0.0,0.0,0.0,0.0,0.0,0.0,0.0,0.0,0.0,0.0,0.0,0.0,0.0,0.0,T,0.0,0.0,0.0,0.0,0.0,0.0,0.0,0.0,0.0
US1NMSM0020,"SAPELLO 3.9 NW","SAN MIGUEL",7248,35.81,-105.31,0.0,0.0,0.0,0.0,M,0.0,M,0.0,0.0,0.0,0.0,0.0,0.0,0.0,0.0,0.0,0.0,0.0,0.0,0.0,0.0,0.0,M,M,M,M,M,M,M,M,M
US1NMSM0012,"SAPELLO 5.1 WNW","SAN MIGUEL",7264,35.80,-105.34,M,M,M,M,M,M,2.8,M,M,M,M,M,M,M,M,M,M,M,M,M,M,M,M,M,M,M,M,M,M,M,M
US1NMGR0031,"SILVER CITY 0.3 WNW","GRANT",5996,32.79,-108.27,0.0,0.0,0.0,0.0,0.0,M,0.0,M,0.0,0.0,0.0,0.0,0.0,0.0,M,0.0,0.0,2.5,M,0.0,0.0,0.0,0.0,0.0,0.0,0.0,0.0,0.0,0.0,0.0,0.0
US1NMGR0065,"SILVER CITY 0.5 N","GRANT",6000,32.79,-108.27,0.0,0.0,0.0,0.0,0.0,M,M,T,M,0.0,0.0,0.0,0.0,0.0,0.0,0.0,0.4,1.1,M,0.0,0.0,0.0,0.0,0.0,0.0,0.0,0.0,0.0,0.0,0.0,0.0
US1NMGR0066,"SILVER CITY 0.8 S","GRANT",5942,32.77,-108.27,0.0,0.0,0.0,0.0,0.0,M,0.0,0.0,0.0,0.0,0.0,0.0,0.0,0.0,0.0,0.0,0.0,2.2,M,0.0,0.0,0.0,0.0,0.0,0.0,0.0,0.0,0.0,0.0,0.0,0.0
US1NMGR0047,"SILVER CITY 1.4 WSW","GRANT",6070,32.78,-108.29,0.0,0.0,0.0,0.0,0.0,M,0.0,T,0.0,0.0,0.0,0.0,0.0,0.0,0.0,0.0,0.0,2.3,M,0.0,0.0,0.0,0.0,0.0,0.0,0.0,0.0,M,M,M,M
US1NMGR0063,"SILVER CITY 1.8 SE","GRANT",5970,32.77,-108.24,0.0,0.0,0.0,0.0,0.0,0.0,0.0,0.0,0.0,0.0,0.0,0.0,0.0,0.0,0.0,0.0,0.0,M,M,0.0,0.0,0.0,0.0,0.0,0.0,0.0,0.0,0.0,0.0,0.0,0.0
US1NMGR0057,"SILVER CITY 11.0 NW","GRANT",5985,32.90,-108.39,0.0,0.0,0.0,0.0,0.0,M,M,0.0,0.0,0.0,0.0,0.0,0.0,0.0,0.0,0.0,0.0,1.5,M,0.0,0.0,0.0,0.0,0.0,0.0,0.0,0.0,0.0,0.0,0.0,0.0
US1NMGR0009,"SILVER CITY 13.4 WSW","GRANT",5908,32.69,-108.47,0.0,0.0,0.0,0.0,0.0,0.0,0.0,0.0,0.0,0.0,M,0.0,0.0,0.0,0.0,M,0.0,M,M,0.0,0.0,0.0,0.0,0.0,0.0,0.0,0.0,0.0,0.0,0.0,0.0
US1NMGR0014,"SILVER CITY 18.0 SW","GRANT",6055,32.63,-108.51,0.0,0.0,0.0,0.0,0.0,0.0,0.0,0.0,0.0,0.0,0.0,0.0,0.0,0.0,0.0,0.0,M,M,M,M,M,M,M,M,M,M,M,M,M,M,M
US1NMGR0068,"SILVER CITY 2.2 NNE","GRANT",6270,32.81,-108.26,0.0,0.0,0.0,0.0,0.0,M,0.0,M,0.0,0.0,0.0,0.0,0.0,0.0,0.0,0.0,0.0,M,M,0.0,0.0,0.0,0.0,0.0,0.0,0.0,0.0,0.0,0.0,0.0,0.0
US1NMGR0028,"SILVER CITY 2.6 NNW","GRANT",6294,32.82,-108.27,0.0,0.0,0.0,0.0,0.0,M,M,0.0,0.0,0.0,0.0,0.0,0.0,0.0,0.0,0.0,0.0,2.3,0.0,0.0,0.0,0.0,0.0,0.0,0.0,0.0,0.0,0.0,0.0,0.0,0.0
US1NMGR0006,"SILVER CITY 2.7 NNW","GRANT",6182,32.82,-108.28,M,M,M,M,0.0,0.0,M,M,M,M,M,M,M,M,M,M,M,M,M,M,M,M,M,M,M,M,M,M,M,M,M
US1NMGR0077,"SILVER CITY 2.7 SE","GRANT",5901,32.75,-108.24,0.0,M,0.0,0.0,0.0,0.0,M,0.0,0.0,0.0,0.0,0.0,0.0,0.0,0.0,0.0,0.0,M,M,0.0,0.0,0.0,0.0,0.0,0.0,0.0,0.0,0.0,0.0,0.0,0.0
US1NMGR0071,"SILVER CITY 3.4 S","GRANT",5804,32.73,-108.27,0.0,0.0,0.0,0.0,0.0,0.0,0.0,0.0,0.0,0.0,0.0,0.0,0.0,0.0,0.0,0.0,0.0,1.0,M,0.0,0.0,0.0,0.0,0.0,0.0,0.0,0.0,0.0,0.0,0.0,0.0
US1NMGR0001,"SILVER CITY 3.4 SW","GRANT",5940,32.74,-108.30,0.0,0.0,0.0,0.0,0.0,0.0,M,M,0.0,0.0,0.0,0.0,0.0,0.0,0.0,0.0,0.0,0.4,M,0.0,0.0,0.0,0.0,0.0,0.0,0.0,0.0,0.0,0.0,0.0,0.0
US1NMGR0052,"SILVER CITY 3.7 WSW","GRANT",6194,32.76,-108.33,M,M,M,M,M,M,M,M,M,M,M,M,M,M,M,M,M,M,2.5,M,M,M,M,M,M,M,M,M,M,M,M
US1NMGR0021,"SILVER CITY 3.9 NW","GRANT",6369,32.82,-108.32,M,M,M,M,M,M,M,M,M,M,M,M,M,M,M,M,M,1.5,M,M,M,M,M,M,M,M,M,M,M,M,M
US1NMGR0033,"SILVER CITY 4.4 N","GRANT",6662,32.85,-108.26,0.0,0.0,0.0,0.0,0.0,M,M,M,0.0,0.0,0.0,0.0,0.0,0.0,0.0,0.0,0.0,2.9,T,0.0,0.0,0.0,0.0,0.0,0.0,0.0,0.0,0.0,0.0,0.0,0.0
US1NMGR0034,"SILVER CITY 4.6 W","GRANT",6350,32.77,-108.35,0.0,0.0,0.0,0.0,0.0,M,M,0.3,0.0,0.0,0.0,0.0,0.0,0.0,M,0.0,0.0,3.8,M,0.0,0.0,M,0.0,0.0,0.0,0.0,0.0,0.0,0.0,0.0,0.0
US1NMGR0058,"SILVER CITY 5.3 NE","GRANT",6588,32.84,-108.20,M,0.0,0.0,0.0,M,0.0,0.0,0.0,0.0,0.0,M,0.0,0.0,0.0,0.0,M,0.0,4.2,0.0,0.0,0.0,0.0,0.0,0.0,0.0,0.0,0.0,0.0,0.0,0.0,0.0
USW00093063,"SILVER CITY GRANT COUNTY AP","GRANT",5372,32.63,-108.17,0.0,0.0,0.0,0.0,0.0,0.0,M,0.0,0.0,0.0,0.0,0.0,0.0,0.0,0.0,0.0,M,0.0,0.0,0.0,0.0,0.0,0.0,0.0,0.0,0.0,0.0,0.0,0.0,0.0,0.0
US1NMSC0047,"SOCORRO 1.3 E","SOCORRO",0,34.06,-106.88,0.0,0.0,0.0,0.0,0.0,0.0,0.0,0.0,0.0,0.0,0.0,0.0,0.0,0.0,0.0,0.0,0.0,0.0,M,0.0,0.0,0.0,0.0,0.0,0.0,0.0,0.0,0.0,0.0,0.0,0.0
US1NMSC0014,"SOCORRO 9.9 SSE","SOCORRO",4566,33.92,-106.87,M,M,0.0,0.0,0.0,M,0.0,0.0,M,0.0,0.0,0.0,0.0,0.0,0.0,0.0,0.0,M,M,M,M,M,M,M,M,M,M,M,M,0.0,0.0
US1NMBR0072,"SOUTH VALLEY 3.8 SSW","BERNALILLO",4904,34.96,-106.71,0.0,0.0,0.0,0.0,0.0,0.0,0.0,0.0,0.0,0.0,0.0,0.0,0.0,0.0,0.0,0.0,0.0,0.0,0.0,0.0,0.0,0.0,0.0,0.0,0.0,0.0,0.0,0.0,0.0,0.0,0.0
USC00298518,"STANLEY 2 NNE","SANTA FE",6373,35.18,-105.94,0.0,0.0,0.0,0.0,0.0,0.0,0.0,0.0,0.0,0.0,0.0,0.0,0.0,0.0,0.0,0.0,0.0,0.0,0.0,0.0,0.0,0.0,0.0,0.0,0.0,0.0,0.0,0.0,0.0,0.0,0.0
US1NMSF0055,"STANLEY 4.9 SSE","SANTA FE",6246,35.08,-105.96,0.0,0.0,0.0,0.0,0.0,0.0,0.0,0.0,0.0,0.0,0.0,0.0,0.0,0.0,0.0,0.0,0.0,0.0,0.0,0.0,0.0,0.0,0.0,0.0,0.0,0.0,0.0,0.0,0.0,0.0,0.0
USC00298535,"STATE UNIVERSITY","DONA ANA",3885,32.28,-106.76,0.0,0.0,0.0,0.0,0.0,0.0,0.0,0.0,0.0,0.0,0.0,0.0,0.0,0.0,0.0,0.0,0.0,0.0,0.0,0.0,0.0,0.0,0.0,0.0,0.0,0.0,0.0,0.0,0.0,0.0,0.0
USC00298596,"SUMNER LAKE","DE BACA",4305,34.60,-104.38,0.0,0.0,0.0,0.0,0.0,0.0,0.0,0.0,0.0,0.0,0.0,0.0,0.0,0.0,0.0,0.0,0.0,0.0,0.0,0.0,0.0,0.0,0.0,0.0,0.0,0.0,0.0,0.0,0.0,0.0,0.0
US1NMOT0082,"SUNSPOT 0.2 SSW","OTERO",9260,32.79,-105.82,M,0.0,0.0,0.0,0.0,0.0,T,M,0.0,0.0,0.0,0.0,0.0,0.0,0.0,M,0.0,1.2,T,0.0,0.0,0.0,5.5,M,0.0,0.0,0.0,0.0,0.0,0.0,M
US1NMTS0027,"TAOS 1.6 SE","TAOS",7203,36.39,-105.55,M,M,M,M,0.0,0.0,0.0,0.0,0.0,0.0,0.0,0.0,0.0,0.0,M,0.0,0.0,0.0,0.0,0.0,0.0,2.0,0.0,0.0,0.0,0.0,0.0,M,M,M,M
US1NMTS0026,"TAOS 3.2 WNW","TAOS",6972,36.43,-105.62,0.0,0.0,0.0,0.0,0.0,0.0,0.0,0.0,0.0,0.0,0.0,0.0,0.0,0.0,0.0,0.0,0.0,0.0,0.0,0.0,0.0,M,0.0,0.0,0.0,0.0,0.0,0.0,0.0,0.0,0.0
US1NMTS0039,"TAOS 3.8 NNW","TAOS",7101,36.45,-105.61,M,M,M,M,M,0.0,M,M,M,M,M,M,M,M,M,M,M,M,M,M,M,M,M,M,M,M,M,M,M,M,M
US1NMTS0024,"TAOS 4.3 NNW","TAOS",7171,36.46,-105.61,1.3,M,M,M,M,M,M,M,M,M,M,M,M,M,M,M,M,M,M,M,M,M,M,M,M,M,M,M,M,M,M
USC00298713,"TATUM","LEA",4011,33.24,-103.36,0.0,0.0,0.0,0.0,0.0,0.0,0.0,0.0,0.0,0.0,0.0,0.0,0.0,0.0,0.0,0.0,0.0,0.0,0.0,0.0,0.0,0.0,T,0.0,0.0,0.0,T,0.0,0.0,0.0,0.0
US1NMBR0046,"TIJERAS 1.0 SSW","BERNALILLO",6369,35.08,-106.38,M,M,M,M,M,0.0,0.2,M,0.0,0.0,0.0,0.0,M,M,M,M,M,M,M,M,M,M,M,M,M,M,M,M,M,M,M
US1NMBR0230,"TIJERAS 1.7 NNE","BERNALILLO",6608,35.11,-106.36,M,M,M,M,M,M,0.1,M,M,M,M,M,M,M,M,M,M,M,M,M,M,M,M,M,M,M,M,M,M,M,M
US1NMBR0189,"TIJERAS 3.5 E","BERNALILLO",7027,35.10,-106.31,0.0,0.0,0.0,0.0,0.0,0.0,1.0,0.0,0.0,0.0,0.0,0.0,0.0,0.0,0.0,0.0,0.0,0.0,0.0,0.0,0.0,0.0,0.0,0.0,0.0,0.0,0.0,0.0,0.0,0.0,0.0
US1NMBR0004,"TIJERAS 4.2 NE","BERNALILLO",6891,35.13,-106.32,M,M,M,M,M,M,0.7,M,M,M,M,M,M,M,M,M,M,M,M,M,M,M,M,M,M,M,M,M,M,M,M
US1NMBR0155,"TIJERAS 5.1 E","BERNALILLO",7042,35.10,-106.28,0.0,0.0,0.0,0.0,0.0,0.0,0.5,0.0,0.0,0.0,0.0,0.0,0.0,0.0,0.0,0.0,0.0,0.0,0.0,0.0,0.0,0.0,0.0,0.0,0.0,0.0,0.0,0.0,0.0,0.0,0.0
US1NMBR0193,"TIJERAS 7.2 SSE","BERNALILLO",7659,34.99,-106.34,0.0,0.0,0.0,0.0,0.0,0.0,1.0,T,0.0,0.0,0.0,0.0,0.0,0.0,0.0,0.0,0.0,0.0,0.0,0.0,0.0,0.0,0.0,0.0,0.0,0.0,0.0,0.0,0.0,0.0,0.0
US1NMBR0233,"TIJERAS 7.8 SSE","BERNALILLO",7527,34.98,-106.34,0.0,0.0,0.0,0.0,0.0,0.0,1.7,0.1,0.0,0.0,0.0,0.0,0.0,0.0,0.0,0.0,0.0,0.0,0.0,0.0,0.0,0.0,0.0,0.0,0.0,0.0,0.0,0.0,0.0,0.0,0.0
US1NMBR0167,"TIJERAS 9.1 SE","BERNALILLO",7221,34.99,-106.26,0.0,0.0,0.0,0.0,0.0,0.0,1.5,0.0,0.0,0.0,0.0,0.0,0.0,0.0,0.0,0.0,0.0,0.0,0.0,0.0,0.0,0.0,0.0,0.0,0.0,0.0,0.0,0.0,0.0,0.0,0.0
USC00299031,"TORREON NAVAJO MISSION","SANDOVAL",6698,35.80,-107.18,0.0,0.0,0.0,0.0,0.0,0.0,0.0,0.0,0.0,0.0,0.0,0.0,0.0,0.0,0.0,0.0,0.0,0.0,0.0,0.0,0.0,0.0,0.0,0.0,0.0,0.0,0.0,0.0,0.0,0.0,0.0
US1NMRA0040,"TRUCHAS 1.4 ESE","RIO ARRIBA",8287,36.04,-105.79,0.0,0.0,0.0,0.0,0.0,0.0,1.2,M,0.0,0.0,0.0,0.0,0.0,0.0,0.0,0.0,0.0,0.0,0.0,0.0,0.0,1.3,0.0,0.0,0.0,0.0,0.0,0.0,0.0,0.0,0.0
US1NMSR0050,"TRUTH OR CONSEQUENCES 0.5 ENE","SIERRA",4349,33.14,-107.24,M,0.0,0.0,0.0,0.0,M,0.0,0.0,0.0,0.0,0.0,0.0,0.0,0.0,0.0,0.0,0.0,M,0.0,0.0,0.0,0.0,0.0,0.0,M,0.0,0.0,0.0,M,0.0,M
US1NMSR0017,"TRUTH OR CONSEQUENCES 13.2 ENE","SIERRA",4796,33.22,-107.04,0.0,0.0,0.0,0.0,M,0.0,0.0,0.0,0.0,0.0,0.0,0.0,0.0,0.0,0.0,0.0,M,0.0,0.0,0.0,0.0,0.0,0.0,0.0,0.0,0.0,0.0,0.0,0.0,0.0,0.0
USW00093045,"TRUTH OR CONSEQUENCES MUNICIPAL A","SIERRA",4849,33.24,-107.27,0.0,0.0,0.0,0.0,0.0,0.0,0.0,0.0,0.0,0.0,0.0,0.0,0.0,0.0,0.0,0.0,0.0,0.0,0.0,0.0,0.0,0.0,0.0,0.0,0.0,0.0,0.0,0.0,M,M,M
US1NMQY0019,"TUCUMCARI 3.4 ENE","QUAY",4044,35.19,-103.68,M,0.0,M,M,M,0.0,M,M,M,M,M,M,M,M,0.0,0.0,0.0,0.0,M,M,M,M,M,M,M,M,M,0.0,0.0,0.0,0.0
USC00299156,"TUCUMCARI 4 NE","QUAY",4085,35.20,-103.69,0.0,0.0,0.0,0.0,0.0,0.0,0.0,0.0,0.0,0.0,0.0,0.0,0.0,0.0,0.0,0.0,0.0,0.0,0.0,0.0,0.0,0.0,0.0,0.0,0.0,0.0,0.0,0.0,0.0,0.0,0.0
US1NMQY0008,"TUCUMCARI 4.0 NW","QUAY",4041,35.21,-103.77,0.0,0.0,M,0.0,0.0,0.0,0.0,0.0,0.0,0.0,0.0,0.0,0.0,M,0.0,0.0,0.0,0.0,0.0,0.0,0.0,0.0,0.0,0.0,0.0,M,0.0,0.0,0.0,0.0,0.0
US1NMOT0051,"TULAROSA 1.0 E","OTERO",4572,33.08,-106.00,0.0,0.0,0.0,0.0,0.0,0.0,0.0,0.0,0.0,0.0,0.0,0.0,0.0,0.0,0.0,0.0,0.0,0.0,0.0,0.0,0.0,0.0,0.0,0.0,0.0,0.0,0.0,0.0,0.0,0.0,0.0
US1NMGR0051,"TYRONE 0.1 ESE","GRANT",5762,32.71,-108.30,0.0,0.0,0.0,0.0,0.0,0.0,M,0.0,0.0,M,0.0,0.0,0.0,0.0,0.0,M,0.0,M,M,0.0,0.0,0.0,0.0,0.0,0.0,0.0,M,M,M,M,M
US1NMGR0067,"TYRONE 3.2 SW","GRANT",6166,32.67,-108.34,0.0,0.0,0.0,0.0,0.0,0.0,0.0,0.0,0.0,0.0,0.0,0.0,0.0,0.0,0.0,0.0,0.0,1.8,M,0.0,0.0,0.0,0.0,0.0,0.0,0.0,0.0,0.0,0.0,0.0,0.0
US1NMDA0154,"UNIVERSITY PARK 4.7 S","DONA ANA",3851,32.21,-106.76,0.0,0.0,0.0,0.0,0.0,0.0,0.0,0.0,0.0,0.0,0.0,0.0,0.0,0.0,0.0,0.0,0.0,M,0.0,0.0,0.0,0.0,0.0,0.0,0.0,0.0,0.0,0.0,0.0,0.0,0.0
USC00299330,"VALMORA","MORA",6324,35.82,-104.92,0.0,0.0,0.0,0.0,0.0,0.0,0.0,0.0,0.0,0.0,0.0,0.0,0.0,0.0,0.0,0.0,0.0,0.0,0.0,0.0,0.0,0.0,0.0,0.0,0.0,0.0,0.0,0.0,0.0,0.0,0.0
USC00299496,"VILLANUEVA","SAN MIGUEL",5764,35.27,-105.36,0.0,0.0,0.0,0.0,0.0,1.0,0.0,0.0,0.0,0.0,0.0,0.0,0.0,0.0,0.0,0.0,0.0,0.0,0.0,0.0,0.0,0.0,0.0,0.0,0.0,0.0,0.0,0.0,0.0,0.0,0.0
USC00299569,"WASTE ISOLT'N PILOT PLT","EDDY",3410,32.38,-103.80,0.0,0.0,0.0,0.0,0.0,0.0,0.0,0.0,0.0,0.0,0.0,0.0,0.0,0.0,0.0,0.0,0.0,0.0,0.0,0.0,0.0,0.0,0.0,0.0,0.0,0.0,0.0,0.0,0.0,0.0,0.0
US1NMLA0010,"WHITE ROCK 1.5 NNE","LOS ALAMOS",6345,35.82,-106.20,0.0,0.0,0.0,0.0,0.0,0.0,0.1,0.0,0.0,0.0,0.0,0.0,0.0,0.0,0.0,0.0,0.0,0.0,0.0,0.0,0.0,0.0,0.0,0.0,0.0,0.0,0.0,0.0,0.0,0.0,0.0
US1NMDA0198,"WHITE SANDS 0.6 E","DONA ANA",4253,32.38,-106.48,M,M,M,0.0,0.0,0.0,0.0,0.0,M,M,0.0,0.0,0.0,0.0,M,M,M,M,M,M,M,M,M,M,M,M,0.0,M,M,M,M
USC00299691,"WHITE SIGNAL","GRANT",5982,32.56,-108.37,0.0,M,0.0,0.0,0.0,0.0,T,0.0,0.0,0.0,0.0,0.0,0.0,0.0,0.0,0.0,2.0,0.0,0.0,0.0,0.0,0.0,0.0,0.0,0.0,0.0,0.0,0.0,0.0,0.0,0.0
US1NMSR0031,"WINSTON 0.6 SSE","SIERRA",6180,33.34,-107.64,0.0,0.0,0.0,0.0,M,M,0.0,T,0.0,0.0,0.0,0.0,0.0,0.0,0.0,0.0,0.0,T,M,0.0,0.0,0.0,0.0,0.0,0.0,0.0,0.0,0.0,0.0,0.0,0.0
USC00299820,"WOLF CANYON","SANDOVAL",8218,35.95,-106.75,0.0,0.0,0.0,0.0,0.0,0.0,T,0.0,0.0,0.0,0.0,0.0,0.0,0.0,0.0,0.0,0.0,0.0,0.0,0.0,T,0.0,0.0,0.0,0.0,0.0,0.0,0.0,0.0,0.0,0.0
USC00299851,"YESO 2 S","DE BACA",4849,34.40,-104.61,0.0,0.0,0.0,0.0,0.0,0.0,0.0,0.0,0.0,0.0,M,M,M,M,M,M,M,M,M,M,M,M,M,M,M,M,M,M,M,M,M
USW00093044,"ZUNI","MCKINLEY",6309,35.07,-108.84,0.0,0.0,0.0,0.0,0.0,0.0,0.0,0.0,0.0,0.0,0.0,0.0,0.0,0.0,0.0,0.0,0.0,0.0,0.0,0.0,0.0,0.0,0.0,0.0,0.0,0.0,0.0,0.0,0.0,0.0,0.0
